사고번호,사고일시,요일,시군구,사고내용,사망자수,중상자수,경상자수,부상신고자수,사고유형,법규위반,노면상태,기상상태,도로형태,가해운전자 차종,가해운전자 성별,가해운전자 연령,가해운전자 상해정도,피해운전자 차종,피해운전자 성별,피해운전자 연령,피해운전자 상해정도
2017010900100345,2017년 1월 9일 18시,월요일,부산광역시 남구 대연동,중상사고,0,1,0,0,차대사람 - 횡단중,안전운전불이행,건조,맑음,교차로 - 교차로안,승용,여,51세,상해없음,보행자,남,67세,중상
2017010900100346,2017년 1월 9일 18시,월요일,부산광역시 남구 문현동,중상사고,0,1,0,0,차대차 - 기타,차로위반,건조,맑음,교차로 - 교차로부근,화물,남,53세,상해없음,승용,여,44세,중상
2017010900100347,2017년 1월 9일 18시,월요일,부산광역시 영도구 대교동1가,경상사고,0,0,1,0,차대사람 - 횡단중,안전운전불이행,건조,맑음,단일로 - 기타,승용,남,39세,상해없음,보행자,여,58세,경상
2017010900100348,2017년 1월 9일 18시,월요일,부산광역시 부산진구 부전동,경상사고,0,0,1,0,차대사람 - 횡단중,안전운전불이행,건조,맑음,단일로 - 기타,화물,남,61세,상해없음,보행자,남,72세,경상
2017010900100378,2017년 1월 9일 19시,월요일,부산광역시 북구 구포동,경상사고,0,0,2,0,차대차 - 기타,안전거리미확보,건조,맑음,단일로 - 기타,승용,남,60세,상해없음,승용,남,48세,경상
2017010900100400,2017년 1월 9일 20시,월요일,부산광역시 북구 덕천동,경상사고,0,0,1,0,차대사람 - 횡단중,안전운전불이행,건조,맑음,단일로 - 기타,원동기,기타불명,미분류,기타불명,보행자,여,25세,경상
2017010900100444,2017년 1월 9일 22시,월요일,부산광역시 남구 대연동,부상신고사고,0,0,0,1,차대차 - 측면충돌,안전운전불이행,건조,맑음,교차로 - 교차로횡단보도내,자전거,남,19세,상해없음,이륜,남,24세,부상신고
2017010900100445,2017년 1월 9일 22시,월요일,부산광역시 북구 구포동,중상사고,0,1,0,0,차대차 - 측면충돌,차로위반,건조,맑음,단일로 - 기타,승용,남,32세,상해없음,이륜,남,17세,중상
2017010900100446,2017년 1월 9일 22시,월요일,부산광역시 부산진구 전포동,중상사고,0,1,0,0,차대차 - 측면충돌,차로위반,건조,맑음,단일로 - 기타,승용,남,30세,상해없음,이륜,남,16세,중상
2017010900100447,2017년 1월 9일 22시,월요일,부산광역시 연제구 연산동,경상사고,0,0,1,0,차대차 - 추돌,안전운전불이행,건조,맑음,단일로 - 기타,이륜,남,29세,상해없음,승용,남,60세,경상
2017010900100448,2017년 1월 9일 22시,월요일,부산광역시 강서구 명지동,중상사고,0,1,3,0,차대차 - 정면충돌,신호위반,건조,맑음,교차로 - 교차로안,승용,남,59세,상해없음,승용,남,47세,중상
2017010900100464,2017년 1월 9일 23시,월요일,부산광역시 사하구 괴정동,중상사고,0,1,1,0,차대차 - 추돌,안전운전불이행,건조,맑음,단일로 - 기타,이륜,남,33세,경상,승용,남,31세,중상
2017011000100054,2017년 1월 10일 04시,화요일,부산광역시 서구 남부민동,부상신고사고,0,0,0,1,차량단독 - 전도전복,안전운전불이행,건조,맑음,단일로 - 기타,이륜,남,51세,부상신고,미분류,미분류,미분류,미분류
2017011000100068,2017년 1월 10일 06시,화요일,부산광역시 연제구 연산동,중상사고,0,1,0,0,차대사람 - 횡단중,신호위반,건조,맑음,단일로 - 기타,승용,남,72세,상해없음,보행자,여,71세,중상
2017011000100069,2017년 1월 10일 06시,화요일,부산광역시 강서구 신호동,경상사고,0,0,1,0,차대차 - 추돌,안전운전불이행,건조,맑음,단일로 - 기타,승용,기타불명,미분류,기타불명,승용,남,34세,경상
2017011000100147,2017년 1월 10일 09시,화요일,부산광역시 해운대구 중동,중상사고,0,1,0,0,차대사람 - 횡단중,보행자보호의무위반,건조,맑음,교차로 - 교차로횡단보도내,승용,남,44세,상해없음,보행자,남,8세,중상
2017011000100175,2017년 1월 10일 10시,화요일,부산광역시 연제구 연산동,중상사고,0,1,0,0,차대사람 - 횡단중,안전운전불이행,건조,맑음,교차로 - 교차로안,승용,남,27세,상해없음,보행자,남,69세,중상
2017011000100223,2017년 1월 10일 12시,화요일,부산광역시 해운대구 반여동,부상신고사고,0,0,0,2,차대차 - 측면충돌,직진우회전진행방해,건조,맑음,교차로 - 교차로안,이륜,남,60세,부상신고,이륜,남,42세,부상신고
2017011000100242,2017년 1월 10일 13시,화요일,부산광역시 서구 서대신동3가,경상사고,0,0,1,0,차대사람 - 횡단중,보행자보호의무위반,건조,맑음,교차로 - 교차로부근,원동기,남,51세,상해없음,보행자,남,48세,경상
2017011000100259,2017년 1월 10일 14시,화요일,부산광역시 남구 대연동,경상사고,0,0,1,0,차대차 - 추돌,안전거리미확보,건조,맑음,단일로 - 터널,승용,여,31세,상해없음,승용,남,30세,경상
2017011000100260,2017년 1월 10일 14시,화요일,부산광역시 동래구 안락동,경상사고,0,0,1,0,차대차 - 정면충돌,안전운전불이행,건조,맑음,교차로 - 교차로안,승용,남,68세,상해없음,이륜,남,49세,경상
2017011000100261,2017년 1월 10일 14시,화요일,부산광역시 해운대구 우동,중상사고,0,1,0,0,차대사람 - 기타,기타,건조,맑음,기타 - 기타,승용,여,71세,상해없음,보행자,여,69세,중상
2017011000100262,2017년 1월 10일 14시,화요일,부산광역시 부산진구 부암동,중상사고,0,1,0,0,차대사람 - 횡단중,안전운전불이행,건조,맑음,교차로 - 교차로부근,화물,남,34세,상해없음,보행자,여,64세,중상
2017011000100263,2017년 1월 10일 14시,화요일,부산광역시 부산진구 당감동,경상사고,0,0,1,0,차대차 - 측면충돌,안전운전불이행,건조,맑음,교차로 - 교차로안,승용,여,42세,상해없음,승용,여,54세,경상
2017011000100264,2017년 1월 10일 14시,화요일,부산광역시 부산진구 양정동,중상사고,0,1,0,0,차대차 - 기타,불법유턴,건조,맑음,교차로 - 교차로부근,승용,남,61세,상해없음,자전거,남,75세,중상
2017011000100286,2017년 1월 10일 15시,화요일,부산광역시 동래구 명륜동,경상사고,0,0,1,0,차대차 - 기타,안전운전불이행,건조,맑음,단일로 - 기타,이륜,남,20세,상해없음,자전거,남,61세,경상
2017011000100287,2017년 1월 10일 15시,화요일,부산광역시 부산진구 부전동,중상사고,0,1,0,0,차대사람 - 횡단중,안전운전불이행,건조,맑음,단일로 - 기타,승용,남,35세,상해없음,보행자,여,84세,중상
2017011000100321,2017년 1월 10일 16시,화요일,부산광역시 수영구 광안동,경상사고,0,0,1,0,차대사람 - 차도통행중,안전운전불이행,건조,맑음,단일로 - 기타,승용,남,49세,상해없음,보행자,여,65세,경상
2017011000100322,2017년 1월 10일 16시,화요일,부산광역시 북구 구포동,중상사고,0,1,0,0,차대사람 - 기타,안전운전불이행,건조,맑음,단일로 - 기타,승합,남,67세,상해없음,보행자,여,9세,중상
2017011000100354,2017년 1월 10일 17시,화요일,부산광역시 강서구 대저2동,경상사고,0,0,1,0,차대사람 - 횡단중,보행자보호의무위반,건조,맑음,단일로 - 기타,기타불명,기타불명,미분류,기타불명,보행자,여,17세,경상
2017011000100381,2017년 1월 10일 18시,화요일,부산광역시 강서구 송정동,중상사고,0,1,0,0,차대사람 - 횡단중,안전운전불이행,건조,맑음,교차로 - 교차로횡단보도내,승용,남,34세,상해없음,보행자,남,62세,중상
2017011000100432,2017년 1월 10일 19시,화요일,부산광역시 북구 구포동,중상사고,0,1,0,0,차대차 - 측면충돌,안전운전불이행,건조,맑음,교차로 - 교차로부근,화물,남,46세,상해없음,이륜,남,33세,중상
2017011000100460,2017년 1월 10일 20시,화요일,부산광역시 부산진구 부암동,경상사고,0,0,1,0,차대사람 - 횡단중,기타,건조,맑음,단일로 - 기타,원동기,남,41세,상해없음,보행자,여,23세,경상
2017011000100492,2017년 1월 10일 21시,화요일,부산광역시 사하구 하단동,중상사고,0,1,0,0,차대사람 - 기타,안전운전불이행,건조,맑음,단일로 - 기타,승합,남,46세,상해없음,보행자,여,2세,중상
2017011000100537,2017년 1월 10일 23시,화요일,부산광역시 사하구 하단동,경상사고,0,0,1,0,차대차 - 측면충돌,안전거리미확보,건조,맑음,단일로 - 기타,이륜,남,38세,경상,승용,남,64세,상해없음
2017011000100538,2017년 1월 10일 23시,화요일,부산광역시 연제구 연산동,중상사고,0,1,0,0,차대사람 - 횡단중,안전운전불이행,건조,맑음,단일로 - 기타,승용,남,29세,상해없음,보행자,남,43세,중상
2017011100100017,2017년 1월 11일 00시,수요일,부산광역시 해운대구 반송동,경상사고,0,0,1,0,차대차 - 기타,차로위반,건조,맑음,단일로 - 기타,승용,남,67세,상해없음,승용,남,44세,경상
2017011100100055,2017년 1월 11일 03시,수요일,부산광역시 동래구 안락동,경상사고,0,0,1,0,차대차 - 기타,안전운전불이행,건조,맑음,단일로 - 기타,승용,남,35세,상해없음,승용,남,59세,경상
2017011100100084,2017년 1월 11일 06시,수요일,부산광역시 동래구 낙민동,사망사고,1,0,0,0,차대사람 - 횡단중,안전운전불이행,건조,맑음,단일로 - 기타,승합,남,56세,상해없음,보행자,여,82세,사망
2017011100100101,2017년 1월 11일 07시,수요일,부산광역시 강서구 대저1동,경상사고,0,0,3,0,차대차 - 추돌,안전운전불이행,건조,맑음,기타 - 기타,승용,남,26세,상해없음,승용,남,54세,경상
2017011100100123,2017년 1월 11일 08시,수요일,부산광역시 동래구 명륜동,경상사고,0,0,1,0,차대차 - 기타,안전운전불이행,건조,맑음,교차로 - 교차로안,승용,남,36세,기타불명,승용,남,65세,상해없음
2017011100100124,2017년 1월 11일 08시,수요일,부산광역시 동래구 안락동,경상사고,0,0,1,0,차대사람 - 기타,안전운전불이행,건조,맑음,단일로 - 기타,승용,남,70세,상해없음,보행자,여,25세,경상
2017011100100125,2017년 1월 11일 08시,수요일,부산광역시 사상구 삼락동,경상사고,0,0,1,0,차대차 - 추돌,안전거리미확보,건조,맑음,교차로 - 교차로부근,승용,남,53세,상해없음,승용,여,44세,상해없음
2017011100100157,2017년 1월 11일 09시,수요일,부산광역시 부산진구 범천동,경상사고,0,0,1,0,차대차 - 측면충돌,신호위반,건조,맑음,교차로 - 교차로안,승용,남,45세,상해없음,이륜,남,45세,경상
2017011100100179,2017년 1월 11일 10시,수요일,부산광역시 사상구 괘법동,경상사고,0,0,1,0,차대사람 - 길가장자리구역통행중,안전운전불이행,건조,맑음,단일로 - 기타,승용,남,29세,상해없음,보행자,남,27세,경상
2017011100100260,2017년 1월 11일 13시,수요일,부산광역시 동구 범일동,중상사고,0,3,1,0,차대차 - 측면충돌,안전거리미확보,건조,흐림,단일로 - 기타,승용,남,56세,상해없음,승합,남,56세,상해없음
2017011100100261,2017년 1월 11일 13시,수요일,부산광역시 금정구 장전동,경상사고,0,0,1,0,차대차 - 측면충돌,직진우회전진행방해,건조,맑음,교차로 - 교차로안,승용,남,28세,상해없음,원동기,남,25세,경상
2017011100100262,2017년 1월 11일 13시,수요일,부산광역시 사하구 하단동,중상사고,0,1,0,0,차대차 - 기타,안전운전불이행,건조,맑음,단일로 - 기타,승용,여,36세,상해없음,원동기,남,60세,중상
2017011100100263,2017년 1월 11일 13시,수요일,부산광역시 기장군 기장읍,사망사고,1,0,0,0,차대차 - 측면충돌,신호위반,건조,맑음,교차로 - 교차로안,자전거,남,73세,사망,승용,남,49세,상해없음
2017011100100297,2017년 1월 11일 14시,수요일,부산광역시 사하구 신평동,경상사고,0,0,1,0,차대사람 - 기타,안전운전불이행,건조,맑음,단일로 - 기타,화물,남,39세,상해없음,보행자,남,42세,경상
2017011100100298,2017년 1월 11일 14시,수요일,부산광역시 사하구 감천동,경상사고,0,0,1,0,차대차 - 기타,교차로운행방법위반,건조,맑음,교차로 - 교차로안,화물,남,64세,상해없음,승용,남,52세,경상
2017011100100342,2017년 1월 11일 16시,수요일,부산광역시 서구 서대신동1가,중상사고,0,2,1,0,차대차 - 기타,중앙선침범,건조,맑음,단일로 - 기타,승용,여,53세,중상,승용,여,27세,중상
2017011100100343,2017년 1월 11일 16시,수요일,부산광역시 부산진구 범천동,경상사고,0,0,1,0,차대차 - 측면충돌,직진우회전진행방해,건조,맑음,교차로 - 교차로안,승용,남,37세,상해없음,승용,여,57세,경상
2017011100100374,2017년 1월 11일 17시,수요일,부산광역시 북구 덕천동,중상사고,0,1,0,0,차대사람 - 횡단중,안전운전불이행,건조,맑음,교차로 - 교차로부근,승용,남,64세,상해없음,보행자,남,36세,중상
2017011100100375,2017년 1월 11일 17시,수요일,부산광역시 동래구 온천동,경상사고,0,0,1,0,차대차 - 기타,안전운전불이행,건조,맑음,단일로 - 기타,승용,남,45세,상해없음,승용,여,39세,경상
2017011100100396,2017년 1월 11일 18시,수요일,부산광역시 중구 남포동6가,부상신고사고,0,0,0,1,차대사람 - 기타,안전운전불이행,건조,맑음,교차로 - 교차로횡단보도내,승용,남,59세,상해없음,보행자,남,39세,부상신고
2017011100100397,2017년 1월 11일 18시,수요일,부산광역시 사상구 모라동,중상사고,0,1,0,0,차대차 - 측면충돌,안전거리미확보,건조,맑음,단일로 - 기타,승용,남,59세,상해없음,원동기,남,19세,중상
2017011100100482,2017년 1월 11일 20시,수요일,부산광역시 기장군 기장읍,경상사고,0,0,1,0,차대사람 - 기타,안전운전불이행,건조,맑음,교차로 - 교차로부근,승용,남,66세,상해없음,보행자,여,25세,경상
2017011100100514,2017년 1월 11일 21시,수요일,부산광역시 수영구 남천동,경상사고,0,0,4,0,차대차 - 측면충돌,차로위반,건조,맑음,단일로 - 기타,승용,여,37세,상해없음,승용,남,29세,경상
2017011100100515,2017년 1월 11일 21시,수요일,부산광역시 부산진구 양정동,경상사고,0,0,2,0,차대차 - 측면충돌,교차로운행방법위반,건조,맑음,교차로 - 교차로안,승용,여,65세,기타불명,승용,남,32세,경상
2017011100100516,2017년 1월 11일 21시,수요일,부산광역시 사하구 신평동,중상사고,0,1,0,0,차대차 - 기타,안전운전불이행,건조,맑음,단일로 - 기타,원동기,남,22세,상해없음,원동기,남,41세,중상
2017011100100536,2017년 1월 11일 22시,수요일,부산광역시 동래구 사직동,경상사고,0,0,1,0,차대사람 - 횡단중,안전운전불이행,건조,맑음,단일로 - 기타,승용,남,65세,상해없음,보행자,남,58세,경상
2017011100100537,2017년 1월 11일 22시,수요일,부산광역시 연제구 거제동,경상사고,0,0,1,0,차대차 - 기타,신호위반,건조,맑음,교차로 - 교차로안,승용,여,45세,상해없음,승용,남,40세,상해없음
2017011100100562,2017년 1월 11일 23시,수요일,부산광역시 금정구 장전동,경상사고,0,0,1,0,차대사람 - 횡단중,보행자보호의무위반,건조,맑음,단일로 - 기타,승용,남,68세,상해없음,보행자,남,26세,경상
2017011200100012,2017년 1월 12일 00시,목요일,부산광역시 사상구 감전동,경상사고,0,0,2,0,차대차 - 측면충돌,안전운전불이행,건조,맑음,교차로 - 교차로안,승용,여,54세,상해없음,승용,남,41세,경상
2017011200100064,2017년 1월 12일 05시,목요일,부산광역시 사상구 괘법동,부상신고사고,0,0,0,1,차대사람 - 차도통행중,안전운전불이행,건조,맑음,단일로 - 기타,승용,남,35세,상해없음,보행자,남,51세,부상신고
2017011200100074,2017년 1월 12일 06시,목요일,부산광역시 사상구 주례동,중상사고,0,1,0,0,차량단독 - 공작물충돌,안전운전불이행,건조,맑음,단일로 - 기타,승용,여,46세,상해없음,,,,
2017011200100092,2017년 1월 12일 07시,목요일,부산광역시 남구 대연동,중상사고,0,1,0,0,차대차 - 측면충돌,신호위반,건조,맑음,교차로 - 교차로안,이륜,남,23세,중상,승용,여,43세,상해없음
2017011200100093,2017년 1월 12일 07시,목요일,부산광역시 북구 구포동,경상사고,0,0,5,0,차량단독 - 기타,안전운전불이행,건조,맑음,단일로 - 교량,승합,남,52세,상해없음,,,,
2017011200100094,2017년 1월 12일 07시,목요일,부산광역시 사하구 괴정동,경상사고,0,0,1,0,차대차 - 기타,안전거리미확보,건조,맑음,단일로 - 기타,승용,남,69세,상해없음,승용,남,43세,경상
2017011200100120,2017년 1월 12일 08시,목요일,부산광역시 동구 범일동,경상사고,0,0,1,0,차대차 - 추돌,안전거리미확보,건조,맑음,단일로 - 기타,승용,여,57세,상해없음,승용,남,62세,경상
2017011200100121,2017년 1월 12일 08시,목요일,부산광역시 연제구 거제동,경상사고,0,0,1,0,차대차 - 측면충돌,안전거리미확보,건조,맑음,단일로 - 기타,승용,남,42세,상해없음,승합,남,49세,상해없음
2017011200100170,2017년 1월 12일 10시,목요일,부산광역시 서구 부민동3가,경상사고,0,0,1,0,차대차 - 측면충돌,교차로운행방법위반,건조,맑음,교차로 - 교차로안,승용,남,50세,상해없음,원동기,남,85세,경상
2017011200100171,2017년 1월 12일 10시,목요일,부산광역시 부산진구 연지동,경상사고,0,0,1,0,차대사람 - 횡단중,안전운전불이행,건조,맑음,단일로 - 기타,승용,여,73세,상해없음,보행자,여,68세,경상
2017011200100191,2017년 1월 12일 11시,목요일,부산광역시 사하구 구평동,경상사고,0,0,1,0,차대차 - 기타,중앙선침범,건조,맑음,단일로 - 기타,화물,남,51세,기타불명,승용,남,49세,경상
2017011200100192,2017년 1월 12일 11시,목요일,부산광역시 연제구 연산동,경상사고,0,0,1,0,차대차 - 기타,안전운전불이행,건조,맑음,교차로 - 교차로안,승용,남,59세,상해없음,화물,남,38세,상해없음
2017011200100216,2017년 1월 12일 12시,목요일,부산광역시 북구 만덕동,경상사고,0,0,1,0,차대차 - 측면충돌,안전거리미확보,건조,맑음,교차로 - 교차로안,승용,여,65세,상해없음,승용,남,27세,경상
2017011200100217,2017년 1월 12일 12시,목요일,부산광역시 부산진구 부전동,부상신고사고,0,0,0,1,차대차 - 측면충돌,차로위반,건조,맑음,단일로 - 기타,원동기,남,77세,부상신고,승합,남,72세,상해없음
2017011200100218,2017년 1월 12일 12시,목요일,부산광역시 금정구 구서동,부상신고사고,0,0,0,1,차대차 - 추돌,안전운전불이행,건조,맑음,단일로 - 기타,이륜,남,26세,부상신고,승용,남,28세,상해없음
2017011200100219,2017년 1월 12일 12시,목요일,부산광역시 강서구 명지동,경상사고,0,0,1,0,차대차 - 추돌,안전거리미확보,건조,맑음,단일로 - 기타,화물,남,57세,상해없음,승용,여,51세,경상
2017011200100238,2017년 1월 12일 13시,목요일,부산광역시 영도구 봉래동4가,중상사고,0,1,0,0,차대사람 - 횡단중,신호위반,건조,맑음,단일로 - 기타,이륜,남,47세,상해없음,보행자,여,64세,중상
2017011200100239,2017년 1월 12일 13시,목요일,부산광역시 해운대구 좌동,중상사고,0,1,0,0,차대차 - 정면충돌,교차로운행방법위반,기타,맑음,교차로 - 교차로안,승용,남,76세,상해없음,이륜,남,26세,중상
2017011200100240,2017년 1월 12일 13시,목요일,부산광역시 사상구 엄궁동,경상사고,0,0,1,0,차대차 - 기타,차로위반,건조,맑음,단일로 - 기타,이륜,남,31세,경상,승용,여,43세,상해없음
2017011200100265,2017년 1월 12일 14시,목요일,부산광역시 중구 중앙동5가,경상사고,0,0,1,0,차대차 - 측면충돌,교차로운행방법위반,건조,맑음,교차로 - 교차로안,승용,남,69세,상해없음,이륜,남,38세,경상
2017011200100266,2017년 1월 12일 14시,목요일,부산광역시 서구 암남동,중상사고,0,1,0,0,차대사람 - 기타,안전운전불이행,건조,맑음,기타 - 기타,승용,남,63세,상해없음,보행자,여,58세,중상
2017011200100267,2017년 1월 12일 14시,목요일,부산광역시 남구 우암동,경상사고,0,0,1,0,차대차 - 측면충돌,안전운전불이행,건조,맑음,교차로 - 교차로안,화물,남,49세,상해없음,승용,여,36세,경상
2017011200100320,2017년 1월 12일 16시,목요일,부산광역시 수영구 민락동,중상사고,0,2,0,0,차대차 - 측면충돌,안전운전불이행,건조,맑음,단일로 - 기타,승용,여,37세,상해없음,승용,남,53세,중상
2017011200100321,2017년 1월 12일 16시,목요일,부산광역시 동래구 낙민동,경상사고,0,0,1,0,차대차 - 기타,안전운전불이행,건조,맑음,단일로 - 기타,이륜,남,24세,상해없음,승합,남,50세,상해없음
2017011200100322,2017년 1월 12일 16시,목요일,부산광역시 사하구 다대동,중상사고,0,1,0,0,차대사람 - 기타,안전운전불이행,건조,맑음,단일로 - 기타,승용,남,58세,상해없음,보행자,여,73세,중상
2017011200100359,2017년 1월 12일 17시,목요일,부산광역시 북구 구포동,경상사고,0,0,1,0,차대사람 - 기타,안전운전불이행,건조,맑음,교차로 - 교차로부근,승용,여,27세,상해없음,보행자,여,64세,경상
2017011200100360,2017년 1월 12일 17시,목요일,부산광역시 북구 덕천동,중상사고,0,2,1,0,차대차 - 측면충돌,안전운전불이행,건조,맑음,단일로 - 기타,승용,여,60세,중상,승용,여,55세,경상
2017011200100361,2017년 1월 12일 17시,목요일,부산광역시 해운대구 석대동,중상사고,0,2,0,0,차대차 - 측면충돌,신호위반,건조,맑음,교차로 - 교차로안,승용,남,73세,상해없음,승용,남,37세,중상
2017011200100392,2017년 1월 12일 18시,목요일,부산광역시 부산진구 개금동,중상사고,0,1,0,0,차대사람 - 횡단중,안전운전불이행,건조,맑음,단일로 - 기타,승용,남,36세,상해없음,보행자,여,16세,중상
2017011200100393,2017년 1월 12일 18시,목요일,부산광역시 부산진구 부암동,경상사고,0,0,2,0,차대차 - 정면충돌,중앙선침범,건조,맑음,단일로 - 기타,승용,남,67세,상해없음,승용,남,66세,경상
2017011200100394,2017년 1월 12일 18시,목요일,부산광역시 금정구 구서동,중상사고,0,1,0,0,차대사람 - 횡단중,보행자보호의무위반,건조,맑음,단일로 - 기타,승용,남,59세,상해없음,보행자,남,77세,중상
2017011200100423,2017년 1월 12일 19시,목요일,부산광역시 사하구 다대동,경상사고,0,0,1,0,차대사람 - 횡단중,신호위반,건조,맑음,단일로 - 기타,이륜,남,16세,상해없음,보행자,여,54세,경상
2017011200100424,2017년 1월 12일 19시,목요일,부산광역시 사하구 다대동,경상사고,0,0,1,0,차대사람 - 횡단중,기타,건조,맑음,단일로 - 기타,승용,여,47세,상해없음,보행자,여,45세,경상
2017011200100459,2017년 1월 12일 20시,목요일,부산광역시 북구 구포동,경상사고,0,0,1,0,차대차 - 측면충돌,신호위반,건조,맑음,교차로 - 교차로안,승합,여,59세,상해없음,승용,남,62세,경상
2017011200100486,2017년 1월 12일 21시,목요일,부산광역시 사하구 장림동,경상사고,0,0,2,0,차대차 - 정면충돌,신호위반,건조,맑음,단일로 - 기타,승용,여,61세,상해없음,승용,남,53세,경상
2017011200100517,2017년 1월 12일 22시,목요일,부산광역시 동구 초량동,중상사고,0,1,0,0,차대사람 - 기타,기타,건조,맑음,기타 - 기타,승합,남,51세,상해없음,보행자,여,28세,중상
2017011300100064,2017년 1월 13일 04시,금요일,부산광역시 금정구 구서동,경상사고,0,0,2,0,차대차 - 기타,신호위반,건조,맑음,교차로 - 교차로안,승용,남,40세,상해없음,승용,남,56세,경상
2017011300100101,2017년 1월 13일 07시,금요일,부산광역시 강서구 대저1동,중상사고,0,1,0,0,차대차 - 정면충돌,안전운전불이행,건조,맑음,교차로 - 교차로안,건설기계,남,49세,상해없음,자전거,남,64세,중상
2017011300100130,2017년 1월 13일 08시,금요일,부산광역시 서구 서대신동3가,중상사고,0,1,0,0,차대차 - 추돌,안전거리미확보,건조,맑음,교차로 - 교차로부근,승용,남,53세,상해없음,승용,여,48세,중상
2017011300100131,2017년 1월 13일 08시,금요일,부산광역시 영도구 남항동1가,중상사고,0,1,0,0,차대차 - 측면충돌,안전거리미확보,건조,맑음,교차로 - 교차로부근,승합,남,57세,상해없음,이륜,남,76세,중상
2017011300100160,2017년 1월 13일 09시,금요일,부산광역시 부산진구 부전동,중상사고,0,1,0,0,차대사람 - 길가장자리구역통행중,안전운전불이행,건조,맑음,단일로 - 기타,승용,남,59세,상해없음,보행자,여,79세,중상
2017011300100161,2017년 1월 13일 09시,금요일,부산광역시 부산진구 연지동,중상사고,0,1,0,0,차대사람 - 길가장자리구역통행중,안전운전불이행,건조,맑음,교차로 - 교차로부근,승용,여,63세,상해없음,보행자,여,59세,중상
2017011300100162,2017년 1월 13일 09시,금요일,부산광역시 사하구 하단동,중상사고,0,1,0,0,차대차 - 측면충돌,불법유턴,건조,맑음,교차로 - 교차로부근,자전거,남,68세,중상,승용,남,76세,상해없음
2017011300100214,2017년 1월 13일 11시,금요일,부산광역시 연제구 거제동,중상사고,0,1,0,0,차대사람 - 횡단중,보행자보호의무위반,건조,맑음,교차로 - 교차로횡단보도내,승용,여,48세,상해없음,보행자,여,49세,중상
2017011300100296,2017년 1월 13일 14시,금요일,부산광역시 사상구 학장동,부상신고사고,0,0,0,2,차대차 - 측면충돌,안전운전불이행,건조,맑음,단일로 - 기타,승용,남,59세,상해없음,승용,남,48세,부상신고
2017011300100327,2017년 1월 13일 15시,금요일,부산광역시 서구 암남동,경상사고,0,0,2,0,차대차 - 측면충돌,중앙선침범,건조,맑음,단일로 - 기타,화물,남,38세,경상,승용,남,35세,경상
2017011300100328,2017년 1월 13일 15시,금요일,부산광역시 남구 용호동,중상사고,0,1,0,0,차대차 - 측면충돌,안전운전불이행,건조,맑음,교차로 - 교차로안,승용,여,47세,상해없음,자전거,남,72세,중상
2017011300100329,2017년 1월 13일 15시,금요일,부산광역시 동래구 수안동,중상사고,0,2,0,0,차대차 - 기타,안전운전불이행,건조,맑음,기타 - 기타,자전거,남,58세,중상,자전거,남,15세,중상
2017011300100358,2017년 1월 13일 16시,금요일,부산광역시 해운대구 반여동,경상사고,0,0,1,0,차대사람 - 기타,안전운전불이행,건조,맑음,단일로 - 기타,승용,남,59세,상해없음,보행자,남,44세,경상
2017011300100359,2017년 1월 13일 16시,금요일,부산광역시 사하구 장림동,중상사고,0,1,0,2,차대차 - 정면충돌,중앙선침범,건조,맑음,단일로 - 기타,승용,남,55세,부상신고,승용,남,36세,중상
2017011300100387,2017년 1월 13일 17시,금요일,부산광역시 금정구 부곡동,중상사고,0,1,0,0,차대차 - 기타,교차로운행방법위반,건조,맑음,교차로 - 교차로안,승용,남,74세,상해없음,원동기,남,24세,중상
2017011300100388,2017년 1월 13일 17시,금요일,부산광역시 사하구 하단동,경상사고,0,0,1,0,차대사람 - 기타,안전운전불이행,건조,맑음,단일로 - 기타,승용,남,74세,상해없음,보행자,여,51세,경상
2017011300100422,2017년 1월 13일 18시,금요일,부산광역시 영도구 청학동,중상사고,0,1,0,0,차대사람 - 횡단중,신호위반,건조,맑음,단일로 - 기타,승용,남,62세,상해없음,보행자,여,52세,중상
2017011300100423,2017년 1월 13일 18시,금요일,부산광역시 부산진구 초읍동,중상사고,0,1,0,0,차대사람 - 횡단중,안전운전불이행,건조,맑음,단일로 - 기타,화물,남,43세,상해없음,보행자,여,57세,중상
2017011300100424,2017년 1월 13일 18시,금요일,부산광역시 금정구 오륜동,사망사고,1,2,3,0,차대차 - 추돌,안전거리미확보,젖음/습기,비,단일로 - 기타,승용,남,31세,상해없음,승용,여,24세,상해없음
2017011300100425,2017년 1월 13일 18시,금요일,부산광역시 사상구 감전동,중상사고,0,1,0,0,차대차 - 측면충돌,직진우회전진행방해,건조,맑음,교차로 - 교차로안,화물,남,39세,상해없음,이륜,남,27세,중상
2017011300100480,2017년 1월 13일 19시,금요일,부산광역시 해운대구 우동,중상사고,0,1,0,0,차대사람 - 횡단중,안전운전불이행,건조,맑음,교차로 - 교차로부근,승용,남,69세,상해없음,보행자,남,50세,중상
2017011300100481,2017년 1월 13일 19시,금요일,부산광역시 부산진구 양정동,경상사고,0,0,1,0,차대차 - 기타,교차로운행방법위반,건조,맑음,교차로 - 교차로안,건설기계,남,59세,상해없음,이륜,남,55세,경상