사고번호,사고일시,요일,시군구,사고내용,사망자수,중상자수,경상자수,부상신고자수,사고유형,법규위반,노면상태,기상상태,도로형태,가해운전자 차종,가해운전자 성별,가해운전자 연령,가해운전자 상해정도,피해운전자 차종,피해운전자 성별,피해운전자 연령,피해운전자 상해정도
2017011800100235,2017년 1월 18일 12시,수요일,부산광역시 동구 초량동,경상사고,0,0,2,0,차대차 - 기타,안전운전불이행,건조,맑음,단일로 - 기타,승합,남,49세,경상,승용,남,68세,경상
2017011800100236,2017년 1월 18일 12시,수요일,부산광역시 해운대구 중동,경상사고,0,0,2,0,차대차 - 기타,중앙선침범,건조,맑음,교차로 - 교차로부근,승용,남,59세,상해없음,승용,여,59세,경상
2017011800100237,2017년 1월 18일 12시,수요일,부산광역시 해운대구 우동,경상사고,0,0,1,0,차대사람 - 횡단중,보행자보호의무위반,건조,맑음,단일로 - 기타,승용,남,66세,상해없음,보행자,여,9세,경상
2017011800100238,2017년 1월 18일 12시,수요일,부산광역시 금정구 청룡동,중상사고,0,1,0,0,차대차 - 측면충돌,안전거리미확보,건조,맑음,단일로 - 기타,원동기,남,63세,중상,승용,여,52세,상해없음
2017011800100239,2017년 1월 18일 12시,수요일,부산광역시 사상구 괘법동,부상신고사고,0,0,0,1,차대차 - 측면충돌,안전거리미확보,건조,맑음,단일로 - 기타,승용,남,53세,상해없음,승용,여,28세,부상신고
2017011800100299,2017년 1월 18일 14시,수요일,부산광역시 강서구 송정동,중상사고,0,1,0,0,차대차 - 측면충돌,안전운전불이행,건조,맑음,단일로 - 기타,특수,남,57세,중상,화물,남,52세,상해없음
2017011800100339,2017년 1월 18일 16시,수요일,부산광역시 해운대구 반여동,부상신고사고,0,0,0,1,차대차 - 측면충돌,안전거리미확보,건조,맑음,단일로 - 기타,화물,남,63세,상해없음,승용,남,31세,부상신고
2017011800100340,2017년 1월 18일 16시,수요일,부산광역시 기장군 장안읍,경상사고,0,0,2,0,차대차 - 기타,안전운전불이행,건조,맑음,교차로 - 교차로부근,화물,남,47세,상해없음,승용,남,52세,경상
2017011800100403,2017년 1월 18일 18시,수요일,부산광역시 부산진구 부암동,중상사고,0,1,0,0,차대사람 - 횡단중,보행자보호의무위반,건조,맑음,교차로 - 교차로횡단보도내,승합,남,71세,상해없음,보행자,여,32세,중상
2017011800100404,2017년 1월 18일 18시,수요일,부산광역시 사하구 장림동,경상사고,0,0,1,0,차대차 - 측면충돌,안전거리미확보,건조,맑음,단일로 - 기타,승용,남,46세,상해없음,이륜,남,16세,경상
2017011800100505,2017년 1월 18일 20시,수요일,부산광역시 중구 대청동4가,경상사고,0,0,1,0,차대사람 - 횡단중,보행자보호의무위반,건조,맑음,교차로 - 교차로횡단보도내,승용,남,65세,상해없음,보행자,남,57세,경상
2017011800100534,2017년 1월 18일 21시,수요일,부산광역시 남구 문현동,경상사고,0,0,1,0,차대차 - 정면충돌,안전운전불이행,건조,맑음,단일로 - 기타,특수,남,53세,상해없음,승용,여,48세,경상
2017011800100535,2017년 1월 18일 21시,수요일,부산광역시 사상구 엄궁동,부상신고사고,0,0,0,1,차대차 - 기타,안전운전불이행,건조,맑음,단일로 - 기타,사륜오토바이(ATV),남,66세,부상신고,승합,남,37세,상해없음
2017011800100573,2017년 1월 18일 22시,수요일,부산광역시 남구 용당동,경상사고,0,0,1,0,차대차 - 측면충돌,안전운전불이행,건조,맑음,단일로 - 터널,승용,남,34세,상해없음,승용,남,34세,경상
2017011800100574,2017년 1월 18일 22시,수요일,부산광역시 북구 구포동,중상사고,0,1,0,0,차대차 - 기타,안전운전불이행,건조,맑음,교차로 - 교차로부근,화물,남,57세,상해없음,이륜,남,20세,중상
2017011800100575,2017년 1월 18일 22시,수요일,부산광역시 사하구 다대동,중상사고,0,1,0,0,차대사람 - 횡단중,안전운전불이행,건조,맑음,단일로 - 기타,승용,여,43세,상해없음,보행자,남,55세,중상
2017011800100576,2017년 1월 18일 22시,수요일,부산광역시 사하구 괴정동,중상사고,0,1,1,0,차대차 - 기타,차로위반,건조,맑음,단일로 - 기타,승용,여,52세,상해없음,승합,남,46세,상해없음
2017011900100031,2017년 1월 19일 01시,목요일,부산광역시 부산진구 범천동,중상사고,0,1,0,1,차대차 - 측면충돌,신호위반,건조,맑음,교차로 - 교차로안,승용,남,62세,상해없음,승용,남,56세,중상
2017011900100032,2017년 1월 19일 01시,목요일,부산광역시 사상구 학장동,중상사고,0,1,0,0,차대차 - 측면충돌,신호위반,건조,맑음,교차로 - 교차로안,승용,남,59세,상해없음,승용,여,43세,중상
2017011900100066,2017년 1월 19일 05시,목요일,부산광역시 강서구 대저1동,경상사고,0,0,1,0,차대차 - 기타,안전운전불이행,건조,맑음,단일로 - 기타,승용,남,28세,경상,승용,남,59세,상해없음
2017011900100073,2017년 1월 19일 06시,목요일,부산광역시 부산진구 개금동,경상사고,0,0,1,0,차대차 - 정면충돌,안전운전불이행,건조,맑음,단일로 - 고가도로위,승용,남,48세,상해없음,화물,남,50세,경상
2017011900100099,2017년 1월 19일 07시,목요일,부산광역시 북구 만덕동,경상사고,0,0,1,0,차대차 - 기타,안전운전불이행,건조,맑음,단일로 - 기타,건설기계,남,56세,상해없음,승용,남,68세,경상
2017011900100100,2017년 1월 19일 07시,목요일,부산광역시 사하구 괴정동,중상사고,0,1,0,0,차대사람 - 횡단중,중앙선침범,건조,맑음,단일로 - 기타,승용,남,48세,상해없음,보행자,여,62세,중상
2017011900100101,2017년 1월 19일 07시,목요일,부산광역시 사상구 감전동,경상사고,0,0,1,0,차대차 - 측면충돌,교차로운행방법위반,건조,맑음,교차로 - 교차로안,승용,남,47세,상해없음,자전거,남,88세,경상
2017011900100130,2017년 1월 19일 08시,목요일,부산광역시 남구 대연동,부상신고사고,0,0,0,1,차대차 - 측면충돌,안전운전불이행,건조,맑음,교차로 - 교차로안,승용,남,54세,상해없음,이륜,남,17세,부상신고
2017011900100131,2017년 1월 19일 08시,목요일,부산광역시 해운대구 석대동,경상사고,0,0,1,0,차대차 - 기타,안전운전불이행,건조,맑음,교차로 - 교차로안,원동기,남,23세,경상,건설기계,남,50세,상해없음
2017011900100132,2017년 1월 19일 08시,목요일,부산광역시 사하구 장림동,경상사고,0,0,1,0,차대차 - 기타,교차로운행방법위반,건조,맑음,교차로 - 교차로부근,승용,남,55세,상해없음,승합,남,48세,경상
2017011900100133,2017년 1월 19일 08시,목요일,부산광역시 사하구 구평동,경상사고,0,0,1,0,차대차 - 기타,안전거리미확보,건조,맑음,단일로 - 기타,승용,여,39세,상해없음,승용,남,35세,경상
2017011900100183,2017년 1월 19일 10시,목요일,부산광역시 금정구 두구동,경상사고,0,0,1,0,차대차 - 측면충돌,안전거리미확보,건조,맑음,교차로 - 교차로부근,승용,남,76세,상해없음,승용,남,48세,경상
2017011900100202,2017년 1월 19일 11시,목요일,부산광역시 북구 만덕동,중상사고,0,1,0,0,차대차 - 기타,안전운전불이행,건조,맑음,단일로 - 기타,승용,남,56세,상해없음,화물,남,54세,중상
2017011900100203,2017년 1월 19일 11시,목요일,부산광역시 해운대구 재송동,부상신고사고,0,0,0,1,차대사람 - 횡단중,보행자보호의무위반,건조,맑음,교차로 - 교차로부근,승용,남,39세,상해없음,보행자,남,7세,부상신고
2017011900100246,2017년 1월 19일 13시,목요일,부산광역시 사하구 괴정동,중상사고,0,1,0,0,차대차 - 정면충돌,교차로운행방법위반,건조,맑음,교차로 - 교차로안,승용,여,59세,상해없음,원동기,남,59세,중상
2017011900100247,2017년 1월 19일 13시,목요일,부산광역시 사하구 장림동,중상사고,0,1,0,0,차대사람 - 기타,안전운전불이행,건조,맑음,단일로 - 기타,승용,남,60세,상해없음,보행자,여,48세,중상
2017011900100273,2017년 1월 19일 14시,목요일,부산광역시 해운대구 중동,경상사고,0,0,1,0,차대차 - 추돌,안전운전불이행,건조,맑음,단일로 - 기타,승용,여,77세,상해없음,승용,여,58세,경상
2017011900100274,2017년 1월 19일 14시,목요일,부산광역시 강서구 화전동,경상사고,0,0,1,0,차대사람 - 기타,안전운전불이행,건조,맑음,기타 - 기타,승용,남,60세,상해없음,보행자,남,42세,경상
2017011900100306,2017년 1월 19일 15시,목요일,부산광역시 수영구 광안동,경상사고,0,0,2,0,차대차 - 추돌,안전운전불이행,건조,맑음,단일로 - 기타,승용,남,47세,상해없음,승합,남,33세,경상
2017011900100307,2017년 1월 19일 15시,목요일,부산광역시 금정구 장전동,중상사고,0,2,1,0,차대차 - 측면충돌,교차로운행방법위반,건조,맑음,교차로 - 교차로안,승용,남,59세,경상,승용,여,28세,중상
2017011900100308,2017년 1월 19일 15시,목요일,부산광역시 사하구 하단동,경상사고,0,0,1,0,차대차 - 정면충돌,안전운전불이행,건조,맑음,단일로 - 기타,승용,남,29세,상해없음,화물,남,46세,경상
2017011900100309,2017년 1월 19일 15시,목요일,부산광역시 사하구 신평동,중상사고,0,1,0,0,차대사람 - 차도통행중,안전운전불이행,건조,맑음,단일로 - 기타,승합,남,53세,상해없음,보행자,여,40세,중상
2017011900100310,2017년 1월 19일 15시,목요일,부산광역시 연제구 연산동,중상사고,0,1,0,0,차대차 - 정면충돌,신호위반,건조,맑음,단일로 - 기타,이륜,남,59세,중상,승용,여,65세,상해없음
2017011900100311,2017년 1월 19일 15시,목요일,부산광역시 연제구 연산동,중상사고,0,1,0,0,차대사람 - 기타,안전운전불이행,건조,맑음,단일로 - 기타,화물,남,47세,상해없음,보행자,여,54세,중상
2017011900100312,2017년 1월 19일 15시,목요일,부산광역시 기장군 정관읍,경상사고,0,0,1,0,차대사람 - 기타,안전운전불이행,건조,맑음,기타 - 기타,승용,남,57세,상해없음,보행자,남,7세,경상
2017011900100344,2017년 1월 19일 16시,목요일,부산광역시 동구 초량동,경상사고,0,0,1,0,차대차 - 측면충돌,안전거리미확보,건조,맑음,단일로 - 기타,승용,남,51세,상해없음,승합,남,59세,상해없음
2017011900100345,2017년 1월 19일 16시,목요일,부산광역시 남구 문현동,경상사고,0,0,1,0,차대사람 - 횡단중,안전운전불이행,건조,맑음,단일로 - 기타,승용,남,48세,상해없음,보행자,남,50세,경상
2017011900100346,2017년 1월 19일 16시,목요일,부산광역시 동래구 명장동,경상사고,0,0,2,0,차대차 - 측면충돌,안전운전불이행,건조,맑음,교차로 - 교차로안,승용,여,59세,경상,승용,여,29세,경상
2017011900100347,2017년 1월 19일 16시,목요일,부산광역시 수영구 망미동,경상사고,0,0,2,0,차대차 - 정면충돌,안전거리미확보,건조,맑음,단일로 - 교량,승용,남,40세,상해없음,이륜,남,22세,경상
2017011900100348,2017년 1월 19일 16시,목요일,부산광역시 기장군 철마면,중상사고,0,1,3,0,차대차 - 측면충돌,중앙선침범,건조,맑음,단일로 - 기타,승용,남,20세,상해없음,승합,남,47세,중상
2017011900100373,2017년 1월 19일 17시,목요일,부산광역시 동래구 낙민동,중상사고,0,1,0,0,차대차 - 측면충돌,신호위반,건조,맑음,교차로 - 교차로안,승용,남,36세,상해없음,승용,여,40세,중상
2017011900100402,2017년 1월 19일 18시,목요일,부산광역시 동래구 안락동,중상사고,0,1,0,0,차대사람 - 횡단중,신호위반,건조,맑음,교차로 - 교차로안,승용,남,64세,상해없음,보행자,여,60세,중상
2017011900100403,2017년 1월 19일 18시,목요일,부산광역시 부산진구 당감동,경상사고,0,0,1,0,차대차 - 기타,안전운전불이행,건조,맑음,교차로 - 교차로부근,승용,남,69세,상해없음,승용,여,43세,경상
2017011900100404,2017년 1월 19일 18시,목요일,부산광역시 강서구 대저2동,중상사고,0,1,0,0,차대차 - 측면충돌,직진우회전진행방해,건조,맑음,교차로 - 교차로안,화물,남,59세,상해없음,자전거,여,70세,중상
2017011900100457,2017년 1월 19일 19시,목요일,부산광역시 기장군 정관읍,경상사고,0,0,2,0,차대차 - 정면충돌,안전운전불이행,건조,맑음,교차로 - 교차로안,이륜,남,58세,경상,승용,남,39세,경상
2017011900100480,2017년 1월 19일 20시,목요일,부산광역시 기장군 기장읍,부상신고사고,0,0,0,1,차대차 - 정면충돌,안전운전불이행,건조,맑음,단일로 - 기타,승용,남,58세,상해없음,이륜,남,18세,부상신고
2017011900100530,2017년 1월 19일 22시,목요일,부산광역시 금정구 남산동,중상사고,0,1,0,0,차대차 - 측면충돌,안전운전불이행,건조,맑음,교차로 - 교차로안,승용,남,49세,상해없음,원동기,남,21세,중상
2017011900100552,2017년 1월 19일 23시,목요일,부산광역시 부산진구 부암동,경상사고,0,0,1,0,차대차 - 추돌,안전운전불이행,건조,맑음,단일로 - 기타,승용,남,60세,상해없음,승용,남,44세,경상
2017011900100553,2017년 1월 19일 23시,목요일,부산광역시 금정구 부곡동,부상신고사고,0,0,0,1,차대차 - 추돌,안전거리미확보,건조,맑음,교차로 - 교차로안,승용,남,47세,상해없음,원동기,남,24세,부상신고
2017011900100554,2017년 1월 19일 23시,목요일,부산광역시 사하구 괴정동,경상사고,0,0,2,0,차대차 - 추돌,안전운전불이행,건조,기타,단일로 - 기타,승용,남,28세,상해없음,승용,남,34세,경상
2017012000100014,2017년 1월 20일 00시,금요일,부산광역시 남구 대연동,중상사고,0,5,3,0,차대차 - 추돌,안전운전불이행,건조,맑음,교차로 - 교차로부근,승용,남,58세,경상,승용,여,50세,중상
2017012000100015,2017년 1월 20일 00시,금요일,부산광역시 부산진구 당감동,경상사고,0,0,1,0,차대사람 - 보도통행중,기타,건조,맑음,단일로 - 기타,승용,남,57세,상해없음,보행자,남,37세,경상
2017012000100053,2017년 1월 20일 03시,금요일,부산광역시 금정구 부곡동,경상사고,0,0,1,0,차대차 - 기타,안전운전불이행,건조,맑음,교차로 - 교차로안,원동기,남,17세,경상,승용,남,48세,기타불명
2017012000100084,2017년 1월 20일 05시,금요일,부산광역시 동래구 안락동,경상사고,0,0,1,0,차량단독 - 전도전복,안전운전불이행,건조,맑음,교차로 - 교차로부근,승용,남,61세,상해없음,미분류,미분류,미분류,미분류
2017012000100116,2017년 1월 20일 07시,금요일,부산광역시 사하구 장림동,경상사고,0,0,1,0,차대차 - 추돌,교차로운행방법위반,건조,맑음,교차로 - 교차로안,승용,남,63세,상해없음,자전거,남,72세,경상
2017012000100117,2017년 1월 20일 07시,금요일,부산광역시 강서구 성북동,경상사고,0,0,1,0,차대차 - 측면충돌,안전운전불이행,건조,맑음,기타 - 기타,화물,남,61세,상해없음,승용,남,38세,경상
2017012000100153,2017년 1월 20일 08시,금요일,부산광역시 금정구 청룡동,중상사고,0,1,0,0,차대차 - 기타,안전운전불이행,건조,맑음,교차로 - 교차로안,승용,여,51세,상해없음,이륜,남,75세,중상
2017012000100154,2017년 1월 20일 08시,금요일,부산광역시 강서구 대저1동,중상사고,0,1,0,0,차량단독 - 공작물충돌,안전운전불이행,건조,맑음,단일로 - 기타,이륜,남,21세,상해없음,,,,
2017012000100190,2017년 1월 20일 09시,금요일,부산광역시 연제구 연산동,중상사고,0,1,0,0,차대사람 - 길가장자리구역통행중,안전운전불이행,건조,맑음,단일로 - 기타,승용,남,38세,상해없음,보행자,남,73세,중상
2017012000100228,2017년 1월 20일 10시,금요일,부산광역시 동래구 온천동,사망사고,1,0,0,0,차대차 - 측면충돌,교차로운행방법위반,건조,맑음,교차로 - 교차로안,승용,여,54세,상해없음,원동기,남,79세,사망
2017012000100255,2017년 1월 20일 11시,금요일,부산광역시 부산진구 부전동,경상사고,0,0,2,0,차대차 - 측면충돌,안전운전불이행,건조,맑음,교차로 - 교차로안,승용,남,57세,상해없음,승용,남,53세,경상
2017012000100275,2017년 1월 20일 12시,금요일,부산광역시 서구 동대신동3가,부상신고사고,0,0,0,1,차대차 - 측면충돌,중앙선침범,건조,맑음,단일로 - 기타,화물,남,60세,상해없음,승용,남,44세,부상신고
2017012000100293,2017년 1월 20일 13시,금요일,부산광역시 남구 용당동,중상사고,0,1,0,0,차대차 - 측면충돌,교차로운행방법위반,건조,맑음,교차로 - 교차로안,원동기,남,57세,중상,승용,남,39세,상해없음
2017012000100294,2017년 1월 20일 13시,금요일,부산광역시 북구 만덕동,경상사고,0,0,1,0,차량단독 - 공작물충돌,안전운전불이행,건조,맑음,교차로 - 교차로부근,화물,남,52세,경상,,,,
2017012000100346,2017년 1월 20일 15시,금요일,부산광역시 부산진구 부전동,경상사고,0,0,1,0,차대차 - 기타,차로위반,기타,흐림,교차로 - 교차로부근,승용,남,60세,상해없음,승용,여,45세,경상
2017012000100370,2017년 1월 20일 16시,금요일,부산광역시 수영구 광안동,경상사고,0,0,1,0,차대사람 - 횡단중,기타,건조,맑음,단일로 - 기타,승용,남,36세,상해없음,보행자,여,67세,경상
2017012000100400,2017년 1월 20일 17시,금요일,부산광역시 북구 화명동,중상사고,0,1,0,0,차대차 - 측면충돌,신호위반,건조,맑음,단일로 - 기타,승용,남,59세,상해없음,자전거,남,16세,중상
2017012000100401,2017년 1월 20일 17시,금요일,부산광역시 영도구 동삼동,경상사고,0,0,1,0,차량단독 - 기타,안전운전불이행,건조,맑음,단일로 - 기타,승용,남,59세,상해없음,,,,
2017012000100402,2017년 1월 20일 17시,금요일,부산광역시 부산진구 범천동,경상사고,0,0,1,0,차대차 - 측면충돌,안전운전불이행,건조,맑음,교차로 - 교차로안,승합,여,59세,상해없음,승용,여,41세,경상
2017012000100403,2017년 1월 20일 17시,금요일,부산광역시 사하구 신평동,중상사고,0,1,0,0,차대사람 - 횡단중,안전운전불이행,건조,맑음,단일로 - 기타,승용,여,53세,상해없음,보행자,남,54세,중상
2017012000100421,2017년 1월 20일 18시,금요일,부산광역시 영도구 동삼동,부상신고사고,0,0,0,1,차대사람 - 횡단중,안전운전불이행,건조,맑음,단일로 - 기타,승용,남,70세,상해없음,보행자,여,57세,부상신고
2017012000100462,2017년 1월 20일 19시,금요일,부산광역시 수영구 남천동,경상사고,0,0,1,0,차대사람 - 기타,안전운전불이행,건조,맑음,단일로 - 기타,승용,여,49세,상해없음,보행자,남,47세,경상
2017012000100463,2017년 1월 20일 19시,금요일,부산광역시 수영구 민락동,경상사고,0,0,1,0,차대차 - 후진중충돌,안전운전불이행,건조,맑음,교차로 - 교차로부근,승용,남,61세,상해없음,승용,남,39세,경상
2017012000100464,2017년 1월 20일 19시,금요일,부산광역시 해운대구 재송동,경상사고,0,0,2,0,차대차 - 측면충돌,안전거리미확보,건조,맑음,단일로 - 기타,승용,남,18세,상해없음,승용,남,42세,경상
2017012000100465,2017년 1월 20일 19시,금요일,부산광역시 강서구 대저2동,중상사고,0,1,0,0,차량단독 - 전도전복 - 전도,안전운전불이행,건조,맑음,단일로 - 기타,승용,남,32세,상해없음,,,,
2017012000100489,2017년 1월 20일 20시,금요일,부산광역시 남구 대연동,부상신고사고,0,0,0,1,차대차 - 기타,안전운전불이행,건조,맑음,교차로 - 교차로부근,승용,남,31세,상해없음,승용,남,50세,상해없음
2017012000100490,2017년 1월 20일 20시,금요일,부산광역시 연제구 연산동,경상사고,0,0,1,0,차대차 - 측면충돌,신호위반,건조,맑음,교차로 - 교차로안,승용,여,26세,상해없음,이륜,남,24세,경상
2017012000100514,2017년 1월 20일 21시,금요일,부산광역시 강서구 대저2동,부상신고사고,0,0,0,1,차대차 - 측면충돌,안전운전불이행,건조,맑음,단일로 - 기타,화물,남,45세,상해없음,승용,남,33세,부상신고
2017012000100558,2017년 1월 20일 23시,금요일,부산광역시 서구 초장동,중상사고,0,1,0,0,차대사람 - 기타,안전운전불이행,건조,맑음,단일로 - 기타,승용,남,58세,상해없음,보행자,여,43세,중상
2017012000100559,2017년 1월 20일 23시,금요일,부산광역시 해운대구 우동,중상사고,0,1,1,0,차대차 - 기타,안전운전불이행,건조,맑음,교차로 - 교차로횡단보도내,승용,남,41세,상해없음,승용,남,47세,경상
2017012100100019,2017년 1월 21일 00시,토요일,부산광역시 북구 화명동,경상사고,0,0,1,0,차대사람 - 기타,보행자보호의무위반,건조,맑음,단일로 - 기타,승용,남,55세,상해없음,보행자,남,53세,경상
2017012100100020,2017년 1월 21일 00시,토요일,부산광역시 동래구 온천동,경상사고,0,0,1,0,차대차 - 기타,안전운전불이행,건조,맑음,단일로 - 기타,승용,남,68세,상해없음,승용,남,63세,상해없음
2017012100100021,2017년 1월 21일 00시,토요일,부산광역시 부산진구 부암동,경상사고,0,0,1,0,차대차 - 기타,중앙선침범,건조,맑음,단일로 - 기타,이륜,남,36세,상해없음,이륜,남,25세,경상
2017012100100042,2017년 1월 21일 01시,토요일,부산광역시 동래구 온천동,경상사고,0,0,3,0,차대차 - 추돌,안전운전불이행,건조,맑음,교차로 - 교차로부근,승용,남,26세,상해없음,승용,남,42세,경상
2017012100100043,2017년 1월 21일 01시,토요일,부산광역시 사하구 다대동,중상사고,0,1,0,0,차대차 - 기타,안전운전불이행,건조,맑음,단일로 - 기타,승용,여,49세,상해없음,승용,남,46세,중상
2017012100100067,2017년 1월 21일 02시,토요일,부산광역시 서구 서대신동3가,중상사고,0,1,0,0,차대사람 - 기타,안전운전불이행,건조,맑음,교차로 - 교차로안,승용,남,57세,상해없음,보행자,남,51세,중상
2017012100100090,2017년 1월 21일 04시,토요일,부산광역시 금정구 부곡동,중상사고,0,2,1,0,차대차 - 추돌,안전운전불이행,건조,맑음,단일로 - 기타,승용,여,43세,상해없음,승용,남,68세,경상
2017012100100091,2017년 1월 21일 04시,토요일,부산광역시 연제구 거제동,경상사고,0,0,1,0,차대사람 - 기타,안전운전불이행,건조,맑음,단일로 - 기타,이륜,기타불명,미분류,기타불명,보행자,남,47세,경상
2017012100100104,2017년 1월 21일 05시,토요일,부산광역시 수영구 광안동,경상사고,0,0,1,0,차대사람 - 보도통행중,보행자보호의무위반,건조,맑음,기타 - 기타,기타불명,기타불명,미분류,기타불명,보행자,여,64세,경상
2017012100100105,2017년 1월 21일 05시,토요일,부산광역시 연제구 연산동,사망사고,1,0,0,0,차대사람 - 횡단중,보행자보호의무위반,건조,맑음,교차로 - 교차로횡단보도내,건설기계,남,43세,상해없음,보행자,여,35세,사망
2017012100100118,2017년 1월 21일 06시,토요일,부산광역시 금정구 장전동,경상사고,0,0,1,0,차대차 - 기타,안전거리미확보,건조,맑음,단일로 - 기타,승용,남,48세,상해없음,승용,남,36세,경상
2017012100100127,2017년 1월 21일 07시,토요일,부산광역시 사상구 주례동,중상사고,0,1,1,0,차대차 - 정면충돌,중앙선침범,건조,맑음,단일로 - 기타,승용,남,52세,상해없음,승용,여,49세,경상
2017012100100139,2017년 1월 21일 08시,토요일,부산광역시 사하구 신평동,중상사고,0,1,1,0,차대차 - 추돌,안전운전불이행,건조,맑음,단일로 - 기타,승용,남,53세,상해없음,승합,남,64세,상해없음
2017012100100153,2017년 1월 21일 09시,토요일,부산광역시 동구 초량동,중상사고,0,2,0,0,차대차 - 측면충돌,안전운전불이행,건조,맑음,단일로 - 기타,건설기계,남,48세,상해없음,승용,남,66세,중상
2017012100100154,2017년 1월 21일 09시,토요일,부산광역시 동래구 명륜동,경상사고,0,0,1,0,차대차 - 측면충돌,불법유턴,건조,맑음,단일로 - 기타,자전거,여,55세,경상,승용,남,47세,상해없음
2017012100100155,2017년 1월 21일 09시,토요일,부산광역시 수영구 망미동,중상사고,0,1,0,0,차대차 - 측면충돌,신호위반,건조,맑음,교차로 - 교차로안,승합,남,71세,상해없음,화물,남,56세,중상
2017012100100229,2017년 1월 21일 12시,토요일,부산광역시 동구 초량동,중상사고,0,1,1,0,차대차 - 측면충돌,안전운전불이행,건조,맑음,단일로 - 기타,승용,여,44세,중상,건설기계,남,43세,상해없음
2017012100100230,2017년 1월 21일 12시,토요일,부산광역시 서구 동대신동3가,중상사고,0,1,0,0,차대사람 - 기타,안전운전불이행,건조,맑음,단일로 - 기타,승용,남,33세,상해없음,보행자,여,69세,중상
2017012100100271,2017년 1월 21일 14시,토요일,부산광역시 사하구 괴정동,중상사고,0,1,0,0,차량단독 - 공작물충돌,안전운전불이행,건조,맑음,단일로 - 기타,화물,여,50세,중상,,,,
2017012100100272,2017년 1월 21일 14시,토요일,부산광역시 사하구 장림동,경상사고,0,0,1,0,차대차 - 기타,안전운전불이행,건조,맑음,교차로 - 교차로안,승용,남,44세,상해없음,이륜,남,18세,경상
2017012100100321,2017년 1월 21일 16시,토요일,부산광역시 사하구 하단동,중상사고,0,1,0,0,차대차 - 측면충돌,안전운전불이행,건조,맑음,단일로 - 기타,승용,남,45세,상해없음,이륜,여,47세,중상
2017012100100322,2017년 1월 21일 16시,토요일,부산광역시 사상구 모라동,중상사고,0,2,0,1,차대차 - 측면충돌,안전거리미확보,건조,맑음,교차로 - 교차로부근,승용,남,58세,상해없음,승용,남,35세,중상
2017012100100376,2017년 1월 21일 18시,토요일,부산광역시 동구 범일동,경상사고,0,0,1,0,차대차 - 측면충돌,안전거리미확보,건조,맑음,단일로 - 기타,승용,남,65세,상해없음,화물,남,47세,기타불명
2017012100100377,2017년 1월 21일 18시,토요일,부산광역시 금정구 남산동,부상신고사고,0,0,0,1,차대차 - 기타,기타,건조,맑음,교차로 - 교차로안,이륜,남,55세,부상신고,승용,남,38세,상해없음
2017012100100414,2017년 1월 21일 19시,토요일,부산광역시 사하구 하단동,경상사고,0,0,1,0,차대차 - 기타,기타,건조,맑음,단일로 - 기타,승용,남,56세,상해없음,원동기,남,21세,경상
2017012100100459,2017년 1월 21일 21시,토요일,부산광역시 부산진구 개금동,중상사고,0,1,0,0,차대사람 - 기타,안전운전불이행,건조,맑음,기타 - 기타,승용,남,28세,상해없음,보행자,여,54세,중상
2017012100100460,2017년 1월 21일 21시,토요일,부산광역시 연제구 연산동,경상사고,0,0,1,0,차대차 - 측면충돌,신호위반,건조,맑음,교차로 - 교차로안,이륜,기타불명,미분류,기타불명,이륜,남,23세,경상
2017012100100461,2017년 1월 21일 21시,토요일,부산광역시 사상구 모라동,중상사고,0,1,0,0,차대사람 - 기타,안전운전불이행,건조,맑음,단일로 - 기타,이륜,남,21세,상해없음,보행자,남,56세,중상
2017012100100483,2017년 1월 21일 22시,토요일,부산광역시 해운대구 재송동,중상사고,0,1,1,0,차대사람 - 보도통행중,안전운전불이행,건조,맑음,단일로 - 기타,승용,남,48세,상해없음,보행자,남,15세,중상
2017012100100484,2017년 1월 21일 22시,토요일,부산광역시 사상구 모라동,경상사고,0,0,3,0,차량단독 - 전도전복,안전운전불이행,건조,맑음,단일로 - 기타,승용,남,18세,경상,미분류,미분류,미분류,미분류
2017012100100512,2017년 1월 21일 23시,토요일,부산광역시 부산진구 전포동,중상사고,0,1,0,0,차대사람 - 기타,안전운전불이행,건조,맑음,교차로 - 교차로횡단보도내,승용,남,25세,상해없음,보행자,남,72세,중상
2017012100100513,2017년 1월 21일 23시,토요일,부산광역시 사상구 엄궁동,경상사고,0,0,6,0,차대차 - 측면충돌,안전거리미확보,건조,맑음,단일로 - 기타,화물,남,46세,상해없음,승용,남,23세,경상
2017012200100067,2017년 1월 22일 04시,일요일,부산광역시 부산진구 초읍동,중상사고,0,1,3,0,차대차 - 기타,신호위반,건조,맑음,교차로 - 교차로안,승용,남,56세,상해없음,승용,남,19세,중상
2017012200100078,2017년 1월 22일 05시,일요일,부산광역시 부산진구 가야동,부상신고사고,0,0,0,1,차대차 - 기타,신호위반,건조,맑음,교차로 - 교차로안,이륜,남,17세,부상신고,승합,남,60세,상해없음
2017012200100079,2017년 1월 22일 05시,일요일,부산광역시 연제구 연산동,경상사고,0,0,1,0,차대차 - 정면충돌,교차로운행방법위반,건조,맑음,교차로 - 교차로부근,승용,남,49세,상해없음,승용,남,35세,경상
2017012200100091,2017년 1월 22일 06시,일요일,부산광역시 남구 감만동,경상사고,0,0,1,0,차대차 - 기타,신호위반,건조,기타,교차로 - 교차로안,화물,남,54세,상해없음,승용,남,30세,경상