사고번호,사고일시,요일,시군구,사고내용,사망자수,중상자수,경상자수,부상신고자수,사고유형,법규위반,노면상태,기상상태,도로형태,가해운전자 차종,가해운전자 성별,가해운전자 연령,가해운전자 상해정도,피해운전자 차종,피해운전자 성별,피해운전자 연령,피해운전자 상해정도
2017012200100110,2017년 1월 22일 08시,일요일,부산광역시 사하구 장림동,경상사고,0,0,3,0,차대차 - 기타,안전운전불이행,건조,맑음,단일로 - 기타,승용,남,29세,상해없음,승용,남,35세,경상
2017012200100123,2017년 1월 22일 09시,일요일,부산광역시 기장군 기장읍,중상사고,0,1,0,0,차대사람 - 기타,직진우회전진행방해,건조,맑음,교차로 - 교차로안,승용,남,56세,상해없음,보행자,남,58세,중상
2017012200100156,2017년 1월 22일 11시,일요일,부산광역시 동래구 사직동,경상사고,0,0,1,0,차대차 - 추돌,안전거리미확보,건조,맑음,교차로 - 교차로안,승용,남,63세,상해없음,승용,여,29세,경상
2017012200100169,2017년 1월 22일 12시,일요일,부산광역시 해운대구 반여동,부상신고사고,0,0,0,1,차대차 - 측면충돌,안전운전불이행,건조,맑음,교차로 - 교차로안,원동기,남,62세,부상신고,승용,남,25세,상해없음
2017012200100170,2017년 1월 22일 12시,일요일,부산광역시 사상구 감전동,부상신고사고,0,0,0,1,차대차 - 측면충돌,안전운전불이행,건조,맑음,단일로 - 기타,승용,남,74세,상해없음,승용,남,37세,상해없음
2017012200100190,2017년 1월 22일 13시,일요일,부산광역시 사상구 엄궁동,중상사고,0,1,0,0,차대차 - 측면충돌,안전운전불이행,건조,맑음,교차로 - 교차로안,승용,여,63세,상해없음,이륜,남,21세,중상
2017012200100236,2017년 1월 22일 15시,일요일,부산광역시 부산진구 부전동,경상사고,0,0,1,0,차대사람 - 기타,안전운전불이행,건조,맑음,교차로 - 교차로안,승합,남,42세,상해없음,보행자,여,78세,경상
2017012200100266,2017년 1월 22일 16시,일요일,부산광역시 동구 초량동,경상사고,0,0,1,0,차대차 - 기타,안전운전불이행,건조,맑음,교차로 - 교차로안,승용,남,69세,상해없음,이륜,남,70세,경상
2017012200100267,2017년 1월 22일 16시,일요일,부산광역시 서구 동대신동2가,경상사고,0,0,2,0,차대차 - 추돌,안전운전불이행,건조,맑음,단일로 - 기타,승용,여,47세,상해없음,승용,여,31세,경상
2017012200100268,2017년 1월 22일 16시,일요일,부산광역시 부산진구 전포동,경상사고,0,0,1,0,차대차 - 측면충돌,안전거리미확보,건조,맑음,단일로 - 기타,승용,남,39세,상해없음,승합,남,37세,상해없음
2017012200100269,2017년 1월 22일 16시,일요일,부산광역시 부산진구 전포동,부상신고사고,0,0,0,1,차대차 - 측면충돌,신호위반,건조,맑음,교차로 - 교차로안,승용,여,29세,상해없음,승용,남,53세,부상신고
2017012200100270,2017년 1월 22일 16시,일요일,부산광역시 부산진구 개금동,경상사고,0,0,1,0,차대차 - 측면충돌,안전운전불이행,건조,맑음,단일로 - 기타,승용,남,50세,상해없음,원동기,남,31세,경상
2017012200100293,2017년 1월 22일 17시,일요일,부산광역시 중구 보수동2가,중상사고,0,1,0,0,차대차 - 측면충돌,신호위반,건조,맑음,교차로 - 교차로안,승용,남,64세,상해없음,승용,남,54세,상해없음
2017012200100294,2017년 1월 22일 17시,일요일,부산광역시 해운대구 중동,중상사고,0,1,0,3,차대차 - 측면충돌,안전운전불이행,건조,맑음,교차로 - 교차로부근,승용,남,61세,상해없음,승용,남,39세,중상
2017012200100295,2017년 1월 22일 17시,일요일,부산광역시 사하구 신평동,경상사고,0,0,1,0,차량단독 - 기타,안전운전불이행,건조,맑음,교차로 - 교차로부근,이륜,남,56세,경상,,,,
2017012200100317,2017년 1월 22일 18시,일요일,부산광역시 서구 서대신동1가,중상사고,0,1,0,0,차대사람 - 기타,안전운전불이행,건조,맑음,교차로 - 교차로부근,승용,기타불명,미분류,기타불명,보행자,여,68세,중상
2017012200100318,2017년 1월 22일 18시,일요일,부산광역시 사하구 괴정동,경상사고,0,0,3,1,차대차 - 기타,차로위반,건조,맑음,단일로 - 기타,승용,여,44세,부상신고,승용,남,23세,경상
2017012200100349,2017년 1월 22일 19시,일요일,부산광역시 해운대구 재송동,경상사고,0,0,2,0,차대차 - 추돌,안전운전불이행,건조,맑음,단일로 - 기타,승용,남,50세,상해없음,승용,남,59세,경상
2017012200100379,2017년 1월 22일 20시,일요일,부산광역시 금정구 부곡동,중상사고,0,1,0,0,차량단독 - 공작물충돌,안전운전불이행,건조,맑음,교차로 - 교차로안,원동기,남,62세,중상,,,,
2017012200100398,2017년 1월 22일 21시,일요일,부산광역시 영도구 영선동1가,경상사고,0,0,3,0,차대차 - 측면충돌,신호위반,건조,맑음,교차로 - 교차로안,승용,남,55세,상해없음,승용,남,66세,경상
2017012200100399,2017년 1월 22일 21시,일요일,부산광역시 연제구 연산동,경상사고,0,0,1,0,차대차 - 기타,안전거리미확보,건조,맑음,교차로 - 교차로부근,승용,남,36세,상해없음,원동기,남,17세,경상
2017012200100423,2017년 1월 22일 22시,일요일,부산광역시 연제구 거제동,부상신고사고,0,0,0,1,차대차 - 측면충돌,신호위반,건조,맑음,교차로 - 교차로안,승용,여,53세,상해없음,승용,남,32세,부상신고
2017012200100445,2017년 1월 22일 23시,일요일,부산광역시 부산진구 전포동,경상사고,0,0,2,0,차대차 - 기타,안전운전불이행,건조,맑음,교차로 - 교차로부근,승용,남,57세,상해없음,승용,남,44세,경상
2017012300100037,2017년 1월 23일 02시,월요일,부산광역시 동구 초량동,중상사고,0,1,0,0,차대사람 - 횡단중,안전운전불이행,건조,맑음,단일로 - 기타,승용,남,54세,상해없음,보행자,여,46세,중상
2017012300100061,2017년 1월 23일 06시,월요일,부산광역시 사상구 엄궁동,사망사고,1,0,0,0,차대사람 - 횡단중,과속,건조,맑음,교차로 - 교차로부근,승용,남,51세,상해없음,보행자,여,73세,사망
2017012300100105,2017년 1월 23일 08시,월요일,부산광역시 동구 초량동,중상사고,0,1,0,0,차대차 - 측면충돌,신호위반,건조,맑음,교차로 - 교차로안,승용,남,65세,상해없음,승용,여,27세,중상
2017012300100106,2017년 1월 23일 08시,월요일,부산광역시 금정구 구서동,부상신고사고,0,0,0,1,차대사람 - 횡단중,보행자보호의무위반,건조,맑음,단일로 - 기타,화물,남,39세,기타불명,보행자,남,12세,부상신고
2017012300100107,2017년 1월 23일 08시,월요일,부산광역시 연제구 거제동,경상사고,0,0,1,0,차대차 - 정면충돌,중앙선침범,건조,맑음,교차로 - 교차로부근,승용,남,42세,상해없음,승용,남,32세,경상
2017012300100108,2017년 1월 23일 08시,월요일,부산광역시 사상구 괘법동,중상사고,0,1,0,0,차대사람 - 횡단중,안전운전불이행,건조,맑음,교차로 - 교차로안,화물,남,56세,상해없음,보행자,남,61세,중상
2017012300100143,2017년 1월 23일 09시,월요일,부산광역시 강서구 명지동,경상사고,0,0,1,0,차대차 - 측면충돌,안전거리미확보,건조,맑음,단일로 - 기타,화물,남,66세,상해없음,승용,남,38세,상해없음
2017012300100179,2017년 1월 23일 10시,월요일,부산광역시 북구 금곡동,중상사고,0,1,0,0,차대사람 - 횡단중,중앙선침범,건조,맑음,단일로 - 기타,건설기계,남,39세,상해없음,보행자,남,57세,중상
2017012300100180,2017년 1월 23일 10시,월요일,부산광역시 연제구 연산동,경상사고,0,0,1,0,차대사람 - 횡단중,안전운전불이행,건조,맑음,단일로 - 기타,승용,여,52세,상해없음,보행자,여,50세,경상
2017012300100213,2017년 1월 23일 11시,월요일,부산광역시 동래구 수안동,중상사고,0,1,0,0,차대차 - 측면충돌,안전운전불이행,건조,맑음,교차로 - 교차로안,승용,여,59세,상해없음,자전거,남,86세,중상
2017012300100214,2017년 1월 23일 11시,월요일,부산광역시 사상구 학장동,사망사고,1,0,0,0,차대사람 - 횡단중,안전운전불이행,건조,맑음,단일로 - 기타,승용,남,36세,상해없음,보행자,여,65세,사망
2017012300100250,2017년 1월 23일 12시,월요일,부산광역시 부산진구 부전동,중상사고,0,1,0,0,차대사람 - 횡단중,보행자보호의무위반,건조,맑음,단일로 - 기타,승용,남,59세,상해없음,보행자,여,62세,중상
2017012300100288,2017년 1월 23일 13시,월요일,부산광역시 중구 부평동2가,경상사고,0,0,1,0,차대차 - 추돌,안전운전불이행,건조,맑음,단일로 - 기타,승용,남,64세,상해없음,승합,남,51세,경상
2017012300100289,2017년 1월 23일 13시,월요일,부산광역시 서구 서대신동1가,중상사고,0,1,0,0,차대차 - 측면충돌,중앙선침범,건조,맑음,단일로 - 기타,승용,여,53세,상해없음,이륜,남,30세,중상
2017012300100290,2017년 1월 23일 13시,월요일,부산광역시 해운대구 좌동,중상사고,0,1,0,0,차대사람 - 횡단중,안전운전불이행,건조,맑음,교차로 - 교차로횡단보도내,승용,남,23세,상해없음,보행자,여,45세,중상
2017012300100291,2017년 1월 23일 13시,월요일,부산광역시 연제구 연산동,경상사고,0,0,1,0,차대차 - 정면충돌,안전거리미확보,건조,맑음,교차로 - 교차로안,승용,남,37세,상해없음,승용,남,52세,경상
2017012300100321,2017년 1월 23일 14시,월요일,부산광역시 중구 보수동1가,경상사고,0,0,1,0,차대차 - 측면충돌,불법유턴,건조,맑음,단일로 - 기타,이륜,남,65세,상해없음,승용,남,64세,경상
2017012300100322,2017년 1월 23일 14시,월요일,부산광역시 부산진구 부전동,중상사고,0,1,0,0,차대사람 - 횡단중,안전운전불이행,건조,맑음,교차로 - 교차로부근,화물,남,29세,상해없음,보행자,여,82세,중상
2017012300100376,2017년 1월 23일 15시,월요일,부산광역시 강서구 대저2동,경상사고,0,0,1,0,차대차 - 기타,안전거리미확보,건조,맑음,단일로 - 기타,화물,남,53세,상해없음,승용,남,33세,경상
2017012300100421,2017년 1월 23일 16시,월요일,부산광역시 해운대구 재송동,부상신고사고,0,0,0,1,차대사람 - 횡단중,안전운전불이행,건조,맑음,단일로 - 기타,승용,여,39세,상해없음,보행자,여,51세,부상신고
2017012300100422,2017년 1월 23일 16시,월요일,부산광역시 해운대구 우동,중상사고,0,1,0,0,차대사람 - 횡단중,보행자보호의무위반,건조,맑음,교차로 - 교차로횡단보도내,승용,남,33세,상해없음,보행자,여,8세,중상
2017012300100470,2017년 1월 23일 17시,월요일,부산광역시 사상구 삼락동,중상사고,0,1,1,0,차대차 - 측면충돌,안전운전불이행,건조,맑음,주차장 - 주차장,승용,남,37세,상해없음,승용,남,23세,경상
2017012300100503,2017년 1월 23일 18시,월요일,부산광역시 부산진구 범천동,경상사고,0,0,2,0,차대차 - 측면충돌,신호위반,건조,맑음,교차로 - 교차로안,승용,남,72세,경상,승용,남,27세,경상
2017012300100504,2017년 1월 23일 18시,월요일,부산광역시 수영구 망미동,중상사고,0,1,0,0,차대사람 - 기타,안전운전불이행,건조,맑음,교차로 - 교차로안,승용,남,35세,상해없음,보행자,여,50세,중상
2017012300100505,2017년 1월 23일 18시,월요일,부산광역시 강서구 생곡동,중상사고,0,1,0,0,차대차 - 측면충돌,신호위반,건조,맑음,교차로 - 교차로안,승용,남,35세,상해없음,승용,남,55세,중상
2017012300100550,2017년 1월 23일 19시,월요일,부산광역시 서구 토성동3가,경상사고,0,0,1,0,차대사람 - 길가장자리구역통행중,안전운전불이행,건조,맑음,교차로 - 교차로안,승용,남,48세,상해없음,보행자,여,24세,경상
2017012300100551,2017년 1월 23일 19시,월요일,부산광역시 수영구 남천동,부상신고사고,0,0,0,1,차대차 - 추돌,안전거리미확보,건조,맑음,단일로 - 기타,원동기,남,23세,부상신고,승용,여,51세,상해없음
2017012300100552,2017년 1월 23일 19시,월요일,부산광역시 사상구 감전동,경상사고,0,0,1,0,차대차 - 추돌,안전운전불이행,건조,맑음,단일로 - 고가도로위,화물,남,37세,상해없음,승용,남,49세,경상
2017012300100595,2017년 1월 23일 20시,월요일,부산광역시 해운대구 반여동,경상사고,0,0,1,0,차대차 - 추돌,안전운전불이행,건조,맑음,교차로 - 교차로안,원동기,남,20세,경상,승용,남,40세,상해없음
2017012300100642,2017년 1월 23일 22시,월요일,부산광역시 동래구 명륜동,경상사고,0,0,1,0,차대차 - 측면충돌,안전운전불이행,건조,맑음,교차로 - 교차로안,승용,여,51세,상해없음,승용,여,49세,경상
2017012300100666,2017년 1월 23일 23시,월요일,부산광역시 연제구 연산동,중상사고,0,1,1,0,차대차 - 추돌,안전운전불이행,건조,맑음,단일로 - 기타,승용,남,37세,상해없음,승용,여,49세,중상
2017012300100667,2017년 1월 23일 23시,월요일,부산광역시 수영구 망미동,중상사고,0,1,0,0,차대차 - 측면충돌,교차로운행방법위반,건조,맑음,교차로 - 교차로안,승용,남,64세,상해없음,이륜,남,28세,중상
2017012400100027,2017년 1월 24일 00시,화요일,부산광역시 동래구 안락동,중상사고,0,1,0,0,차대차 - 측면충돌,신호위반,건조,맑음,교차로 - 교차로안,화물,남,27세,상해없음,승용,남,57세,중상
2017012400100074,2017년 1월 24일 05시,화요일,부산광역시 남구 대연동,경상사고,0,0,2,0,차대차 - 정면충돌,중앙선침범,건조,맑음,단일로 - 터널,승용,남,22세,상해없음,승용,남,58세,경상
2017012400100075,2017년 1월 24일 05시,화요일,부산광역시 해운대구 중동,중상사고,0,1,1,0,차대차 - 정면충돌,중앙선침범,건조,맑음,단일로 - 교량,승용,남,33세,상해없음,승용,남,66세,중상
2017012400100129,2017년 1월 24일 08시,화요일,부산광역시 동구 범일동,중상사고,0,1,0,0,차대차 - 기타,신호위반,건조,맑음,교차로 - 교차로부근,승용,여,38세,상해없음,원동기,남,61세,중상
2017012400100161,2017년 1월 24일 09시,화요일,부산광역시 동래구 안락동,경상사고,0,0,1,0,차대차 - 측면충돌,안전거리미확보,건조,맑음,단일로 - 기타,승용,여,27세,상해없음,승용,남,36세,경상
2017012400100197,2017년 1월 24일 10시,화요일,부산광역시 남구 감만동,중상사고,0,1,0,1,차대차 - 추돌,안전거리미확보,건조,맑음,교차로 - 교차로부근,화물,남,63세,중상,화물,남,41세,부상신고
2017012400100198,2017년 1월 24일 10시,화요일,부산광역시 동래구 안락동,경상사고,0,0,1,0,차대차 - 측면충돌,안전운전불이행,건조,맑음,단일로 - 기타,화물,남,67세,상해없음,자전거,남,70세,경상
2017012400100199,2017년 1월 24일 10시,화요일,부산광역시 해운대구 재송동,부상신고사고,0,0,0,1,차대차 - 추돌,안전운전불이행,건조,맑음,교차로 - 교차로안,이륜,남,64세,부상신고,승합,남,43세,상해없음
2017012400100240,2017년 1월 24일 11시,화요일,부산광역시 동구 범일동,경상사고,0,0,2,0,차대차 - 측면충돌,안전거리미확보,건조,맑음,단일로 - 기타,승용,여,33세,상해없음,승용,남,31세,경상
2017012400100241,2017년 1월 24일 11시,화요일,부산광역시 강서구 명지동,중상사고,0,1,0,0,차대차 - 추돌,안전운전불이행,건조,맑음,교차로 - 교차로부근,승용,남,26세,상해없음,승용,남,54세,중상
2017012400100275,2017년 1월 24일 12시,화요일,부산광역시 사하구 당리동,경상사고,0,0,1,0,차대차 - 기타,안전거리미확보,건조,맑음,단일로 - 기타,승용,여,32세,상해없음,원동기,남,56세,경상
2017012400100276,2017년 1월 24일 12시,화요일,부산광역시 사하구 다대동,경상사고,0,0,1,0,차대사람 - 기타,보행자보호의무위반,건조,맑음,단일로 - 기타,승용,여,52세,상해없음,보행자,남,10세,경상
2017012400100317,2017년 1월 24일 13시,화요일,부산광역시 해운대구 송정동,경상사고,0,0,2,0,차대차 - 기타,안전운전불이행,기타,맑음,단일로 - 기타,승용,남,72세,상해없음,승용,여,47세,경상
2017012400100318,2017년 1월 24일 13시,화요일,부산광역시 부산진구 전포동,중상사고,0,1,0,0,차대사람 - 횡단중,중앙선침범,건조,맑음,단일로 - 기타,이륜,남,21세,상해없음,보행자,남,82세,중상
2017012400100319,2017년 1월 24일 13시,화요일,부산광역시 부산진구 부전동,부상신고사고,0,0,0,1,차대차 - 추돌,안전운전불이행,건조,맑음,교차로 - 교차로부근,승용,여,50세,상해없음,승용,남,61세,부상신고
2017012400100320,2017년 1월 24일 13시,화요일,부산광역시 강서구 신호동,중상사고,0,1,2,0,차대차 - 측면충돌,안전운전불이행,건조,맑음,교차로 - 교차로안,승용,남,57세,상해없음,화물,남,66세,중상
2017012400100321,2017년 1월 24일 13시,화요일,부산광역시 사상구 모라동,경상사고,0,0,1,0,차대차 - 기타,안전운전불이행,건조,맑음,교차로 - 교차로부근,승용,여,52세,경상,승용,남,62세,상해없음
2017012400100351,2017년 1월 24일 14시,화요일,부산광역시 중구 대청동4가,경상사고,0,0,1,0,차대사람 - 횡단중,신호위반,건조,맑음,단일로 - 기타,이륜,남,36세,상해없음,보행자,남,9세,경상
2017012400100352,2017년 1월 24일 14시,화요일,부산광역시 중구 보수동1가,경상사고,0,0,1,0,차대차 - 측면충돌,안전운전불이행,건조,맑음,교차로 - 교차로부근,승용,남,43세,상해없음,이륜,남,66세,상해없음
2017012400100353,2017년 1월 24일 14시,화요일,부산광역시 북구 화명동,경상사고,0,0,1,0,차대사람 - 횡단중,신호위반,건조,맑음,교차로 - 교차로부근,승용,여,54세,상해없음,보행자,남,8세,경상
2017012400100354,2017년 1월 24일 14시,화요일,부산광역시 영도구 동삼동,경상사고,0,0,1,0,차대차 - 기타,안전운전불이행,건조,맑음,교차로 - 교차로안,승용,여,63세,상해없음,승용,여,50세,경상
2017012400100389,2017년 1월 24일 15시,화요일,부산광역시 서구 동대신동3가,경상사고,0,0,2,0,차대차 - 측면충돌,안전거리미확보,건조,맑음,단일로 - 기타,화물,남,51세,경상,승용,남,52세,경상
2017012400100390,2017년 1월 24일 15시,화요일,부산광역시 남구 대연동,부상신고사고,0,0,0,1,차대차 - 기타,차로위반,건조,맑음,단일로 - 기타,승용,남,64세,상해없음,승용,남,44세,부상신고
2017012400100391,2017년 1월 24일 15시,화요일,부산광역시 수영구 민락동,중상사고,0,1,0,0,차대차 - 측면충돌,신호위반,건조,맑음,교차로 - 교차로안,승용,남,68세,상해없음,이륜,남,54세,중상
2017012400100392,2017년 1월 24일 15시,화요일,부산광역시 동래구 온천동,경상사고,0,0,1,0,차대사람 - 길가장자리구역통행중,안전운전불이행,건조,맑음,단일로 - 기타,승용,여,59세,상해없음,보행자,여,25세,경상
2017012400100438,2017년 1월 24일 16시,화요일,부산광역시 서구 아미동2가,중상사고,0,1,0,0,차대사람 - 횡단중,보행자보호의무위반,건조,맑음,교차로 - 교차로안,승용,남,54세,상해없음,보행자,남,68세,중상
2017012400100439,2017년 1월 24일 16시,화요일,부산광역시 동래구 온천동,중상사고,0,1,0,0,차대차 - 정면충돌,신호위반,건조,맑음,교차로 - 교차로안,승용,남,36세,상해없음,이륜,남,27세,중상
2017012400100440,2017년 1월 24일 16시,화요일,부산광역시 해운대구 좌동,경상사고,0,0,1,0,차대차 - 정면충돌,중앙선침범,건조,맑음,교차로 - 교차로부근,승용,여,70세,상해없음,승용,남,43세,경상
2017012400100441,2017년 1월 24일 16시,화요일,부산광역시 금정구 부곡동,경상사고,0,0,1,0,차대사람 - 횡단중,안전운전불이행,건조,맑음,단일로 - 기타,승용,남,57세,상해없음,보행자,남,16세,경상
2017012400100442,2017년 1월 24일 16시,화요일,부산광역시 사하구 신평동,경상사고,0,0,2,0,차대차 - 정면충돌,신호위반,건조,맑음,교차로 - 교차로안,승합,남,54세,상해없음,승용,여,57세,경상
2017012400100443,2017년 1월 24일 16시,화요일,부산광역시 사하구 괴정동,경상사고,0,0,1,0,차대사람 - 기타,보행자보호의무위반,건조,맑음,교차로 - 교차로횡단보도내,승용,여,47세,상해없음,보행자,여,71세,경상
2017012400100444,2017년 1월 24일 16시,화요일,부산광역시 강서구 송정동,경상사고,0,0,1,0,차대차 - 측면충돌,신호위반,건조,맑음,교차로 - 교차로안,승용,남,55세,상해없음,승용,남,63세,경상
2017012400100481,2017년 1월 24일 17시,화요일,부산광역시 남구 감만동,경상사고,0,0,1,0,차대차 - 측면충돌,안전운전불이행,건조,맑음,교차로 - 교차로안,이륜,남,32세,경상,승용,남,53세,상해없음
2017012400100482,2017년 1월 24일 17시,화요일,부산광역시 남구 대연동,경상사고,0,0,1,0,차대차 - 측면충돌,안전운전불이행,건조,맑음,단일로 - 기타,이륜,남,47세,상해없음,이륜,남,22세,경상
2017012400100483,2017년 1월 24일 17시,화요일,부산광역시 해운대구 재송동,부상신고사고,0,0,0,1,차대차 - 측면충돌,신호위반,건조,맑음,교차로 - 교차로안,이륜,남,35세,부상신고,승용,남,59세,상해없음
2017012400100525,2017년 1월 24일 18시,화요일,부산광역시 수영구 광안동,경상사고,0,0,1,0,차대차 - 측면충돌,안전거리미확보,건조,맑음,단일로 - 기타,승용,남,31세,상해없음,이륜,여,59세,경상
2017012400100526,2017년 1월 24일 18시,화요일,부산광역시 북구 구포동,경상사고,0,0,2,0,차대차 - 기타,안전운전불이행,건조,맑음,단일로 - 기타,승합,남,52세,상해없음,승용,남,48세,경상
2017012400100527,2017년 1월 24일 18시,화요일,부산광역시 영도구 영선동1가,경상사고,0,0,1,0,차대차 - 추돌,안전운전불이행,건조,맑음,단일로 - 기타,화물,남,49세,상해없음,승용,여,27세,경상
2017012400100528,2017년 1월 24일 18시,화요일,부산광역시 부산진구 부암동,중상사고,0,1,0,0,차대사람 - 기타,보행자보호의무위반,건조,맑음,교차로 - 교차로안,승용,남,61세,상해없음,보행자,여,90세 이상,중상
2017012400100529,2017년 1월 24일 18시,화요일,부산광역시 사상구 엄궁동,경상사고,0,0,2,0,차대차 - 측면충돌,안전운전불이행,건조,맑음,교차로 - 교차로안,승용,여,23세,경상,이륜,남,16세,경상
2017012400100581,2017년 1월 24일 19시,화요일,부산광역시 연제구 연산동,경상사고,0,0,1,0,차대차 - 측면충돌,안전운전불이행,건조,맑음,단일로 - 기타,이륜,남,18세,상해없음,이륜,남,35세,경상
2017012400100635,2017년 1월 24일 20시,화요일,부산광역시 사상구 주례동,경상사고,0,0,2,0,차대차 - 측면충돌,중앙선침범,건조,맑음,단일로 - 기타,이륜,남,18세,경상,이륜,남,42세,경상
2017012400100665,2017년 1월 24일 21시,화요일,부산광역시 남구 문현동,부상신고사고,0,0,0,1,차대차 - 측면충돌,신호위반,건조,맑음,교차로 - 교차로안,승용,남,29세,상해없음,승용,남,58세,부상신고
2017012400100666,2017년 1월 24일 21시,화요일,부산광역시 부산진구 부전동,중상사고,0,1,0,0,차대사람 - 횡단중,안전운전불이행,건조,맑음,단일로 - 기타,승용,남,48세,상해없음,보행자,남,29세,중상
2017012400100696,2017년 1월 24일 22시,화요일,부산광역시 금정구 서동,중상사고,0,1,0,0,차대사람 - 횡단중,안전운전불이행,건조,맑음,단일로 - 기타,기타불명,기타불명,미분류,기타불명,보행자,남,18세,중상
2017012400100730,2017년 1월 24일 23시,화요일,부산광역시 북구 덕천동,중상사고,0,1,0,0,차대차 - 측면충돌,직진우회전진행방해,건조,맑음,교차로 - 교차로안,화물,남,66세,상해없음,승용,남,59세,상해없음
2017012400100731,2017년 1월 24일 23시,화요일,부산광역시 금정구 서동,경상사고,0,0,1,1,차대차 - 추돌,안전거리미확보,건조,맑음,단일로 - 교량,승합,남,33세,부상신고,화물,남,68세,경상
2017012500100028,2017년 1월 25일 00시,수요일,부산광역시 금정구 회동동,경상사고,0,0,1,0,차대차 - 측면충돌,안전운전불이행,건조,맑음,단일로 - 기타,화물,남,41세,상해없음,승용,남,50세,상해없음
2017012500100044,2017년 1월 25일 01시,수요일,부산광역시 수영구 광안동,중상사고,0,1,1,0,차대차 - 측면충돌,안전운전불이행,건조,맑음,단일로 - 기타,승용,남,55세,상해없음,승용,남,35세,경상
2017012500100045,2017년 1월 25일 01시,수요일,부산광역시 부산진구 당감동,부상신고사고,0,0,0,1,차대차 - 측면충돌,신호위반,건조,맑음,교차로 - 교차로안,승용,남,59세,상해없음,승용,남,61세,부상신고
2017012500100056,2017년 1월 25일 02시,수요일,부산광역시 북구 구포동,경상사고,0,0,3,0,차대차 - 기타,중앙선침범,건조,맑음,단일로 - 기타,승용,남,24세,상해없음,승용,남,57세,경상
2017012500100115,2017년 1월 25일 07시,수요일,부산광역시 사하구 괴정동,경상사고,0,0,2,1,차대차 - 추돌,안전거리미확보,건조,맑음,단일로 - 터널,화물,남,30세,경상,화물,남,50세,부상신고
2017012500100116,2017년 1월 25일 07시,수요일,부산광역시 동래구 명륜동,경상사고,0,0,1,0,차대차 - 측면충돌,안전운전불이행,건조,맑음,교차로 - 교차로안,승용,남,65세,상해없음,원동기,여,50세,경상
2017012500100144,2017년 1월 25일 08시,수요일,부산광역시 동구 초량동,경상사고,0,0,1,0,차대사람 - 횡단중,안전운전불이행,건조,맑음,교차로 - 교차로안,승용,남,69세,상해없음,보행자,남,17세,경상
2017012500100145,2017년 1월 25일 08시,수요일,부산광역시 남구 대연동,중상사고,0,1,0,0,차대사람 - 기타,신호위반,건조,맑음,기타 - 기타,건설기계,남,37세,상해없음,보행자,여,48세,중상
2017012500100146,2017년 1월 25일 08시,수요일,부산광역시 남구 우암동,경상사고,0,0,1,0,차대차 - 정면충돌,안전운전불이행,건조,맑음,기타 - 기타,승용,남,56세,상해없음,이륜,남,22세,경상
2017012500100147,2017년 1월 25일 08시,수요일,부산광역시 남구 감만동,중상사고,0,1,0,0,차대사람 - 횡단중,보행자보호의무위반,건조,맑음,단일로 - 기타,승용,남,43세,상해없음,보행자,남,60세,중상
2017012500100148,2017년 1월 25일 08시,수요일,부산광역시 부산진구 부전동,중상사고,0,1,1,0,차대차 - 기타,중앙선침범,건조,맑음,단일로 - 기타,이륜,남,53세,상해없음,이륜,남,25세,중상
2017012500100149,2017년 1월 25일 08시,수요일,부산광역시 기장군 철마면,중상사고,0,1,3,0,차대차 - 추돌,안전운전불이행,건조,맑음,단일로 - 기타,승용,남,36세,경상,승용,여,48세,중상
2017012500100191,2017년 1월 25일 09시,수요일,부산광역시 금정구 부곡동,경상사고,0,0,1,0,차대차 - 기타,안전운전불이행,건조,맑음,교차로 - 교차로안,승용,여,81세,경상,화물,남,38세,상해없음
2017012500100225,2017년 1월 25일 10시,수요일,부산광역시 중구 중앙동3가,경상사고,0,0,1,0,차대차 - 추돌,안전운전불이행,건조,맑음,교차로 - 교차로부근,화물,남,59세,상해없음,승용,남,44세,경상
2017012500100226,2017년 1월 25일 10시,수요일,부산광역시 수영구 민락동,경상사고,0,0,1,0,차대사람 - 횡단중,보행자보호의무위반,건조,맑음,교차로 - 교차로횡단보도내,승용,남,21세,상해없음,보행자,남,8세,경상
2017012500100227,2017년 1월 25일 10시,수요일,부산광역시 해운대구 우동,경상사고,0,0,1,0,차대차 - 기타,안전운전불이행,건조,맑음,단일로 - 기타,승용,여,56세,상해없음,승용,여,32세,경상
2017012500100258,2017년 1월 25일 11시,수요일,부산광역시 북구 덕천동,중상사고,0,1,0,0,차대사람 - 기타,보행자보호의무위반,건조,맑음,교차로 - 교차로안,승용,여,56세,상해없음,보행자,여,76세,중상
2017012500100259,2017년 1월 25일 11시,수요일,부산광역시 영도구 신선동1가,중상사고,0,1,0,0,차대사람 - 횡단중,안전운전불이행,건조,맑음,단일로 - 기타,승용,여,41세,상해없음,보행자,여,82세,중상
2017012500100289,2017년 1월 25일 12시,수요일,부산광역시 사하구 하단동,경상사고,0,0,1,0,차대차 - 측면충돌,교차로운행방법위반,건조,맑음,교차로 - 교차로안,승합,남,53세,상해없음,자전거,남,15세,경상
2017012500100290,2017년 1월 25일 12시,수요일,부산광역시 강서구 녹산동,경상사고,0,0,1,0,차대차 - 기타,안전운전불이행,건조,맑음,교차로 - 교차로부근,승용,여,64세,상해없음,승합,남,43세,상해없음