사고번호,사고일시,요일,시군구,사고내용,사망자수,중상자수,경상자수,부상신고자수,사고유형,법규위반,노면상태,기상상태,도로형태,가해운전자 차종,가해운전자 성별,가해운전자 연령,가해운전자 상해정도,피해운전자 차종,피해운전자 성별,피해운전자 연령,피해운전자 상해정도
2017012500100326,2017년 1월 25일 13시,수요일,부산광역시 영도구 청학동,경상사고,0,0,1,0,차대사람 - 횡단중,신호위반,건조,맑음,단일로 - 기타,이륜,남,70세,상해없음,보행자,여,70세,경상
2017012500100407,2017년 1월 25일 15시,수요일,부산광역시 남구 용호동,경상사고,0,0,1,0,차대사람 - 기타,안전운전불이행,건조,맑음,단일로 - 기타,승합,남,62세,상해없음,보행자,여,75세,경상
2017012500100408,2017년 1월 25일 15시,수요일,부산광역시 부산진구 개금동,경상사고,0,0,1,0,차대차 - 측면충돌,안전운전불이행,건조,맑음,교차로 - 교차로부근,승용,남,52세,상해없음,승용,여,44세,경상
2017012500100490,2017년 1월 25일 17시,수요일,부산광역시 남구 대연동,경상사고,0,0,1,0,차대차 - 기타,안전운전불이행,건조,맑음,단일로 - 기타,화물,남,61세,상해없음,이륜,남,38세,경상
2017012500100491,2017년 1월 25일 17시,수요일,부산광역시 사하구 괴정동,중상사고,0,1,0,0,차대사람 - 횡단중,안전운전불이행,건조,맑음,단일로 - 기타,승용,남,30세,상해없음,보행자,여,15세,중상
2017012500100492,2017년 1월 25일 17시,수요일,부산광역시 사상구 학장동,중상사고,0,1,2,0,차대차 - 측면충돌,차로위반,건조,맑음,단일로 - 기타,승용,남,61세,상해없음,승용,여,30세,중상
2017012500100545,2017년 1월 25일 18시,수요일,부산광역시 동구 수정동,경상사고,0,0,1,0,차대차 - 기타,차로위반,건조,맑음,단일로 - 기타,승용,여,56세,상해없음,승합,남,46세,상해없음
2017012500100609,2017년 1월 25일 19시,수요일,부산광역시 동래구 명장동,중상사고,0,1,0,0,차대사람 - 차도통행중,안전운전불이행,건조,맑음,단일로 - 기타,승용,남,58세,상해없음,보행자,여,50세,중상
2017012500100610,2017년 1월 25일 19시,수요일,부산광역시 부산진구 양정동,경상사고,0,0,1,0,차대사람 - 횡단중,안전운전불이행,건조,맑음,교차로 - 교차로안,승용,남,46세,상해없음,보행자,여,48세,경상
2017012500100611,2017년 1월 25일 19시,수요일,부산광역시 부산진구 범천동,경상사고,0,0,1,0,차대사람 - 횡단중,보행자보호의무위반,건조,맑음,교차로 - 교차로횡단보도내,승용,남,51세,상해없음,보행자,여,66세,경상
2017012500100612,2017년 1월 25일 19시,수요일,부산광역시 금정구 구서동,중상사고,0,1,0,0,차대사람 - 횡단중,신호위반,건조,맑음,단일로 - 기타,원동기,남,38세,상해없음,보행자,여,22세,중상
2017012500100706,2017년 1월 25일 21시,수요일,부산광역시 부산진구 부전동,중상사고,0,3,2,0,차대차 - 측면충돌,신호위반,건조,맑음,교차로 - 교차로안,승용,남,35세,상해없음,승용,여,42세,중상
2017012500100707,2017년 1월 25일 21시,수요일,부산광역시 강서구 신호동,중상사고,0,1,0,0,차대차 - 정면충돌,안전거리미확보,건조,맑음,단일로 - 기타,승용,남,28세,상해없음,원동기,남,33세,중상
2017012500100708,2017년 1월 25일 21시,수요일,부산광역시 사상구 괘법동,중상사고,0,1,0,0,차대차 - 추돌,안전운전불이행,건조,맑음,단일로 - 기타,승용,여,44세,상해없음,승용,여,60세,중상
2017012500100740,2017년 1월 25일 22시,수요일,부산광역시 동구 범일동,경상사고,0,0,1,0,차대사람 - 기타,안전운전불이행,건조,맑음,단일로 - 기타,승용,기타불명,미분류,기타불명,보행자,남,56세,경상
2017012500100741,2017년 1월 25일 22시,수요일,부산광역시 해운대구 좌동,경상사고,0,0,1,0,차대차 - 추돌,안전운전불이행,건조,맑음,교차로 - 교차로안,이륜,남,43세,경상,승용,남,20세,상해없음
2017012500100742,2017년 1월 25일 22시,수요일,부산광역시 연제구 거제동,경상사고,0,0,1,0,차대사람 - 횡단중,안전운전불이행,건조,맑음,단일로 - 기타,승용,여,39세,상해없음,보행자,남,61세,경상
2017012600100024,2017년 1월 26일 00시,목요일,부산광역시 부산진구 부전동,중상사고,0,1,0,0,차대사람 - 횡단중,보행자보호의무위반,건조,맑음,교차로 - 교차로횡단보도내,화물,남,62세,상해없음,보행자,남,44세,중상
2017012600100065,2017년 1월 26일 02시,목요일,부산광역시 해운대구 중동,경상사고,0,0,2,0,차대차 - 정면충돌,안전운전불이행,건조,맑음,단일로 - 기타,승용,남,47세,경상,승용,남,36세,경상
2017012600100075,2017년 1월 26일 03시,목요일,부산광역시 연제구 거제동,중상사고,0,1,0,0,차대차 - 측면충돌,중앙선침범,건조,맑음,단일로 - 기타,승용,남,29세,상해없음,승용,남,38세,중상
2017012600100087,2017년 1월 26일 05시,목요일,부산광역시 서구 충무동1가,중상사고,0,1,0,0,차대차 - 측면충돌,신호위반,건조,맑음,교차로 - 교차로안,승용,남,58세,상해없음,승용,남,64세,상해없음
2017012600100088,2017년 1월 26일 05시,목요일,부산광역시 연제구 연산동,중상사고,0,1,0,0,차대사람 - 보도통행중,기타,건조,맑음,단일로 - 기타,승용,남,68세,상해없음,보행자,여,65세,중상
2017012600100100,2017년 1월 26일 06시,목요일,부산광역시 서구 동대신동3가,경상사고,0,0,1,0,차대차 - 추돌,안전거리미확보,건조,맑음,교차로 - 교차로부근,승용,남,49세,상해없음,승용,남,69세,경상
2017012600100101,2017년 1월 26일 06시,목요일,부산광역시 사하구 하단동,경상사고,0,0,1,0,차대차 - 측면충돌,직진우회전진행방해,건조,맑음,교차로 - 교차로안,승용,여,56세,상해없음,승용,여,37세,경상
2017012600100250,2017년 1월 26일 11시,목요일,부산광역시 중구 동광동4가,경상사고,0,0,1,0,차대사람 - 기타,불법유턴,건조,맑음,단일로 - 기타,승합,남,56세,상해없음,보행자,여,59세,경상
2017012600100251,2017년 1월 26일 11시,목요일,부산광역시 부산진구 부전동,경상사고,0,0,4,0,차대차 - 측면충돌,안전거리미확보,건조,맑음,교차로 - 교차로부근,승용,여,36세,상해없음,승합,남,60세,경상
2017012600100252,2017년 1월 26일 11시,목요일,부산광역시 기장군 정관읍,경상사고,0,0,1,0,차대차 - 기타,안전운전불이행,건조,맑음,단일로 - 기타,승용,여,52세,상해없음,승용,남,19세,경상
2017012600100283,2017년 1월 26일 12시,목요일,부산광역시 서구 부용동2가,경상사고,0,0,1,0,차대사람 - 횡단중,보행자보호의무위반,건조,맑음,교차로 - 교차로횡단보도내,화물,남,23세,상해없음,보행자,여,12세,경상
2017012600100319,2017년 1월 26일 13시,목요일,부산광역시 동구 초량동,경상사고,0,0,1,0,차대차 - 기타,안전운전불이행,건조,맑음,교차로 - 교차로안,이륜,남,59세,상해없음,승용,여,65세,상해없음
2017012600100320,2017년 1월 26일 13시,목요일,부산광역시 동구 범일동,경상사고,0,0,1,0,차대차 - 추돌,차로위반,건조,맑음,단일로 - 기타,승용,여,58세,상해없음,승용,남,41세,경상
2017012600100321,2017년 1월 26일 13시,목요일,부산광역시 강서구 봉림동,중상사고,0,1,0,0,차대차 - 추돌,안전거리미확보,건조,맑음,단일로 - 기타,화물,남,46세,상해없음,화물,남,43세,중상
2017012600100370,2017년 1월 26일 14시,목요일,부산광역시 수영구 남천동,경상사고,0,0,1,0,차대사람 - 횡단중,안전운전불이행,건조,맑음,교차로 - 교차로부근,승용,여,42세,상해없음,보행자,남,90세 이상,경상
2017012600100371,2017년 1월 26일 14시,목요일,부산광역시 수영구 광안동,경상사고,0,0,1,0,차대차 - 기타,안전운전불이행,건조,맑음,교차로 - 교차로부근,승용,남,44세,상해없음,원동기,남,54세,경상
2017012600100372,2017년 1월 26일 14시,목요일,부산광역시 부산진구 부전동,사망사고,1,0,0,0,차대사람 - 횡단중,보행자보호의무위반,건조,맑음,단일로 - 기타,건설기계,남,56세,상해없음,보행자,남,74세,사망
2017012600100373,2017년 1월 26일 14시,목요일,부산광역시 강서구 미음동,경상사고,0,0,1,0,차대차 - 추돌,안전거리미확보,건조,맑음,단일로 - 기타,승용,남,59세,상해없음,승용,남,47세,경상
2017012600100424,2017년 1월 26일 15시,목요일,부산광역시 동구 범일동,경상사고,0,0,1,0,차대사람 - 횡단중,보행자보호의무위반,건조,맑음,단일로 - 기타,승용,남,61세,상해없음,보행자,여,45세,경상
2017012600100425,2017년 1월 26일 15시,목요일,부산광역시 동래구 명륜동,중상사고,0,1,0,0,차대사람 - 횡단중,안전운전불이행,건조,맑음,교차로 - 교차로안,승용,여,55세,상해없음,보행자,여,70세,중상
2017012600100480,2017년 1월 26일 16시,목요일,부산광역시 사하구 장림동,중상사고,0,1,0,0,차대차 - 기타,안전운전불이행,건조,맑음,단일로 - 기타,승합,남,74세,상해없음,원동기,남,51세,중상
2017012600100481,2017년 1월 26일 16시,목요일,부산광역시 사하구 하단동,중상사고,0,1,1,0,차대차 - 측면충돌,안전운전불이행,건조,맑음,단일로 - 기타,이륜,남,28세,중상,승용,여,37세,경상
2017012600100482,2017년 1월 26일 16시,목요일,부산광역시 연제구 거제동,중상사고,0,1,0,0,차대사람 - 보도통행중,기타,건조,맑음,단일로 - 기타,자전거,남,48세,상해없음,보행자,여,70세,중상
2017012600100532,2017년 1월 26일 17시,목요일,부산광역시 북구 화명동,경상사고,0,0,1,0,차대차 - 기타,기타,건조,맑음,단일로 - 기타,승합,남,63세,상해없음,이륜,남,38세,상해없음
2017012600100533,2017년 1월 26일 17시,목요일,부산광역시 동래구 안락동,경상사고,0,0,1,0,차대사람 - 기타,안전운전불이행,젖음/습기,맑음,단일로 - 기타,승용,남,66세,상해없음,보행자,여,45세,경상
2017012600100569,2017년 1월 26일 18시,목요일,부산광역시 동구 초량동,경상사고,0,0,1,0,차대사람 - 기타,기타,건조,맑음,단일로 - 기타,승용,남,45세,상해없음,보행자,여,61세,경상
2017012600100570,2017년 1월 26일 18시,목요일,부산광역시 수영구 광안동,경상사고,0,0,7,0,차대차 - 추돌,안전거리미확보,건조,맑음,단일로 - 기타,화물,여,56세,상해없음,승용,남,28세,경상
2017012600100571,2017년 1월 26일 18시,목요일,부산광역시 금정구 부곡동,경상사고,0,0,1,0,차대사람 - 기타,안전운전불이행,건조,맑음,교차로 - 교차로안,승용,남,51세,상해없음,보행자,여,60세,경상
2017012600100572,2017년 1월 26일 18시,목요일,부산광역시 사하구 하단동,중상사고,0,1,1,0,차대사람 - 횡단중,안전운전불이행,건조,맑음,단일로 - 기타,화물,남,56세,상해없음,보행자,남,77세,경상
2017012600100639,2017년 1월 26일 19시,목요일,부산광역시 동구 범일동,경상사고,0,0,1,0,차대사람 - 횡단중,안전운전불이행,건조,맑음,단일로 - 기타,승용,남,44세,상해없음,보행자,남,77세,경상
2017012600100640,2017년 1월 26일 19시,목요일,부산광역시 북구 덕천동,중상사고,0,1,1,0,차대사람 - 횡단중,안전운전불이행,건조,맑음,단일로 - 기타,승용,남,66세,상해없음,보행자,남,48세,경상
2017012600100685,2017년 1월 26일 20시,목요일,부산광역시 금정구 장전동,부상신고사고,0,0,0,1,차대사람 - 기타,안전운전불이행,건조,맑음,단일로 - 기타,승용,남,49세,상해없음,보행자,남,51세,부상신고
2017012600100728,2017년 1월 26일 21시,목요일,부산광역시 북구 만덕동,경상사고,0,0,1,0,차대사람 - 기타,안전운전불이행,건조,맑음,단일로 - 기타,승용,여,66세,상해없음,보행자,여,59세,경상
2017012600100729,2017년 1월 26일 21시,목요일,부산광역시 동래구 사직동,경상사고,0,0,1,0,차대차 - 측면충돌,안전운전불이행,건조,맑음,주차장 - 주차장,승용,남,64세,경상,승용,남,30세,상해없음
2017012600100730,2017년 1월 26일 21시,목요일,부산광역시 사상구 덕포동,경상사고,0,0,1,0,차대차 - 측면충돌,교차로운행방법위반,건조,맑음,교차로 - 교차로안,승용,남,28세,상해없음,이륜,남,25세,경상
2017012600100772,2017년 1월 26일 22시,목요일,부산광역시 수영구 민락동,경상사고,0,0,2,0,차대차 - 측면충돌,기타,건조,맑음,교차로 - 교차로안,승용,여,56세,경상,화물,남,49세,경상
2017012600100773,2017년 1월 26일 22시,목요일,부산광역시 해운대구 우동,경상사고,0,0,1,0,차대차 - 추돌,안전거리미확보,건조,맑음,단일로 - 교량,승용,남,25세,상해없음,승용,남,35세,경상
2017012700100019,2017년 1월 27일 00시,금요일,부산광역시 영도구 청학동,경상사고,0,0,1,0,차대차 - 측면충돌,안전거리미확보,건조,맑음,교차로 - 교차로안,이륜,남,35세,경상,승용,남,63세,상해없음
2017012700100053,2017년 1월 27일 01시,금요일,부산광역시 사하구 다대동,경상사고,0,0,2,0,차대차 - 기타,안전운전불이행,건조,맑음,단일로 - 기타,원동기,기타불명,미분류,기타불명,이륜,남,23세,경상
2017012700100095,2017년 1월 27일 04시,금요일,부산광역시 동구 초량동,중상사고,0,1,1,0,차대차 - 기타,교차로운행방법위반,건조,맑음,교차로 - 교차로안,승용,남,51세,상해없음,승용,남,55세,상해없음
2017012700100096,2017년 1월 27일 04시,금요일,부산광역시 해운대구 우동,경상사고,0,0,1,0,차대차 - 측면충돌,교차로운행방법위반,건조,맑음,교차로 - 교차로안,승용,남,70세,상해없음,자전거,남,72세,경상
2017012700100118,2017년 1월 27일 06시,금요일,부산광역시 중구 영주동,중상사고,0,1,0,0,차대차 - 기타,교차로운행방법위반,건조,맑음,교차로 - 교차로안,승용,남,62세,상해없음,이륜,여,60세,중상
2017012700100119,2017년 1월 27일 06시,금요일,부산광역시 동래구 명륜동,중상사고,0,1,1,0,차대차 - 추돌,안전운전불이행,건조,맑음,단일로 - 기타,승용,남,34세,상해없음,승용,여,36세,중상
2017012700100131,2017년 1월 27일 07시,금요일,부산광역시 해운대구 재송동,중상사고,0,1,1,1,차대차 - 기타,신호위반,건조,맑음,교차로 - 교차로안,승합,남,50세,상해없음,승합,남,49세,상해없음
2017012700100132,2017년 1월 27일 07시,금요일,부산광역시 부산진구 개금동,경상사고,0,0,1,0,차대차 - 기타,안전운전불이행,건조,맑음,교차로 - 교차로부근,승용,남,65세,상해없음,승용,남,42세,경상
2017012700100192,2017년 1월 27일 11시,금요일,부산광역시 금정구 구서동,중상사고,0,1,0,0,차대사람 - 횡단중,안전운전불이행,건조,맑음,단일로 - 기타,승용,여,58세,상해없음,보행자,여,67세,중상
2017012700100217,2017년 1월 27일 12시,금요일,부산광역시 중구 남포동2가,경상사고,0,0,1,0,차대사람 - 기타,안전운전불이행,건조,맑음,기타 - 기타,승용,남,68세,상해없음,보행자,남,66세,경상
2017012700100218,2017년 1월 27일 12시,금요일,부산광역시 사하구 장림동,경상사고,0,0,1,0,차대차 - 정면충돌,교차로운행방법위반,건조,맑음,교차로 - 교차로안,승용,남,62세,상해없음,원동기,남,57세,경상
2017012700100248,2017년 1월 27일 13시,금요일,부산광역시 서구 서대신동2가,경상사고,0,0,1,0,차대차 - 추돌,안전운전불이행,건조,맑음,교차로 - 교차로부근,승용,남,18세,기타불명,승용,남,29세,경상
2017012700100249,2017년 1월 27일 13시,금요일,부산광역시 동래구 안락동,경상사고,0,0,2,0,차대차 - 후진중충돌,안전운전불이행,건조,맑음,교차로 - 교차로안,승용,남,50세,상해없음,원동기,남,21세,경상
2017012700100250,2017년 1월 27일 13시,금요일,부산광역시 연제구 연산동,경상사고,0,0,1,0,차대차 - 정면충돌,안전거리미확보,건조,맑음,교차로 - 교차로부근,승용,여,47세,상해없음,이륜,남,48세,경상
2017012700100275,2017년 1월 27일 14시,금요일,부산광역시 사상구 주례동,중상사고,0,1,1,0,차대차 - 추돌,안전운전불이행,건조,맑음,단일로 - 교량,승용,남,41세,상해없음,승용,남,45세,중상
2017012700100295,2017년 1월 27일 15시,금요일,부산광역시 사상구 모라동,경상사고,0,0,1,0,차대차 - 추돌,안전운전불이행,건조,맑음,단일로 - 기타,승용,남,65세,상해없음,이륜,남,76세,경상
2017012700100312,2017년 1월 27일 16시,금요일,부산광역시 중구 부평동1가,부상신고사고,0,0,0,1,차대차 - 측면충돌,안전운전불이행,건조,맑음,단일로 - 기타,이륜,남,50세,상해없음,이륜,남,36세,부상신고
2017012700100313,2017년 1월 27일 16시,금요일,부산광역시 해운대구 반송동,부상신고사고,0,0,0,1,차대사람 - 길가장자리구역통행중,안전운전불이행,건조,맑음,단일로 - 기타,승용,여,52세,상해없음,보행자,남,16세,부상신고
2017012700100314,2017년 1월 27일 16시,금요일,부산광역시 금정구 장전동,부상신고사고,0,0,0,1,차대차 - 측면충돌,중앙선침범,건조,맑음,단일로 - 기타,자전거,남,56세,부상신고,승합,남,58세,상해없음
2017012700100341,2017년 1월 27일 17시,금요일,부산광역시 금정구 남산동,중상사고,0,2,0,0,차대차 - 후진중충돌,불법유턴,건조,맑음,단일로 - 기타,화물,남,60세,상해없음,승용,남,70세,중상
2017012700100342,2017년 1월 27일 17시,금요일,부산광역시 금정구 금사동,중상사고,0,1,0,0,차대사람 - 길가장자리구역통행중,안전운전불이행,건조,맑음,단일로 - 기타,승용,남,43세,상해없음,보행자,남,36세,중상
2017012700100381,2017년 1월 27일 19시,금요일,부산광역시 영도구 청학동,중상사고,0,1,0,0,차대차 - 기타,안전운전불이행,건조,맑음,단일로 - 기타,승용,남,65세,상해없음,원동기,남,19세,중상
2017012700100382,2017년 1월 27일 19시,금요일,부산광역시 해운대구 우동,경상사고,0,0,2,0,차대차 - 추돌,안전운전불이행,건조,맑음,교차로 - 교차로부근,원동기,남,30세,경상,승용,남,62세,경상
2017012700100383,2017년 1월 27일 19시,금요일,부산광역시 부산진구 범천동,경상사고,0,0,1,0,차대차 - 정면충돌,안전운전불이행,건조,흐림,단일로 - 기타,승용,남,32세,상해없음,승용,여,47세,경상
2017012700100384,2017년 1월 27일 19시,금요일,부산광역시 금정구 부곡동,중상사고,0,1,0,0,차대사람 - 횡단중,보행자보호의무위반,건조,맑음,교차로 - 교차로부근,승용,여,53세,상해없음,보행자,남,65세,중상
2017012700100385,2017년 1월 27일 19시,금요일,부산광역시 금정구 장전동,중상사고,0,2,0,0,차대사람 - 횡단중,보행자보호의무위반,건조,맑음,교차로 - 교차로안,승용,여,53세,상해없음,보행자,여,20세,중상
2017012700100386,2017년 1월 27일 19시,금요일,부산광역시 사하구 다대동,중상사고,0,1,0,0,차대차 - 측면충돌,신호위반,건조,맑음,교차로 - 교차로안,이륜,남,16세,중상,화물,남,72세,상해없음
2017012700100387,2017년 1월 27일 19시,금요일,부산광역시 사하구 괴정동,중상사고,0,1,0,0,차대사람 - 횡단중,보행자보호의무위반,건조,맑음,교차로 - 교차로안,승용,남,50세,상해없음,보행자,남,66세,중상
2017012700100429,2017년 1월 27일 21시,금요일,부산광역시 동래구 명륜동,경상사고,0,0,1,0,차대차 - 측면충돌,안전운전불이행,건조,맑음,교차로 - 교차로안,승용,남,31세,상해없음,원동기,남,19세,경상
2017012700100443,2017년 1월 27일 22시,금요일,부산광역시 서구 충무동1가,경상사고,0,0,1,0,차대사람 - 횡단중,신호위반,건조,맑음,교차로 - 교차로횡단보도내,승용,남,71세,상해없음,보행자,남,24세,경상
2017012700100444,2017년 1월 27일 22시,금요일,부산광역시 해운대구 좌동,경상사고,0,0,2,0,차대차 - 측면충돌,직진우회전진행방해,건조,맑음,교차로 - 교차로안,승용,남,33세,상해없음,승용,남,26세,경상
2017012700100445,2017년 1월 27일 22시,금요일,부산광역시 금정구 서동,경상사고,0,0,1,0,차대사람 - 횡단중,보행자보호의무위반,건조,맑음,교차로 - 교차로안,승용,남,24세,상해없음,보행자,남,48세,경상
2017012700100460,2017년 1월 27일 23시,금요일,부산광역시 남구 대연동,중상사고,0,1,4,0,차대차 - 추돌,안전운전불이행,건조,맑음,단일로 - 기타,승용,남,69세,경상,승용,남,54세,경상
2017012700100461,2017년 1월 27일 23시,금요일,부산광역시 영도구 청학동,경상사고,0,0,3,1,차대차 - 정면충돌,중앙선침범,건조,맑음,단일로 - 기타,원동기,남,15세,경상,승용,남,51세,경상
2017012700100462,2017년 1월 27일 23시,금요일,부산광역시 해운대구 좌동,중상사고,0,1,0,0,차대차 - 기타,안전거리미확보,기타,맑음,단일로 - 기타,승용,여,44세,상해없음,이륜,남,18세,중상
2017012800100015,2017년 1월 28일 00시,토요일,부산광역시 연제구 거제동,중상사고,0,1,0,0,차대차 - 정면충돌,중앙선침범,건조,맑음,교차로 - 교차로안,승용,남,37세,상해없음,승용,남,30세,중상
2017012800100024,2017년 1월 28일 01시,토요일,부산광역시 금정구 서동,경상사고,0,0,1,0,차대차 - 추돌,안전거리미확보,건조,맑음,교차로 - 교차로안,승용,남,44세,상해없음,승용,남,65세,경상
2017012800100047,2017년 1월 28일 05시,토요일,부산광역시 사상구 학장동,부상신고사고,0,0,0,1,차대사람 - 횡단중,중앙선침범,건조,맑음,단일로 - 기타,승용,남,31세,상해없음,보행자,남,29세,부상신고
2017012800100052,2017년 1월 28일 06시,토요일,부산광역시 북구 구포동,사망사고,1,0,1,0,차대차 - 정면충돌,신호위반,건조,맑음,교차로 - 교차로안,승용,남,72세,사망,승용,남,33세,경상
2017012800100053,2017년 1월 28일 06시,토요일,부산광역시 북구 만덕동,경상사고,0,0,1,0,차대사람 - 횡단중,신호위반,건조,맑음,단일로 - 기타,승용,남,54세,상해없음,보행자,여,71세,경상
2017012800100060,2017년 1월 28일 07시,토요일,부산광역시 동래구 온천동,중상사고,0,1,0,0,차대사람 - 횡단중,안전운전불이행,건조,맑음,단일로 - 기타,승용,남,68세,상해없음,보행자,남,75세,중상
2017012800100074,2017년 1월 28일 08시,토요일,부산광역시 북구 구포동,경상사고,0,0,1,0,차대차 - 추돌,안전거리미확보,건조,맑음,단일로 - 기타,승용,남,34세,상해없음,승용,여,37세,경상
2017012800100093,2017년 1월 28일 10시,토요일,부산광역시 기장군 정관읍,경상사고,0,0,2,3,차대차 - 정면충돌,안전운전불이행,건조,맑음,단일로 - 기타,화물,남,57세,부상신고,화물,남,31세,부상신고
2017012800100103,2017년 1월 28일 11시,토요일,부산광역시 동구 초량동,중상사고,0,1,0,0,차대차 - 측면충돌,교차로운행방법위반,건조,맑음,교차로 - 교차로안,승용,남,40세,상해없음,원동기,남,39세,중상
2017012800100124,2017년 1월 28일 12시,토요일,부산광역시 남구 용당동,중상사고,0,1,0,0,차대차 - 측면충돌,안전운전불이행,건조,맑음,단일로 - 기타,원동기,남,42세,중상,승용,남,43세,상해없음
2017012800100162,2017년 1월 28일 14시,토요일,부산광역시 북구 구포동,중상사고,0,1,0,0,차대차 - 추돌,안전운전불이행,건조,맑음,교차로 - 교차로안,원동기,남,17세,상해없음,원동기,남,64세,중상
2017012800100186,2017년 1월 28일 15시,토요일,부산광역시 서구 서대신동3가,경상사고,0,0,2,0,차대차 - 측면충돌,안전거리미확보,건조,맑음,단일로 - 기타,화물,남,72세,상해없음,승용,남,36세,경상
2017012800100187,2017년 1월 28일 15시,토요일,부산광역시 북구 화명동,경상사고,0,0,4,0,차대차 - 기타,안전거리미확보,건조,맑음,단일로 - 고가도로위,승용,남,73세,상해없음,화물,남,45세,경상
2017012800100188,2017년 1월 28일 15시,토요일,부산광역시 사상구 감전동,경상사고,0,0,1,0,차대차 - 측면충돌,교차로운행방법위반,건조,맑음,교차로 - 교차로안,승용,남,54세,상해없음,승용,남,35세,경상
2017012800100189,2017년 1월 28일 15시,토요일,부산광역시 기장군 기장읍,경상사고,0,0,3,0,차대차 - 추돌,안전운전불이행,건조,맑음,단일로 - 기타,화물,남,54세,상해없음,승용,남,61세,경상
2017012800100206,2017년 1월 28일 16시,토요일,부산광역시 사상구 감전동,경상사고,0,0,1,0,차대차 - 측면충돌,차로위반,건조,맑음,단일로 - 기타,화물,여,59세,상해없음,승용,남,59세,경상
2017012800100218,2017년 1월 28일 17시,토요일,부산광역시 사상구 감전동,중상사고,0,1,0,0,차대차 - 측면충돌,안전거리미확보,건조,맑음,단일로 - 기타,승용,여,47세,상해없음,이륜,남,71세,중상
2017012800100255,2017년 1월 28일 19시,토요일,부산광역시 금정구 오륜동,부상신고사고,0,0,0,2,차대차 - 추돌,안전거리미확보,건조,맑음,단일로 - 기타,승용,남,45세,상해없음,승용,남,33세,부상신고
2017012800100256,2017년 1월 28일 19시,토요일,부산광역시 사상구 모라동,경상사고,0,0,1,0,차대차 - 기타,안전운전불이행,건조,맑음,단일로 - 기타,승용,여,59세,상해없음,승합,남,45세,상해없음
2017012800100302,2017년 1월 28일 21시,토요일,부산광역시 남구 문현동,경상사고,0,0,1,0,차대사람 - 보도통행중,안전운전불이행,건조,맑음,단일로 - 기타,승용,남,61세,상해없음,보행자,여,21세,경상
2017012800100323,2017년 1월 28일 22시,토요일,부산광역시 수영구 광안동,경상사고,0,0,1,0,차대차 - 추돌,안전거리미확보,건조,맑음,단일로 - 기타,승용,남,46세,상해없음,승용,남,58세,경상
2017012900100006,2017년 1월 29일 00시,일요일,부산광역시 금정구 부곡동,경상사고,0,0,1,0,차대사람 - 길가장자리구역통행중,안전운전불이행,건조,맑음,교차로 - 교차로안,승용,남,42세,상해없음,보행자,남,31세,경상
2017012900100035,2017년 1월 29일 03시,일요일,부산광역시 수영구 민락동,경상사고,0,0,1,0,차량단독 - 기타,안전운전불이행,건조,맑음,교차로 - 교차로부근,승용,남,59세,상해없음,,,,
2017012900100036,2017년 1월 29일 03시,일요일,부산광역시 부산진구 부전동,중상사고,0,1,1,0,차대차 - 정면충돌,신호위반,건조,맑음,교차로 - 교차로안,이륜,남,24세,상해없음,승용,남,56세,상해없음
2017012900100050,2017년 1월 29일 04시,일요일,부산광역시 북구 덕천동,중상사고,0,1,0,0,차대차 - 측면충돌,신호위반,건조,맑음,교차로 - 교차로안,이륜,남,17세,중상,승용,여,33세,상해없음
2017012900100051,2017년 1월 29일 04시,일요일,부산광역시 부산진구 부전동,경상사고,0,0,2,0,차대사람 - 기타,안전운전불이행,건조,맑음,단일로 - 기타,승합,남,32세,상해없음,보행자,여,29세,경상
2017012900100052,2017년 1월 29일 04시,일요일,부산광역시 부산진구 가야동,부상신고사고,0,0,0,1,차대차 - 기타,안전운전불이행,건조,맑음,교차로 - 교차로부근,승용,남,24세,상해없음,승용,남,55세,부상신고
2017012900100110,2017년 1월 29일 10시,일요일,부산광역시 수영구 망미동,경상사고,0,0,2,0,차대차 - 측면충돌,안전거리미확보,젖음/습기,비,단일로 - 기타,승용,남,65세,상해없음,승용,남,62세,경상
2017012900100124,2017년 1월 29일 11시,일요일,부산광역시 수영구 광안동,경상사고,0,0,1,0,차대차 - 측면충돌,안전운전불이행,젖음/습기,비,교차로 - 교차로안,이륜,남,60세,경상,승용,여,44세,상해없음
2017012900100125,2017년 1월 29일 11시,일요일,부산광역시 남구 용당동,중상사고,0,2,0,0,차량단독 - 공작물충돌,안전운전불이행,젖음/습기,비,단일로 - 기타,승용,남,60세,상해없음,,,,
2017012900100126,2017년 1월 29일 11시,일요일,부산광역시 사하구 하단동,경상사고,0,0,2,0,차대차 - 추돌,안전운전불이행,젖음/습기,비,단일로 - 기타,승용,남,35세,상해없음,승용,남,57세,상해없음
2017012900100138,2017년 1월 29일 12시,일요일,부산광역시 동구 초량동,경상사고,0,0,2,0,차대차 - 추돌,안전거리미확보,젖음/습기,비,단일로 - 기타,승용,남,65세,상해없음,승용,남,34세,경상
2017012900100145,2017년 1월 29일 13시,일요일,부산광역시 동구 좌천동,중상사고,0,1,5,0,차대차 - 측면충돌,중앙선침범,젖음/습기,비,단일로 - 고가도로위,승용,남,48세,상해없음,승용,여,39세,경상