사고번호,사고일시,요일,시군구,사고내용,사망자수,중상자수,경상자수,부상신고자수,사고유형,법규위반,노면상태,기상상태,도로형태,가해운전자 차종,가해운전자 성별,가해운전자 연령,가해운전자 상해정도,피해운전자 차종,피해운전자 성별,피해운전자 연령,피해운전자 상해정도
2017012900100158,2017년 1월 29일 14시,일요일,부산광역시 사상구 모라동,경상사고,0,0,1,2,차대차 - 추돌,안전운전불이행,건조,맑음,단일로 - 기타,승용,남,28세,상해없음,승용,남,34세,부상신고
2017012900100172,2017년 1월 29일 15시,일요일,부산광역시 사상구 모라동,경상사고,0,0,1,0,차대차 - 추돌,안전운전불이행,건조,맑음,단일로 - 기타,이륜,남,24세,경상,승용,남,54세,상해없음
2017012900100187,2017년 1월 29일 16시,일요일,부산광역시 동래구 온천동,경상사고,0,0,1,0,차대차 - 측면충돌,신호위반,건조,맑음,교차로 - 교차로안,승용,남,33세,상해없음,승용,남,38세,경상
2017012900100188,2017년 1월 29일 16시,일요일,부산광역시 사하구 하단동,경상사고,0,0,1,0,차대차 - 기타,차로위반,건조,맑음,교차로 - 교차로부근,승용,여,25세,상해없음,이륜,남,48세,경상
2017012900100233,2017년 1월 29일 18시,일요일,부산광역시 사하구 괴정동,경상사고,0,0,1,0,차대차 - 기타,안전거리미확보,건조,맑음,단일로 - 기타,승용,남,43세,상해없음,이륜,남,39세,경상
2017012900100279,2017년 1월 29일 20시,일요일,부산광역시 북구 덕천동,경상사고,0,0,2,0,차대차 - 정면충돌,신호위반,젖음/습기,흐림,교차로 - 교차로안,승용,남,51세,상해없음,승용,남,47세,경상
2017012900100280,2017년 1월 29일 20시,일요일,부산광역시 사상구 학장동,경상사고,0,0,1,0,차대차 - 측면충돌,신호위반,건조,맑음,교차로 - 교차로안,승합,남,47세,상해없음,승용,남,51세,경상
2017012900100323,2017년 1월 29일 22시,일요일,부산광역시 동구 좌천동,경상사고,0,0,2,1,차대차 - 기타,안전운전불이행,건조,맑음,단일로 - 기타,승용,남,34세,상해없음,승용,남,55세,경상
2017012900100324,2017년 1월 29일 22시,일요일,부산광역시 남구 문현동,경상사고,0,0,1,0,차대차 - 기타,안전거리미확보,건조,맑음,단일로 - 기타,승용,남,70세,상해없음,승용,남,30세,경상
2017012900100325,2017년 1월 29일 22시,일요일,부산광역시 강서구 대저1동,중상사고,0,1,0,0,차대사람 - 횡단중,안전운전불이행,건조,맑음,단일로 - 기타,승용,남,57세,상해없음,보행자,남,51세,중상
2017013000100015,2017년 1월 30일 00시,월요일,부산광역시 동래구 안락동,중상사고,0,1,0,0,차대사람 - 횡단중,안전운전불이행,건조,맑음,단일로 - 기타,승용,남,65세,상해없음,보행자,남,51세,중상
2017013000100029,2017년 1월 30일 01시,월요일,부산광역시 중구 부평동2가,중상사고,0,1,1,0,차대사람 - 횡단중,신호위반,젖음/습기,비,교차로 - 교차로부근,승용,남,65세,상해없음,보행자,남,32세,중상
2017013000100040,2017년 1월 30일 02시,월요일,부산광역시 수영구 광안동,중상사고,0,1,1,0,차대차 - 측면충돌,안전운전불이행,젖음/습기,비,단일로 - 기타,승용,여,35세,상해없음,승용,남,64세,중상
2017013000100041,2017년 1월 30일 02시,월요일,부산광역시 연제구 연산동,경상사고,0,0,2,0,차대차 - 추돌,안전운전불이행,젖음/습기,흐림,단일로 - 기타,승용,남,50세,상해없음,승용,남,30세,경상
2017013000100052,2017년 1월 30일 03시,월요일,부산광역시 중구 남포동6가,경상사고,0,0,2,0,차대차 - 추돌,안전거리미확보,건조,흐림,단일로 - 기타,승용,남,46세,상해없음,승용,남,54세,경상
2017013000100058,2017년 1월 30일 04시,월요일,부산광역시 사상구 감전동,부상신고사고,0,0,0,1,차대차 - 측면충돌,교차로운행방법위반,건조,맑음,단일로 - 기타,승용,남,26세,상해없음,승용,남,70세,부상신고
2017013000100073,2017년 1월 30일 06시,월요일,부산광역시 동래구 온천동,경상사고,0,0,2,0,차대차 - 측면충돌,교차로운행방법위반,건조,맑음,교차로 - 교차로안,승용,남,31세,상해없음,승용,남,59세,경상
2017013000100074,2017년 1월 30일 06시,월요일,부산광역시 동래구 낙민동,중상사고,0,1,0,0,차대사람 - 횡단중,보행자보호의무위반,건조,맑음,교차로 - 교차로안,승용,남,63세,상해없음,보행자,여,68세,중상
2017013000100075,2017년 1월 30일 06시,월요일,부산광역시 연제구 거제동,중상사고,0,1,2,0,차대차 - 측면충돌,신호위반,건조,맑음,교차로 - 교차로안,승용,여,46세,상해없음,승용,남,58세,경상
2017013000100101,2017년 1월 30일 09시,월요일,부산광역시 사상구 감전동,경상사고,0,0,1,0,차대차 - 측면충돌,안전거리미확보,건조,맑음,단일로 - 기타,화물,남,61세,상해없음,승용,남,26세,경상
2017013000100124,2017년 1월 30일 11시,월요일,부산광역시 북구 덕천동,경상사고,0,0,1,0,차대차 - 측면충돌,안전운전불이행,건조,맑음,교차로 - 교차로안,승용,남,62세,상해없음,승용,남,45세,경상
2017013000100137,2017년 1월 30일 12시,월요일,부산광역시 금정구 장전동,부상신고사고,0,0,0,1,차대사람 - 길가장자리구역통행중,안전운전불이행,건조,맑음,단일로 - 기타,기타불명,기타불명,미분류,기타불명,보행자,남,48세,부상신고
2017013000100138,2017년 1월 30일 12시,월요일,부산광역시 강서구 송정동,경상사고,0,0,1,0,차대차 - 측면충돌,안전운전불이행,건조,맑음,교차로 - 교차로안,승용,남,56세,상해없음,이륜,남,32세,경상
2017013000100215,2017년 1월 30일 15시,월요일,부산광역시 북구 구포동,중상사고,0,1,0,0,차대사람 - 기타,안전운전불이행,건조,맑음,단일로 - 기타,승용,남,36세,상해없음,보행자,남,61세,중상
2017013000100234,2017년 1월 30일 16시,월요일,부산광역시 수영구 민락동,경상사고,0,0,1,0,차대차 - 측면충돌,안전운전불이행,건조,맑음,교차로 - 교차로안,원동기,남,50세,경상,승용,남,42세,상해없음
2017013000100235,2017년 1월 30일 16시,월요일,부산광역시 남구 대연동,경상사고,0,0,1,0,차대차 - 기타,안전운전불이행,건조,맑음,기타 - 기타,화물,남,47세,상해없음,승합,남,35세,경상
2017013000100236,2017년 1월 30일 16시,월요일,부산광역시 북구 구포동,사망사고,1,0,0,0,차대사람 - 횡단중,안전운전불이행,건조,맑음,교차로 - 교차로부근,승용,여,62세,상해없음,보행자,남,77세,사망
2017013000100257,2017년 1월 30일 17시,월요일,부산광역시 북구 만덕동,경상사고,0,0,1,0,차대차 - 기타,신호위반,건조,맑음,교차로 - 교차로안,승용,남,79세,상해없음,승용,남,80세,경상
2017013000100258,2017년 1월 30일 17시,월요일,부산광역시 해운대구 좌동,경상사고,0,0,1,0,차대차 - 추돌,교차로운행방법위반,건조,맑음,교차로 - 교차로안,승용,남,44세,상해없음,이륜,남,41세,경상
2017013000100259,2017년 1월 30일 17시,월요일,부산광역시 부산진구 연지동,경상사고,0,0,2,0,차대차 - 추돌,안전운전불이행,건조,맑음,교차로 - 교차로부근,승용,남,50세,상해없음,승용,남,40세,경상
2017013000100275,2017년 1월 30일 18시,월요일,부산광역시 부산진구 부전동,경상사고,0,0,2,0,차대차 - 측면충돌,신호위반,건조,맑음,교차로 - 교차로안,승용,남,35세,상해없음,승용,남,61세,경상
2017013000100316,2017년 1월 30일 20시,월요일,부산광역시 동래구 온천동,경상사고,0,0,3,0,차대차 - 측면충돌,신호위반,건조,맑음,교차로 - 교차로안,이륜,남,37세,경상,승용,남,43세,경상
2017013000100337,2017년 1월 30일 21시,월요일,부산광역시 사상구 괘법동,경상사고,0,0,1,0,차량단독 - 공작물충돌,안전운전불이행,건조,맑음,단일로 - 기타,승용,남,68세,상해없음,,,,
2017013000100354,2017년 1월 30일 22시,월요일,부산광역시 해운대구 반여동,경상사고,0,0,1,0,차대차 - 추돌,안전거리미확보,건조,맑음,단일로 - 기타,승용,여,51세,상해없음,승용,남,35세,경상
2017013000100355,2017년 1월 30일 22시,월요일,부산광역시 부산진구 양정동,경상사고,0,0,1,0,차대차 - 기타,안전운전불이행,건조,맑음,단일로 - 기타,승용,여,54세,상해없음,승용,여,31세,경상
2017013000100356,2017년 1월 30일 22시,월요일,부산광역시 사상구 괘법동,경상사고,0,0,1,0,차대사람 - 차도통행중,안전운전불이행,건조,맑음,교차로 - 교차로부근,승용,남,34세,상해없음,보행자,남,48세,경상
2017013100100085,2017년 1월 31일 08시,화요일,부산광역시 동구 초량동,경상사고,0,0,2,0,차대차 - 추돌,안전거리미확보,건조,맑음,단일로 - 기타,승용,남,47세,상해없음,승용,남,50세,상해없음
2017013100100086,2017년 1월 31일 08시,화요일,부산광역시 금정구 장전동,중상사고,0,1,0,0,차대사람 - 횡단중,안전운전불이행,건조,맑음,교차로 - 교차로부근,화물,남,55세,상해없음,보행자,여,24세,중상
2017013100100102,2017년 1월 31일 09시,화요일,부산광역시 수영구 광안동,중상사고,0,1,0,0,차대사람 - 횡단중,교차로운행방법위반,건조,맑음,교차로 - 교차로안,승용,여,30세,상해없음,보행자,여,74세,중상
2017013100100103,2017년 1월 31일 09시,화요일,부산광역시 동래구 온천동,부상신고사고,0,0,0,1,차대차 - 측면충돌,안전운전불이행,건조,맑음,단일로 - 기타,화물,남,57세,상해없음,승용,남,29세,부상신고
2017013100100104,2017년 1월 31일 09시,화요일,부산광역시 영도구 동삼동,중상사고,0,1,0,0,차대사람 - 차도통행중,안전운전불이행,건조,맑음,단일로 - 기타,승용,여,29세,상해없음,보행자,여,61세,중상
2017013100100123,2017년 1월 31일 10시,화요일,부산광역시 서구 서대신동2가,경상사고,0,0,1,0,차대차 - 추돌,안전거리미확보,건조,맑음,단일로 - 기타,화물,남,57세,상해없음,승용,남,60세,경상
2017013100100124,2017년 1월 31일 10시,화요일,부산광역시 남구 문현동,부상신고사고,0,0,0,1,차대차 - 측면충돌,신호위반,건조,맑음,교차로 - 교차로안,원동기,남,20세,부상신고,승용,남,62세,상해없음
2017013100100141,2017년 1월 31일 11시,화요일,부산광역시 북구 구포동,중상사고,0,1,0,0,차대차 - 측면충돌,교차로운행방법위반,건조,맑음,교차로 - 교차로안,이륜,남,78세,중상,승용,남,73세,상해없음
2017013100100172,2017년 1월 31일 12시,화요일,부산광역시 사하구 다대동,중상사고,0,1,0,0,차대사람 - 횡단중,신호위반,건조,맑음,교차로 - 교차로부근,승합,남,60세,상해없음,보행자,남,8세,중상
2017013100100173,2017년 1월 31일 12시,화요일,부산광역시 수영구 수영동,경상사고,0,0,1,0,차대사람 - 차도통행중,안전운전불이행,건조,맑음,단일로 - 기타,승용,여,59세,상해없음,보행자,여,62세,경상
2017013100100195,2017년 1월 31일 13시,화요일,부산광역시 수영구 남천동,중상사고,0,1,0,0,차대사람 - 보도통행중,기타,건조,맑음,교차로 - 교차로부근,승용,여,27세,상해없음,보행자,남,65세,중상
2017013100100196,2017년 1월 31일 13시,화요일,부산광역시 수영구 광안동,경상사고,0,0,1,0,차대사람 - 길가장자리구역통행중,안전운전불이행,건조,맑음,단일로 - 기타,화물,여,60세,상해없음,보행자,여,68세,경상
2017013100100197,2017년 1월 31일 13시,화요일,부산광역시 영도구 대교동2가,중상사고,0,1,0,0,차대사람 - 횡단중,보행자보호의무위반,건조,맑음,교차로 - 교차로횡단보도내,승용,남,53세,상해없음,보행자,여,70세,중상
2017013100100223,2017년 1월 31일 14시,화요일,부산광역시 부산진구 가야동,경상사고,0,0,4,1,차대사람 - 기타,안전운전불이행,건조,맑음,단일로 - 기타,승용,남,61세,상해없음,보행자,여,58세,경상
2017013100100224,2017년 1월 31일 14시,화요일,부산광역시 금정구 부곡동,중상사고,0,1,0,0,차대차 - 측면충돌,중앙선침범,건조,맑음,교차로 - 교차로부근,자전거,여,56세,중상,화물,남,46세,상해없음
2017013100100225,2017년 1월 31일 14시,화요일,부산광역시 수영구 망미동,경상사고,0,0,1,0,차대차 - 기타,안전운전불이행,건조,맑음,교차로 - 교차로부근,승용,남,60세,상해없음,승용,남,33세,경상
2017013100100255,2017년 1월 31일 15시,화요일,부산광역시 남구 용당동,중상사고,0,1,0,0,차대차 - 기타,신호위반,건조,맑음,교차로 - 교차로안,승용,여,58세,상해없음,원동기,남,16세,중상
2017013100100256,2017년 1월 31일 15시,화요일,부산광역시 수영구 광안동,부상신고사고,0,0,0,1,차대차 - 기타,안전운전불이행,건조,기타,기타 - 기타,자전거,남,12세,부상신고,승용,남,67세,상해없음
2017013100100257,2017년 1월 31일 15시,화요일,부산광역시 해운대구 재송동,경상사고,0,0,1,0,차대차 - 기타,중앙선침범,건조,맑음,교차로 - 교차로안,승용,남,28세,상해없음,이륜,남,24세,경상
2017013100100258,2017년 1월 31일 15시,화요일,부산광역시 강서구 대저1동,경상사고,0,0,1,0,차대차 - 추돌,안전운전불이행,건조,맑음,단일로 - 기타,화물,남,40세,기타불명,승용,여,37세,경상
2017013100100292,2017년 1월 31일 16시,화요일,부산광역시 사상구 주례동,경상사고,0,0,1,0,차대차 - 후진중충돌,안전운전불이행,건조,맑음,주차장 - 주차장,승용,남,54세,상해없음,승용,남,38세,경상
2017013100100324,2017년 1월 31일 17시,화요일,부산광역시 서구 토성동3가,부상신고사고,0,0,0,1,차대사람 - 차도통행중,안전운전불이행,건조,맑음,기타 - 기타,기타불명,기타불명,미분류,기타불명,보행자,남,14세,부상신고
2017013100100325,2017년 1월 31일 17시,화요일,부산광역시 남구 우암동,중상사고,0,1,0,0,차대차 - 측면충돌,기타,건조,맑음,교차로 - 교차로횡단보도내,승용,남,55세,상해없음,자전거,남,67세,중상
2017013100100326,2017년 1월 31일 17시,화요일,부산광역시 연제구 연산동,경상사고,0,0,1,0,차대차 - 측면충돌,신호위반,건조,맑음,단일로 - 기타,이륜,남,22세,상해없음,이륜,남,22세,경상
2017013100100327,2017년 1월 31일 17시,화요일,부산광역시 연제구 연산동,경상사고,0,0,1,0,차대차 - 추돌,중앙선침범,건조,맑음,단일로 - 기타,승용,남,40세,상해없음,승합,남,60세,상해없음
2017013100100346,2017년 1월 31일 18시,화요일,부산광역시 수영구 광안동,경상사고,0,0,1,4,차대차 - 측면충돌,안전운전불이행,건조,맑음,단일로 - 기타,승용,여,52세,상해없음,승용,여,51세,경상
2017013100100347,2017년 1월 31일 18시,화요일,부산광역시 해운대구 중동,부상신고사고,0,0,0,1,차대차 - 측면충돌,안전운전불이행,건조,맑음,교차로 - 교차로안,이륜,남,21세,부상신고,승용,남,39세,상해없음
2017013100100372,2017년 1월 31일 19시,화요일,부산광역시 동구 범일동,중상사고,0,1,0,0,차대사람 - 횡단중,보행자보호의무위반,건조,맑음,교차로 - 교차로횡단보도내,승용,남,68세,상해없음,보행자,남,30세,중상
2017013100100373,2017년 1월 31일 19시,화요일,부산광역시 남구 대연동,중상사고,0,1,0,0,차대차 - 추돌,안전운전불이행,건조,맑음,교차로 - 교차로부근,승용,여,45세,상해없음,승용,남,28세,중상
2017013100100394,2017년 1월 31일 20시,화요일,부산광역시 강서구 지사동,경상사고,0,0,1,0,차대차 - 추돌,안전거리미확보,건조,맑음,교차로 - 교차로부근,승용,남,35세,상해없음,승용,여,42세,상해없음
2017013100100453,2017년 1월 31일 22시,화요일,부산광역시 동래구 명륜동,경상사고,0,0,1,0,차대사람 - 횡단중,안전운전불이행,건조,맑음,교차로 - 교차로안,승용,남,50세,상해없음,보행자,남,58세,경상
2017013100100454,2017년 1월 31일 22시,화요일,부산광역시 해운대구 반여동,경상사고,0,0,1,0,차대차 - 측면충돌,교차로운행방법위반,건조,맑음,교차로 - 교차로안,이륜,남,52세,상해없음,이륜,남,30세,경상
2017013100100455,2017년 1월 31일 22시,화요일,부산광역시 연제구 연산동,중상사고,0,1,1,0,차대사람 - 횡단중,안전운전불이행,건조,맑음,단일로 - 기타,승용,남,54세,상해없음,보행자,남,49세,중상
2017020100100011,2017년 2월 1일 00시,수요일,부산광역시 사하구 장림동,중상사고,0,1,0,0,차대차 - 정면충돌,안전운전불이행,건조,기타,교차로 - 교차로안,승용,남,27세,상해없음,이륜,남,21세,중상
2017020100100051,2017년 2월 1일 04시,수요일,부산광역시 수영구 광안동,경상사고,0,0,1,0,차대사람 - 횡단중,신호위반,건조,맑음,교차로 - 교차로안,승합,남,64세,상해없음,보행자,여,59세,경상
2017020100100068,2017년 2월 1일 06시,수요일,부산광역시 남구 대연동,중상사고,0,1,0,0,차대차 - 기타,안전운전불이행,건조,맑음,단일로 - 기타,승용,남,66세,상해없음,승합,남,42세,상해없음
2017020100100069,2017년 2월 1일 06시,수요일,부산광역시 강서구 봉림동,경상사고,0,0,1,0,차대차 - 추돌,안전운전불이행,건조,맑음,단일로 - 기타,화물,남,58세,상해없음,화물,남,55세,경상
2017020100100103,2017년 2월 1일 08시,수요일,부산광역시 강서구 신호동,중상사고,0,1,1,0,차대차 - 정면충돌,중앙선침범,건조,맑음,교차로 - 교차로안,승용,남,54세,상해없음,승용,여,42세,중상
2017020100100129,2017년 2월 1일 09시,수요일,부산광역시 사하구 하단동,경상사고,0,0,2,0,차대차 - 측면충돌,신호위반,건조,맑음,교차로 - 교차로안,승용,남,65세,상해없음,화물,남,35세,경상
2017020100100138,2017년 2월 1일 10시,수요일,부산광역시 남구 감만동,부상신고사고,0,0,0,1,차대사람 - 차도통행중,안전운전불이행,건조,맑음,단일로 - 기타,승용,여,59세,상해없음,보행자,남,85세,부상신고
2017020100100139,2017년 2월 1일 10시,수요일,부산광역시 동래구 낙민동,중상사고,0,1,0,0,차대차 - 측면충돌,신호위반,건조,맑음,교차로 - 교차로안,승용,여,42세,상해없음,원동기,남,43세,중상
2017020100100140,2017년 2월 1일 10시,수요일,부산광역시 해운대구 반송동,중상사고,0,1,0,0,차대사람 - 횡단중,안전운전불이행,건조,맑음,단일로 - 기타,승용,남,78세,상해없음,보행자,남,84세,중상
2017020100100141,2017년 2월 1일 10시,수요일,부산광역시 부산진구 부전동,중상사고,0,1,1,0,차대차 - 정면충돌,안전운전불이행,건조,맑음,단일로 - 기타,승용,남,35세,중상,승용,여,44세,상해없음
2017020100100157,2017년 2월 1일 11시,수요일,부산광역시 동래구 사직동,경상사고,0,0,1,0,차대차 - 측면충돌,안전운전불이행,건조,맑음,단일로 - 기타,승용,남,39세,상해없음,원동기,남,25세,경상
2017020100100173,2017년 2월 1일 12시,수요일,부산광역시 북구 덕천동,중상사고,0,1,0,0,차대사람 - 횡단중,안전운전불이행,건조,맑음,단일로 - 기타,승합,남,36세,상해없음,보행자,여,75세,중상
2017020100100189,2017년 2월 1일 13시,수요일,부산광역시 동구 수정동,경상사고,0,0,1,0,차량단독 - 기타,기타,건조,맑음,단일로 - 기타,승합,남,61세,상해없음,,,,
2017020100100190,2017년 2월 1일 13시,수요일,부산광역시 부산진구 부전동,경상사고,0,0,1,0,차대사람 - 길가장자리구역통행중,안전운전불이행,건조,맑음,단일로 - 기타,승용,여,50세,상해없음,보행자,여,21세,경상
2017020100100191,2017년 2월 1일 13시,수요일,부산광역시 사하구 신평동,중상사고,0,1,0,0,차대차 - 측면충돌,안전거리미확보,건조,맑음,단일로 - 기타,화물,남,64세,상해없음,승용,남,44세,중상
2017020100100192,2017년 2월 1일 13시,수요일,부산광역시 연제구 거제동,중상사고,0,1,0,0,차대차 - 측면충돌,신호위반,건조,맑음,교차로 - 교차로안,승합,남,29세,상해없음,승용,여,43세,중상
2017020100100222,2017년 2월 1일 14시,수요일,부산광역시 동래구 사직동,경상사고,0,0,1,0,차대차 - 측면충돌,안전거리미확보,건조,맑음,단일로 - 기타,승용,남,59세,상해없음,이륜,남,27세,경상
2017020100100223,2017년 2월 1일 14시,수요일,부산광역시 부산진구 부전동,경상사고,0,0,1,0,차대차 - 기타,안전운전불이행,건조,맑음,교차로 - 교차로부근,원동기,남,44세,경상,승용,남,41세,상해없음
2017020100100224,2017년 2월 1일 14시,수요일,부산광역시 금정구 부곡동,중상사고,0,1,0,0,차대사람 - 횡단중,안전운전불이행,건조,맑음,교차로 - 교차로부근,승용,남,64세,상해없음,보행자,여,62세,중상
2017020100100257,2017년 2월 1일 15시,수요일,부산광역시 수영구 광안동,경상사고,0,0,1,0,차대사람 - 기타,안전운전불이행,건조,맑음,단일로 - 기타,화물,남,44세,상해없음,보행자,남,75세,경상
2017020100100258,2017년 2월 1일 15시,수요일,부산광역시 수영구 광안동,경상사고,0,0,1,0,차대차 - 측면충돌,교차로운행방법위반,건조,맑음,교차로 - 교차로안,승용,여,43세,상해없음,원동기,남,46세,경상
2017020100100285,2017년 2월 1일 16시,수요일,부산광역시 남구 용당동,경상사고,0,0,4,0,차대차 - 기타,안전운전불이행,건조,기타,단일로 - 지하차도(도로)내,승용,남,26세,상해없음,승합,남,52세,경상
2017020100100286,2017년 2월 1일 16시,수요일,부산광역시 동래구 낙민동,경상사고,0,0,2,0,차대차 - 추돌,안전운전불이행,건조,맑음,단일로 - 기타,승용,여,65세,상해없음,승용,남,29세,경상
2017020100100320,2017년 2월 1일 17시,수요일,부산광역시 해운대구 좌동,경상사고,0,0,1,0,차대사람 - 횡단중,안전운전불이행,건조,흐림,단일로 - 기타,승용,남,35세,상해없음,보행자,남,14세,경상
2017020100100321,2017년 2월 1일 17시,수요일,부산광역시 해운대구 재송동,경상사고,0,0,3,0,차대차 - 측면충돌,안전운전불이행,건조,맑음,교차로 - 교차로부근,승용,남,47세,상해없음,승용,여,47세,경상
2017020100100322,2017년 2월 1일 17시,수요일,부산광역시 금정구 두구동,경상사고,0,0,1,0,차대사람 - 횡단중,안전운전불이행,건조,맑음,교차로 - 교차로부근,승합,남,56세,상해없음,보행자,남,74세,경상
2017020100100352,2017년 2월 1일 18시,수요일,부산광역시 북구 덕천동,중상사고,0,1,0,0,차대차 - 측면충돌,신호위반,건조,맑음,교차로 - 교차로안,화물,남,52세,상해없음,승용,남,59세,중상
2017020100100353,2017년 2월 1일 18시,수요일,부산광역시 북구 덕천동,중상사고,0,1,0,0,차대차 - 측면충돌,안전운전불이행,건조,맑음,단일로 - 기타,승용,남,74세,기타불명,승용,남,49세,중상
2017020100100387,2017년 2월 1일 19시,수요일,부산광역시 동구 초량동,경상사고,0,0,1,0,차대사람 - 기타,안전운전불이행,건조,맑음,교차로 - 교차로부근,승합,남,54세,상해없음,보행자,여,64세,경상
2017020100100388,2017년 2월 1일 19시,수요일,부산광역시 해운대구 재송동,중상사고,0,1,1,0,차대차 - 추돌,안전운전불이행,건조,맑음,단일로 - 기타,승용,여,47세,상해없음,승용,남,37세,경상
2017020100100389,2017년 2월 1일 19시,수요일,부산광역시 사하구 장림동,중상사고,0,1,1,0,차대차 - 기타,안전거리미확보,건조,맑음,단일로 - 기타,승합,남,38세,상해없음,승용,남,52세,상해없음
2017020100100390,2017년 2월 1일 19시,수요일,부산광역시 연제구 연산동,중상사고,0,1,0,0,차대차 - 기타,안전거리미확보,건조,맑음,단일로 - 기타,승용,남,62세,상해없음,승합,남,56세,상해없음
2017020100100417,2017년 2월 1일 20시,수요일,부산광역시 연제구 연산동,경상사고,0,0,1,0,차대사람 - 기타,안전운전불이행,건조,맑음,단일로 - 기타,승용,여,53세,상해없음,보행자,남,57세,경상
2017020100100418,2017년 2월 1일 20시,수요일,부산광역시 기장군 기장읍,중상사고,0,1,0,0,차대사람 - 기타,안전운전불이행,건조,맑음,단일로 - 기타,승용,여,37세,상해없음,보행자,남,59세,중상
2017020100100432,2017년 2월 1일 21시,수요일,부산광역시 수영구 남천동,경상사고,0,0,6,0,차대차 - 측면충돌,안전거리미확보,건조,맑음,단일로 - 기타,화물,남,53세,상해없음,승용,남,42세,경상
2017020100100433,2017년 2월 1일 21시,수요일,부산광역시 수영구 남천동,중상사고,0,1,0,0,차대사람 - 기타,교차로운행방법위반,건조,맑음,교차로 - 교차로안,화물,여,34세,상해없음,보행자,여,78세,중상
2017020100100434,2017년 2월 1일 21시,수요일,부산광역시 사하구 당리동,중상사고,0,1,0,0,차대차 - 측면충돌,안전운전불이행,건조,맑음,단일로 - 기타,승용,남,27세,상해없음,원동기,남,75세,중상
2017020100100453,2017년 2월 1일 22시,수요일,부산광역시 북구 만덕동,경상사고,0,0,1,0,차대차 - 기타,안전거리미확보,건조,맑음,단일로 - 기타,화물,남,40세,상해없음,이륜,남,21세,경상
2017020100100468,2017년 2월 1일 23시,수요일,부산광역시 부산진구 부전동,경상사고,0,0,1,0,차대차 - 기타,안전운전불이행,건조,맑음,단일로 - 기타,승용,남,66세,상해없음,승용,남,34세,경상
2017020100100469,2017년 2월 1일 23시,수요일,부산광역시 연제구 연산동,중상사고,0,1,0,0,차대사람 - 횡단중,안전운전불이행,건조,맑음,단일로 - 기타,승용,남,47세,상해없음,보행자,남,49세,중상
2017020200100057,2017년 2월 2일 06시,목요일,부산광역시 해운대구 중동,사망사고,1,0,0,0,차대사람 - 횡단중,안전운전불이행,건조,맑음,단일로 - 기타,승용,남,70세,상해없음,보행자,여,90세 이상,사망
2017020200100069,2017년 2월 2일 07시,목요일,부산광역시 강서구 송정동,경상사고,0,0,1,0,차대차 - 측면충돌,신호위반,건조,맑음,교차로 - 교차로안,승용,남,24세,상해없음,승용,여,44세,경상
2017020200100092,2017년 2월 2일 08시,목요일,부산광역시 남구 우암동,경상사고,0,0,1,0,차대차 - 추돌,안전거리미확보,건조,맑음,단일로 - 기타,승용,여,36세,상해없음,승용,남,28세,경상
2017020200100093,2017년 2월 2일 08시,목요일,부산광역시 기장군 정관읍,경상사고,0,0,2,0,차대차 - 추돌,안전거리미확보,건조,맑음,단일로 - 기타,화물,남,38세,경상,승용,남,36세,경상
2017020200100125,2017년 2월 2일 09시,목요일,부산광역시 사상구 괘법동,경상사고,0,0,1,0,차대사람 - 횡단중,보행자보호의무위반,건조,맑음,단일로 - 기타,승용,남,51세,상해없음,보행자,여,58세,경상
2017020200100146,2017년 2월 2일 10시,목요일,부산광역시 수영구 광안동,경상사고,0,0,1,0,차대차 - 기타,안전운전불이행,건조,맑음,단일로 - 기타,승용,남,30세,상해없음,승용,여,28세,경상
2017020200100180,2017년 2월 2일 12시,목요일,부산광역시 사하구 다대동,경상사고,0,0,3,0,차대차 - 측면충돌,안전거리미확보,건조,맑음,단일로 - 기타,승용,여,69세,경상,승용,남,38세,경상
2017020200100181,2017년 2월 2일 12시,목요일,부산광역시 기장군 정관읍,중상사고,0,1,1,0,차대차 - 추돌,안전운전불이행,건조,맑음,교차로 - 교차로부근,승용,남,59세,상해없음,승용,여,60세,중상
2017020200100182,2017년 2월 2일 12시,목요일,부산광역시 기장군 장안읍,경상사고,0,0,2,0,차대차 - 측면충돌,직진우회전진행방해,건조,맑음,교차로 - 교차로안,승용,여,32세,경상,승용,남,43세,경상
2017020200100201,2017년 2월 2일 13시,목요일,부산광역시 사하구 괴정동,경상사고,0,0,2,0,차대차 - 추돌,안전운전불이행,건조,맑음,단일로 - 기타,승용,여,19세,상해없음,승용,남,57세,경상
2017020200100202,2017년 2월 2일 13시,목요일,부산광역시 사하구 괴정동,경상사고,0,0,1,0,차대차 - 추돌,교차로운행방법위반,건조,맑음,교차로 - 교차로부근,승합,남,60세,경상,화물,남,59세,상해없음
2017020200100231,2017년 2월 2일 14시,목요일,부산광역시 연제구 연산동,경상사고,0,0,1,0,차대사람 - 기타,안전운전불이행,건조,맑음,단일로 - 기타,원동기,남,21세,상해없음,보행자,남,24세,경상
2017020200100258,2017년 2월 2일 15시,목요일,부산광역시 동구 좌천동,경상사고,0,0,1,0,차대차 - 측면충돌,안전거리미확보,건조,맑음,단일로 - 기타,화물,남,49세,상해없음,승용,남,22세,경상
2017020200100276,2017년 2월 2일 16시,목요일,부산광역시 동구 수정동,경상사고,0,0,1,0,차대차 - 후진중충돌,안전운전불이행,건조,맑음,단일로 - 기타,화물,남,69세,상해없음,원동기,남,23세,경상