사고번호,사고일시,요일,시군구,사고내용,사망자수,중상자수,경상자수,부상신고자수,사고유형,법규위반,노면상태,기상상태,도로형태,가해운전자 차종,가해운전자 성별,가해운전자 연령,가해운전자 상해정도,피해운전자 차종,피해운전자 성별,피해운전자 연령,피해운전자 상해정도
2017020200100277,2017년 2월 2일 16시,목요일,부산광역시 동구 좌천동,경상사고,0,0,1,0,차대차 - 측면충돌,신호위반,건조,맑음,교차로 - 교차로안,승용,여,24세,상해없음,승용,남,30세,경상
2017020200100278,2017년 2월 2일 16시,목요일,부산광역시 기장군 정관읍,경상사고,0,0,1,0,차대사람 - 기타,안전운전불이행,건조,맑음,기타 - 기타,승용,여,58세,상해없음,보행자,남,18세,경상
2017020200100279,2017년 2월 2일 16시,목요일,부산광역시 기장군 정관읍,경상사고,0,0,2,0,차대차 - 후진중충돌,안전운전불이행,건조,맑음,단일로 - 기타,승용,여,34세,상해없음,승용,여,40세,경상
2017020200100318,2017년 2월 2일 17시,목요일,부산광역시 해운대구 우동,경상사고,0,0,1,0,차대차 - 측면충돌,중앙선침범,건조,맑음,단일로 - 기타,승용,남,57세,상해없음,승용,남,30세,경상
2017020200100346,2017년 2월 2일 18시,목요일,부산광역시 중구 대청동1가,중상사고,0,1,0,0,차대차 - 측면충돌,교차로운행방법위반,건조,맑음,교차로 - 교차로안,이륜,남,33세,상해없음,이륜,남,48세,중상
2017020200100347,2017년 2월 2일 18시,목요일,부산광역시 금정구 구서동,중상사고,0,1,0,0,차대차 - 추돌,안전거리미확보,건조,맑음,단일로 - 기타,화물,남,66세,상해없음,승용,남,54세,중상
2017020200100348,2017년 2월 2일 18시,목요일,부산광역시 사상구 학장동,경상사고,0,0,1,0,차대사람 - 횡단중,안전운전불이행,건조,맑음,기타 - 기타,승용,남,38세,상해없음,보행자,여,34세,경상
2017020200100389,2017년 2월 2일 19시,목요일,부산광역시 동래구 수안동,중상사고,0,1,0,0,차대차 - 기타,안전운전불이행,건조,맑음,단일로 - 기타,승용,남,23세,상해없음,화물,남,48세,상해없음
2017020200100420,2017년 2월 2일 20시,목요일,부산광역시 연제구 연산동,경상사고,0,0,1,0,차대사람 - 횡단중,보행자보호의무위반,건조,맑음,교차로 - 교차로횡단보도내,화물,여,57세,상해없음,보행자,남,30세,경상
2017020300100050,2017년 2월 3일 02시,금요일,부산광역시 부산진구 범전동,경상사고,0,0,1,0,차대차 - 정면충돌,신호위반,건조,맑음,교차로 - 교차로안,승용,남,45세,상해없음,승용,남,71세,상해없음
2017020300100088,2017년 2월 3일 06시,금요일,부산광역시 서구 동대신동2가,중상사고,0,1,0,0,차대사람 - 횡단중,안전운전불이행,건조,맑음,교차로 - 교차로부근,승용,남,75세,상해없음,보행자,여,82세,중상
2017020300100102,2017년 2월 3일 07시,금요일,부산광역시 북구 덕천동,경상사고,0,0,1,0,차대차 - 정면충돌,안전거리미확보,건조,맑음,단일로 - 기타,승용,남,46세,상해없음,화물,남,57세,경상
2017020300100103,2017년 2월 3일 07시,금요일,부산광역시 동래구 사직동,경상사고,0,0,1,1,차대차 - 추돌,안전거리미확보,건조,맑음,단일로 - 기타,원동기,남,19세,부상신고,승용,남,61세,상해없음
2017020300100124,2017년 2월 3일 08시,금요일,부산광역시 수영구 민락동,경상사고,0,0,1,0,차대사람 - 횡단중,보행자보호의무위반,건조,맑음,교차로 - 교차로횡단보도내,화물,남,66세,상해없음,보행자,남,59세,경상
2017020300100156,2017년 2월 3일 09시,금요일,부산광역시 사상구 덕포동,중상사고,0,1,0,0,차대차 - 기타,안전거리미확보,건조,맑음,교차로 - 교차로안,승용,남,40세,상해없음,승합,남,47세,상해없음
2017020300100185,2017년 2월 3일 10시,금요일,부산광역시 해운대구 우동,경상사고,0,0,1,0,차대사람 - 횡단중,안전운전불이행,건조,맑음,교차로 - 교차로부근,승용,남,54세,상해없음,보행자,남,89세,경상
2017020300100186,2017년 2월 3일 10시,금요일,부산광역시 해운대구 중동,경상사고,0,0,1,0,차대차 - 측면충돌,안전운전불이행,건조,맑음,단일로 - 기타,승용,여,48세,상해없음,승용,여,31세,경상
2017020300100187,2017년 2월 3일 10시,금요일,부산광역시 사하구 신평동,부상신고사고,0,0,0,1,차대차 - 추돌,안전운전불이행,건조,맑음,교차로 - 교차로안,원동기,남,69세,부상신고,화물,남,34세,상해없음
2017020300100205,2017년 2월 3일 11시,금요일,부산광역시 사하구 다대동,경상사고,0,0,1,0,차대차 - 기타,안전거리미확보,건조,맑음,단일로 - 기타,승합,남,58세,상해없음,승용,여,41세,경상
2017020300100224,2017년 2월 3일 12시,금요일,부산광역시 부산진구 범천동,중상사고,0,1,0,0,차대차 - 측면충돌,신호위반,건조,맑음,교차로 - 교차로안,승용,남,52세,상해없음,자전거,남,64세,중상
2017020300100243,2017년 2월 3일 13시,금요일,부산광역시 서구 동대신동2가,부상신고사고,0,0,0,1,차대차 - 측면충돌,불법유턴,건조,맑음,단일로 - 기타,이륜,남,76세,부상신고,승용,남,52세,상해없음
2017020300100244,2017년 2월 3일 13시,금요일,부산광역시 해운대구 반여동,경상사고,0,0,1,0,차대차 - 정면충돌,안전운전불이행,기타,맑음,단일로 - 기타,승용,여,57세,상해없음,승용,남,46세,경상
2017020300100271,2017년 2월 3일 14시,금요일,부산광역시 중구 남포동5가,중상사고,0,1,0,0,차대차 - 측면충돌,신호위반,건조,맑음,교차로 - 교차로안,이륜,남,25세,기타불명,이륜,남,22세,중상
2017020300100293,2017년 2월 3일 15시,금요일,부산광역시 부산진구 범전동,중상사고,0,1,0,0,차대사람 - 횡단중,안전운전불이행,건조,맑음,단일로 - 기타,승용,여,46세,상해없음,보행자,여,82세,중상
2017020300100345,2017년 2월 3일 17시,금요일,부산광역시 서구 아미동1가,경상사고,0,0,2,0,차대차 - 추돌,안전운전불이행,건조,맑음,단일로 - 기타,승용,남,60세,상해없음,승용,여,44세,경상
2017020300100346,2017년 2월 3일 17시,금요일,부산광역시 남구 대연동,경상사고,0,0,1,0,차대사람 - 길가장자리구역통행중,안전운전불이행,젖음/습기,맑음,단일로 - 기타,이륜,남,17세,상해없음,보행자,여,19세,경상
2017020300100347,2017년 2월 3일 17시,금요일,부산광역시 해운대구 우동,부상신고사고,0,0,0,1,차대차 - 기타,차로위반,건조,맑음,교차로 - 교차로안,승용,남,42세,상해없음,승용,남,50세,부상신고
2017020300100348,2017년 2월 3일 17시,금요일,부산광역시 사하구 하단동,경상사고,0,0,1,0,차대사람 - 횡단중,보행자보호의무위반,건조,맑음,단일로 - 기타,자전거,남,77세,상해없음,보행자,여,73세,경상
2017020300100349,2017년 2월 3일 17시,금요일,부산광역시 사하구 다대동,경상사고,0,0,1,0,차대차 - 추돌,안전운전불이행,건조,맑음,교차로 - 교차로부근,승용,여,48세,상해없음,승용,여,55세,경상
2017020300100419,2017년 2월 3일 19시,금요일,부산광역시 동구 범일동,경상사고,0,0,1,0,차대사람 - 횡단중,안전운전불이행,건조,맑음,단일로 - 기타,승용,남,64세,상해없음,보행자,남,60세,경상
2017020300100420,2017년 2월 3일 19시,금요일,부산광역시 부산진구 범천동,경상사고,0,0,3,0,차대차 - 기타,안전거리미확보,건조,맑음,단일로 - 기타,화물,남,77세,상해없음,승용,남,34세,경상
2017020300100462,2017년 2월 3일 20시,금요일,부산광역시 남구 용호동,사망사고,1,0,0,0,차대차 - 기타,신호위반,건조,맑음,교차로 - 교차로안,원동기,남,17세,사망,승합,남,38세,상해없음
2017020300100463,2017년 2월 3일 20시,금요일,부산광역시 남구 대연동,경상사고,0,0,1,0,차대차 - 측면충돌,안전운전불이행,건조,맑음,단일로 - 기타,승용,남,54세,경상,승용,남,48세,상해없음
2017020300100464,2017년 2월 3일 20시,금요일,부산광역시 동래구 온천동,중상사고,0,3,2,0,차대차 - 추돌,안전거리미확보,건조,맑음,단일로 - 기타,승용,여,52세,상해없음,승용,남,52세,중상
2017020300100518,2017년 2월 3일 22시,금요일,부산광역시 수영구 남천동,경상사고,0,0,1,0,차대사람 - 기타,안전운전불이행,건조,맑음,단일로 - 기타,승용,남,67세,상해없음,보행자,남,42세,경상
2017020400100090,2017년 2월 4일 05시,토요일,부산광역시 동래구 안락동,경상사고,0,0,1,0,차대차 - 기타,중앙선침범,건조,맑음,단일로 - 기타,자전거,남,65세,경상,승합,남,64세,상해없음
2017020400100116,2017년 2월 4일 07시,토요일,부산광역시 금정구 부곡동,중상사고,0,1,0,0,차대사람 - 횡단중,신호위반,건조,맑음,교차로 - 교차로안,화물,남,58세,상해없음,보행자,남,29세,중상
2017020400100134,2017년 2월 4일 08시,토요일,부산광역시 사상구 삼락동,사망사고,1,0,0,0,차대사람 - 횡단중,신호위반,건조,맑음,교차로 - 교차로횡단보도내,화물,남,30세,상해없음,보행자,여,53세,사망
2017020400100151,2017년 2월 4일 09시,토요일,부산광역시 사하구 괴정동,중상사고,0,1,0,0,차대차 - 기타,안전거리미확보,건조,맑음,교차로 - 교차로안,화물,남,58세,상해없음,승용,여,54세,중상
2017020400100181,2017년 2월 4일 10시,토요일,부산광역시 부산진구 당감동,중상사고,0,2,1,0,차대차 - 측면충돌,신호위반,건조,맑음,교차로 - 교차로안,승용,남,63세,상해없음,승용,남,62세,경상
2017020400100202,2017년 2월 4일 11시,토요일,부산광역시 동구 초량동,경상사고,0,0,1,0,차대차 - 기타,안전거리미확보,건조,맑음,단일로 - 기타,승용,여,29세,상해없음,승합,여,59세,상해없음
2017020400100216,2017년 2월 4일 12시,토요일,부산광역시 북구 덕천동,경상사고,0,0,1,0,차대차 - 측면충돌,안전거리미확보,건조,맑음,교차로 - 교차로안,승용,여,69세,상해없음,승용,여,43세,경상
2017020400100217,2017년 2월 4일 12시,토요일,부산광역시 영도구 영선동2가,중상사고,0,1,0,0,차대사람 - 횡단중,보행자보호의무위반,건조,맑음,교차로 - 교차로횡단보도내,승용,남,61세,상해없음,보행자,여,76세,중상
2017020400100242,2017년 2월 4일 13시,토요일,부산광역시 중구 남포동4가,경상사고,0,0,3,0,차대차 - 기타,차로위반,건조,맑음,단일로 - 기타,승용,남,57세,상해없음,승용,남,27세,상해없음
2017020400100243,2017년 2월 4일 13시,토요일,부산광역시 서구 아미동1가,경상사고,0,0,2,0,차량단독 - 기타,기타,건조,맑음,단일로 - 기타,승용,남,55세,상해없음,,,,
2017020400100244,2017년 2월 4일 13시,토요일,부산광역시 사하구 하단동,중상사고,0,1,0,0,차대차 - 추돌,신호위반,건조,맑음,교차로 - 교차로안,화물,남,57세,상해없음,승용,남,57세,중상
2017020400100268,2017년 2월 4일 14시,토요일,부산광역시 부산진구 개금동,중상사고,0,1,0,0,차대차 - 추돌,안전운전불이행,건조,맑음,단일로 - 고가도로위,승용,남,64세,상해없음,승용,남,61세,중상
2017020400100269,2017년 2월 4일 14시,토요일,부산광역시 금정구 구서동,경상사고,0,0,1,0,차대차 - 기타,안전거리미확보,건조,맑음,단일로 - 기타,화물,남,60세,상해없음,승용,남,38세,경상
2017020400100289,2017년 2월 4일 15시,토요일,부산광역시 남구 용호동,경상사고,0,0,1,0,차대차 - 기타,안전운전불이행,건조,기타,기타 - 기타,승용,여,61세,상해없음,원동기,남,23세,경상
2017020400100317,2017년 2월 4일 17시,토요일,부산광역시 남구 대연동,중상사고,0,1,0,0,차대사람 - 횡단중,신호위반,건조,맑음,기타 - 기타,승용,남,55세,상해없음,보행자,여,16세,중상
2017020400100318,2017년 2월 4일 17시,토요일,부산광역시 사하구 다대동,중상사고,0,1,0,0,차대사람 - 횡단중,교차로운행방법위반,건조,맑음,교차로 - 교차로안,승합,남,69세,상해없음,보행자,여,71세,중상
2017020400100319,2017년 2월 4일 17시,토요일,부산광역시 연제구 연산동,부상신고사고,0,0,0,1,차대차 - 정면충돌,신호위반,건조,맑음,교차로 - 교차로안,승용,남,66세,상해없음,이륜,남,21세,부상신고
2017020400100348,2017년 2월 4일 18시,토요일,부산광역시 해운대구 좌동,경상사고,0,0,1,0,차대차 - 추돌,안전운전불이행,건조,맑음,단일로 - 기타,승용,남,22세,상해없음,승용,남,59세,경상
2017020400100349,2017년 2월 4일 18시,토요일,부산광역시 부산진구 부전동,경상사고,0,0,1,0,차대차 - 기타,신호위반,건조,맑음,교차로 - 교차로안,이륜,기타불명,미분류,기타불명,승용,남,50세,상해없음
2017020400100350,2017년 2월 4일 18시,토요일,부산광역시 사하구 감천동,부상신고사고,0,0,0,1,차대차 - 정면충돌,교차로운행방법위반,건조,맑음,교차로 - 교차로안,승용,여,43세,상해없음,이륜,남,56세,부상신고
2017020400100378,2017년 2월 4일 19시,토요일,부산광역시 부산진구 개금동,경상사고,0,0,1,0,차대사람 - 횡단중,안전운전불이행,건조,맑음,단일로 - 기타,승합,남,77세,상해없음,보행자,여,57세,경상
2017020400100379,2017년 2월 4일 19시,토요일,부산광역시 부산진구 범전동,경상사고,0,0,1,0,차량단독 - 기타,안전운전불이행,건조,맑음,단일로 - 기타,승합,남,60세,상해없음,,,,
2017020400100380,2017년 2월 4일 19시,토요일,부산광역시 금정구 장전동,경상사고,0,0,1,0,차대차 - 측면충돌,교차로운행방법위반,건조,맑음,교차로 - 교차로안,원동기,남,56세,경상,화물,남,50세,상해없음
2017020400100381,2017년 2월 4일 19시,토요일,부산광역시 사하구 하단동,경상사고,0,0,1,0,차대차 - 기타,안전거리미확보,건조,맑음,교차로 - 교차로부근,승용,남,50세,상해없음,승용,남,23세,경상
2017020400100382,2017년 2월 4일 19시,토요일,부산광역시 연제구 연산동,중상사고,0,1,0,0,차대차 - 기타,안전운전불이행,건조,맑음,교차로 - 교차로안,승용,여,29세,상해없음,이륜,남,27세,중상
2017020400100383,2017년 2월 4일 19시,토요일,부산광역시 강서구 신호동,중상사고,0,2,0,0,차대차 - 추돌,안전운전불이행,건조,맑음,기타 - 기타,승용,여,33세,상해없음,승용,남,25세,중상
2017020400100433,2017년 2월 4일 21시,토요일,부산광역시 중구 남포동6가,경상사고,0,0,1,0,차대차 - 기타,안전운전불이행,건조,맑음,단일로 - 기타,승용,남,31세,상해없음,이륜,남,20세,경상
2017020400100458,2017년 2월 4일 22시,토요일,부산광역시 동구 범일동,경상사고,0,0,2,0,차대차 - 추돌,차로위반,건조,맑음,단일로 - 기타,승용,남,21세,기타불명,승용,남,38세,경상
2017020400100459,2017년 2월 4일 22시,토요일,부산광역시 서구 암남동,경상사고,0,0,1,0,차대차 - 후진중충돌,안전운전불이행,젖음/습기,비,단일로 - 기타,승용,여,55세,상해없음,승용,여,32세,경상
2017020400100490,2017년 2월 4일 23시,토요일,부산광역시 서구 서대신동2가,사망사고,1,0,0,0,차대차 - 측면충돌,안전운전불이행,젖음/습기,흐림,단일로 - 터널,승용,여,38세,사망,승합,남,49세,상해없음
2017020400100491,2017년 2월 4일 23시,토요일,부산광역시 동래구 온천동,중상사고,0,1,0,0,차대사람 - 차도통행중,안전운전불이행,건조,맑음,교차로 - 교차로안,승용,여,51세,상해없음,보행자,남,49세,중상
2017020400100492,2017년 2월 4일 23시,토요일,부산광역시 동래구 온천동,중상사고,0,1,0,0,차대사람 - 차도통행중,안전운전불이행,건조,맑음,단일로 - 기타,승용,남,39세,상해없음,보행자,남,54세,중상
2017020500100010,2017년 2월 5일 00시,일요일,부산광역시 부산진구 양정동,경상사고,0,0,2,0,차대차 - 기타,교차로운행방법위반,젖음/습기,비,교차로 - 교차로안,승용,남,55세,상해없음,승용,남,60세,경상
2017020500100028,2017년 2월 5일 01시,일요일,부산광역시 부산진구 개금동,중상사고,0,3,0,0,차대차 - 추돌,안전운전불이행,건조,맑음,교차로 - 교차로부근,승합,남,45세,상해없음,승용,남,69세,중상
2017020500100029,2017년 2월 5일 01시,일요일,부산광역시 금정구 구서동,경상사고,0,0,1,0,차대사람 - 횡단중,안전운전불이행,젖음/습기,비,교차로 - 교차로안,승용,남,56세,상해없음,보행자,남,48세,경상
2017020500100030,2017년 2월 5일 01시,일요일,부산광역시 금정구 장전동,경상사고,0,0,1,0,차대차 - 기타,신호위반,젖음/습기,비,교차로 - 교차로안,승용,남,58세,상해없음,승용,남,36세,경상
2017020500100031,2017년 2월 5일 01시,일요일,부산광역시 사하구 괴정동,중상사고,0,1,0,0,차량단독 - 기타,안전운전불이행,건조,맑음,단일로 - 기타,승용,남,48세,상해없음,,,,
2017020500100062,2017년 2월 5일 03시,일요일,부산광역시 해운대구 중동,경상사고,0,0,5,0,차대차 - 추돌,교차로운행방법위반,젖음/습기,비,교차로 - 교차로안,승용,남,48세,경상,승용,남,73세,경상
2017020500100077,2017년 2월 5일 04시,일요일,부산광역시 동래구 온천동,경상사고,0,0,1,0,차대차 - 추돌,안전운전불이행,건조,맑음,단일로 - 기타,승용,남,32세,상해없음,승용,남,29세,경상
2017020500100078,2017년 2월 5일 04시,일요일,부산광역시 사하구 하단동,경상사고,0,0,2,0,차대차 - 정면충돌,중앙선침범,젖음/습기,흐림,단일로 - 기타,승용,남,47세,상해없음,승용,남,63세,경상
2017020500100093,2017년 2월 5일 05시,일요일,부산광역시 부산진구 부전동,경상사고,0,0,1,0,차대사람 - 기타,안전운전불이행,젖음/습기,비,단일로 - 기타,승용,남,34세,상해없음,보행자,여,22세,경상
2017020500100101,2017년 2월 5일 07시,일요일,부산광역시 동구 수정동,경상사고,0,0,1,0,차대차 - 측면충돌,안전운전불이행,젖음/습기,비,교차로 - 교차로안,승용,남,63세,상해없음,자전거,남,60세,경상
2017020500100165,2017년 2월 5일 12시,일요일,부산광역시 금정구 장전동,중상사고,0,1,0,0,차대사람 - 횡단중,안전운전불이행,건조,맑음,단일로 - 기타,승용,여,73세,상해없음,보행자,여,90세 이상,중상
2017020500100192,2017년 2월 5일 14시,일요일,부산광역시 중구 부평동2가,중상사고,0,1,0,0,차대사람 - 기타,안전운전불이행,건조,맑음,단일로 - 기타,승용,남,48세,상해없음,보행자,여,46세,중상
2017020500100193,2017년 2월 5일 14시,일요일,부산광역시 금정구 장전동,경상사고,0,0,1,0,차대사람 - 길가장자리구역통행중,안전운전불이행,젖음/습기,비,단일로 - 기타,기타불명,기타불명,미분류,기타불명,보행자,여,41세,경상
2017020500100210,2017년 2월 5일 15시,일요일,부산광역시 부산진구 가야동,경상사고,0,0,1,0,차대차 - 측면충돌,안전운전불이행,젖음/습기,비,단일로 - 기타,승용,남,58세,상해없음,승용,남,56세,상해없음
2017020500100275,2017년 2월 5일 18시,일요일,부산광역시 사하구 장림동,중상사고,0,1,0,0,차대차 - 정면충돌,중앙선침범,건조,맑음,단일로 - 기타,승용,남,33세,상해없음,원동기,남,19세,중상
2017020500100335,2017년 2월 5일 20시,일요일,부산광역시 해운대구 반송동,중상사고,0,1,0,0,차대사람 - 횡단중,안전운전불이행,건조,맑음,단일로 - 기타,화물,남,56세,상해없음,보행자,여,45세,중상
2017020500100336,2017년 2월 5일 20시,일요일,부산광역시 금정구 금사동,경상사고,0,0,1,0,차대차 - 기타,안전운전불이행,건조,맑음,단일로 - 기타,승용,남,68세,상해없음,원동기,남,17세,경상
2017020500100353,2017년 2월 5일 21시,일요일,부산광역시 서구 남부민동,경상사고,0,0,1,0,차대사람 - 횡단중,안전운전불이행,건조,맑음,단일로 - 기타,승용,여,68세,상해없음,보행자,여,25세,경상
2017020500100354,2017년 2월 5일 21시,일요일,부산광역시 수영구 민락동,경상사고,0,0,1,0,차대사람 - 길가장자리구역통행중,안전운전불이행,건조,맑음,단일로 - 기타,승용,여,25세,상해없음,보행자,여,28세,경상
2017020500100393,2017년 2월 5일 23시,일요일,부산광역시 부산진구 부전동,경상사고,0,0,1,0,차대사람 - 기타,안전운전불이행,건조,맑음,단일로 - 기타,화물,남,43세,상해없음,보행자,여,26세,경상
2017020600100042,2017년 2월 6일 05시,월요일,부산광역시 연제구 연산동,경상사고,0,0,1,0,차대사람 - 횡단중,보행자보호의무위반,건조,맑음,교차로 - 교차로횡단보도내,승용,남,39세,상해없음,보행자,여,18세,경상
2017020600100058,2017년 2월 6일 06시,월요일,부산광역시 동래구 온천동,경상사고,0,0,1,0,차대차 - 측면충돌,안전운전불이행,건조,맑음,교차로 - 교차로부근,원동기,남,59세,상해없음,승용,남,46세,경상
2017020600100075,2017년 2월 6일 07시,월요일,부산광역시 부산진구 연지동,경상사고,0,0,1,0,차대사람 - 기타,안전운전불이행,건조,맑음,단일로 - 기타,승용,남,61세,상해없음,보행자,여,14세,경상
2017020600100087,2017년 2월 6일 08시,월요일,부산광역시 부산진구 부전동,경상사고,0,0,1,0,차대사람 - 기타,안전운전불이행,건조,맑음,단일로 - 기타,화물,남,38세,상해없음,보행자,여,54세,경상
2017020600100088,2017년 2월 6일 08시,월요일,부산광역시 사하구 하단동,중상사고,0,1,0,0,차대사람 - 횡단중,신호위반,건조,맑음,단일로 - 기타,승용,남,20세,상해없음,보행자,여,56세,중상
2017020600100089,2017년 2월 6일 08시,월요일,부산광역시 기장군 장안읍,중상사고,0,1,0,0,차대차 - 기타,직진우회전진행방해,건조,맑음,교차로 - 교차로안,화물,남,76세,상해없음,승용,여,31세,중상
2017020600100090,2017년 2월 6일 08시,월요일,부산광역시 강서구 대저2동,중상사고,0,1,0,0,차대차 - 측면충돌,안전운전불이행,건조,맑음,단일로 - 기타,화물,남,48세,상해없음,승용,남,36세,중상
2017020600100127,2017년 2월 6일 09시,월요일,부산광역시 금정구 구서동,중상사고,0,1,0,0,차대차 - 기타,안전운전불이행,건조,맑음,교차로 - 교차로안,승용,남,28세,상해없음,승용,여,53세,중상
2017020600100128,2017년 2월 6일 09시,월요일,부산광역시 사상구 주례동,부상신고사고,0,0,0,1,차대차 - 추돌,안전운전불이행,건조,맑음,단일로 - 기타,승용,남,60세,상해없음,승용,남,47세,부상신고
2017020600100197,2017년 2월 6일 12시,월요일,부산광역시 남구 감만동,중상사고,0,1,0,0,차대사람 - 기타,보행자보호의무위반,건조,맑음,교차로 - 교차로횡단보도내,승용,여,48세,상해없음,보행자,여,56세,중상
2017020600100198,2017년 2월 6일 12시,월요일,부산광역시 부산진구 초읍동,중상사고,0,1,0,0,차대사람 - 횡단중,안전운전불이행,건조,맑음,단일로 - 기타,승합,남,48세,상해없음,보행자,여,63세,중상
2017020600100199,2017년 2월 6일 12시,월요일,부산광역시 금정구 부곡동,중상사고,0,1,0,0,차대사람 - 횡단중,안전운전불이행,건조,맑음,교차로 - 교차로안,승용,남,65세,상해없음,보행자,남,74세,중상
2017020600100250,2017년 2월 6일 14시,월요일,부산광역시 남구 용호동,중상사고,0,1,0,0,차대차 - 기타,교차로운행방법위반,건조,맑음,교차로 - 교차로안,이륜,남,73세,중상,승용,남,67세,상해없음
2017020600100251,2017년 2월 6일 14시,월요일,부산광역시 수영구 광안동,경상사고,0,0,1,0,차대차 - 기타,안전거리미확보,건조,맑음,단일로 - 기타,승용,남,41세,상해없음,승용,여,43세,경상
2017020600100252,2017년 2월 6일 14시,월요일,부산광역시 금정구 서동,중상사고,0,1,0,0,차대차 - 추돌,안전거리미확보,건조,맑음,교차로 - 교차로부근,승용,남,65세,상해없음,승용,여,23세,중상
2017020600100285,2017년 2월 6일 15시,월요일,부산광역시 동구 수정동,경상사고,0,0,2,0,차대차 - 기타,안전운전불이행,건조,맑음,단일로 - 기타,승용,남,51세,기타불명,승용,남,33세,경상
2017020600100286,2017년 2월 6일 15시,월요일,부산광역시 사하구 다대동,경상사고,0,0,2,0,차대사람 - 기타,안전운전불이행,건조,맑음,교차로 - 교차로안,승용,여,53세,상해없음,보행자,남,13세,경상
2017020600100311,2017년 2월 6일 16시,월요일,부산광역시 중구 남포동2가,경상사고,0,0,1,0,차대차 - 기타,안전운전불이행,건조,맑음,단일로 - 기타,승용,남,77세,상해없음,승합,남,55세,상해없음
2017020600100312,2017년 2월 6일 16시,월요일,부산광역시 남구 대연동,중상사고,0,1,0,0,차대차 - 측면충돌,안전운전불이행,건조,맑음,교차로 - 교차로안,승합,남,68세,상해없음,자전거,남,67세,중상
2017020600100313,2017년 2월 6일 16시,월요일,부산광역시 북구 덕천동,중상사고,0,1,1,0,차대차 - 정면충돌,안전거리미확보,건조,맑음,단일로 - 기타,이륜,남,61세,중상,승용,남,61세,경상
2017020600100314,2017년 2월 6일 16시,월요일,부산광역시 부산진구 당감동,경상사고,0,0,3,0,차대차 - 기타,안전거리미확보,건조,맑음,단일로 - 기타,승용,남,45세,상해없음,승용,여,32세,경상
2017020600100315,2017년 2월 6일 16시,월요일,부산광역시 연제구 연산동,중상사고,0,1,0,0,차대차 - 측면충돌,안전운전불이행,건조,맑음,교차로 - 교차로안,승용,여,48세,상해없음,이륜,남,58세,중상
2017020600100316,2017년 2월 6일 16시,월요일,부산광역시 수영구 수영동,중상사고,0,1,0,0,차대차 - 측면충돌,신호위반,건조,맑음,교차로 - 교차로부근,승용,여,72세,상해없음,이륜,남,38세,중상
2017020600100340,2017년 2월 6일 17시,월요일,부산광역시 부산진구 당감동,경상사고,0,0,3,0,차대차 - 정면충돌,안전운전불이행,건조,맑음,단일로 - 기타,화물,남,43세,상해없음,승용,남,43세,경상
2017020600100371,2017년 2월 6일 18시,월요일,부산광역시 금정구 오륜동,경상사고,0,0,1,0,차대차 - 기타,안전거리미확보,건조,맑음,단일로 - 기타,승용,남,51세,상해없음,승용,남,34세,상해없음
2017020600100372,2017년 2월 6일 18시,월요일,부산광역시 사하구 다대동,중상사고,0,1,0,0,차대사람 - 횡단중,중앙선침범,건조,맑음,단일로 - 기타,승용,여,54세,상해없음,보행자,남,72세,중상
2017020600100405,2017년 2월 6일 19시,월요일,부산광역시 부산진구 전포동,경상사고,0,0,1,0,차대사람 - 횡단중,보행자보호의무위반,건조,맑음,교차로 - 교차로안,승용,남,59세,상해없음,보행자,여,21세,경상
2017020600100435,2017년 2월 6일 20시,월요일,부산광역시 사하구 신평동,부상신고사고,0,0,0,1,차대차 - 측면충돌,신호위반,건조,맑음,기타 - 기타,이륜,남,18세,부상신고,승용,여,30세,상해없음
2017020600100436,2017년 2월 6일 20시,월요일,부산광역시 사하구 구평동,경상사고,0,0,2,0,차대차 - 정면충돌,안전운전불이행,건조,맑음,교차로 - 교차로안,승용,남,40세,경상,승합,남,57세,상해없음
2017020600100456,2017년 2월 6일 21시,월요일,부산광역시 북구 화명동,경상사고,0,0,1,0,차대차 - 측면충돌,안전거리미확보,건조,맑음,단일로 - 기타,승용,남,49세,상해없음,이륜,남,25세,경상
2017020600100480,2017년 2월 6일 22시,월요일,부산광역시 북구 구포동,중상사고,0,1,0,0,차대사람 - 길가장자리구역통행중,안전운전불이행,건조,맑음,교차로 - 교차로안,승용,남,32세,상해없음,보행자,남,38세,중상
2017020600100481,2017년 2월 6일 22시,월요일,부산광역시 동래구 낙민동,경상사고,0,0,1,0,차대차 - 측면충돌,안전운전불이행,건조,맑음,교차로 - 교차로안,승용,남,29세,상해없음,원동기,남,22세,경상
2017020700100015,2017년 2월 7일 00시,화요일,부산광역시 북구 덕천동,중상사고,0,1,0,0,차대사람 - 기타,안전운전불이행,건조,맑음,교차로 - 교차로부근,승용,남,61세,상해없음,보행자,남,44세,중상
2017020700100063,2017년 2월 7일 06시,화요일,부산광역시 부산진구 양정동,중상사고,0,1,0,0,차대사람 - 횡단중,신호위반,건조,맑음,단일로 - 기타,승용,남,56세,상해없음,보행자,여,70세,중상
2017020700100084,2017년 2월 7일 07시,화요일,부산광역시 수영구 광안동,경상사고,0,0,2,0,차대차 - 측면충돌,신호위반,건조,맑음,단일로 - 기타,승용,여,62세,상해없음,승용,여,51세,경상
2017020700100116,2017년 2월 7일 08시,화요일,부산광역시 부산진구 초읍동,경상사고,0,0,1,0,차대사람 - 횡단중,보행자보호의무위반,건조,맑음,단일로 - 기타,승용,여,45세,상해없음,보행자,여,14세,경상