사고번호,사고일시,요일,시군구,사고내용,사망자수,중상자수,경상자수,부상신고자수,사고유형,법규위반,노면상태,기상상태,도로형태,가해운전자 차종,가해운전자 성별,가해운전자 연령,가해운전자 상해정도,피해운전자 차종,피해운전자 성별,피해운전자 연령,피해운전자 상해정도
2017021000100477,2017년 2월 10일 20시,금요일,부산광역시 수영구 민락동,경상사고,0,0,1,0,차대차 - 추돌,안전운전불이행,건조,맑음,단일로 - 기타,화물,남,25세,상해없음,원동기,남,22세,경상
2017021000100478,2017년 2월 10일 20시,금요일,부산광역시 해운대구 좌동,경상사고,0,0,1,0,차대차 - 측면충돌,직진우회전진행방해,건조,맑음,교차로 - 교차로안,승용,여,42세,상해없음,이륜,남,27세,경상
2017021000100516,2017년 2월 10일 21시,금요일,부산광역시 북구 구포동,경상사고,0,0,1,0,차대차 - 기타,안전운전불이행,건조,맑음,단일로 - 기타,화물,남,61세,상해없음,승용,여,47세,경상
2017021000100546,2017년 2월 10일 22시,금요일,부산광역시 부산진구 부전동,중상사고,0,1,0,0,차대사람 - 기타,안전운전불이행,건조,맑음,단일로 - 기타,승용,남,49세,상해없음,보행자,남,34세,중상
2017021100100015,2017년 2월 11일 00시,토요일,부산광역시 동구 범일동,중상사고,0,1,0,0,차대사람 - 횡단중,안전운전불이행,건조,맑음,단일로 - 기타,승용,남,62세,상해없음,보행자,남,43세,중상
2017021100100016,2017년 2월 11일 00시,토요일,부산광역시 동래구 안락동,중상사고,0,1,1,0,차대차 - 추돌,안전운전불이행,건조,맑음,교차로 - 교차로부근,승용,남,36세,기타불명,승용,남,61세,경상
2017021100100017,2017년 2월 11일 00시,토요일,부산광역시 동래구 사직동,경상사고,0,0,1,0,차대사람 - 기타,안전운전불이행,건조,맑음,단일로 - 기타,승용,남,56세,상해없음,보행자,남,33세,경상
2017021100100072,2017년 2월 11일 03시,토요일,부산광역시 부산진구 부전동,중상사고,0,2,0,1,차대차 - 측면충돌,신호위반,건조,맑음,교차로 - 교차로안,승용,남,32세,상해없음,승용,남,63세,중상
2017021100100084,2017년 2월 11일 04시,토요일,부산광역시 동구 초량동,사망사고,1,0,0,0,차대사람 - 횡단중,안전운전불이행,건조,맑음,교차로 - 교차로횡단보도내,승용,남,60세,상해없음,보행자,여,39세,사망
2017021100100096,2017년 2월 11일 05시,토요일,부산광역시 해운대구 우동,경상사고,0,0,1,0,차대차 - 기타,안전운전불이행,건조,맑음,단일로 - 기타,승용,남,57세,상해없음,승용,남,32세,경상
2017021100100097,2017년 2월 11일 05시,토요일,부산광역시 강서구 송정동,경상사고,0,0,1,0,차대차 - 정면충돌,신호위반,건조,맑음,교차로 - 교차로안,화물,남,49세,상해없음,승용,남,30세,경상
2017021100100107,2017년 2월 11일 06시,토요일,부산광역시 수영구 광안동,중상사고,0,1,0,0,차대차 - 기타,안전운전불이행,건조,맑음,단일로 - 기타,승용,남,27세,상해없음,기타불명,남,76세,중상
2017021100100108,2017년 2월 11일 06시,토요일,부산광역시 북구 구포동,중상사고,0,1,0,0,차대사람 - 횡단중,안전운전불이행,건조,맑음,단일로 - 기타,원동기,여,59세,상해없음,보행자,여,56세,중상
2017021100100131,2017년 2월 11일 08시,토요일,부산광역시 영도구 영선동3가,중상사고,0,1,0,0,차대사람 - 횡단중,보행자보호의무위반,건조,맑음,단일로 - 기타,화물,남,51세,상해없음,보행자,여,81세,중상
2017021100100147,2017년 2월 11일 09시,토요일,부산광역시 동구 범일동,중상사고,0,3,1,0,차대차 - 기타,안전운전불이행,건조,맑음,기타 - 기타,승용,남,58세,상해없음,원동기,남,57세,기타불명
2017021100100148,2017년 2월 11일 09시,토요일,부산광역시 해운대구 우동,경상사고,0,0,1,0,차대사람 - 횡단중,보행자보호의무위반,건조,맑음,교차로 - 교차로횡단보도내,승용,남,57세,상해없음,보행자,여,45세,경상
2017021100100149,2017년 2월 11일 09시,토요일,부산광역시 부산진구 가야동,중상사고,0,1,1,0,차대차 - 측면충돌,안전거리미확보,건조,맑음,단일로 - 고가도로위,화물,남,57세,경상,승용,여,27세,중상
2017021100100197,2017년 2월 11일 11시,토요일,부산광역시 영도구 동삼동,경상사고,0,0,1,0,차대사람 - 횡단중,안전운전불이행,건조,맑음,단일로 - 기타,승용,남,43세,상해없음,보행자,여,40세,경상
2017021100100198,2017년 2월 11일 11시,토요일,부산광역시 영도구 남항동2가,경상사고,0,0,1,0,차대사람 - 기타,안전운전불이행,건조,맑음,단일로 - 기타,원동기,남,32세,상해없음,보행자,남,31세,경상
2017021100100199,2017년 2월 11일 11시,토요일,부산광역시 해운대구 우동,중상사고,0,1,5,2,차대차 - 정면충돌,안전거리미확보,건조,맑음,단일로 - 터널,승용,남,37세,경상,승용,남,70세,중상
2017021100100200,2017년 2월 11일 11시,토요일,부산광역시 부산진구 연지동,경상사고,0,0,1,0,차대차 - 기타,안전운전불이행,건조,맑음,교차로 - 교차로부근,승용,남,51세,상해없음,이륜,남,24세,경상
2017021100100228,2017년 2월 11일 12시,토요일,부산광역시 수영구 광안동,경상사고,0,0,1,0,차대차 - 측면충돌,안전운전불이행,건조,맑음,교차로 - 교차로안,화물,남,44세,상해없음,승용,여,27세,경상
2017021100100229,2017년 2월 11일 12시,토요일,부산광역시 해운대구 반송동,중상사고,0,2,0,0,차대사람 - 횡단중,안전운전불이행,건조,맑음,단일로 - 기타,승용,남,71세,상해없음,보행자,여,80세,중상
2017021100100259,2017년 2월 11일 13시,토요일,부산광역시 서구 암남동,중상사고,0,1,1,0,차대차 - 측면충돌,안전거리미확보,건조,맑음,단일로 - 기타,화물,남,59세,상해없음,승용,남,54세,중상
2017021100100260,2017년 2월 11일 13시,토요일,부산광역시 동래구 안락동,경상사고,0,0,1,0,차대차 - 측면충돌,교차로운행방법위반,건조,맑음,교차로 - 교차로안,승합,남,66세,상해없음,승용,남,39세,경상
2017021100100261,2017년 2월 11일 13시,토요일,부산광역시 해운대구 좌동,경상사고,0,0,1,0,차대차 - 측면충돌,안전운전불이행,건조,맑음,교차로 - 교차로부근,승용,여,70세,상해없음,승용,남,30세,경상
2017021100100296,2017년 2월 11일 14시,토요일,부산광역시 동래구 온천동,중상사고,0,2,0,0,차대차 - 측면충돌,안전운전불이행,건조,맑음,단일로 - 기타,승용,남,61세,중상,화물,여,67세,중상
2017021100100297,2017년 2월 11일 14시,토요일,부산광역시 부산진구 부전동,경상사고,0,0,1,0,차대차 - 측면충돌,안전거리미확보,건조,맑음,교차로 - 교차로안,승용,남,26세,상해없음,승용,남,34세,경상
2017021100100326,2017년 2월 11일 15시,토요일,부산광역시 사상구 감전동,중상사고,0,1,2,1,차대차 - 측면충돌,안전운전불이행,건조,맑음,단일로 - 기타,승용,여,40세,부상신고,승용,남,39세,경상
2017021100100373,2017년 2월 11일 17시,토요일,부산광역시 동래구 온천동,경상사고,0,0,1,0,차대사람 - 기타,안전운전불이행,건조,맑음,단일로 - 기타,승합,남,37세,기타불명,보행자,여,55세,경상
2017021100100374,2017년 2월 11일 17시,토요일,부산광역시 사하구 장림동,경상사고,0,0,1,0,차대차 - 측면충돌,안전거리미확보,건조,맑음,단일로 - 기타,원동기,남,61세,경상,승용,남,33세,상해없음
2017021100100375,2017년 2월 11일 17시,토요일,부산광역시 강서구 송정동,중상사고,0,1,1,0,차대차 - 정면충돌,안전거리미확보,건조,맑음,단일로 - 기타,승합,남,62세,상해없음,승합,남,46세,상해없음
2017021100100376,2017년 2월 11일 17시,토요일,부산광역시 사상구 모라동,경상사고,0,0,1,1,차대차 - 측면충돌,안전운전불이행,건조,맑음,단일로 - 기타,이륜,남,31세,부상신고,이륜,남,22세,경상
2017021100100412,2017년 2월 11일 18시,토요일,부산광역시 수영구 광안동,경상사고,0,0,1,0,차대차 - 기타,과속,건조,맑음,단일로 - 교량,승용,남,20세,상해없음,승용,남,39세,경상
2017021100100413,2017년 2월 11일 18시,토요일,부산광역시 동래구 사직동,경상사고,0,0,1,0,차대차 - 측면충돌,안전운전불이행,건조,맑음,교차로 - 교차로부근,화물,남,49세,상해없음,승용,남,72세,경상
2017021100100414,2017년 2월 11일 18시,토요일,부산광역시 영도구 영선동2가,경상사고,0,0,1,0,차대사람 - 기타,안전운전불이행,건조,맑음,단일로 - 기타,승용,남,42세,상해없음,보행자,남,48세,경상
2017021100100447,2017년 2월 11일 19시,토요일,부산광역시 강서구 봉림동,중상사고,0,2,0,0,차대차 - 추돌,안전운전불이행,건조,맑음,교차로 - 교차로부근,승용,남,34세,상해없음,승용,여,46세,중상
2017021100100478,2017년 2월 11일 20시,토요일,부산광역시 서구 암남동,중상사고,0,3,0,0,차대차 - 기타,안전거리미확보,건조,맑음,단일로 - 교량,기타불명,기타불명,미분류,기타불명,승용,남,25세,중상
2017021100100510,2017년 2월 11일 21시,토요일,부산광역시 부산진구 부전동,경상사고,0,0,1,0,차대차 - 정면충돌,신호위반,건조,맑음,교차로 - 교차로안,승용,여,24세,상해없음,원동기,남,19세,경상
2017021100100536,2017년 2월 11일 22시,토요일,부산광역시 중구 부평동2가,경상사고,0,0,4,0,차대차 - 기타,안전운전불이행,건조,맑음,단일로 - 기타,이륜,남,16세,상해없음,승용,남,39세,경상
2017021100100537,2017년 2월 11일 22시,토요일,부산광역시 부산진구 전포동,경상사고,0,0,1,0,차대차 - 측면충돌,신호위반,건조,맑음,교차로 - 교차로안,승용,남,30세,상해없음,승용,남,36세,경상
2017021100100559,2017년 2월 11일 23시,토요일,부산광역시 수영구 광안동,경상사고,0,0,2,0,차대사람 - 기타,신호위반,건조,맑음,교차로 - 교차로안,승용,남,21세,상해없음,보행자,남,18세,경상
2017021100100560,2017년 2월 11일 23시,토요일,부산광역시 금정구 구서동,부상신고사고,0,0,0,1,차대차 - 기타,기타,건조,맑음,교차로 - 교차로안,승용,남,19세,상해없음,승합,남,40세,상해없음
2017021100100561,2017년 2월 11일 23시,토요일,부산광역시 사하구 괴정동,경상사고,0,0,1,0,차대차 - 기타,안전운전불이행,건조,맑음,기타 - 기타,승용,남,72세,기타불명,승용,남,27세,경상
2017021200100032,2017년 2월 12일 01시,일요일,부산광역시 북구 화명동,중상사고,0,1,0,0,차량단독 - 기타,기타,건조,맑음,기타 - 기타,기타불명,남,56세,중상,,,,
2017021200100033,2017년 2월 12일 01시,일요일,부산광역시 사상구 괘법동,중상사고,0,1,0,0,차대차 - 기타,안전운전불이행,건조,맑음,단일로 - 기타,승용,남,59세,상해없음,승용,남,73세,상해없음
2017021200100043,2017년 2월 12일 02시,일요일,부산광역시 금정구 서동,부상신고사고,0,0,0,1,차대사람 - 기타,안전운전불이행,건조,맑음,단일로 - 기타,기타불명,기타불명,미분류,기타불명,보행자,남,46세,부상신고
2017021200100057,2017년 2월 12일 03시,일요일,부산광역시 금정구 금성동,사망사고,1,0,0,0,차량단독 - 공작물충돌,안전운전불이행,건조,맑음,단일로 - 기타,승용,남,24세,사망,,,,
2017021200100091,2017년 2월 12일 06시,일요일,부산광역시 부산진구 양정동,중상사고,0,1,3,0,차대차 - 측면충돌,신호위반,건조,맑음,교차로 - 교차로안,승용,남,58세,상해없음,승용,남,64세,경상
2017021200100100,2017년 2월 12일 07시,일요일,부산광역시 남구 용호동,경상사고,0,0,2,0,차대차 - 기타,안전운전불이행,건조,맑음,기타 - 기타,승용,남,66세,상해없음,승용,남,64세,경상
2017021200100107,2017년 2월 12일 08시,일요일,부산광역시 해운대구 좌동,중상사고,0,2,2,0,차대차 - 측면충돌,신호위반,건조,맑음,교차로 - 교차로안,승용,남,67세,상해없음,승용,여,55세,중상
2017021200100149,2017년 2월 12일 10시,일요일,부산광역시 수영구 남천동,중상사고,0,1,1,0,차대차 - 기타,교차로운행방법위반,건조,맑음,기타 - 기타,승용,남,24세,상해없음,승용,남,54세,중상
2017021200100150,2017년 2월 12일 10시,일요일,부산광역시 북구 만덕동,중상사고,0,1,0,0,차대차 - 기타,안전거리미확보,건조,맑음,단일로 - 기타,승용,남,60세,상해없음,화물,남,69세,상해없음
2017021200100151,2017년 2월 12일 10시,일요일,부산광역시 동래구 안락동,중상사고,0,1,0,0,차량단독 - 기타,안전운전불이행,건조,맑음,단일로 - 기타,승용,남,76세,중상,,,,
2017021200100152,2017년 2월 12일 10시,일요일,부산광역시 사상구 주례동,중상사고,0,1,1,0,차대차 - 측면충돌,교차로운행방법위반,건조,맑음,교차로 - 교차로안,승용,남,30세,상해없음,승용,남,70세,중상
2017021200100168,2017년 2월 12일 11시,일요일,부산광역시 해운대구 좌동,경상사고,0,0,1,0,차대차 - 추돌,안전운전불이행,건조,맑음,교차로 - 교차로안,승용,여,42세,상해없음,이륜,남,54세,경상
2017021200100182,2017년 2월 12일 12시,일요일,부산광역시 수영구 망미동,경상사고,0,0,2,0,차대차 - 측면충돌,직진우회전진행방해,건조,맑음,교차로 - 교차로안,승용,남,47세,경상,승용,남,52세,경상
2017021200100183,2017년 2월 12일 12시,일요일,부산광역시 사상구 덕포동,부상신고사고,0,0,0,1,차대차 - 기타,안전거리미확보,건조,맑음,교차로 - 교차로안,승합,남,55세,상해없음,승용,남,74세,부상신고
2017021200100203,2017년 2월 12일 13시,일요일,부산광역시 기장군 기장읍,경상사고,0,0,1,0,차대차 - 추돌,직진우회전진행방해,건조,맑음,교차로 - 교차로안,승용,남,23세,상해없음,승합,남,54세,상해없음
2017021200100261,2017년 2월 12일 16시,일요일,부산광역시 중구 중앙동2가,중상사고,0,1,0,0,차대차 - 측면충돌,신호위반,건조,맑음,단일로 - 기타,승용,여,32세,상해없음,이륜,남,59세,중상
2017021200100262,2017년 2월 12일 16시,일요일,부산광역시 부산진구 양정동,경상사고,0,0,1,0,차대차 - 측면충돌,안전운전불이행,건조,맑음,단일로 - 기타,화물,남,52세,상해없음,이륜,남,21세,경상
2017021200100300,2017년 2월 12일 18시,일요일,부산광역시 서구 초장동,중상사고,0,1,0,0,차대차 - 측면충돌,불법유턴,건조,맑음,교차로 - 교차로안,승용,남,58세,상해없음,이륜,남,18세,중상
2017021200100330,2017년 2월 12일 19시,일요일,부산광역시 사하구 하단동,경상사고,0,0,1,0,차대사람 - 횡단중,신호위반,건조,맑음,단일로 - 기타,승용,남,47세,상해없음,보행자,남,47세,경상
2017021200100364,2017년 2월 12일 20시,일요일,부산광역시 해운대구 반여동,경상사고,0,0,1,0,차대차 - 측면충돌,안전거리미확보,건조,맑음,단일로 - 기타,승용,남,54세,상해없음,이륜,남,17세,경상
2017021200100365,2017년 2월 12일 20시,일요일,부산광역시 부산진구 부전동,경상사고,0,0,1,0,차대차 - 측면충돌,신호위반,건조,맑음,교차로 - 교차로안,승용,남,65세,상해없음,원동기,남,18세,경상
2017021200100388,2017년 2월 12일 21시,일요일,부산광역시 사하구 괴정동,경상사고,0,0,1,0,차대사람 - 횡단중,안전운전불이행,건조,맑음,단일로 - 기타,승용,남,59세,상해없음,보행자,여,65세,경상
2017021200100427,2017년 2월 12일 23시,일요일,부산광역시 동래구 온천동,중상사고,0,1,0,0,차대사람 - 기타,안전운전불이행,건조,맑음,단일로 - 기타,원동기,남,16세,상해없음,보행자,남,43세,중상
2017021200100428,2017년 2월 12일 23시,일요일,부산광역시 영도구 동삼동,경상사고,0,0,2,0,차대차 - 측면충돌,신호위반,건조,맑음,교차로 - 교차로안,승용,여,24세,상해없음,승용,남,22세,경상
2017021200100429,2017년 2월 12일 23시,일요일,부산광역시 사상구 모라동,중상사고,0,1,0,0,차대사람 - 횡단중,안전운전불이행,건조,맑음,단일로 - 기타,승용,남,59세,상해없음,보행자,남,35세,중상
2017021300100019,2017년 2월 13일 00시,월요일,부산광역시 사하구 괴정동,경상사고,0,0,1,0,차대차 - 기타,중앙선침범,건조,맑음,단일로 - 기타,승용,여,48세,기타불명,승용,남,65세,경상
2017021300100049,2017년 2월 13일 05시,월요일,부산광역시 영도구 영선동1가,중상사고,0,1,0,0,차대차 - 측면충돌,중앙선침범,건조,맑음,단일로 - 기타,승용,남,63세,상해없음,이륜,남,58세,중상
2017021300100050,2017년 2월 13일 05시,월요일,부산광역시 연제구 연산동,중상사고,0,1,0,0,차대사람 - 횡단중,안전운전불이행,건조,맑음,단일로 - 기타,승용,남,48세,상해없음,보행자,여,58세,중상
2017021300100058,2017년 2월 13일 06시,월요일,부산광역시 동구 좌천동,중상사고,0,1,0,0,차대사람 - 기타,안전운전불이행,건조,맑음,단일로 - 기타,승용,여,26세,상해없음,보행자,여,64세,중상
2017021300100078,2017년 2월 13일 07시,월요일,부산광역시 해운대구 우동,경상사고,0,0,2,0,차대차 - 추돌,안전운전불이행,건조,맑음,단일로 - 교량,승합,남,40세,상해없음,승용,여,45세,경상
2017021300100106,2017년 2월 13일 08시,월요일,부산광역시 남구 대연동,부상신고사고,0,0,0,1,차대차 - 기타,신호위반,건조,맑음,단일로 - 기타,원동기,남,46세,부상신고,승용,여,44세,상해없음
2017021300100107,2017년 2월 13일 08시,월요일,부산광역시 수영구 남천동,경상사고,0,0,1,0,차대차 - 추돌,안전운전불이행,건조,맑음,단일로 - 기타,승용,남,48세,상해없음,승용,남,36세,경상
2017021300100155,2017년 2월 13일 10시,월요일,부산광역시 연제구 거제동,경상사고,0,0,1,0,차대차 - 측면충돌,안전운전불이행,건조,맑음,교차로 - 교차로부근,화물,남,35세,상해없음,승용,남,58세,경상
2017021300100216,2017년 2월 13일 12시,월요일,부산광역시 강서구 신호동,경상사고,0,0,1,0,차대차 - 측면충돌,안전거리미확보,건조,맑음,단일로 - 기타,화물,남,57세,상해없음,승용,여,43세,경상
2017021300100217,2017년 2월 13일 12시,월요일,부산광역시 사상구 엄궁동,경상사고,0,0,1,0,차대차 - 측면충돌,안전거리미확보,건조,맑음,단일로 - 기타,승용,남,22세,상해없음,승용,남,30세,경상
2017021300100242,2017년 2월 13일 13시,월요일,부산광역시 금정구 회동동,경상사고,0,0,1,0,차대차 - 측면충돌,안전운전불이행,건조,맑음,단일로 - 기타,기타불명,기타불명,미분류,기타불명,승용,남,60세,경상
2017021300100271,2017년 2월 13일 14시,월요일,부산광역시 해운대구 송정동,부상신고사고,0,0,0,1,차대차 - 정면충돌,안전거리미확보,건조,맑음,교차로 - 교차로부근,이륜,남,62세,부상신고,승용,여,60세,상해없음
2017021300100300,2017년 2월 13일 15시,월요일,부산광역시 남구 대연동,경상사고,0,0,1,0,차대차 - 추돌,안전운전불이행,건조,맑음,단일로 - 기타,원동기,남,72세,경상,승용,여,31세,상해없음
2017021300100301,2017년 2월 13일 15시,월요일,부산광역시 금정구 구서동,경상사고,0,0,1,0,차대사람 - 기타,안전운전불이행,건조,맑음,교차로 - 교차로부근,승합,남,54세,상해없음,보행자,여,44세,경상
2017021300100302,2017년 2월 13일 15시,월요일,부산광역시 사하구 하단동,중상사고,0,1,0,0,차대차 - 기타,신호위반,건조,맑음,기타 - 기타,원동기,남,69세,중상,화물,남,57세,상해없음
2017021300100328,2017년 2월 13일 16시,월요일,부산광역시 남구 대연동,경상사고,0,0,4,0,차대차 - 측면충돌,안전거리미확보,건조,맑음,단일로 - 기타,승용,여,44세,상해없음,승용,남,19세,경상
2017021300100329,2017년 2월 13일 16시,월요일,부산광역시 부산진구 초읍동,경상사고,0,0,1,0,차대사람 - 기타,안전운전불이행,건조,맑음,교차로 - 교차로부근,승합,남,52세,상해없음,보행자,여,79세,경상
2017021300100350,2017년 2월 13일 17시,월요일,부산광역시 금정구 장전동,중상사고,0,2,0,0,차량단독 - 기타,안전운전불이행,건조,맑음,교차로 - 교차로부근,승합,남,48세,상해없음,,,,
2017021300100351,2017년 2월 13일 17시,월요일,부산광역시 사하구 다대동,경상사고,0,0,1,0,차대사람 - 횡단중,기타,건조,맑음,단일로 - 기타,승용,남,46세,상해없음,보행자,여,11세,경상
2017021300100381,2017년 2월 13일 18시,월요일,부산광역시 수영구 민락동,경상사고,0,0,3,0,차대차 - 측면충돌,교차로운행방법위반,건조,맑음,교차로 - 교차로안,승용,남,62세,경상,승용,여,27세,경상
2017021300100423,2017년 2월 13일 19시,월요일,부산광역시 북구 구포동,경상사고,0,0,1,0,차대차 - 기타,안전거리미확보,건조,맑음,단일로 - 기타,화물,남,57세,상해없음,승용,여,36세,경상
2017021300100473,2017년 2월 13일 20시,월요일,부산광역시 강서구 명지동,경상사고,0,0,1,0,차대차 - 추돌,안전운전불이행,건조,맑음,단일로 - 교량,승용,남,55세,상해없음,화물,남,58세,경상
2017021300100499,2017년 2월 13일 21시,월요일,부산광역시 사상구 감전동,경상사고,0,0,1,0,차대차 - 정면충돌,중앙선침범,건조,맑음,단일로 - 기타,승용,남,58세,상해없음,승용,남,65세,경상
2017021300100536,2017년 2월 13일 22시,월요일,부산광역시 남구 대연동,중상사고,0,1,0,0,차대사람 - 기타,교차로운행방법위반,건조,맑음,기타 - 기타,승용,남,71세,상해없음,보행자,남,60세,중상
2017021300100537,2017년 2월 13일 22시,월요일,부산광역시 사하구 다대동,사망사고,1,1,1,0,차대차 - 정면충돌,중앙선침범,건조,맑음,단일로 - 기타,원동기,남,16세,중상,승용,남,61세,경상
2017021300100556,2017년 2월 13일 23시,월요일,부산광역시 서구 충무동3가,경상사고,0,0,1,1,차대차 - 정면충돌,안전운전불이행,건조,맑음,단일로 - 기타,승용,남,61세,상해없음,이륜,남,16세,경상
2017021300100557,2017년 2월 13일 23시,월요일,부산광역시 동래구 사직동,경상사고,0,0,1,0,차대차 - 추돌,안전운전불이행,건조,맑음,교차로 - 교차로안,승용,남,52세,상해없음,승용,남,34세,경상
2017021400100036,2017년 2월 14일 01시,화요일,부산광역시 금정구 장전동,부상신고사고,0,0,0,1,차대차 - 측면충돌,교차로운행방법위반,건조,맑음,교차로 - 교차로안,승용,남,71세,상해없음,원동기,남,16세,부상신고
2017021400100058,2017년 2월 14일 04시,화요일,부산광역시 부산진구 양정동,사망사고,1,0,0,0,차대사람 - 횡단중,안전운전불이행,건조,맑음,단일로 - 기타,승용,남,51세,상해없음,보행자,남,60세,사망
2017021400100065,2017년 2월 14일 05시,화요일,부산광역시 부산진구 가야동,중상사고,0,1,0,0,차대차 - 측면충돌,안전거리미확보,건조,맑음,단일로 - 기타,승용,남,37세,상해없음,승용,남,53세,중상
2017021400100072,2017년 2월 14일 06시,화요일,부산광역시 사상구 주례동,경상사고,0,0,1,0,차대차 - 측면충돌,안전거리미확보,건조,맑음,단일로 - 기타,승합,남,42세,상해없음,승용,남,45세,경상
2017021400100118,2017년 2월 14일 08시,화요일,부산광역시 금정구 회동동,경상사고,0,0,3,0,차대차 - 측면충돌,안전운전불이행,건조,맑음,단일로 - 기타,승용,남,32세,상해없음,승용,여,41세,경상
2017021400100192,2017년 2월 14일 10시,화요일,부산광역시 수영구 광안동,경상사고,0,0,1,0,차대차 - 기타,차로위반,건조,맑음,단일로 - 기타,승용,남,29세,상해없음,승용,남,66세,경상
2017021400100215,2017년 2월 14일 11시,화요일,부산광역시 부산진구 전포동,경상사고,0,0,2,0,차대차 - 측면충돌,안전운전불이행,건조,맑음,단일로 - 기타,승용,남,31세,상해없음,승용,여,21세,경상
2017021400100216,2017년 2월 14일 11시,화요일,부산광역시 금정구 서동,중상사고,0,1,0,0,차대사람 - 횡단중,안전운전불이행,건조,맑음,교차로 - 교차로부근,승용,여,46세,상해없음,보행자,여,77세,중상
2017021400100241,2017년 2월 14일 12시,화요일,부산광역시 해운대구 우동,경상사고,0,0,1,0,차대차 - 추돌,안전운전불이행,기타,맑음,단일로 - 기타,승용,남,65세,상해없음,화물,남,40세,경상
2017021400100259,2017년 2월 14일 13시,화요일,부산광역시 영도구 봉래동4가,경상사고,0,0,2,0,차대차 - 측면충돌,교차로운행방법위반,건조,맑음,교차로 - 교차로안,승용,남,36세,경상,승용,남,65세,경상
2017021400100260,2017년 2월 14일 13시,화요일,부산광역시 사하구 다대동,중상사고,0,1,1,0,차대차 - 측면충돌,신호위반,건조,맑음,교차로 - 교차로안,승용,여,44세,경상,승용,여,58세,중상
2017021400100293,2017년 2월 14일 14시,화요일,부산광역시 사하구 감천동,경상사고,0,0,1,0,차대사람 - 횡단중,안전운전불이행,건조,맑음,단일로 - 기타,승용,남,49세,상해없음,보행자,남,72세,경상
2017021400100294,2017년 2월 14일 14시,화요일,부산광역시 강서구 송정동,중상사고,0,1,0,0,차대차 - 측면충돌,안전운전불이행,건조,맑음,교차로 - 교차로안,화물,남,41세,상해없음,이륜,남,81세,중상
2017021400100327,2017년 2월 14일 15시,화요일,부산광역시 북구 금곡동,부상신고사고,0,0,0,1,차대차 - 측면충돌,안전운전불이행,건조,맑음,단일로 - 기타,자전거,남,65세,상해없음,자전거,남,74세,부상신고
2017021400100328,2017년 2월 14일 15시,화요일,부산광역시 연제구 거제동,경상사고,0,0,1,0,차대사람 - 횡단중,안전운전불이행,건조,맑음,교차로 - 교차로부근,화물,남,27세,상해없음,보행자,남,58세,경상
2017021400100360,2017년 2월 14일 16시,화요일,부산광역시 사상구 주례동,경상사고,0,0,3,0,차대차 - 측면충돌,차로위반,건조,맑음,단일로 - 기타,승용,남,60세,상해없음,이륜,남,20세,경상
2017021400100394,2017년 2월 14일 17시,화요일,부산광역시 서구 서대신동2가,경상사고,0,0,1,0,차대차 - 추돌,안전운전불이행,건조,맑음,단일로 - 기타,승용,남,46세,상해없음,승용,남,59세,경상
2017021400100395,2017년 2월 14일 17시,화요일,부산광역시 동래구 안락동,경상사고,0,0,1,0,차대차 - 측면충돌,교차로운행방법위반,건조,맑음,교차로 - 교차로안,승용,여,56세,상해없음,원동기,남,31세,경상
2017021400100396,2017년 2월 14일 17시,화요일,부산광역시 영도구 동삼동,경상사고,0,0,1,0,차대차 - 측면충돌,안전운전불이행,건조,맑음,단일로 - 기타,승용,남,78세,상해없음,승용,남,60세,경상
2017021400100397,2017년 2월 14일 17시,화요일,부산광역시 해운대구 중동,경상사고,0,0,1,0,차대차 - 측면충돌,안전거리미확보,건조,맑음,교차로 - 교차로부근,승용,여,46세,상해없음,승용,남,35세,경상
2017021400100422,2017년 2월 14일 18시,화요일,부산광역시 부산진구 양정동,경상사고,0,0,1,0,차대사람 - 횡단중,안전운전불이행,건조,맑음,단일로 - 기타,승용,남,22세,상해없음,보행자,남,51세,경상
2017021400100476,2017년 2월 14일 19시,화요일,부산광역시 북구 화명동,부상신고사고,0,0,0,1,차대사람 - 기타,안전운전불이행,건조,맑음,단일로 - 기타,화물,남,44세,상해없음,보행자,남,35세,부상신고
2017021400100477,2017년 2월 14일 19시,화요일,부산광역시 사하구 장림동,경상사고,0,0,1,0,차대사람 - 횡단중,신호위반,건조,맑음,교차로 - 교차로안,승용,남,51세,상해없음,보행자,남,36세,경상
2017021400100529,2017년 2월 14일 21시,화요일,부산광역시 북구 만덕동,부상신고사고,0,0,0,1,차대차 - 정면충돌,직진우회전진행방해,건조,맑음,교차로 - 교차로안,이륜,남,19세,부상신고,승용,남,36세,상해없음
2017021400100560,2017년 2월 14일 22시,화요일,부산광역시 해운대구 우동,경상사고,0,0,1,0,차대차 - 추돌,안전운전불이행,건조,맑음,교차로 - 교차로부근,승용,남,45세,상해없음,승용,여,29세,경상
2017021400100561,2017년 2월 14일 22시,화요일,부산광역시 사하구 신평동,경상사고,0,0,2,0,차대차 - 기타,안전거리미확보,건조,맑음,단일로 - 기타,승용,남,52세,상해없음,승용,남,34세,경상
2017021400100584,2017년 2월 14일 23시,화요일,부산광역시 금정구 구서동,경상사고,0,0,1,0,차대차 - 추돌,안전거리미확보,건조,맑음,단일로 - 기타,기타불명,기타불명,미분류,기타불명,승용,남,61세,상해없음