사고번호,사고일시,요일,시군구,사고내용,사망자수,중상자수,경상자수,부상신고자수,사고유형,법규위반,노면상태,기상상태,도로형태,가해운전자 차종,가해운전자 성별,가해운전자 연령,가해운전자 상해정도,피해운전자 차종,피해운전자 성별,피해운전자 연령,피해운전자 상해정도
2017022300100354,2017년 2월 23일 17시,목요일,부산광역시 북구 화명동,경상사고,0,0,1,0,차대차 - 기타,안전거리미확보,건조,맑음,단일로 - 기타,승합,남,55세,상해없음,승용,여,47세,경상
2017022300100355,2017년 2월 23일 17시,목요일,부산광역시 사하구 신평동,중상사고,0,1,0,0,차대차 - 측면충돌,안전운전불이행,건조,맑음,기타 - 기타,자전거,남,56세,중상,승용,남,56세,상해없음
2017022300100420,2017년 2월 23일 19시,목요일,부산광역시 남구 대연동,경상사고,0,0,1,0,차대차 - 기타,신호위반,건조,맑음,단일로 - 기타,승용,남,41세,상해없음,이륜,남,23세,경상
2017022300100421,2017년 2월 23일 19시,목요일,부산광역시 부산진구 부전동,경상사고,0,0,1,0,차대차 - 추돌,안전거리미확보,건조,맑음,단일로 - 기타,승용,여,46세,경상,승용,남,35세,상해없음
2017022300100422,2017년 2월 23일 19시,목요일,부산광역시 수영구 망미동,경상사고,0,0,1,0,차대차 - 추돌,안전운전불이행,건조,맑음,단일로 - 기타,승용,남,58세,상해없음,화물,남,41세,경상
2017022300100423,2017년 2월 23일 19시,목요일,부산광역시 사상구 주례동,중상사고,0,1,0,0,차대사람 - 횡단중,안전운전불이행,건조,맑음,교차로 - 교차로안,승용,남,60세,상해없음,보행자,여,62세,중상
2017022300100455,2017년 2월 23일 20시,목요일,부산광역시 금정구 장전동,경상사고,0,0,1,0,차대차 - 측면충돌,직진우회전진행방해,건조,맑음,교차로 - 교차로안,승용,남,39세,상해없음,이륜,남,20세,경상
2017022300100486,2017년 2월 23일 21시,목요일,부산광역시 금정구 장전동,경상사고,0,0,2,0,차대차 - 측면충돌,중앙선침범,건조,맑음,단일로 - 기타,승용,남,26세,상해없음,승용,남,61세,경상
2017022300100524,2017년 2월 23일 22시,목요일,부산광역시 동래구 사직동,중상사고,0,1,0,0,차대차 - 추돌,안전거리미확보,건조,맑음,단일로 - 기타,화물,남,54세,상해없음,승용,남,59세,중상
2017022300100545,2017년 2월 23일 23시,목요일,부산광역시 금정구 청룡동,중상사고,0,1,0,0,차대차 - 정면충돌,중앙선침범,건조,맑음,단일로 - 기타,승용,남,22세,상해없음,승용,여,53세,중상
2017022400100038,2017년 2월 24일 02시,금요일,부산광역시 사상구 주례동,중상사고,0,1,0,0,차대사람 - 기타,안전운전불이행,건조,맑음,단일로 - 기타,승용,남,40세,상해없음,보행자,남,58세,중상
2017022400100109,2017년 2월 24일 08시,금요일,부산광역시 영도구 청학동,경상사고,0,0,2,0,차대차 - 추돌,안전운전불이행,건조,맑음,단일로 - 기타,승용,남,32세,상해없음,승용,남,64세,경상
2017022400100131,2017년 2월 24일 09시,금요일,부산광역시 사상구 감전동,경상사고,0,0,1,0,차대차 - 측면충돌,안전거리미확보,건조,맑음,단일로 - 기타,승용,남,57세,상해없음,이륜,남,33세,경상
2017022400100190,2017년 2월 24일 11시,금요일,부산광역시 동래구 온천동,중상사고,0,1,0,0,차대차 - 측면충돌,안전운전불이행,건조,맑음,단일로 - 기타,이륜,남,22세,중상,승용,남,64세,상해없음
2017022400100226,2017년 2월 24일 12시,금요일,부산광역시 연제구 거제동,중상사고,0,1,0,0,차대차 - 측면충돌,신호위반,건조,맑음,교차로 - 교차로안,승용,남,53세,상해없음,승용,여,37세,중상
2017022400100227,2017년 2월 24일 12시,금요일,부산광역시 연제구 연산동,중상사고,0,1,0,0,차대차 - 측면충돌,직진우회전진행방해,건조,맑음,단일로 - 기타,승용,남,46세,상해없음,승용,남,57세,상해없음
2017022400100257,2017년 2월 24일 13시,금요일,부산광역시 부산진구 전포동,중상사고,0,1,0,0,차대차 - 측면충돌,기타,건조,맑음,단일로 - 기타,승용,남,54세,상해없음,이륜,남,52세,중상
2017022400100258,2017년 2월 24일 13시,금요일,부산광역시 부산진구 범천동,중상사고,0,1,0,0,차대차 - 기타,안전거리미확보,건조,맑음,단일로 - 기타,승용,여,33세,상해없음,승용,남,34세,중상
2017022400100282,2017년 2월 24일 14시,금요일,부산광역시 중구 남포동5가,경상사고,0,0,1,0,차대차 - 측면충돌,기타,건조,맑음,단일로 - 기타,승용,남,58세,상해없음,이륜,남,58세,경상
2017022400100283,2017년 2월 24일 14시,금요일,부산광역시 동래구 안락동,경상사고,0,0,3,0,차대차 - 추돌,안전거리미확보,건조,맑음,교차로 - 교차로부근,승용,남,58세,상해없음,승용,남,45세,경상
2017022400100284,2017년 2월 24일 14시,금요일,부산광역시 해운대구 우동,경상사고,0,0,1,0,차대차 - 기타,신호위반,건조,맑음,교차로 - 교차로안,승용,남,22세,상해없음,이륜,남,72세,경상
2017022400100314,2017년 2월 24일 15시,금요일,부산광역시 북구 덕천동,경상사고,0,0,1,1,차대차 - 기타,안전운전불이행,건조,맑음,단일로 - 기타,승용,여,66세,경상,화물,남,41세,부상신고
2017022400100315,2017년 2월 24일 15시,금요일,부산광역시 동래구 온천동,경상사고,0,0,1,0,차대차 - 측면충돌,신호위반,건조,맑음,교차로 - 교차로안,원동기,남,63세,상해없음,승용,여,32세,경상
2017022400100316,2017년 2월 24일 15시,금요일,부산광역시 동래구 안락동,중상사고,0,1,0,0,차대사람 - 횡단중,보행자보호의무위반,건조,맑음,교차로 - 교차로횡단보도내,승용,남,46세,상해없음,보행자,여,55세,중상
2017022400100348,2017년 2월 24일 16시,금요일,부산광역시 서구 남부민동,경상사고,0,0,1,0,차대차 - 기타,안전운전불이행,건조,맑음,교차로 - 교차로부근,원동기,여,48세,경상,승합,남,56세,상해없음
2017022400100379,2017년 2월 24일 17시,금요일,부산광역시 동래구 사직동,경상사고,0,0,1,0,차대사람 - 횡단중,안전운전불이행,건조,맑음,단일로 - 기타,승용,여,34세,상해없음,보행자,여,16세,경상
2017022400100410,2017년 2월 24일 18시,금요일,부산광역시 남구 문현동,경상사고,0,0,1,0,차대차 - 측면충돌,안전운전불이행,건조,맑음,단일로 - 기타,승용,남,64세,상해없음,승용,여,46세,경상
2017022400100411,2017년 2월 24일 18시,금요일,부산광역시 해운대구 재송동,중상사고,0,1,0,0,차대사람 - 횡단중,보행자보호의무위반,건조,맑음,교차로 - 교차로안,승용,여,50세,상해없음,보행자,여,80세,중상
2017022400100412,2017년 2월 24일 18시,금요일,부산광역시 부산진구 양정동,경상사고,0,0,2,0,차대차 - 기타,안전거리미확보,건조,맑음,단일로 - 기타,승합,기타불명,미분류,기타불명,승합,남,36세,경상
2017022400100457,2017년 2월 24일 19시,금요일,부산광역시 북구 금곡동,중상사고,0,1,0,0,차대차 - 정면충돌,안전운전불이행,건조,맑음,교차로 - 교차로부근,건설기계,남,58세,상해없음,화물,남,49세,중상
2017022400100458,2017년 2월 24일 19시,금요일,부산광역시 부산진구 부암동,경상사고,0,0,1,0,차대차 - 정면충돌,안전운전불이행,건조,맑음,교차로 - 교차로부근,승용,남,56세,상해없음,원동기,남,59세,경상
2017022400100459,2017년 2월 24일 19시,금요일,부산광역시 사상구 모라동,경상사고,0,0,1,1,차대차 - 측면충돌,교차로운행방법위반,건조,맑음,교차로 - 교차로부근,승용,남,63세,상해없음,승용,남,41세,경상
2017022400100496,2017년 2월 24일 20시,금요일,부산광역시 사상구 모라동,경상사고,0,0,1,0,차대사람 - 보도통행중,기타,건조,맑음,기타 - 기타,원동기,기타불명,미분류,기타불명,보행자,여,46세,경상
2017022400100521,2017년 2월 24일 21시,금요일,부산광역시 수영구 민락동,부상신고사고,0,0,0,1,차대사람 - 보도통행중,보행자보호의무위반,건조,맑음,단일로 - 기타,자전거,남,27세,상해없음,보행자,여,26세,부상신고
2017022400100522,2017년 2월 24일 21시,금요일,부산광역시 해운대구 우동,중상사고,0,1,0,0,차대사람 - 횡단중,안전운전불이행,건조,맑음,단일로 - 기타,자전거,남,16세,중상,보행자,남,13세,상해없음
2017022400100523,2017년 2월 24일 21시,금요일,부산광역시 연제구 연산동,경상사고,0,0,1,0,차대사람 - 횡단중,보행자보호의무위반,건조,맑음,단일로 - 기타,승용,남,58세,상해없음,보행자,남,61세,경상
2017022400100550,2017년 2월 24일 22시,금요일,부산광역시 중구 남포동1가,경상사고,0,0,1,1,차대차 - 측면충돌,차로위반,건조,맑음,단일로 - 기타,승용,남,25세,상해없음,승용,남,61세,경상
2017022400100551,2017년 2월 24일 22시,금요일,부산광역시 동구 초량동,경상사고,0,0,2,0,차대차 - 측면충돌,안전운전불이행,건조,맑음,기타 - 기타,승용,남,51세,상해없음,승용,남,57세,경상
2017022400100580,2017년 2월 24일 23시,금요일,부산광역시 사상구 괘법동,경상사고,0,0,2,0,차대차 - 추돌,안전운전불이행,건조,맑음,단일로 - 기타,승합,남,66세,상해없음,승용,남,45세,경상
2017022500100016,2017년 2월 25일 00시,토요일,부산광역시 동구 범일동,경상사고,0,0,3,0,차대차 - 기타,안전운전불이행,건조,맑음,기타 - 기타,승용,남,35세,상해없음,승용,남,62세,경상
2017022500100017,2017년 2월 25일 00시,토요일,부산광역시 북구 금곡동,경상사고,0,0,1,0,차대차 - 정면충돌,안전운전불이행,건조,맑음,교차로 - 교차로부근,승용,남,27세,상해없음,승용,여,27세,경상
2017022500100018,2017년 2월 25일 00시,토요일,부산광역시 강서구 송정동,경상사고,0,0,1,0,차대차 - 기타,신호위반,건조,맑음,교차로 - 교차로안,승용,여,34세,상해없음,승용,여,27세,경상
2017022500100019,2017년 2월 25일 00시,토요일,부산광역시 사상구 괘법동,중상사고,0,1,0,0,차대차 - 추돌,안전운전불이행,건조,맑음,단일로 - 기타,승용,남,51세,상해없음,원동기,남,16세,중상
2017022500100057,2017년 2월 25일 02시,토요일,부산광역시 동래구 낙민동,경상사고,0,0,2,0,차대차 - 추돌,안전운전불이행,건조,맑음,단일로 - 기타,승용,여,37세,상해없음,승용,남,33세,경상
2017022500100058,2017년 2월 25일 02시,토요일,부산광역시 강서구 대저2동,중상사고,0,1,0,0,차대차 - 추돌,안전운전불이행,건조,맑음,단일로 - 기타,승용,남,42세,상해없음,승용,남,35세,중상
2017022500100071,2017년 2월 25일 03시,토요일,부산광역시 남구 우암동,사망사고,1,0,0,0,차대사람 - 횡단중,안전운전불이행,건조,맑음,교차로 - 교차로부근,화물,남,39세,상해없음,보행자,남,29세,사망
2017022500100087,2017년 2월 25일 04시,토요일,부산광역시 북구 화명동,경상사고,0,0,2,0,차대차 - 정면충돌,안전운전불이행,건조,맑음,교차로 - 교차로부근,승용,남,38세,상해없음,승용,남,65세,경상
2017022500100112,2017년 2월 25일 06시,토요일,부산광역시 동구 범일동,경상사고,0,0,1,0,차대차 - 기타,안전운전불이행,건조,맑음,단일로 - 기타,화물,남,50세,상해없음,승용,남,37세,경상
2017022500100113,2017년 2월 25일 06시,토요일,부산광역시 연제구 연산동,부상신고사고,0,0,0,1,차대사람 - 횡단중,안전운전불이행,건조,맑음,교차로 - 교차로부근,승용,남,72세,상해없음,보행자,남,21세,부상신고
2017022500100149,2017년 2월 25일 08시,토요일,부산광역시 동래구 온천동,중상사고,0,1,2,0,차대차 - 측면충돌,차로위반,건조,맑음,교차로 - 교차로부근,승용,남,64세,상해없음,화물,남,62세,상해없음
2017022500100150,2017년 2월 25일 08시,토요일,부산광역시 사상구 모라동,중상사고,0,1,0,0,차대차 - 측면충돌,교차로운행방법위반,건조,맑음,단일로 - 기타,화물,남,58세,상해없음,승합,남,54세,상해없음
2017022500100176,2017년 2월 25일 09시,토요일,부산광역시 동래구 명륜동,중상사고,0,1,0,0,차대사람 - 횡단중,안전운전불이행,건조,맑음,단일로 - 기타,승용,남,39세,상해없음,보행자,여,63세,중상
2017022500100198,2017년 2월 25일 10시,토요일,부산광역시 연제구 연산동,경상사고,0,0,1,0,차대사람 - 기타,안전운전불이행,건조,맑음,단일로 - 기타,화물,남,54세,상해없음,보행자,여,65세,경상
2017022500100229,2017년 2월 25일 11시,토요일,부산광역시 남구 대연동,경상사고,0,0,1,0,차대사람 - 길가장자리구역통행중,안전운전불이행,건조,맑음,단일로 - 기타,승용,남,59세,상해없음,보행자,여,77세,경상
2017022500100230,2017년 2월 25일 11시,토요일,부산광역시 사상구 모라동,중상사고,0,1,0,1,차대차 - 정면충돌,안전운전불이행,건조,맑음,단일로 - 기타,자전거,남,58세,부상신고,자전거,남,69세,중상
2017022500100258,2017년 2월 25일 12시,토요일,부산광역시 중구 남포동5가,경상사고,0,0,1,0,차대차 - 기타,기타,건조,맑음,단일로 - 기타,승용,남,62세,상해없음,이륜,남,55세,경상
2017022500100259,2017년 2월 25일 12시,토요일,부산광역시 연제구 연산동,경상사고,0,0,1,0,차대차 - 측면충돌,교차로운행방법위반,건조,맑음,교차로 - 교차로안,승용,남,34세,상해없음,화물,남,30세,경상
2017022500100294,2017년 2월 25일 13시,토요일,부산광역시 부산진구 양정동,중상사고,0,2,0,0,차대차 - 측면충돌,안전거리미확보,건조,맑음,단일로 - 기타,건설기계,남,55세,상해없음,승용,남,31세,중상
2017022500100307,2017년 2월 25일 14시,토요일,부산광역시 영도구 대교동2가,중상사고,0,2,3,0,차대차 - 측면충돌,교차로운행방법위반,건조,맑음,교차로 - 교차로안,승용,남,55세,상해없음,승합,남,57세,상해없음
2017022500100308,2017년 2월 25일 14시,토요일,부산광역시 수영구 망미동,경상사고,0,0,1,0,차대사람 - 길가장자리구역통행중,안전운전불이행,건조,맑음,교차로 - 교차로부근,승용,남,49세,상해없음,보행자,여,56세,경상
2017022500100334,2017년 2월 25일 15시,토요일,부산광역시 서구 부용동2가,경상사고,0,0,7,0,차대차 - 측면충돌,교차로운행방법위반,건조,맑음,교차로 - 교차로안,승용,남,25세,경상,승합,남,71세,경상
2017022500100335,2017년 2월 25일 15시,토요일,부산광역시 기장군 정관읍,중상사고,0,1,0,0,차대사람 - 횡단중,안전운전불이행,건조,맑음,단일로 - 기타,승용,여,43세,상해없음,보행자,남,5세,중상
2017022500100380,2017년 2월 25일 16시,토요일,부산광역시 북구 금곡동,경상사고,0,0,1,0,차대차 - 추돌,안전거리미확보,건조,맑음,단일로 - 기타,승용,남,60세,상해없음,원동기,남,18세,경상
2017022500100381,2017년 2월 25일 16시,토요일,부산광역시 해운대구 반여동,부상신고사고,0,0,0,2,차대차 - 기타,안전운전불이행,건조,맑음,교차로 - 교차로안,승용,남,32세,상해없음,승용,여,42세,부상신고
2017022500100414,2017년 2월 25일 17시,토요일,부산광역시 동구 수정동,경상사고,0,0,1,0,차대사람 - 길가장자리구역통행중,안전운전불이행,건조,맑음,단일로 - 기타,승용,남,42세,상해없음,보행자,여,22세,경상
2017022500100415,2017년 2월 25일 17시,토요일,부산광역시 강서구 범방동,경상사고,0,0,1,0,차대차 - 추돌,안전거리미확보,건조,맑음,단일로 - 기타,승용,여,55세,상해없음,이륜,남,29세,경상
2017022500100454,2017년 2월 25일 18시,토요일,부산광역시 영도구 동삼동,경상사고,0,0,1,0,차대차 - 기타,안전운전불이행,건조,맑음,단일로 - 기타,승합,남,57세,상해없음,원동기,남,31세,경상
2017022500100455,2017년 2월 25일 18시,토요일,부산광역시 해운대구 반여동,경상사고,0,0,1,1,차대차 - 정면충돌,직진우회전진행방해,건조,맑음,교차로 - 교차로안,이륜,남,20세,경상,승용,남,31세,상해없음
2017022500100481,2017년 2월 25일 19시,토요일,부산광역시 수영구 수영동,경상사고,0,0,1,0,차대사람 - 기타,안전운전불이행,건조,맑음,단일로 - 기타,승용,남,68세,상해없음,보행자,남,58세,경상
2017022500100527,2017년 2월 25일 21시,토요일,부산광역시 동래구 사직동,부상신고사고,0,0,0,1,차대차 - 측면충돌,중앙선침범,건조,맑음,단일로 - 기타,이륜,남,23세,상해없음,이륜,남,17세,부상신고
2017022500100528,2017년 2월 25일 21시,토요일,부산광역시 금정구 부곡동,부상신고사고,0,0,0,2,차대차 - 측면충돌,안전운전불이행,건조,맑음,단일로 - 기타,승용,남,52세,상해없음,원동기,남,19세,부상신고
2017022500100529,2017년 2월 25일 21시,토요일,부산광역시 강서구 명지동,경상사고,0,0,3,0,차대차 - 측면충돌,교차로운행방법위반,건조,맑음,교차로 - 교차로안,승용,남,49세,상해없음,승용,남,36세,경상
2017022500100546,2017년 2월 25일 22시,토요일,부산광역시 부산진구 범천동,중상사고,0,2,1,0,차대차 - 측면충돌,신호위반,건조,맑음,교차로 - 교차로안,승합,여,46세,상해없음,승용,남,64세,상해없음
2017022500100547,2017년 2월 25일 22시,토요일,부산광역시 해운대구 석대동,경상사고,0,0,1,0,차량단독 - 전도전복 - 전도,안전운전불이행,건조,맑음,단일로 - 고가도로위,승용,남,24세,상해없음,,,,
2017022500100578,2017년 2월 25일 23시,토요일,부산광역시 사상구 감전동,중상사고,0,1,0,0,차대사람 - 길가장자리구역통행중,안전운전불이행,건조,맑음,단일로 - 기타,화물,남,55세,상해없음,보행자,남,54세,중상
2017022600100013,2017년 2월 26일 00시,일요일,부산광역시 남구 대연동,중상사고,0,1,0,1,차대차 - 추돌,안전운전불이행,건조,맑음,교차로 - 교차로부근,승합,남,30세,부상신고,승용,남,54세,중상
2017022600100077,2017년 2월 26일 04시,일요일,부산광역시 사상구 괘법동,중상사고,0,1,0,0,차대사람 - 횡단중,안전운전불이행,건조,맑음,단일로 - 기타,승용,남,61세,상해없음,보행자,남,53세,중상
2017022600100124,2017년 2월 26일 08시,일요일,부산광역시 부산진구 당감동,중상사고,0,1,0,0,차대차 - 정면충돌,안전운전불이행,건조,맑음,단일로 - 기타,이륜,남,62세,중상,승용,남,30세,상해없음
2017022600100125,2017년 2월 26일 08시,일요일,부산광역시 사상구 학장동,중상사고,0,1,0,1,차대차 - 측면충돌,교차로운행방법위반,건조,맑음,교차로 - 교차로안,승용,여,65세,중상,승용,남,53세,부상신고
2017022600100137,2017년 2월 26일 09시,일요일,부산광역시 동래구 명륜동,경상사고,0,0,1,0,차대차 - 추돌,안전운전불이행,건조,맑음,교차로 - 교차로부근,승용,남,54세,상해없음,승용,여,34세,경상
2017022600100147,2017년 2월 26일 10시,일요일,부산광역시 중구 신창동3가,경상사고,0,0,1,0,차대사람 - 기타,안전운전불이행,건조,맑음,단일로 - 기타,승용,여,55세,기타불명,보행자,남,72세,경상
2017022600100148,2017년 2월 26일 10시,일요일,부산광역시 금정구 부곡동,경상사고,0,0,2,0,차대차 - 측면충돌,중앙선침범,건조,맑음,단일로 - 기타,화물,남,36세,상해없음,승용,남,41세,경상
2017022600100173,2017년 2월 26일 12시,일요일,부산광역시 서구 남부민동,경상사고,0,0,1,0,차대차 - 추돌,안전거리미확보,건조,맑음,단일로 - 기타,승용,남,66세,상해없음,승용,남,33세,상해없음
2017022600100174,2017년 2월 26일 12시,일요일,부산광역시 동래구 사직동,경상사고,0,0,1,0,차대사람 - 횡단중,보행자보호의무위반,건조,맑음,단일로 - 기타,승용,여,44세,상해없음,보행자,남,69세,경상
2017022600100175,2017년 2월 26일 12시,일요일,부산광역시 동래구 수안동,경상사고,0,0,2,0,차대차 - 측면충돌,안전거리미확보,건조,맑음,단일로 - 기타,승용,남,58세,상해없음,승용,여,28세,경상
2017022600100176,2017년 2월 26일 12시,일요일,부산광역시 해운대구 우동,경상사고,0,0,2,0,차대차 - 측면충돌,안전거리미확보,건조,맑음,단일로 - 기타,화물,남,24세,상해없음,승용,여,30세,경상
2017022600100177,2017년 2월 26일 12시,일요일,부산광역시 해운대구 석대동,중상사고,0,1,0,1,차량단독 - 공작물충돌,안전운전불이행,건조,맑음,단일로 - 기타,승용,남,22세,부상신고,,,,
2017022600100178,2017년 2월 26일 12시,일요일,부산광역시 부산진구 당감동,경상사고,0,0,1,0,차대차 - 추돌,기타,건조,맑음,교차로 - 교차로부근,승용,남,35세,상해없음,승용,남,67세,경상
2017022600100179,2017년 2월 26일 12시,일요일,부산광역시 사하구 신평동,경상사고,0,0,2,0,차대차 - 후진중충돌,안전운전불이행,건조,맑음,단일로 - 기타,승용,여,46세,상해없음,승용,여,41세,경상
2017022600100180,2017년 2월 26일 12시,일요일,부산광역시 기장군 철마면,경상사고,0,0,1,0,차대차 - 측면충돌,안전운전불이행,건조,맑음,단일로 - 기타,승용,남,57세,상해없음,승용,남,48세,경상
2017022600100198,2017년 2월 26일 13시,일요일,부산광역시 남구 대연동,중상사고,0,1,0,0,차대차 - 기타,안전운전불이행,건조,맑음,단일로 - 터널,승용,여,37세,상해없음,승용,여,50세,중상
2017022600100199,2017년 2월 26일 13시,일요일,부산광역시 영도구 동삼동,부상신고사고,0,0,0,1,차량단독 - 전도전복 - 전복,안전운전불이행,건조,맑음,단일로 - 기타,승용,여,53세,부상신고,,,,
2017022600100200,2017년 2월 26일 13시,일요일,부산광역시 해운대구 반송동,경상사고,0,0,1,0,차대차 - 정면충돌,안전운전불이행,건조,맑음,단일로 - 기타,승용,남,25세,상해없음,이륜,남,68세,경상
2017022600100201,2017년 2월 26일 13시,일요일,부산광역시 사하구 당리동,경상사고,0,0,1,0,차대차 - 정면충돌,안전운전불이행,건조,맑음,단일로 - 기타,승용,남,45세,상해없음,이륜,남,33세,경상
2017022600100220,2017년 2월 26일 14시,일요일,부산광역시 해운대구 중동,경상사고,0,0,1,0,차대차 - 후진중충돌,안전운전불이행,건조,맑음,교차로 - 교차로부근,승용,남,49세,상해없음,승용,남,25세,경상
2017022600100221,2017년 2월 26일 14시,일요일,부산광역시 부산진구 개금동,중상사고,0,1,0,0,차대사람 - 횡단중,안전운전불이행,건조,맑음,단일로 - 기타,승용,여,47세,상해없음,보행자,남,48세,중상
2017022600100234,2017년 2월 26일 15시,일요일,부산광역시 부산진구 가야동,경상사고,0,0,2,0,차대차 - 측면충돌,교차로운행방법위반,건조,맑음,교차로 - 교차로안,승용,여,53세,상해없음,승용,여,35세,경상
2017022600100235,2017년 2월 26일 15시,일요일,부산광역시 연제구 연산동,부상신고사고,0,0,0,1,차대사람 - 기타,안전운전불이행,건조,맑음,단일로 - 기타,승용,남,53세,상해없음,보행자,여,45세,부상신고
2017022600100288,2017년 2월 26일 17시,일요일,부산광역시 사하구 당리동,경상사고,0,0,1,0,차대사람 - 횡단중,신호위반,건조,맑음,단일로 - 기타,이륜,남,17세,상해없음,보행자,여,55세,경상
2017022600100319,2017년 2월 26일 18시,일요일,부산광역시 사하구 장림동,경상사고,0,0,1,0,차대차 - 측면충돌,교차로운행방법위반,건조,맑음,기타 - 기타,승용,남,58세,상해없음,원동기,여,60세,경상
2017022600100364,2017년 2월 26일 20시,일요일,부산광역시 금정구 구서동,경상사고,0,0,2,0,차대차 - 측면충돌,안전거리미확보,건조,맑음,단일로 - 기타,승용,남,32세,상해없음,원동기,남,18세,경상
2017022600100365,2017년 2월 26일 20시,일요일,부산광역시 연제구 연산동,중상사고,0,2,3,0,차대차 - 측면충돌,안전운전불이행,건조,맑음,단일로 - 기타,승용,남,31세,상해없음,승용,남,59세,경상
2017022600100366,2017년 2월 26일 20시,일요일,부산광역시 사상구 학장동,경상사고,0,0,2,0,차대차 - 측면충돌,차로위반,건조,맑음,단일로 - 기타,승용,남,24세,상해없음,승용,남,30세,경상
2017022600100367,2017년 2월 26일 20시,일요일,부산광역시 기장군 정관읍,중상사고,0,2,1,0,차대차 - 추돌,안전운전불이행,건조,맑음,교차로 - 교차로부근,승용,남,22세,상해없음,승용,남,44세,중상
2017022600100394,2017년 2월 26일 21시,일요일,부산광역시 남구 용호동,중상사고,0,1,0,0,차대사람 - 기타,기타,건조,맑음,단일로 - 기타,승용,남,64세,상해없음,보행자,남,4세,중상
2017022600100395,2017년 2월 26일 21시,일요일,부산광역시 영도구 봉래동2가,경상사고,0,0,1,0,차대차 - 측면충돌,안전운전불이행,건조,맑음,단일로 - 기타,승용,남,62세,상해없음,이륜,남,19세,경상
2017022600100419,2017년 2월 26일 22시,일요일,부산광역시 사상구 덕포동,부상신고사고,0,0,0,1,차대차 - 측면충돌,신호위반,건조,맑음,교차로 - 교차로안,이륜,남,54세,부상신고,승용,남,61세,상해없음
2017022700100019,2017년 2월 27일 00시,월요일,부산광역시 동래구 온천동,경상사고,0,0,4,0,차대차 - 측면충돌,안전운전불이행,건조,맑음,단일로 - 기타,승용,남,25세,상해없음,승용,남,32세,경상
2017022700100083,2017년 2월 27일 07시,월요일,부산광역시 북구 덕천동,경상사고,0,0,1,0,차대차 - 측면충돌,교차로운행방법위반,건조,맑음,교차로 - 교차로안,승용,남,54세,상해없음,승용,여,36세,경상
2017022700100084,2017년 2월 27일 07시,월요일,부산광역시 사상구 괘법동,중상사고,0,1,0,0,차대사람 - 횡단중,안전운전불이행,건조,맑음,단일로 - 기타,승용,남,55세,상해없음,보행자,남,42세,중상
2017022700100111,2017년 2월 27일 08시,월요일,부산광역시 부산진구 개금동,경상사고,0,0,1,1,차대차 - 측면충돌,신호위반,건조,맑음,교차로 - 교차로안,승용,남,43세,상해없음,승용,남,47세,경상
2017022700100112,2017년 2월 27일 08시,월요일,부산광역시 기장군 기장읍,경상사고,0,0,1,0,차대차 - 기타,안전운전불이행,건조,맑음,교차로 - 교차로안,승용,남,59세,상해없음,이륜,남,44세,경상
2017022700100162,2017년 2월 27일 10시,월요일,부산광역시 사하구 신평동,경상사고,0,0,1,0,차대사람 - 횡단중,신호위반,건조,맑음,교차로 - 교차로안,화물,남,66세,상해없음,보행자,남,26세,경상
2017022700100219,2017년 2월 27일 12시,월요일,부산광역시 해운대구 우동,중상사고,0,1,0,0,차대사람 - 횡단중,신호위반,건조,맑음,단일로 - 기타,승합,남,24세,상해없음,보행자,남,17세,중상
2017022700100220,2017년 2월 27일 12시,월요일,부산광역시 부산진구 초읍동,경상사고,0,0,1,0,차량단독 - 기타,기타,건조,맑음,단일로 - 기타,승합,남,55세,상해없음,,,,
2017022700100221,2017년 2월 27일 12시,월요일,부산광역시 사상구 괘법동,경상사고,0,0,1,0,차대사람 - 횡단중,안전운전불이행,건조,맑음,단일로 - 기타,화물,남,66세,상해없음,보행자,여,72세,경상
2017022700100253,2017년 2월 27일 13시,월요일,부산광역시 동구 수정동,경상사고,0,0,1,0,차대차 - 기타,안전운전불이행,건조,맑음,단일로 - 기타,자전거,남,73세,경상,승용,남,57세,상해없음
2017022700100254,2017년 2월 27일 13시,월요일,부산광역시 수영구 남천동,부상신고사고,0,0,0,1,차량단독 - 기타,안전운전불이행,건조,맑음,단일로 - 기타,승용,남,62세,상해없음,,,,
2017022700100255,2017년 2월 27일 13시,월요일,부산광역시 동래구 수안동,중상사고,0,1,0,0,차대차 - 측면충돌,안전거리미확보,건조,맑음,단일로 - 기타,자전거,남,82세,중상,승용,남,34세,상해없음
2017022700100256,2017년 2월 27일 13시,월요일,부산광역시 해운대구 송정동,중상사고,0,2,0,0,차대차 - 정면충돌,안전거리미확보,건조,맑음,교차로 - 교차로부근,승용,남,71세,상해없음,승용,여,45세,중상
2017022700100288,2017년 2월 27일 14시,월요일,부산광역시 동구 수정동,중상사고,0,1,1,0,차대차 - 추돌,안전운전불이행,건조,맑음,단일로 - 기타,승합,남,60세,상해없음,승용,남,31세,상해없음
2017022700100289,2017년 2월 27일 14시,월요일,부산광역시 부산진구 연지동,경상사고,0,0,1,0,차대차 - 추돌,안전운전불이행,젖음/습기,비,단일로 - 기타,승용,남,48세,상해없음,승용,남,40세,경상