사고번호,사고일시,요일,시군구,사고내용,사망자수,중상자수,경상자수,부상신고자수,사고유형,법규위반,노면상태,기상상태,도로형태,가해운전자 차종,가해운전자 성별,가해운전자 연령,가해운전자 상해정도,피해운전자 차종,피해운전자 성별,피해운전자 연령,피해운전자 상해정도
2017022700100316,2017년 2월 27일 15시,월요일,부산광역시 북구 화명동,경상사고,0,0,1,0,차대차 - 정면충돌,안전거리미확보,건조,맑음,단일로 - 기타,화물,남,47세,상해없음,승용,여,63세,경상
2017022700100317,2017년 2월 27일 15시,월요일,부산광역시 금정구 남산동,경상사고,0,0,1,0,차대사람 - 횡단중,안전운전불이행,젖음/습기,비,단일로 - 기타,승용,여,20세,상해없음,보행자,남,10세,경상
2017022700100318,2017년 2월 27일 15시,월요일,부산광역시 사하구 당리동,경상사고,0,0,3,0,차대차 - 기타,신호위반,건조,맑음,기타 - 기타,건설기계,남,38세,상해없음,승용,남,39세,경상
2017022700100319,2017년 2월 27일 15시,월요일,부산광역시 연제구 거제동,경상사고,0,0,1,0,차대차 - 추돌,안전운전불이행,건조,맑음,단일로 - 기타,승용,남,73세,기타불명,화물,남,54세,경상
2017022700100350,2017년 2월 27일 16시,월요일,부산광역시 동구 수정동,경상사고,0,0,1,0,차대사람 - 보도통행중,기타,건조,맑음,기타 - 기타,승용,여,31세,상해없음,보행자,여,67세,경상
2017022700100351,2017년 2월 27일 16시,월요일,부산광역시 사하구 당리동,경상사고,0,0,1,0,차대차 - 측면충돌,안전거리미확보,건조,맑음,단일로 - 기타,이륜,여,27세,경상,화물,남,56세,상해없음
2017022700100352,2017년 2월 27일 16시,월요일,부산광역시 강서구 대저1동,중상사고,0,1,0,0,차대차 - 측면충돌,안전운전불이행,건조,맑음,교차로 - 교차로부근,화물,남,51세,상해없음,승용,남,59세,중상
2017022700100388,2017년 2월 27일 17시,월요일,부산광역시 동구 범일동,중상사고,0,1,0,0,차대사람 - 횡단중,안전운전불이행,건조,맑음,단일로 - 기타,승합,남,61세,상해없음,보행자,남,77세,중상
2017022700100389,2017년 2월 27일 17시,월요일,부산광역시 영도구 영선동1가,경상사고,0,0,1,0,차대차 - 측면충돌,안전운전불이행,건조,맑음,교차로 - 교차로부근,승용,남,66세,상해없음,승용,남,31세,경상
2017022700100390,2017년 2월 27일 17시,월요일,부산광역시 금정구 장전동,경상사고,0,0,1,0,차대사람 - 횡단중,기타,건조,맑음,단일로 - 기타,승용,여,52세,상해없음,보행자,여,68세,경상
2017022700100391,2017년 2월 27일 17시,월요일,부산광역시 사상구 감전동,중상사고,0,1,2,0,차대차 - 측면충돌,안전운전불이행,건조,맑음,단일로 - 기타,화물,남,52세,상해없음,승용,남,44세,중상
2017022700100392,2017년 2월 27일 17시,월요일,부산광역시 기장군 기장읍,경상사고,0,0,1,0,차대사람 - 기타,안전운전불이행,건조,맑음,교차로 - 교차로안,승용,남,44세,상해없음,보행자,여,20세,경상
2017022700100419,2017년 2월 27일 18시,월요일,부산광역시 중구 동광동1가,중상사고,0,1,0,0,차대사람 - 횡단중,안전운전불이행,건조,맑음,단일로 - 기타,승용,남,57세,상해없음,보행자,남,28세,중상
2017022700100455,2017년 2월 27일 19시,월요일,부산광역시 영도구 신선동3가,경상사고,0,0,1,0,차대차 - 측면충돌,교차로운행방법위반,건조,맑음,교차로 - 교차로안,이륜,남,51세,상해없음,이륜,여,39세,경상
2017022700100487,2017년 2월 27일 20시,월요일,부산광역시 남구 대연동,중상사고,0,1,0,0,차대사람 - 횡단중,안전운전불이행,건조,맑음,단일로 - 기타,승용,남,62세,상해없음,보행자,남,76세,중상
2017022700100488,2017년 2월 27일 20시,월요일,부산광역시 영도구 봉래동4가,중상사고,0,1,4,0,차대차 - 정면충돌,중앙선침범,건조,맑음,교차로 - 교차로안,원동기,남,37세,중상,승합,남,56세,상해없음
2017022700100489,2017년 2월 27일 20시,월요일,부산광역시 해운대구 반여동,중상사고,0,1,0,0,차대사람 - 횡단중,안전운전불이행,건조,맑음,단일로 - 기타,원동기,남,18세,상해없음,보행자,여,58세,중상
2017022700100560,2017년 2월 27일 23시,월요일,부산광역시 동구 수정동,부상신고사고,0,0,0,1,차대차 - 측면충돌,안전운전불이행,건조,맑음,교차로 - 교차로안,원동기,남,17세,부상신고,승용,남,54세,상해없음
2017022700100561,2017년 2월 27일 23시,월요일,부산광역시 동구 범일동,경상사고,0,0,1,0,차대차 - 측면충돌,안전거리미확보,건조,맑음,단일로 - 기타,승용,남,66세,상해없음,승용,남,37세,상해없음
2017022700100562,2017년 2월 27일 23시,월요일,부산광역시 동구 범일동,중상사고,0,1,0,0,차대사람 - 기타,안전운전불이행,건조,맑음,단일로 - 기타,승용,남,48세,상해없음,보행자,남,43세,중상
2017022700100563,2017년 2월 27일 23시,월요일,부산광역시 부산진구 범천동,경상사고,0,0,1,0,차대차 - 추돌,안전운전불이행,건조,맑음,교차로 - 교차로부근,승합,남,56세,상해없음,승용,남,48세,경상
2017022700100564,2017년 2월 27일 23시,월요일,부산광역시 사하구 장림동,중상사고,0,1,1,1,차대차 - 정면충돌,안전운전불이행,건조,맑음,단일로 - 기타,승용,남,30세,상해없음,승용,남,63세,경상
2017022800100035,2017년 2월 28일 01시,화요일,부산광역시 수영구 민락동,중상사고,0,1,0,0,차대사람 - 기타,안전운전불이행,건조,맑음,단일로 - 기타,승용,남,67세,상해없음,보행자,남,32세,중상
2017022800100045,2017년 2월 28일 02시,화요일,부산광역시 부산진구 범천동,경상사고,0,0,1,0,차대차 - 추돌,안전거리미확보,건조,맑음,단일로 - 기타,승용,남,61세,상해없음,승용,남,70세,경상
2017022800100062,2017년 2월 28일 05시,화요일,부산광역시 부산진구 부전동,경상사고,0,0,2,0,차대차 - 측면충돌,차로위반,건조,맑음,단일로 - 기타,승용,남,21세,상해없음,승합,남,52세,경상
2017022800100087,2017년 2월 28일 07시,화요일,부산광역시 사하구 신평동,중상사고,0,1,0,0,차대차 - 추돌,안전운전불이행,건조,맑음,단일로 - 기타,화물,남,32세,상해없음,이륜,남,51세,중상
2017022800100088,2017년 2월 28일 07시,화요일,부산광역시 강서구 신호동,중상사고,0,1,0,0,차대차 - 측면충돌,차로위반,건조,맑음,단일로 - 기타,승용,남,21세,상해없음,화물,남,25세,상해없음
2017022800100105,2017년 2월 28일 08시,화요일,부산광역시 중구 중앙동4가,경상사고,0,0,1,0,차대차 - 측면충돌,차로위반,건조,맑음,단일로 - 기타,화물,남,37세,상해없음,승용,남,45세,상해없음
2017022800100106,2017년 2월 28일 08시,화요일,부산광역시 수영구 민락동,경상사고,0,0,1,0,차대차 - 기타,차로위반,건조,맑음,교차로 - 교차로부근,승용,여,40세,상해없음,승용,여,30세,경상
2017022800100131,2017년 2월 28일 09시,화요일,부산광역시 동구 좌천동,중상사고,0,1,0,0,차대차 - 측면충돌,교차로운행방법위반,건조,맑음,교차로 - 교차로안,승용,여,61세,상해없음,승용,여,47세,중상
2017022800100132,2017년 2월 28일 09시,화요일,부산광역시 동래구 낙민동,중상사고,0,1,2,2,차대차 - 추돌,안전운전불이행,건조,맑음,교차로 - 교차로부근,승용,남,43세,상해없음,승합,남,66세,경상
2017022800100133,2017년 2월 28일 09시,화요일,부산광역시 사상구 괘법동,중상사고,0,1,0,0,차대사람 - 횡단중,보행자보호의무위반,건조,맑음,단일로 - 기타,화물,남,69세,상해없음,보행자,여,23세,중상
2017022800100155,2017년 2월 28일 10시,화요일,부산광역시 남구 감만동,중상사고,0,1,0,0,차대차 - 측면충돌,안전운전불이행,건조,맑음,단일로 - 기타,자전거,남,76세,중상,승용,남,68세,상해없음
2017022800100183,2017년 2월 28일 11시,화요일,부산광역시 동구 범일동,경상사고,0,0,1,0,차대사람 - 차도통행중,안전운전불이행,건조,맑음,단일로 - 기타,승용,남,49세,상해없음,보행자,여,69세,경상
2017022800100205,2017년 2월 28일 12시,화요일,부산광역시 북구 화명동,중상사고,0,1,0,0,차량단독 - 기타,기타,건조,맑음,단일로 - 기타,승합,남,45세,상해없음,,,,
2017022800100239,2017년 2월 28일 13시,화요일,부산광역시 부산진구 가야동,중상사고,0,1,0,0,차대차 - 기타,차로위반,건조,맑음,교차로 - 교차로부근,승용,여,32세,상해없음,이륜,남,20세,중상
2017022800100240,2017년 2월 28일 13시,화요일,부산광역시 연제구 연산동,경상사고,0,0,1,0,차대차 - 추돌,안전운전불이행,건조,맑음,교차로 - 교차로안,이륜,남,19세,상해없음,승용,남,58세,경상
2017022800100241,2017년 2월 28일 13시,화요일,부산광역시 기장군 철마면,경상사고,0,0,2,0,차대차 - 추돌,안전운전불이행,건조,맑음,기타 - 기타,승용,남,36세,경상,승용,남,57세,경상
2017022800100270,2017년 2월 28일 14시,화요일,부산광역시 연제구 연산동,중상사고,0,1,0,0,차대차 - 정면충돌,중앙선침범,건조,맑음,교차로 - 교차로안,승용,남,63세,상해없음,이륜,남,49세,중상
2017022800100271,2017년 2월 28일 14시,화요일,부산광역시 연제구 연산동,경상사고,0,0,1,0,차대차 - 측면충돌,안전운전불이행,건조,맑음,교차로 - 교차로부근,승용,남,18세,상해없음,승용,남,47세,상해없음
2017022800100302,2017년 2월 28일 15시,화요일,부산광역시 금정구 서동,경상사고,0,0,2,0,차대사람 - 횡단중,기타,건조,맑음,단일로 - 기타,승용,남,64세,상해없음,보행자,여,66세,경상
2017022800100303,2017년 2월 28일 15시,화요일,부산광역시 사하구 하단동,중상사고,0,1,0,0,차대사람 - 횡단중,보행자보호의무위반,건조,맑음,교차로 - 교차로부근,승용,남,35세,상해없음,보행자,여,62세,중상
2017022800100304,2017년 2월 28일 15시,화요일,부산광역시 사하구 괴정동,경상사고,0,0,1,0,차대차 - 측면충돌,중앙선침범,건조,맑음,단일로 - 기타,승용,여,62세,상해없음,승용,여,42세,경상
2017022800100305,2017년 2월 28일 15시,화요일,부산광역시 연제구 연산동,중상사고,0,1,0,0,차대사람 - 횡단중,안전운전불이행,건조,맑음,교차로 - 교차로안,승용,남,62세,상해없음,보행자,남,26세,중상
2017022800100306,2017년 2월 28일 15시,화요일,부산광역시 사상구 엄궁동,경상사고,0,0,1,0,차대차 - 정면충돌,안전운전불이행,건조,맑음,단일로 - 기타,승용,여,49세,상해없음,원동기,남,36세,경상
2017022800100342,2017년 2월 28일 16시,화요일,부산광역시 수영구 광안동,경상사고,0,0,1,0,차대차 - 측면충돌,안전운전불이행,건조,맑음,단일로 - 기타,승용,남,26세,상해없음,자전거,여,53세,경상
2017022800100343,2017년 2월 28일 16시,화요일,부산광역시 동래구 온천동,중상사고,0,1,0,0,차대차 - 측면충돌,안전운전불이행,건조,맑음,단일로 - 기타,이륜,남,59세,상해없음,자전거,남,24세,중상
2017022800100344,2017년 2월 28일 16시,화요일,부산광역시 연제구 거제동,중상사고,0,1,0,0,차대차 - 정면충돌,안전거리미확보,건조,맑음,단일로 - 기타,승용,여,65세,상해없음,자전거,남,58세,중상
2017022800100376,2017년 2월 28일 17시,화요일,부산광역시 동래구 온천동,중상사고,0,1,1,0,차대차 - 정면충돌,안전거리미확보,건조,맑음,단일로 - 기타,승용,여,29세,상해없음,승용,여,64세,중상
2017022800100377,2017년 2월 28일 17시,화요일,부산광역시 부산진구 양정동,중상사고,0,1,0,0,차대차 - 정면충돌,안전운전불이행,건조,맑음,기타 - 기타,승용,여,33세,상해없음,자전거,남,23세,중상
2017022800100378,2017년 2월 28일 17시,화요일,부산광역시 사하구 하단동,경상사고,0,0,1,1,차대차 - 기타,안전운전불이행,건조,맑음,단일로 - 기타,승합,남,68세,상해없음,승용,남,30세,부상신고
2017022800100404,2017년 2월 28일 18시,화요일,부산광역시 남구 대연동,경상사고,0,0,1,0,차대사람 - 기타,안전운전불이행,건조,기타,기타 - 기타,승용,남,49세,상해없음,보행자,여,84세,경상
2017022800100405,2017년 2월 28일 18시,화요일,부산광역시 북구 만덕동,경상사고,0,0,1,0,차대차 - 추돌,안전거리미확보,건조,맑음,단일로 - 기타,화물,남,73세,상해없음,승합,남,49세,경상
2017022800100406,2017년 2월 28일 18시,화요일,부산광역시 금정구 금사동,경상사고,0,0,2,0,차대차 - 추돌,안전운전불이행,건조,맑음,단일로 - 기타,승용,남,64세,상해없음,승용,남,56세,경상
2017022800100407,2017년 2월 28일 18시,화요일,부산광역시 연제구 연산동,중상사고,0,1,0,0,차대사람 - 횡단중,안전운전불이행,건조,맑음,교차로 - 교차로안,승용,남,48세,상해없음,보행자,남,39세,중상
2017022800100438,2017년 2월 28일 19시,화요일,부산광역시 서구 서대신동3가,경상사고,0,0,1,0,차량단독 - 기타,기타,건조,맑음,교차로 - 교차로안,승합,남,58세,상해없음,,,,
2017022800100439,2017년 2월 28일 19시,화요일,부산광역시 북구 덕천동,중상사고,0,1,0,0,차대차 - 측면충돌,신호위반,건조,맑음,교차로 - 교차로안,승용,남,73세,상해없음,승용,남,43세,중상
2017022800100440,2017년 2월 28일 19시,화요일,부산광역시 동래구 명장동,중상사고,0,1,0,0,차대사람 - 횡단중,안전운전불이행,건조,맑음,단일로 - 기타,화물,남,48세,상해없음,보행자,남,66세,중상
2017022800100441,2017년 2월 28일 19시,화요일,부산광역시 영도구 동삼동,중상사고,0,1,1,0,차대사람 - 횡단중,안전운전불이행,건조,맑음,단일로 - 기타,승용,남,42세,상해없음,보행자,여,57세,경상
2017022800100442,2017년 2월 28일 19시,화요일,부산광역시 연제구 거제동,경상사고,0,0,2,0,차대차 - 측면충돌,신호위반,건조,맑음,교차로 - 교차로부근,이륜,남,39세,경상,승용,남,53세,경상
2017022800100443,2017년 2월 28일 19시,화요일,부산광역시 사상구 덕포동,경상사고,0,0,1,0,차대차 - 측면충돌,교차로운행방법위반,건조,맑음,교차로 - 교차로안,승용,남,34세,상해없음,이륜,남,25세,경상
2017022800100486,2017년 2월 28일 20시,화요일,부산광역시 수영구 광안동,경상사고,0,0,1,0,차대차 - 측면충돌,안전운전불이행,건조,맑음,교차로 - 교차로안,승합,남,57세,상해없음,이륜,남,32세,경상
2017022800100487,2017년 2월 28일 20시,화요일,부산광역시 남구 대연동,경상사고,0,0,1,0,차대차 - 추돌,기타,건조,맑음,교차로 - 교차로부근,승용,남,60세,상해없음,이륜,남,25세,경상
2017022800100488,2017년 2월 28일 20시,화요일,부산광역시 금정구 회동동,중상사고,0,1,1,0,차대차 - 추돌,안전운전불이행,건조,맑음,단일로 - 기타,승용,남,70세,상해없음,승용,여,30세,경상
2017022800100514,2017년 2월 28일 21시,화요일,부산광역시 남구 대연동,경상사고,0,0,1,0,차대사람 - 횡단중,보행자보호의무위반,건조,맑음,교차로 - 교차로횡단보도내,자전거,남,48세,상해없음,보행자,여,65세,경상
2017022800100515,2017년 2월 28일 21시,화요일,부산광역시 동래구 온천동,경상사고,0,0,1,0,차대사람 - 횡단중,안전운전불이행,건조,맑음,단일로 - 기타,승용,남,82세,상해없음,보행자,남,68세,경상
2017022800100516,2017년 2월 28일 21시,화요일,부산광역시 부산진구 가야동,중상사고,0,1,0,0,차대차 - 기타,안전거리미확보,건조,맑음,단일로 - 기타,승용,남,24세,상해없음,승용,남,27세,중상
2017022800100517,2017년 2월 28일 21시,화요일,부산광역시 사하구 하단동,경상사고,0,0,3,0,차대차 - 기타,안전운전불이행,건조,맑음,교차로 - 교차로안,승용,남,65세,상해없음,승용,남,57세,경상
2017030100100010,2017년 3월 1일 00시,수요일,부산광역시 남구 대연동,경상사고,0,0,1,0,차대사람 - 횡단중,안전운전불이행,건조,맑음,단일로 - 기타,원동기,남,19세,상해없음,보행자,남,39세,경상
2017030100100011,2017년 3월 1일 00시,수요일,부산광역시 남구 대연동,중상사고,0,1,0,0,차대사람 - 횡단중,안전운전불이행,건조,맑음,단일로 - 기타,원동기,남,20세,상해없음,보행자,남,61세,중상
2017030100100012,2017년 3월 1일 00시,수요일,부산광역시 해운대구 좌동,사망사고,1,0,0,0,차대차 - 측면충돌,신호위반,건조,맑음,교차로 - 교차로안,승용,남,47세,상해없음,승용,여,54세,사망
2017030100100050,2017년 3월 1일 02시,수요일,부산광역시 서구 서대신동1가,경상사고,0,0,2,0,차대차 - 측면충돌,신호위반,건조,맑음,교차로 - 교차로안,화물,남,76세,상해없음,승용,남,63세,경상
2017030100100084,2017년 3월 1일 06시,수요일,부산광역시 수영구 광안동,경상사고,0,0,4,0,차대차 - 정면충돌,차로위반,건조,맑음,단일로 - 기타,승용,남,50세,상해없음,승용,남,44세,경상
2017030100100085,2017년 3월 1일 06시,수요일,부산광역시 부산진구 양정동,경상사고,0,0,1,0,차대차 - 정면충돌,교차로운행방법위반,건조,맑음,교차로 - 교차로안,승용,남,32세,상해없음,승용,남,70세,상해없음
2017030100100086,2017년 3월 1일 06시,수요일,부산광역시 연제구 연산동,경상사고,0,0,2,0,차대차 - 측면충돌,신호위반,건조,맑음,교차로 - 교차로안,승용,남,68세,상해없음,승용,남,58세,경상
2017030100100105,2017년 3월 1일 08시,수요일,부산광역시 부산진구 개금동,중상사고,0,1,0,0,차대사람 - 횡단중,보행자보호의무위반,건조,맑음,교차로 - 교차로부근,화물,남,70세,상해없음,보행자,남,84세,중상
2017030100100106,2017년 3월 1일 08시,수요일,부산광역시 사하구 하단동,중상사고,0,1,0,0,차대차 - 정면충돌,안전운전불이행,건조,맑음,단일로 - 기타,승용,남,72세,상해없음,자전거,남,62세,중상
2017030100100116,2017년 3월 1일 09시,수요일,부산광역시 강서구 대저2동,경상사고,0,0,4,0,차대차 - 측면충돌,신호위반,건조,맑음,교차로 - 교차로안,승용,남,58세,상해없음,승용,남,43세,경상
2017030100100152,2017년 3월 1일 11시,수요일,부산광역시 금정구 장전동,중상사고,0,1,0,0,차대사람 - 횡단중,안전운전불이행,건조,맑음,교차로 - 교차로부근,화물,남,59세,상해없음,보행자,여,3세,중상
2017030100100153,2017년 3월 1일 11시,수요일,부산광역시 수영구 망미동,경상사고,0,0,1,0,차대차 - 측면충돌,신호위반,건조,맑음,교차로 - 교차로안,승용,남,36세,기타불명,승용,남,73세,경상
2017030100100178,2017년 3월 1일 12시,수요일,부산광역시 동래구 낙민동,경상사고,0,0,1,0,차대차 - 후진중충돌,안전운전불이행,건조,맑음,기타 - 기타,승용,남,54세,상해없음,원동기,남,38세,경상
2017030100100179,2017년 3월 1일 12시,수요일,부산광역시 사하구 신평동,경상사고,0,0,1,0,차대사람 - 길가장자리구역통행중,안전운전불이행,건조,맑음,단일로 - 기타,화물,남,56세,상해없음,보행자,여,79세,경상
2017030100100194,2017년 3월 1일 13시,수요일,부산광역시 부산진구 부전동,부상신고사고,0,0,0,1,차대차 - 측면충돌,안전운전불이행,건조,맑음,단일로 - 기타,이륜,남,35세,부상신고,승용,남,22세,상해없음
2017030100100195,2017년 3월 1일 13시,수요일,부산광역시 기장군 일광면,경상사고,0,0,1,0,차대사람 - 기타,안전운전불이행,건조,맑음,단일로 - 기타,승용,남,58세,상해없음,보행자,여,62세,경상
2017030100100216,2017년 3월 1일 14시,수요일,부산광역시 북구 만덕동,경상사고,0,0,3,0,차대차 - 측면충돌,안전운전불이행,건조,맑음,교차로 - 교차로안,승용,남,65세,상해없음,승용,남,39세,상해없음
2017030100100241,2017년 3월 1일 15시,수요일,부산광역시 서구 암남동,중상사고,0,1,0,1,차대사람 - 횡단중,안전운전불이행,건조,맑음,단일로 - 기타,원동기,남,39세,부상신고,보행자,남,26세,중상
2017030100100279,2017년 3월 1일 17시,수요일,부산광역시 동구 좌천동,경상사고,0,0,1,0,차대사람 - 횡단중,보행자보호의무위반,건조,맑음,교차로 - 교차로안,승용,남,63세,상해없음,보행자,여,61세,경상
2017030100100280,2017년 3월 1일 17시,수요일,부산광역시 동래구 안락동,중상사고,0,1,0,0,차대차 - 측면충돌,안전운전불이행,건조,맑음,교차로 - 교차로안,승용,남,35세,상해없음,이륜,남,50세,중상
2017030100100281,2017년 3월 1일 17시,수요일,부산광역시 부산진구 개금동,중상사고,0,1,0,0,차대차 - 측면충돌,신호위반,건조,맑음,단일로 - 기타,승용,남,52세,상해없음,자전거,남,60세,중상
2017030100100349,2017년 3월 1일 19시,수요일,부산광역시 북구 화명동,경상사고,0,0,1,0,차대차 - 후진중충돌,안전운전불이행,건조,맑음,단일로 - 기타,승용,남,28세,상해없음,승용,여,28세,경상
2017030100100350,2017년 3월 1일 19시,수요일,부산광역시 동래구 명륜동,중상사고,0,1,0,0,차대사람 - 횡단중,보행자보호의무위반,건조,맑음,교차로 - 교차로횡단보도내,승용,남,68세,상해없음,보행자,여,24세,중상
2017030100100351,2017년 3월 1일 19시,수요일,부산광역시 해운대구 석대동,사망사고,1,0,0,0,차량단독 - 기타,안전운전불이행,건조,맑음,단일로 - 기타,이륜,남,74세,사망,,,,
2017030100100352,2017년 3월 1일 19시,수요일,부산광역시 사하구 장림동,사망사고,1,0,0,0,차대사람 - 횡단중,안전운전불이행,건조,맑음,교차로 - 교차로안,승용,여,52세,상해없음,보행자,남,64세,사망
2017030100100403,2017년 3월 1일 20시,수요일,부산광역시 부산진구 부전동,중상사고,0,1,0,0,차대사람 - 횡단중,신호위반,건조,맑음,단일로 - 기타,이륜,남,45세,상해없음,보행자,여,75세,중상
2017030100100434,2017년 3월 1일 21시,수요일,부산광역시 남구 용호동,부상신고사고,0,0,0,1,차대차 - 기타,차로위반,건조,맑음,기타 - 기타,승용,여,38세,상해없음,이륜,남,37세,부상신고
2017030100100435,2017년 3월 1일 21시,수요일,부산광역시 사하구 하단동,중상사고,0,1,0,0,차대사람 - 횡단중,기타,건조,맑음,단일로 - 기타,승용,남,62세,상해없음,보행자,여,46세,중상
2017030100100465,2017년 3월 1일 22시,수요일,부산광역시 중구 동광동4가,중상사고,0,1,0,0,차대사람 - 기타,안전운전불이행,젖음/습기,비,단일로 - 기타,승용,여,48세,상해없음,보행자,남,65세,중상
2017030100100466,2017년 3월 1일 22시,수요일,부산광역시 동래구 안락동,경상사고,0,0,2,0,차대차 - 추돌,안전거리미확보,젖음/습기,비,단일로 - 고가도로위,승용,남,67세,상해없음,승용,남,37세,경상
2017030100100467,2017년 3월 1일 22시,수요일,부산광역시 동래구 안락동,경상사고,0,0,2,0,차대차 - 추돌,안전거리미확보,젖음/습기,비,단일로 - 고가도로위,승합,여,42세,상해없음,승용,남,23세,경상
2017030100100468,2017년 3월 1일 22시,수요일,부산광역시 사상구 모라동,경상사고,0,0,2,0,차대차 - 측면충돌,신호위반,젖음/습기,비,교차로 - 교차로안,승합,남,33세,상해없음,화물,남,51세,경상
2017030100100488,2017년 3월 1일 23시,수요일,부산광역시 동래구 명륜동,경상사고,0,0,1,0,차대사람 - 차도통행중,안전운전불이행,건조,흐림,단일로 - 기타,승용,남,50세,상해없음,보행자,여,47세,경상
2017030200100020,2017년 3월 2일 00시,목요일,부산광역시 서구 충무동1가,중상사고,0,2,0,1,차대차 - 측면충돌,안전운전불이행,젖음/습기,흐림,교차로 - 교차로안,승용,여,32세,부상신고,승용,남,57세,중상
2017030200100051,2017년 3월 2일 03시,목요일,부산광역시 북구 구포동,중상사고,0,1,0,0,차대사람 - 기타,안전운전불이행,젖음/습기,흐림,단일로 - 기타,화물,남,44세,상해없음,보행자,남,70세,중상
2017030200100052,2017년 3월 2일 03시,목요일,부산광역시 부산진구 부전동,중상사고,0,1,0,0,차량단독 - 공작물충돌,안전운전불이행,젖음/습기,비,단일로 - 기타,승용,남,21세,중상,,,,
2017030200100075,2017년 3월 2일 06시,목요일,부산광역시 기장군 정관읍,경상사고,0,0,1,0,차대차 - 정면충돌,안전운전불이행,건조,맑음,교차로 - 교차로안,승용,남,64세,상해없음,승용,남,38세,경상
2017030200100099,2017년 3월 2일 07시,목요일,부산광역시 강서구 녹산동,중상사고,0,1,0,0,차대차 - 추돌,안전거리미확보,건조,맑음,교차로 - 교차로부근,승용,남,57세,상해없음,승용,여,64세,중상
2017030200100118,2017년 3월 2일 08시,목요일,부산광역시 사상구 엄궁동,중상사고,0,1,0,0,차대사람 - 횡단중,안전운전불이행,건조,맑음,단일로 - 기타,화물,남,62세,상해없음,보행자,여,68세,중상
2017030200100185,2017년 3월 2일 11시,목요일,부산광역시 부산진구 부전동,중상사고,0,1,0,0,차대사람 - 기타,안전운전불이행,건조,맑음,단일로 - 기타,승용,여,42세,상해없음,보행자,여,59세,중상
2017030200100205,2017년 3월 2일 12시,목요일,부산광역시 해운대구 반여동,경상사고,0,0,1,0,차대차 - 정면충돌,안전운전불이행,건조,맑음,기타 - 기타,승용,여,48세,상해없음,원동기,남,17세,경상
2017030200100206,2017년 3월 2일 12시,목요일,부산광역시 부산진구 범천동,경상사고,0,0,1,0,차대차 - 추돌,안전운전불이행,건조,맑음,단일로 - 기타,승용,남,38세,상해없음,승용,남,38세,경상
2017030200100207,2017년 3월 2일 12시,목요일,부산광역시 사상구 덕포동,부상신고사고,0,0,0,1,차대차 - 정면충돌,교차로운행방법위반,건조,맑음,교차로 - 교차로안,원동기,여,20세,부상신고,화물,남,62세,상해없음
2017030200100231,2017년 3월 2일 13시,목요일,부산광역시 부산진구 양정동,경상사고,0,0,1,0,차대사람 - 횡단중,안전운전불이행,건조,맑음,단일로 - 기타,화물,남,69세,상해없음,보행자,여,43세,경상
2017030200100268,2017년 3월 2일 14시,목요일,부산광역시 서구 동대신동2가,중상사고,0,1,0,0,차대차 - 추돌,안전운전불이행,건조,맑음,단일로 - 기타,화물,남,64세,중상,화물,남,68세,상해없음
2017030200100269,2017년 3월 2일 14시,목요일,부산광역시 금정구 부곡동,중상사고,0,1,0,0,차대사람 - 횡단중,안전운전불이행,건조,맑음,교차로 - 교차로부근,승용,남,42세,상해없음,보행자,여,67세,중상
2017030200100270,2017년 3월 2일 14시,목요일,부산광역시 연제구 연산동,경상사고,0,0,1,0,차대차 - 추돌,안전거리미확보,건조,맑음,교차로 - 교차로부근,승용,남,39세,상해없음,승용,남,68세,경상
2017030200100319,2017년 3월 2일 16시,목요일,부산광역시 남구 감만동,경상사고,0,0,1,0,차대차 - 기타,안전거리미확보,건조,맑음,단일로 - 기타,화물,남,58세,상해없음,승용,남,49세,경상
2017030200100320,2017년 3월 2일 16시,목요일,부산광역시 영도구 봉래동1가,경상사고,0,0,4,0,차대차 - 측면충돌,안전운전불이행,건조,맑음,교차로 - 교차로안,승용,여,57세,상해없음,승용,여,30세,경상
2017030200100321,2017년 3월 2일 16시,목요일,부산광역시 수영구 수영동,중상사고,0,1,0,0,차대차 - 측면충돌,안전운전불이행,건조,맑음,단일로 - 기타,이륜,남,15세,상해없음,승합,남,45세,상해없음
2017030200100342,2017년 3월 2일 17시,목요일,부산광역시 남구 용당동,중상사고,0,1,0,0,차대사람 - 보도통행중,기타,건조,맑음,단일로 - 기타,승용,남,33세,상해없음,보행자,남,70세,중상
2017030200100343,2017년 3월 2일 17시,목요일,부산광역시 사하구 하단동,부상신고사고,0,0,0,1,차대차 - 정면충돌,기타,건조,맑음,단일로 - 기타,승용,남,56세,상해없음,이륜,남,18세,부상신고
2017030200100344,2017년 3월 2일 17시,목요일,부산광역시 연제구 연산동,경상사고,0,0,1,0,차대차 - 기타,안전운전불이행,건조,맑음,교차로 - 교차로안,승용,여,50세,상해없음,승용,남,58세,상해없음
2017030200100379,2017년 3월 2일 18시,목요일,부산광역시 중구 남포동1가,중상사고,0,1,0,0,차대차 - 측면충돌,차로위반,건조,맑음,단일로 - 기타,이륜,여,28세,중상,승용,남,58세,상해없음
2017030200100380,2017년 3월 2일 18시,목요일,부산광역시 동래구 온천동,중상사고,0,1,0,0,차대사람 - 횡단중,보행자보호의무위반,건조,맑음,단일로 - 기타,승합,남,62세,상해없음,보행자,여,74세,중상