사고번호,사고일시,요일,시군구,사고내용,사망자수,중상자수,경상자수,부상신고자수,사고유형,법규위반,노면상태,기상상태,도로형태,가해운전자 차종,가해운전자 성별,가해운전자 연령,가해운전자 상해정도,피해운전자 차종,피해운전자 성별,피해운전자 연령,피해운전자 상해정도
2017030200100381,2017년 3월 2일 18시,목요일,부산광역시 금정구 부곡동,중상사고,0,1,0,0,차대사람 - 횡단중,보행자보호의무위반,건조,맑음,교차로 - 교차로안,승용,남,43세,상해없음,보행자,남,72세,중상
2017030200100408,2017년 3월 2일 19시,목요일,부산광역시 사상구 삼락동,경상사고,0,0,1,0,차대차 - 측면충돌,안전거리미확보,건조,맑음,단일로 - 기타,이륜,남,15세,경상,승용,남,24세,상해없음
2017030200100409,2017년 3월 2일 19시,목요일,부산광역시 사상구 학장동,중상사고,0,1,1,0,차대차 - 측면충돌,불법유턴,건조,맑음,단일로 - 기타,기타불명,기타불명,미분류,기타불명,화물,남,59세,중상
2017030200100440,2017년 3월 2일 20시,목요일,부산광역시 서구 동대신동1가,중상사고,0,1,0,0,차대사람 - 기타,안전운전불이행,건조,맑음,단일로 - 기타,화물,남,57세,상해없음,보행자,남,27세,중상
2017030200100441,2017년 3월 2일 20시,목요일,부산광역시 기장군 장안읍,중상사고,0,1,0,0,차량단독 - 공작물충돌,안전운전불이행,건조,맑음,교차로 - 교차로부근,자전거,남,37세,중상,,,,
2017030200100473,2017년 3월 2일 21시,목요일,부산광역시 해운대구 좌동,경상사고,0,0,2,0,차대사람 - 횡단중,안전운전불이행,건조,맑음,교차로 - 교차로부근,승용,남,20세,상해없음,보행자,여,49세,경상
2017030200100474,2017년 3월 2일 21시,목요일,부산광역시 부산진구 부전동,중상사고,0,1,0,0,차대사람 - 횡단중,보행자보호의무위반,건조,맑음,단일로 - 기타,이륜,남,26세,상해없음,보행자,여,53세,중상
2017030200100496,2017년 3월 2일 22시,목요일,부산광역시 연제구 연산동,경상사고,0,0,1,0,차대차 - 측면충돌,교차로운행방법위반,건조,맑음,교차로 - 교차로안,승용,남,55세,상해없음,승용,남,35세,경상
2017030300100022,2017년 3월 3일 00시,금요일,부산광역시 동구 수정동,중상사고,0,1,0,0,차대차 - 기타,교차로운행방법위반,건조,맑음,교차로 - 교차로안,승용,남,52세,상해없음,원동기,남,22세,중상
2017030300100042,2017년 3월 3일 01시,금요일,부산광역시 남구 용호동,경상사고,0,0,1,0,차대차 - 추돌,안전운전불이행,건조,맑음,단일로 - 기타,승용,남,28세,상해없음,승용,여,55세,경상
2017030300100061,2017년 3월 3일 05시,금요일,부산광역시 해운대구 우동,중상사고,0,1,0,0,차대차 - 추돌,안전운전불이행,건조,맑음,단일로 - 기타,승용,남,72세,상해없음,승용,남,51세,중상
2017030300100062,2017년 3월 3일 05시,금요일,부산광역시 부산진구 부전동,경상사고,0,0,2,0,차대차 - 측면충돌,신호위반,건조,맑음,교차로 - 교차로안,승용,남,70세,상해없음,승용,남,52세,경상
2017030300100074,2017년 3월 3일 06시,금요일,부산광역시 동구 수정동,중상사고,0,1,0,0,차대사람 - 횡단중,안전운전불이행,건조,맑음,교차로 - 교차로안,승용,남,61세,상해없음,보행자,여,52세,중상
2017030300100133,2017년 3월 3일 08시,금요일,부산광역시 서구 충무동1가,부상신고사고,0,0,0,1,차대차 - 측면충돌,교차로운행방법위반,건조,맑음,교차로 - 교차로안,화물,남,78세,상해없음,승용,여,40세,부상신고
2017030300100134,2017년 3월 3일 08시,금요일,부산광역시 사하구 감천동,중상사고,0,1,0,0,차대사람 - 횡단중,중앙선침범,건조,맑음,단일로 - 기타,승합,남,38세,상해없음,보행자,남,8세,중상
2017030300100135,2017년 3월 3일 08시,금요일,부산광역시 기장군 정관읍,중상사고,0,1,0,0,차대사람 - 횡단중,신호위반,건조,맑음,교차로 - 교차로안,승용,여,43세,상해없음,보행자,남,14세,중상
2017030300100163,2017년 3월 3일 09시,금요일,부산광역시 연제구 연산동,경상사고,0,0,1,0,차대사람 - 길가장자리구역통행중,안전운전불이행,건조,맑음,단일로 - 기타,화물,남,60세,상해없음,보행자,남,68세,경상
2017030300100194,2017년 3월 3일 10시,금요일,부산광역시 남구 대연동,부상신고사고,0,0,0,1,차대차 - 측면충돌,안전거리미확보,건조,맑음,단일로 - 터널,자전거,남,70세,부상신고,화물,남,63세,상해없음
2017030300100195,2017년 3월 3일 10시,금요일,부산광역시 사상구 감전동,경상사고,0,0,1,0,차대사람 - 횡단중,안전운전불이행,건조,맑음,단일로 - 기타,화물,남,38세,상해없음,보행자,남,38세,경상
2017030300100196,2017년 3월 3일 10시,금요일,부산광역시 사상구 주례동,경상사고,0,0,1,0,차대차 - 기타,안전운전불이행,건조,맑음,교차로 - 교차로부근,화물,남,56세,상해없음,화물,남,33세,경상
2017030300100224,2017년 3월 3일 11시,금요일,부산광역시 남구 용호동,경상사고,0,0,1,0,차대사람 - 길가장자리구역통행중,안전운전불이행,건조,맑음,단일로 - 기타,승용,여,55세,상해없음,보행자,남,68세,경상
2017030300100225,2017년 3월 3일 11시,금요일,부산광역시 부산진구 개금동,중상사고,0,1,0,0,차대차 - 측면충돌,중앙선침범,건조,맑음,단일로 - 기타,승용,남,58세,상해없음,이륜,남,23세,중상
2017030300100249,2017년 3월 3일 12시,금요일,부산광역시 남구 용당동,경상사고,0,0,4,0,차대차 - 측면충돌,안전운전불이행,건조,맑음,단일로 - 기타,승용,남,62세,상해없음,승용,남,33세,경상
2017030300100250,2017년 3월 3일 12시,금요일,부산광역시 영도구 남항동1가,부상신고사고,0,0,0,1,차대차 - 추돌,안전운전불이행,건조,맑음,단일로 - 기타,승용,남,59세,부상신고,건설기계,남,33세,상해없음
2017030300100251,2017년 3월 3일 12시,금요일,부산광역시 해운대구 반여동,중상사고,0,1,0,0,차대사람 - 보도통행중,신호위반,건조,맑음,교차로 - 교차로안,승용,남,66세,상해없음,보행자,여,69세,중상
2017030300100252,2017년 3월 3일 12시,금요일,부산광역시 금정구 부곡동,중상사고,0,1,0,0,차대차 - 기타,기타,건조,맑음,단일로 - 기타,승용,남,45세,상해없음,자전거,남,77세,중상
2017030300100286,2017년 3월 3일 13시,금요일,부산광역시 동구 범일동,경상사고,0,0,1,0,차대차 - 추돌,안전운전불이행,건조,맑음,단일로 - 기타,승합,남,58세,상해없음,화물,남,44세,경상
2017030300100287,2017년 3월 3일 13시,금요일,부산광역시 금정구 구서동,경상사고,0,0,5,0,차대차 - 측면충돌,교차로운행방법위반,건조,맑음,교차로 - 교차로안,승용,남,59세,경상,승용,여,51세,경상
2017030300100319,2017년 3월 3일 14시,금요일,부산광역시 해운대구 송정동,경상사고,0,0,1,0,차대사람 - 길가장자리구역통행중,안전운전불이행,건조,맑음,단일로 - 기타,승용,여,19세,상해없음,보행자,여,44세,경상
2017030300100353,2017년 3월 3일 15시,금요일,부산광역시 북구 금곡동,경상사고,0,0,1,0,차대차 - 추돌,안전운전불이행,건조,맑음,단일로 - 기타,승용,남,59세,상해없음,승용,여,38세,경상
2017030300100354,2017년 3월 3일 15시,금요일,부산광역시 해운대구 좌동,중상사고,0,1,0,0,차대사람 - 횡단중,안전운전불이행,기타,맑음,단일로 - 기타,승용,남,23세,상해없음,보행자,여,54세,중상
2017030300100355,2017년 3월 3일 15시,금요일,부산광역시 해운대구 중동,경상사고,0,0,1,0,차대사람 - 횡단중,안전운전불이행,건조,맑음,교차로 - 교차로부근,화물,남,48세,상해없음,보행자,여,23세,경상
2017030300100356,2017년 3월 3일 15시,금요일,부산광역시 금정구 부곡동,경상사고,0,0,1,0,차대차 - 측면충돌,교차로운행방법위반,건조,맑음,교차로 - 교차로안,승합,남,53세,상해없음,승용,남,63세,상해없음
2017030300100386,2017년 3월 3일 16시,금요일,부산광역시 부산진구 당감동,부상신고사고,0,0,0,1,차대차 - 측면충돌,차로위반,건조,맑음,단일로 - 고가도로위,승용,남,30세,상해없음,승용,남,49세,부상신고
2017030300100454,2017년 3월 3일 18시,금요일,부산광역시 부산진구 범전동,경상사고,0,0,1,0,차량단독 - 기타,안전운전불이행,건조,맑음,교차로 - 교차로부근,승합,남,38세,상해없음,,,,
2017030300100455,2017년 3월 3일 18시,금요일,부산광역시 사상구 엄궁동,부상신고사고,0,0,0,1,차대차 - 측면충돌,안전운전불이행,건조,맑음,단일로 - 기타,이륜,여,60세,상해없음,이륜,남,16세,부상신고
2017030300100500,2017년 3월 3일 19시,금요일,부산광역시 북구 구포동,경상사고,0,0,1,0,차대사람 - 기타,안전운전불이행,건조,맑음,단일로 - 기타,승용,남,26세,상해없음,보행자,여,79세,경상
2017030300100565,2017년 3월 3일 21시,금요일,부산광역시 사상구 감전동,중상사고,0,1,0,0,차대차 - 측면충돌,직진우회전진행방해,건조,맑음,교차로 - 교차로안,승용,남,40세,상해없음,이륜,남,32세,중상
2017030300100593,2017년 3월 3일 22시,금요일,부산광역시 기장군 기장읍,중상사고,0,1,0,0,차대차 - 추돌,신호위반,건조,맑음,교차로 - 교차로안,승용,남,63세,상해없음,승합,남,37세,중상
2017030300100617,2017년 3월 3일 23시,금요일,부산광역시 서구 암남동,경상사고,0,0,1,0,차대차 - 정면충돌,안전운전불이행,건조,맑음,단일로 - 기타,승용,남,58세,상해없음,승용,남,56세,상해없음
2017030300100618,2017년 3월 3일 23시,금요일,부산광역시 서구 동대신동1가,중상사고,0,1,0,0,차량단독 - 기타,안전운전불이행,건조,맑음,단일로 - 기타,원동기,남,38세,중상,,,,
2017030400100013,2017년 3월 4일 00시,토요일,부산광역시 동래구 안락동,경상사고,0,0,2,0,차대차 - 추돌,안전운전불이행,건조,맑음,단일로 - 기타,승용,남,28세,상해없음,승용,여,34세,경상
2017030400100034,2017년 3월 4일 01시,토요일,부산광역시 부산진구 부암동,경상사고,0,0,3,0,차대차 - 측면충돌,신호위반,건조,맑음,교차로 - 교차로안,승용,남,60세,상해없음,승용,남,62세,경상
2017030400100054,2017년 3월 4일 02시,토요일,부산광역시 사하구 하단동,경상사고,0,0,2,2,차대차 - 측면충돌,안전거리미확보,건조,맑음,단일로 - 기타,승용,남,18세,경상,승용,남,55세,경상
2017030400100069,2017년 3월 4일 03시,토요일,부산광역시 동구 범일동,경상사고,0,0,2,0,차대차 - 후진중충돌,안전운전불이행,건조,맑음,단일로 - 기타,승용,남,61세,상해없음,승용,남,25세,경상
2017030400100070,2017년 3월 4일 03시,토요일,부산광역시 사하구 하단동,경상사고,0,0,3,0,차대차 - 기타,안전운전불이행,건조,맑음,단일로 - 기타,승용,남,31세,상해없음,승용,남,37세,경상
2017030400100087,2017년 3월 4일 05시,토요일,부산광역시 강서구 대저1동,경상사고,0,0,1,0,차대차 - 추돌,안전운전불이행,건조,맑음,단일로 - 기타,승용,남,40세,상해없음,화물,남,52세,경상
2017030400100097,2017년 3월 4일 06시,토요일,부산광역시 금정구 서동,경상사고,0,0,1,0,차대차 - 측면충돌,기타,건조,맑음,교차로 - 교차로안,승용,남,58세,상해없음,승용,남,57세,상해없음
2017030400100098,2017년 3월 4일 06시,토요일,부산광역시 강서구 지사동,중상사고,0,1,0,0,차대차 - 측면충돌,차로위반,건조,맑음,교차로 - 교차로부근,승용,남,47세,상해없음,승용,남,36세,중상
2017030400100115,2017년 3월 4일 07시,토요일,부산광역시 동래구 사직동,경상사고,0,0,1,0,차량단독 - 기타,안전운전불이행,기타,맑음,단일로 - 기타,이륜,남,24세,경상,,,,
2017030400100116,2017년 3월 4일 07시,토요일,부산광역시 금정구 부곡동,경상사고,0,0,1,0,차대차 - 측면충돌,중앙선침범,건조,맑음,교차로 - 교차로안,승용,남,49세,상해없음,승용,남,24세,경상
2017030400100130,2017년 3월 4일 08시,토요일,부산광역시 동래구 명륜동,경상사고,0,0,1,0,차대사람 - 길가장자리구역통행중,안전운전불이행,건조,맑음,단일로 - 기타,승용,여,50세,상해없음,보행자,여,28세,경상
2017030400100131,2017년 3월 4일 08시,토요일,부산광역시 강서구 녹산동,경상사고,0,0,1,0,차대차 - 측면충돌,안전운전불이행,건조,맑음,단일로 - 기타,건설기계,남,43세,상해없음,승용,남,26세,경상
2017030400100148,2017년 3월 4일 09시,토요일,부산광역시 동구 범일동,중상사고,0,1,0,0,차량단독 - 기타,안전운전불이행,건조,맑음,단일로 - 기타,승합,남,49세,상해없음,,,,
2017030400100175,2017년 3월 4일 10시,토요일,부산광역시 사상구 덕포동,중상사고,0,1,0,0,차대차 - 측면충돌,안전운전불이행,건조,맑음,교차로 - 교차로안,자전거,남,39세,중상,승합,남,52세,기타불명
2017030400100202,2017년 3월 4일 11시,토요일,부산광역시 사하구 괴정동,경상사고,0,0,1,0,차대차 - 기타,교차로운행방법위반,건조,맑음,교차로 - 교차로안,승용,여,53세,상해없음,승용,남,37세,경상
2017030400100203,2017년 3월 4일 11시,토요일,부산광역시 수영구 광안동,경상사고,0,0,1,0,차대차 - 측면충돌,안전운전불이행,건조,맑음,단일로 - 기타,승용,남,32세,상해없음,이륜,여,25세,경상
2017030400100241,2017년 3월 4일 12시,토요일,부산광역시 해운대구 중동,경상사고,0,0,1,0,차대사람 - 횡단중,보행자보호의무위반,건조,맑음,단일로 - 기타,승용,여,41세,상해없음,보행자,남,5세,경상
2017030400100242,2017년 3월 4일 12시,토요일,부산광역시 사하구 괴정동,중상사고,0,1,0,0,차대사람 - 횡단중,안전운전불이행,건조,맑음,단일로 - 기타,승용,남,51세,상해없음,보행자,여,77세,중상
2017030400100279,2017년 3월 4일 13시,토요일,부산광역시 동래구 낙민동,중상사고,0,1,0,0,차대차 - 추돌,안전운전불이행,건조,맑음,단일로 - 기타,자전거,여,45세,중상,승용,여,57세,상해없음
2017030400100280,2017년 3월 4일 13시,토요일,부산광역시 금정구 노포동,경상사고,0,0,1,0,차대사람 - 횡단중,보행자보호의무위반,건조,맑음,교차로 - 교차로횡단보도내,승용,남,75세,상해없음,보행자,남,58세,경상
2017030400100281,2017년 3월 4일 13시,토요일,부산광역시 금정구 노포동,중상사고,0,1,0,0,차대사람 - 횡단중,안전운전불이행,건조,맑음,단일로 - 기타,승용,남,38세,상해없음,보행자,남,62세,중상
2017030400100315,2017년 3월 4일 14시,토요일,부산광역시 북구 화명동,중상사고,0,1,0,0,차대차 - 추돌,신호위반,건조,맑음,단일로 - 기타,이륜,남,56세,중상,승용,남,54세,상해없음
2017030400100316,2017년 3월 4일 14시,토요일,부산광역시 금정구 부곡동,사망사고,1,0,0,0,차대차 - 기타,안전운전불이행,건조,맑음,단일로 - 기타,자전거,남,12세,사망,화물,남,35세,상해없음
2017030400100344,2017년 3월 4일 15시,토요일,부산광역시 남구 용호동,중상사고,0,1,0,0,차대사람 - 기타,안전운전불이행,건조,맑음,단일로 - 기타,승용,여,41세,상해없음,보행자,남,7세,중상
2017030400100345,2017년 3월 4일 15시,토요일,부산광역시 북구 만덕동,경상사고,0,0,1,0,차대차 - 후진중충돌,안전운전불이행,건조,맑음,단일로 - 기타,승용,여,34세,상해없음,승용,남,43세,경상
2017030400100346,2017년 3월 4일 15시,토요일,부산광역시 해운대구 중동,경상사고,0,0,1,0,차대차 - 추돌,안전운전불이행,건조,맑음,교차로 - 교차로부근,승용,여,55세,상해없음,이륜,남,19세,경상
2017030400100347,2017년 3월 4일 15시,토요일,부산광역시 사상구 덕포동,경상사고,0,0,1,0,차대사람 - 횡단중,신호위반,건조,맑음,단일로 - 기타,승용,남,17세,기타불명,보행자,남,60세,경상
2017030400100369,2017년 3월 4일 16시,토요일,부산광역시 동래구 온천동,경상사고,0,0,1,0,차대차 - 측면충돌,신호위반,건조,맑음,교차로 - 교차로안,승용,남,55세,상해없음,원동기,남,30세,경상
2017030400100427,2017년 3월 4일 18시,토요일,부산광역시 수영구 민락동,경상사고,0,0,1,0,차대차 - 추돌,안전운전불이행,건조,맑음,교차로 - 교차로부근,승용,남,38세,상해없음,승용,남,28세,경상
2017030400100428,2017년 3월 4일 18시,토요일,부산광역시 남구 대연동,경상사고,0,0,1,0,차대차 - 기타,교차로운행방법위반,건조,맑음,교차로 - 교차로안,승용,남,26세,상해없음,승용,남,53세,경상
2017030400100429,2017년 3월 4일 18시,토요일,부산광역시 금정구 서동,경상사고,0,0,1,0,차대사람 - 횡단중,안전운전불이행,건조,맑음,단일로 - 기타,승용,남,51세,상해없음,보행자,남,51세,경상
2017030400100453,2017년 3월 4일 19시,토요일,부산광역시 북구 만덕동,경상사고,0,0,1,0,차대사람 - 횡단중,안전운전불이행,건조,맑음,교차로 - 교차로부근,승용,남,47세,상해없음,보행자,남,57세,경상
2017030400100454,2017년 3월 4일 19시,토요일,부산광역시 해운대구 중동,부상신고사고,0,0,0,1,차대차 - 정면충돌,직진우회전진행방해,건조,맑음,교차로 - 교차로안,원동기,남,21세,부상신고,승용,남,47세,상해없음
2017030400100483,2017년 3월 4일 20시,토요일,부산광역시 영도구 대교동1가,경상사고,0,0,2,0,차대차 - 추돌,안전운전불이행,건조,맑음,단일로 - 기타,승용,남,18세,상해없음,승용,남,65세,경상
2017030400100497,2017년 3월 4일 21시,토요일,부산광역시 남구 대연동,경상사고,0,0,3,1,차대차 - 추돌,안전운전불이행,건조,맑음,단일로 - 기타,승용,남,60세,상해없음,승용,여,35세,경상
2017030400100498,2017년 3월 4일 21시,토요일,부산광역시 사하구 하단동,중상사고,0,1,0,0,차대차 - 정면충돌,교차로운행방법위반,건조,맑음,교차로 - 교차로안,승용,남,50세,상해없음,이륜,남,27세,중상
2017030400100517,2017년 3월 4일 22시,토요일,부산광역시 부산진구 양정동,경상사고,0,0,1,0,차대차 - 기타,차로위반,건조,맑음,단일로 - 기타,승용,남,47세,상해없음,원동기,남,31세,경상
2017030400100539,2017년 3월 4일 23시,토요일,부산광역시 금정구 금사동,경상사고,0,0,1,0,차대차 - 측면충돌,안전거리미확보,건조,맑음,단일로 - 기타,승용,남,29세,상해없음,이륜,남,38세,경상
2017030500100051,2017년 3월 5일 03시,일요일,부산광역시 부산진구 부전동,중상사고,0,1,0,0,차대사람 - 횡단중,안전운전불이행,건조,맑음,교차로 - 교차로안,승용,남,25세,상해없음,보행자,남,46세,중상
2017030500100067,2017년 3월 5일 06시,일요일,부산광역시 해운대구 우동,경상사고,0,0,1,0,차대차 - 추돌,안전운전불이행,건조,흐림,단일로 - 기타,승용,남,28세,상해없음,승용,남,69세,경상
2017030500100082,2017년 3월 5일 08시,일요일,부산광역시 부산진구 가야동,중상사고,0,1,0,0,차대차 - 측면충돌,신호위반,건조,맑음,교차로 - 교차로안,승용,여,50세,상해없음,자전거,남,65세,중상
2017030500100092,2017년 3월 5일 09시,일요일,부산광역시 서구 동대신동1가,중상사고,0,1,0,0,차대사람 - 기타,안전운전불이행,건조,맑음,단일로 - 기타,승용,남,23세,상해없음,보행자,여,68세,중상
2017030500100101,2017년 3월 5일 10시,일요일,부산광역시 해운대구 재송동,경상사고,0,0,1,0,차대차 - 측면충돌,안전운전불이행,건조,맑음,교차로 - 교차로안,승용,남,42세,상해없음,승용,남,31세,경상
2017030500100102,2017년 3월 5일 10시,일요일,부산광역시 부산진구 부전동,경상사고,0,0,1,0,차대사람 - 기타,안전운전불이행,건조,맑음,단일로 - 기타,승용,여,57세,상해없음,보행자,여,62세,경상
2017030500100119,2017년 3월 5일 11시,일요일,부산광역시 북구 금곡동,경상사고,0,0,1,3,차대차 - 기타,안전거리미확보,건조,맑음,단일로 - 기타,승용,남,29세,상해없음,승용,남,77세,상해없음
2017030500100120,2017년 3월 5일 11시,일요일,부산광역시 영도구 동삼동,중상사고,0,1,0,0,차대차 - 측면충돌,교차로운행방법위반,건조,맑음,교차로 - 교차로안,승용,남,36세,상해없음,이륜,남,65세,중상
2017030500100139,2017년 3월 5일 12시,일요일,부산광역시 영도구 동삼동,경상사고,0,0,1,0,차대사람 - 기타,안전운전불이행,건조,맑음,단일로 - 기타,승합,남,72세,상해없음,보행자,여,71세,경상
2017030500100160,2017년 3월 5일 13시,일요일,부산광역시 동래구 온천동,부상신고사고,0,0,0,1,차대차 - 측면충돌,안전거리미확보,건조,맑음,단일로 - 기타,원동기,남,26세,부상신고,승용,남,30세,상해없음
2017030500100186,2017년 3월 5일 14시,일요일,부산광역시 부산진구 전포동,중상사고,0,1,1,0,차대차 - 측면충돌,차로위반,건조,맑음,단일로 - 기타,승용,남,36세,기타불명,승용,여,37세,경상
2017030500100187,2017년 3월 5일 14시,일요일,부산광역시 사하구 장림동,경상사고,0,0,2,0,차대사람 - 횡단중,기타,건조,맑음,단일로 - 기타,승용,남,61세,상해없음,보행자,남,9세,경상
2017030500100214,2017년 3월 5일 15시,일요일,부산광역시 사상구 모라동,경상사고,0,0,1,0,차대차 - 추돌,안전운전불이행,건조,맑음,단일로 - 기타,승용,남,31세,상해없음,승용,남,33세,경상
2017030500100243,2017년 3월 5일 16시,일요일,부산광역시 북구 만덕동,경상사고,0,0,3,0,차대차 - 추돌,안전운전불이행,건조,맑음,단일로 - 기타,승용,여,66세,경상,승용,남,34세,경상
2017030500100244,2017년 3월 5일 16시,일요일,부산광역시 북구 만덕동,경상사고,0,0,1,0,차대차 - 기타,안전운전불이행,건조,맑음,교차로 - 교차로안,승용,남,68세,상해없음,이륜,남,25세,경상
2017030500100268,2017년 3월 5일 17시,일요일,부산광역시 중구 남포동2가,경상사고,0,0,1,0,차량단독 - 기타,기타,건조,맑음,단일로 - 기타,승합,남,40세,상해없음,,,,
2017030500100269,2017년 3월 5일 17시,일요일,부산광역시 북구 화명동,중상사고,0,1,3,0,차대차 - 추돌,안전운전불이행,건조,맑음,단일로 - 기타,이륜,남,18세,중상,승용,남,31세,경상
2017030500100270,2017년 3월 5일 17시,일요일,부산광역시 해운대구 좌동,경상사고,0,0,2,0,차대차 - 추돌,안전운전불이행,건조,맑음,단일로 - 터널,승용,남,45세,상해없음,승용,남,31세,경상
2017030500100294,2017년 3월 5일 18시,일요일,부산광역시 북구 덕천동,중상사고,0,1,1,0,차대차 - 추돌,안전운전불이행,건조,맑음,단일로 - 기타,승합,남,47세,상해없음,승용,여,31세,중상
2017030500100295,2017년 3월 5일 18시,일요일,부산광역시 영도구 청학동,중상사고,0,1,0,0,차대차 - 정면충돌,신호위반,건조,맑음,단일로 - 기타,승합,남,83세,상해없음,이륜,남,52세,중상
2017030500100328,2017년 3월 5일 19시,일요일,부산광역시 영도구 동삼동,중상사고,0,1,0,0,차대차 - 기타,안전운전불이행,건조,맑음,단일로 - 기타,승용,남,56세,상해없음,이륜,남,17세,중상
2017030500100354,2017년 3월 5일 20시,일요일,부산광역시 북구 금곡동,경상사고,0,0,1,0,차대사람 - 횡단중,신호위반,건조,맑음,교차로 - 교차로안,승용,남,47세,상해없음,보행자,여,35세,경상
2017030500100355,2017년 3월 5일 20시,일요일,부산광역시 동래구 낙민동,경상사고,0,0,1,0,차대차 - 측면충돌,안전운전불이행,건조,맑음,단일로 - 기타,승용,여,63세,상해없음,승용,남,56세,경상
2017030500100356,2017년 3월 5일 20시,일요일,부산광역시 해운대구 우동,중상사고,0,1,0,0,차대사람 - 기타,안전운전불이행,건조,맑음,단일로 - 기타,승합,남,42세,상해없음,보행자,여,47세,중상
2017030500100357,2017년 3월 5일 20시,일요일,부산광역시 사상구 감전동,경상사고,0,0,1,0,차대차 - 측면충돌,안전운전불이행,건조,맑음,단일로 - 기타,승합,남,57세,상해없음,승용,남,47세,경상
2017030500100393,2017년 3월 5일 21시,일요일,부산광역시 동래구 온천동,중상사고,0,1,0,0,차대차 - 추돌,안전운전불이행,건조,맑음,단일로 - 기타,화물,남,45세,상해없음,이륜,남,31세,중상
2017030500100409,2017년 3월 5일 22시,일요일,부산광역시 사하구 신평동,중상사고,0,1,0,0,차대사람 - 횡단중,안전운전불이행,건조,맑음,교차로 - 교차로횡단보도내,승용,남,44세,상해없음,보행자,남,60세,중상
2017030500100410,2017년 3월 5일 22시,일요일,부산광역시 사하구 신평동,경상사고,0,0,1,0,차대차 - 추돌,안전운전불이행,건조,맑음,단일로 - 기타,승용,남,38세,상해없음,승용,여,34세,경상
2017030500100411,2017년 3월 5일 22시,일요일,부산광역시 기장군 기장읍,중상사고,0,2,0,0,차대차 - 정면충돌,신호위반,건조,맑음,교차로 - 교차로안,승용,여,44세,상해없음,이륜,남,28세,중상
2017030600100016,2017년 3월 6일 00시,월요일,부산광역시 부산진구 전포동,경상사고,0,0,1,0,차대차 - 측면충돌,신호위반,건조,맑음,교차로 - 교차로안,이륜,남,19세,경상,승용,남,52세,상해없음
2017030600100017,2017년 3월 6일 00시,월요일,부산광역시 사상구 감전동,경상사고,0,0,1,0,차대차 - 측면충돌,교차로운행방법위반,건조,맑음,단일로 - 기타,승용,남,32세,상해없음,승용,남,63세,경상
2017030600100044,2017년 3월 6일 05시,월요일,부산광역시 수영구 광안동,중상사고,0,1,0,0,차대사람 - 횡단중,안전운전불이행,건조,맑음,단일로 - 기타,승용,남,78세,상해없음,보행자,남,49세,중상
2017030600100045,2017년 3월 6일 05시,월요일,부산광역시 사상구 괘법동,경상사고,0,0,1,0,차대차 - 추돌,안전운전불이행,건조,맑음,단일로 - 기타,승용,남,64세,상해없음,승용,남,37세,경상
2017030600100075,2017년 3월 6일 07시,월요일,부산광역시 사상구 덕포동,중상사고,0,1,0,0,차대사람 - 횡단중,보행자보호의무위반,건조,맑음,교차로 - 교차로횡단보도내,승용,여,48세,상해없음,보행자,여,47세,중상
2017030600100076,2017년 3월 6일 07시,월요일,부산광역시 사상구 삼락동,중상사고,0,1,0,0,차대차 - 측면충돌,안전운전불이행,건조,맑음,교차로 - 교차로안,이륜,남,65세,중상,화물,남,59세,상해없음
2017030600100103,2017년 3월 6일 08시,월요일,부산광역시 금정구 금사동,경상사고,0,0,1,0,차대차 - 측면충돌,교차로운행방법위반,건조,맑음,교차로 - 교차로부근,승용,남,34세,상해없음,원동기,남,42세,경상
2017030600100104,2017년 3월 6일 08시,월요일,부산광역시 사상구 모라동,중상사고,0,1,0,0,차대사람 - 횡단중,안전운전불이행,건조,맑음,단일로 - 기타,승용,여,44세,상해없음,보행자,남,35세,중상
2017030600100105,2017년 3월 6일 08시,월요일,부산광역시 사상구 학장동,부상신고사고,0,0,0,1,차대차 - 측면충돌,차로위반,건조,맑음,교차로 - 교차로안,이륜,여,31세,부상신고,화물,남,53세,상해없음
2017030600100170,2017년 3월 6일 10시,월요일,부산광역시 남구 감만동,경상사고,0,0,1,0,차대사람 - 길가장자리구역통행중,안전운전불이행,건조,맑음,단일로 - 기타,화물,남,60세,상해없음,보행자,여,57세,경상
2017030600100171,2017년 3월 6일 10시,월요일,부산광역시 수영구 광안동,중상사고,0,1,0,0,차대사람 - 기타,안전운전불이행,건조,맑음,단일로 - 기타,승용,남,35세,상해없음,보행자,여,75세,중상
2017030600100205,2017년 3월 6일 11시,월요일,부산광역시 수영구 광안동,경상사고,0,0,1,0,차대차 - 추돌,안전운전불이행,건조,맑음,단일로 - 기타,승용,여,64세,상해없음,승용,남,34세,경상
2017030600100206,2017년 3월 6일 11시,월요일,부산광역시 강서구 명지동,중상사고,0,1,0,0,차대차 - 측면충돌,교차로운행방법위반,건조,맑음,교차로 - 교차로안,건설기계,남,60세,상해없음,승용,남,69세,중상
2017030600100231,2017년 3월 6일 12시,월요일,부산광역시 동구 초량동,경상사고,0,0,1,0,차대사람 - 기타,안전운전불이행,건조,맑음,단일로 - 기타,승용,여,64세,상해없음,보행자,여,44세,경상
2017030600100232,2017년 3월 6일 12시,월요일,부산광역시 남구 대연동,중상사고,0,1,0,0,차대사람 - 횡단중,보행자보호의무위반,건조,맑음,단일로 - 기타,승용,남,25세,상해없음,보행자,여,82세,중상
2017030600100262,2017년 3월 6일 13시,월요일,부산광역시 남구 문현동,경상사고,0,0,1,0,차대차 - 측면충돌,안전운전불이행,건조,맑음,단일로 - 기타,이륜,남,23세,상해없음,자전거,남,63세,경상