사고번호,사고일시,요일,시군구,사고내용,사망자수,중상자수,경상자수,부상신고자수,사고유형,법규위반,노면상태,기상상태,도로형태,가해운전자 차종,가해운전자 성별,가해운전자 연령,가해운전자 상해정도,피해운전자 차종,피해운전자 성별,피해운전자 연령,피해운전자 상해정도
2017030600100263,2017년 3월 6일 13시,월요일,부산광역시 해운대구 우동,중상사고,0,1,0,0,차대차 - 측면충돌,안전운전불이행,건조,맑음,단일로 - 기타,승용,여,70세,상해없음,승용,여,25세,중상
2017030600100264,2017년 3월 6일 13시,월요일,부산광역시 연제구 거제동,중상사고,0,2,1,0,차대차 - 측면충돌,중앙선침범,건조,맑음,단일로 - 기타,승용,여,48세,상해없음,승용,남,58세,중상
2017030600100291,2017년 3월 6일 14시,월요일,부산광역시 서구 아미동1가,경상사고,0,0,2,0,차대차 - 기타,교차로운행방법위반,건조,맑음,교차로 - 교차로안,승용,여,35세,상해없음,승용,남,53세,경상
2017030600100292,2017년 3월 6일 14시,월요일,부산광역시 부산진구 부전동,경상사고,0,0,1,0,차대사람 - 횡단중,기타,건조,맑음,단일로 - 기타,이륜,남,54세,상해없음,보행자,남,40세,경상
2017030600100318,2017년 3월 6일 15시,월요일,부산광역시 해운대구 석대동,중상사고,0,1,1,0,차대차 - 정면충돌,중앙선침범,건조,맑음,단일로 - 기타,승용,남,23세,상해없음,화물,남,60세,경상
2017030600100319,2017년 3월 6일 15시,월요일,부산광역시 강서구 강동동,중상사고,0,1,0,0,차대사람 - 기타,불법유턴,건조,맑음,단일로 - 기타,화물,남,44세,상해없음,보행자,남,62세,중상
2017030600100340,2017년 3월 6일 16시,월요일,부산광역시 강서구 강동동,중상사고,0,1,2,0,차대차 - 추돌,안전거리미확보,건조,맑음,단일로 - 기타,승용,남,43세,상해없음,승합,남,48세,상해없음
2017030600100341,2017년 3월 6일 16시,월요일,부산광역시 사상구 엄궁동,부상신고사고,0,0,0,1,차대차 - 측면충돌,안전운전불이행,건조,맑음,단일로 - 기타,승용,남,34세,상해없음,이륜,남,19세,부상신고
2017030600100377,2017년 3월 6일 17시,월요일,부산광역시 중구 중앙동1가,경상사고,0,0,1,0,차대차 - 측면충돌,신호위반,건조,맑음,교차로 - 교차로부근,승용,남,24세,상해없음,승용,남,58세,경상
2017030600100378,2017년 3월 6일 17시,월요일,부산광역시 부산진구 부전동,경상사고,0,0,2,0,차대차 - 기타,안전거리미확보,건조,맑음,단일로 - 기타,승용,남,52세,상해없음,승합,남,37세,상해없음
2017030600100415,2017년 3월 6일 18시,월요일,부산광역시 연제구 연산동,중상사고,0,1,0,0,차대사람 - 횡단중,안전운전불이행,건조,맑음,단일로 - 기타,승용,남,38세,상해없음,보행자,남,11세,중상
2017030600100450,2017년 3월 6일 19시,월요일,부산광역시 동래구 안락동,경상사고,0,0,5,0,차대차 - 측면충돌,안전운전불이행,건조,맑음,단일로 - 기타,승용,남,59세,상해없음,승용,남,68세,경상
2017030600100451,2017년 3월 6일 19시,월요일,부산광역시 부산진구 당감동,경상사고,0,0,1,0,차대차 - 추돌,안전운전불이행,건조,맑음,단일로 - 기타,화물,남,60세,상해없음,승용,남,46세,경상
2017030600100487,2017년 3월 6일 20시,월요일,부산광역시 부산진구 부암동,경상사고,0,0,2,0,차대차 - 측면충돌,신호위반,건조,맑음,교차로 - 교차로안,승용,여,43세,상해없음,승용,남,47세,경상
2017030600100515,2017년 3월 6일 21시,월요일,부산광역시 영도구 동삼동,경상사고,0,0,2,0,차대차 - 측면충돌,안전운전불이행,건조,맑음,교차로 - 교차로안,승합,남,49세,상해없음,승용,남,31세,상해없음
2017030600100516,2017년 3월 6일 21시,월요일,부산광역시 부산진구 개금동,경상사고,0,0,8,0,차대차 - 측면충돌,안전거리미확보,건조,맑음,단일로 - 고가도로위,승용,여,49세,경상,화물,남,48세,경상
2017030600100517,2017년 3월 6일 21시,월요일,부산광역시 부산진구 전포동,중상사고,0,1,0,0,차대차 - 측면충돌,교차로운행방법위반,건조,맑음,교차로 - 교차로안,승용,여,47세,상해없음,승용,여,31세,중상
2017030600100560,2017년 3월 6일 23시,월요일,부산광역시 동구 범일동,경상사고,0,0,1,0,차대차 - 측면충돌,신호위반,건조,맑음,교차로 - 교차로안,원동기,남,30세,상해없음,승용,남,56세,경상
2017030700100026,2017년 3월 7일 01시,화요일,부산광역시 부산진구 부전동,중상사고,0,1,0,0,차대사람 - 횡단중,안전운전불이행,건조,맑음,단일로 - 기타,승용,남,69세,상해없음,보행자,남,32세,중상
2017030700100027,2017년 3월 7일 01시,화요일,부산광역시 수영구 수영동,중상사고,0,1,0,0,차대차 - 측면충돌,신호위반,건조,맑음,교차로 - 교차로안,승용,남,62세,상해없음,승용,남,61세,중상
2017030700100038,2017년 3월 7일 03시,화요일,부산광역시 해운대구 우동,경상사고,0,0,1,0,차대차 - 측면충돌,안전운전불이행,건조,맑음,교차로 - 교차로부근,승용,남,64세,상해없음,승용,여,41세,경상
2017030700100065,2017년 3월 7일 07시,화요일,부산광역시 수영구 남천동,경상사고,0,0,1,0,차대차 - 기타,안전운전불이행,건조,맑음,단일로 - 기타,승용,남,71세,상해없음,승용,남,66세,상해없음
2017030700100103,2017년 3월 7일 08시,화요일,부산광역시 사상구 학장동,경상사고,0,0,2,1,차대차 - 측면충돌,교차로운행방법위반,건조,맑음,교차로 - 교차로안,화물,남,62세,상해없음,승용,여,58세,경상
2017030700100152,2017년 3월 7일 09시,화요일,부산광역시 해운대구 우동,중상사고,0,1,1,0,차대차 - 추돌,신호위반,건조,맑음,교차로 - 교차로부근,승용,남,26세,상해없음,승용,여,46세,중상
2017030700100153,2017년 3월 7일 09시,화요일,부산광역시 부산진구 양정동,경상사고,0,0,2,0,차대차 - 추돌,안전거리미확보,건조,맑음,단일로 - 기타,화물,남,23세,상해없음,승용,여,39세,경상
2017030700100154,2017년 3월 7일 09시,화요일,부산광역시 금정구 금사동,경상사고,0,0,1,0,차대차 - 기타,중앙선침범,건조,맑음,단일로 - 기타,승용,남,65세,상해없음,승합,남,37세,상해없음
2017030700100155,2017년 3월 7일 09시,화요일,부산광역시 사하구 신평동,경상사고,0,0,1,0,차대사람 - 횡단중,안전운전불이행,건조,맑음,교차로 - 교차로안,화물,남,45세,상해없음,보행자,남,82세,경상
2017030700100204,2017년 3월 7일 11시,화요일,부산광역시 동구 범일동,부상신고사고,0,0,0,1,차대차 - 기타,안전운전불이행,건조,맑음,교차로 - 교차로부근,건설기계,남,38세,상해없음,승용,여,51세,부상신고
2017030700100205,2017년 3월 7일 11시,화요일,부산광역시 북구 덕천동,경상사고,0,0,1,0,차대차 - 기타,안전거리미확보,건조,맑음,단일로 - 기타,화물,남,49세,상해없음,화물,남,45세,상해없음
2017030700100206,2017년 3월 7일 11시,화요일,부산광역시 동래구 온천동,경상사고,0,0,1,0,차대차 - 추돌,교차로운행방법위반,건조,맑음,교차로 - 교차로안,승용,남,60세,상해없음,승용,여,38세,경상
2017030700100207,2017년 3월 7일 11시,화요일,부산광역시 부산진구 부전동,경상사고,0,0,1,0,차대사람 - 횡단중,신호위반,건조,맑음,단일로 - 기타,이륜,남,24세,상해없음,보행자,남,76세,경상
2017030700100208,2017년 3월 7일 11시,화요일,부산광역시 사상구 괘법동,경상사고,0,0,1,2,차대차 - 측면충돌,직진우회전진행방해,건조,맑음,교차로 - 교차로안,승용,여,53세,부상신고,승용,여,51세,경상
2017030700100234,2017년 3월 7일 12시,화요일,부산광역시 남구 대연동,중상사고,0,1,0,0,차대차 - 측면충돌,기타,건조,맑음,교차로 - 교차로횡단보도내,승용,남,63세,상해없음,자전거,여,65세,중상
2017030700100235,2017년 3월 7일 12시,화요일,부산광역시 해운대구 반송동,중상사고,0,1,0,0,차대사람 - 횡단중,보행자보호의무위반,건조,맑음,교차로 - 교차로횡단보도내,승용,남,72세,상해없음,보행자,여,71세,중상
2017030700100256,2017년 3월 7일 13시,화요일,부산광역시 해운대구 반여동,경상사고,0,0,2,0,차대차 - 정면충돌,교차로운행방법위반,기타,맑음,교차로 - 교차로안,승용,여,53세,상해없음,승용,남,49세,상해없음
2017030700100257,2017년 3월 7일 13시,화요일,부산광역시 부산진구 가야동,경상사고,0,0,1,0,차대차 - 측면충돌,차로위반,건조,맑음,단일로 - 기타,승용,여,41세,상해없음,원동기,남,40세,경상
2017030700100278,2017년 3월 7일 14시,화요일,부산광역시 해운대구 좌동,경상사고,0,0,1,0,차대차 - 측면충돌,교차로운행방법위반,건조,맑음,교차로 - 교차로안,승용,남,39세,경상,건설기계,남,48세,상해없음
2017030700100298,2017년 3월 7일 15시,화요일,부산광역시 강서구 구랑동,경상사고,0,0,2,0,차대차 - 추돌,안전운전불이행,건조,맑음,교차로 - 교차로부근,승용,남,35세,상해없음,승용,여,57세,경상
2017030700100325,2017년 3월 7일 16시,화요일,부산광역시 강서구 신호동,경상사고,0,0,2,0,차대차 - 측면충돌,안전운전불이행,건조,맑음,교차로 - 교차로안,승용,남,30세,상해없음,승용,여,60세,경상
2017030700100356,2017년 3월 7일 17시,화요일,부산광역시 사하구 하단동,중상사고,0,1,0,0,차대사람 - 횡단중,안전운전불이행,건조,맑음,단일로 - 기타,승용,여,41세,상해없음,보행자,여,69세,중상
2017030700100357,2017년 3월 7일 17시,화요일,부산광역시 강서구 강동동,중상사고,0,1,0,0,차대사람 - 기타,기타,건조,맑음,단일로 - 기타,이륜,남,62세,상해없음,보행자,남,56세,중상
2017030700100389,2017년 3월 7일 18시,화요일,부산광역시 동구 범일동,경상사고,0,0,4,0,차대차 - 추돌,안전운전불이행,건조,맑음,단일로 - 기타,화물,남,53세,상해없음,승용,남,27세,경상
2017030700100390,2017년 3월 7일 18시,화요일,부산광역시 부산진구 전포동,경상사고,0,0,1,0,차대차 - 기타,중앙선침범,건조,맑음,단일로 - 기타,자전거,남,55세,경상,승용,남,20세,상해없음
2017030700100391,2017년 3월 7일 18시,화요일,부산광역시 금정구 구서동,부상신고사고,0,0,0,1,차대차 - 기타,안전운전불이행,건조,맑음,교차로 - 교차로안,기타불명,여,66세,부상신고,화물,남,38세,상해없음
2017030700100392,2017년 3월 7일 18시,화요일,부산광역시 사하구 장림동,경상사고,0,0,1,0,차대차 - 측면충돌,안전운전불이행,건조,맑음,단일로 - 기타,이륜,남,38세,경상,승용,남,38세,상해없음
2017030700100419,2017년 3월 7일 19시,화요일,부산광역시 동구 범일동,중상사고,0,1,0,0,차대차 - 추돌,안전거리미확보,건조,맑음,단일로 - 기타,승용,남,37세,상해없음,승용,남,32세,중상
2017030700100420,2017년 3월 7일 19시,화요일,부산광역시 서구 동대신동1가,중상사고,0,1,0,0,차대차 - 기타,교차로운행방법위반,건조,맑음,교차로 - 교차로안,승용,남,31세,상해없음,원동기,남,26세,중상
2017030700100421,2017년 3월 7일 19시,화요일,부산광역시 서구 서대신동3가,경상사고,0,0,1,0,차대사람 - 기타,안전운전불이행,건조,맑음,단일로 - 기타,승용,여,25세,상해없음,보행자,여,8세,경상
2017030700100422,2017년 3월 7일 19시,화요일,부산광역시 남구 대연동,중상사고,0,1,1,0,차대차 - 측면충돌,교차로운행방법위반,건조,맑음,교차로 - 교차로안,승용,남,67세,상해없음,승용,여,41세,중상
2017030700100423,2017년 3월 7일 19시,화요일,부산광역시 북구 구포동,경상사고,0,0,3,0,차대차 - 측면충돌,안전운전불이행,건조,맑음,교차로 - 교차로안,승용,남,55세,상해없음,승용,여,43세,경상
2017030700100424,2017년 3월 7일 19시,화요일,부산광역시 해운대구 우동,경상사고,0,0,1,0,차대차 - 측면충돌,안전운전불이행,건조,맑음,교차로 - 교차로안,승용,남,64세,상해없음,승용,남,33세,경상
2017030700100425,2017년 3월 7일 19시,화요일,부산광역시 금정구 장전동,부상신고사고,0,0,0,1,차대사람 - 횡단중,안전운전불이행,건조,맑음,단일로 - 기타,기타불명,기타불명,미분류,기타불명,보행자,남,19세,부상신고
2017030700100461,2017년 3월 7일 20시,화요일,부산광역시 사하구 다대동,경상사고,0,0,1,0,차대차 - 측면충돌,신호위반,건조,맑음,교차로 - 교차로안,이륜,남,17세,경상,승용,남,60세,상해없음
2017030700100487,2017년 3월 7일 21시,화요일,부산광역시 동구 수정동,경상사고,0,0,1,0,차대사람 - 길가장자리구역통행중,안전운전불이행,건조,맑음,단일로 - 기타,승용,여,34세,상해없음,보행자,남,60세,경상
2017030700100488,2017년 3월 7일 21시,화요일,부산광역시 부산진구 가야동,중상사고,0,1,0,0,차대사람 - 횡단중,안전운전불이행,건조,맑음,기타 - 기타,승용,여,38세,상해없음,보행자,여,75세,중상
2017030700100489,2017년 3월 7일 21시,화요일,부산광역시 부산진구 부암동,경상사고,0,0,6,1,차대차 - 측면충돌,신호위반,건조,맑음,교차로 - 교차로안,승용,남,45세,상해없음,승용,남,37세,경상
2017030700100522,2017년 3월 7일 22시,화요일,부산광역시 부산진구 부암동,중상사고,0,1,0,0,차대사람 - 횡단중,안전운전불이행,건조,맑음,교차로 - 교차로부근,승용,남,44세,상해없음,보행자,남,62세,중상
2017030700100551,2017년 3월 7일 23시,화요일,부산광역시 서구 충무동1가,경상사고,0,0,2,0,차대차 - 기타,교차로운행방법위반,건조,맑음,교차로 - 교차로안,이륜,남,22세,경상,이륜,남,40세,경상
2017030700100552,2017년 3월 7일 23시,화요일,부산광역시 해운대구 우동,경상사고,0,0,1,0,차대차 - 측면충돌,직진우회전진행방해,건조,맑음,교차로 - 교차로부근,승용,남,44세,상해없음,화물,남,37세,경상
2017030700100553,2017년 3월 7일 23시,화요일,부산광역시 해운대구 재송동,경상사고,0,0,1,0,차대차 - 기타,교차로운행방법위반,건조,맑음,교차로 - 교차로안,이륜,남,39세,경상,화물,남,56세,상해없음
2017030700100554,2017년 3월 7일 23시,화요일,부산광역시 금정구 부곡동,경상사고,0,0,1,0,차대차 - 기타,안전운전불이행,건조,맑음,교차로 - 교차로안,승용,남,26세,상해없음,승용,남,61세,경상
2017030800100074,2017년 3월 8일 06시,수요일,부산광역시 동구 범일동,중상사고,0,1,0,0,차량단독 - 공작물충돌,안전운전불이행,건조,맑음,단일로 - 기타,화물,남,57세,중상,,,,
2017030800100115,2017년 3월 8일 08시,수요일,부산광역시 동래구 사직동,중상사고,0,1,0,0,차대사람 - 기타,안전운전불이행,건조,맑음,교차로 - 교차로안,승용,여,63세,상해없음,보행자,남,76세,중상
2017030800100176,2017년 3월 8일 10시,수요일,부산광역시 동구 수정동,경상사고,0,0,1,0,차대차 - 기타,안전운전불이행,건조,맑음,단일로 - 기타,승용,여,52세,상해없음,승용,남,31세,경상
2017030800100194,2017년 3월 8일 11시,수요일,부산광역시 사하구 하단동,경상사고,0,0,1,0,차대차 - 기타,안전운전불이행,건조,맑음,기타 - 기타,원동기,남,27세,경상,화물,남,48세,상해없음
2017030800100195,2017년 3월 8일 11시,수요일,부산광역시 연제구 거제동,경상사고,0,0,1,0,차대차 - 정면충돌,안전운전불이행,건조,맑음,교차로 - 교차로안,승용,남,56세,상해없음,승용,남,34세,경상
2017030800100254,2017년 3월 8일 14시,수요일,부산광역시 연제구 연산동,경상사고,0,0,1,0,차대차 - 정면충돌,안전운전불이행,건조,맑음,기타 - 기타,승용,여,46세,상해없음,자전거,남,75세,경상
2017030800100255,2017년 3월 8일 14시,수요일,부산광역시 강서구 강동동,중상사고,0,2,0,0,차대차 - 측면충돌,기타,건조,맑음,교차로 - 교차로안,승용,남,45세,상해없음,이륜,남,80세,중상
2017030800100256,2017년 3월 8일 14시,수요일,부산광역시 강서구 지사동,경상사고,0,0,1,0,차대차 - 측면충돌,안전거리미확보,건조,맑음,단일로 - 기타,화물,남,43세,상해없음,승용,여,55세,경상
2017030800100279,2017년 3월 8일 15시,수요일,부산광역시 기장군 기장읍,경상사고,0,0,1,0,차대사람 - 기타,안전운전불이행,건조,맑음,교차로 - 교차로안,이륜,남,58세,상해없음,보행자,남,45세,경상
2017030800100302,2017년 3월 8일 16시,수요일,부산광역시 서구 동대신동3가,경상사고,0,0,1,0,차대사람 - 기타,안전운전불이행,건조,맑음,단일로 - 기타,승용,남,45세,상해없음,보행자,여,50세,경상
2017030800100303,2017년 3월 8일 16시,수요일,부산광역시 사상구 감전동,중상사고,0,1,0,0,차대차 - 측면충돌,신호위반,건조,맑음,교차로 - 교차로부근,이륜,남,49세,중상,승용,남,50세,상해없음
2017030800100304,2017년 3월 8일 16시,수요일,부산광역시 사상구 감전동,경상사고,0,0,1,0,차대차 - 추돌,안전운전불이행,건조,맑음,교차로 - 교차로안,승용,남,29세,상해없음,화물,남,21세,경상
2017030800100337,2017년 3월 8일 17시,수요일,부산광역시 사상구 괘법동,중상사고,0,1,0,0,차대차 - 추돌,안전운전불이행,건조,맑음,단일로 - 기타,승용,여,36세,상해없음,자전거,여,60세,중상
2017030800100364,2017년 3월 8일 18시,수요일,부산광역시 동래구 안락동,중상사고,0,1,0,0,차대차 - 측면충돌,기타,건조,맑음,교차로 - 교차로안,원동기,남,55세,중상,승용,남,38세,상해없음
2017030800100365,2017년 3월 8일 18시,수요일,부산광역시 동래구 온천동,경상사고,0,0,1,0,차대차 - 측면충돌,신호위반,건조,맑음,교차로 - 교차로안,승용,남,61세,상해없음,원동기,남,21세,경상
2017030800100366,2017년 3월 8일 18시,수요일,부산광역시 연제구 연산동,중상사고,0,1,0,0,차대차 - 측면충돌,안전거리미확보,건조,맑음,단일로 - 기타,승용,여,49세,상해없음,승용,남,36세,중상
2017030800100395,2017년 3월 8일 19시,수요일,부산광역시 서구 동대신동2가,경상사고,0,0,1,0,차대차 - 기타,신호위반,건조,맑음,단일로 - 기타,승용,남,55세,기타불명,승용,남,51세,경상
2017030800100396,2017년 3월 8일 19시,수요일,부산광역시 영도구 동삼동,중상사고,0,1,0,0,차대사람 - 횡단중,보행자보호의무위반,건조,맑음,단일로 - 기타,승용,남,70세,상해없음,보행자,여,17세,중상
2017030800100397,2017년 3월 8일 19시,수요일,부산광역시 해운대구 반여동,부상신고사고,0,0,0,1,차대차 - 기타,안전운전불이행,기타,맑음,단일로 - 기타,이륜,남,17세,부상신고,승용,남,59세,상해없음
2017030800100398,2017년 3월 8일 19시,수요일,부산광역시 사상구 주례동,부상신고사고,0,0,0,2,차대차 - 측면충돌,안전운전불이행,건조,맑음,교차로 - 교차로부근,화물,남,65세,상해없음,승용,남,31세,부상신고
2017030800100429,2017년 3월 8일 20시,수요일,부산광역시 동구 범일동,중상사고,0,1,0,0,차대사람 - 횡단중,안전운전불이행,건조,맑음,단일로 - 기타,승용,남,53세,상해없음,보행자,남,77세,중상
2017030800100430,2017년 3월 8일 20시,수요일,부산광역시 영도구 동삼동,경상사고,0,0,1,0,차대사람 - 횡단중,보행자보호의무위반,건조,맑음,교차로 - 교차로안,이륜,남,57세,상해없음,보행자,여,45세,경상
2017030800100431,2017년 3월 8일 20시,수요일,부산광역시 영도구 신선동1가,경상사고,0,0,1,0,차대차 - 측면충돌,안전운전불이행,건조,맑음,단일로 - 기타,승합,남,57세,상해없음,이륜,남,46세,경상
2017030800100432,2017년 3월 8일 20시,수요일,부산광역시 부산진구 범전동,경상사고,0,0,1,0,차대차 - 측면충돌,안전운전불이행,건조,맑음,단일로 - 기타,이륜,남,25세,상해없음,승용,남,31세,경상
2017030800100454,2017년 3월 8일 21시,수요일,부산광역시 금정구 금사동,경상사고,0,0,2,2,차대차 - 측면충돌,교차로운행방법위반,건조,맑음,교차로 - 교차로안,승합,남,40세,상해없음,승용,남,24세,상해없음
2017030800100483,2017년 3월 8일 22시,수요일,부산광역시 기장군 기장읍,중상사고,0,1,0,0,차대사람 - 횡단중,안전운전불이행,건조,맑음,단일로 - 기타,이륜,남,53세,상해없음,보행자,남,46세,중상
2017030900100021,2017년 3월 9일 00시,목요일,부산광역시 동구 초량동,경상사고,0,0,1,1,차대차 - 기타,교차로운행방법위반,건조,맑음,교차로 - 교차로안,승용,남,48세,경상,승용,남,67세,부상신고
2017030900100034,2017년 3월 9일 01시,목요일,부산광역시 수영구 수영동,중상사고,0,1,1,0,차대차 - 기타,신호위반,건조,맑음,교차로 - 교차로안,승용,남,51세,경상,원동기,남,24세,중상
2017030900100052,2017년 3월 9일 03시,목요일,부산광역시 부산진구 부전동,경상사고,0,0,2,0,차대차 - 측면충돌,신호위반,건조,맑음,교차로 - 교차로안,승용,남,20세,상해없음,승용,남,74세,경상
2017030900100065,2017년 3월 9일 05시,목요일,부산광역시 남구 대연동,중상사고,0,1,1,0,차대사람 - 횡단중,안전운전불이행,건조,맑음,교차로 - 교차로부근,승용,남,66세,상해없음,보행자,여,75세,중상
2017030900100066,2017년 3월 9일 05시,목요일,부산광역시 부산진구 전포동,중상사고,0,1,0,0,차대차 - 측면충돌,안전운전불이행,건조,맑음,교차로 - 교차로안,승용,남,47세,상해없음,이륜,남,63세,중상
2017030900100075,2017년 3월 9일 06시,목요일,부산광역시 부산진구 개금동,경상사고,0,0,1,0,차대차 - 기타,안전운전불이행,건조,맑음,단일로 - 기타,이륜,남,51세,경상,승용,남,41세,상해없음
2017030900100076,2017년 3월 9일 06시,목요일,부산광역시 강서구 대저2동,중상사고,0,1,0,0,차대사람 - 횡단중,보행자보호의무위반,건조,맑음,교차로 - 교차로횡단보도내,승용,여,65세,상해없음,보행자,여,72세,중상
2017030900100089,2017년 3월 9일 07시,목요일,부산광역시 강서구 대저2동,중상사고,0,1,3,0,차대차 - 측면충돌,교차로운행방법위반,건조,맑음,교차로 - 교차로안,승용,남,56세,상해없음,승용,남,25세,중상
2017030900100114,2017년 3월 9일 08시,목요일,부산광역시 중구 중앙동4가,경상사고,0,0,1,0,차대차 - 측면충돌,교차로운행방법위반,건조,맑음,교차로 - 교차로안,승용,남,24세,상해없음,승용,남,32세,경상
2017030900100115,2017년 3월 9일 08시,목요일,부산광역시 서구 남부민동,중상사고,0,1,0,0,차대사람 - 기타,안전운전불이행,건조,맑음,단일로 - 기타,승용,남,49세,상해없음,보행자,여,76세,중상
2017030900100116,2017년 3월 9일 08시,목요일,부산광역시 남구 문현동,경상사고,0,0,1,0,차대사람 - 횡단중,교차로운행방법위반,건조,맑음,교차로 - 교차로안,승용,남,36세,상해없음,보행자,여,57세,경상
2017030900100117,2017년 3월 9일 08시,목요일,부산광역시 해운대구 반여동,경상사고,0,0,1,0,차대차 - 측면충돌,안전운전불이행,건조,맑음,교차로 - 교차로안,승용,여,55세,상해없음,승용,남,28세,경상
2017030900100118,2017년 3월 9일 08시,목요일,부산광역시 수영구 망미동,경상사고,0,0,2,0,차대차 - 측면충돌,교차로운행방법위반,건조,맑음,교차로 - 교차로안,승용,남,34세,상해없음,화물,남,48세,경상
2017030900100167,2017년 3월 9일 09시,목요일,부산광역시 수영구 남천동,중상사고,0,2,2,0,차대차 - 측면충돌,교차로운행방법위반,건조,맑음,교차로 - 교차로안,승용,여,27세,경상,승용,여,42세,중상
2017030900100168,2017년 3월 9일 09시,목요일,부산광역시 북구 구포동,경상사고,0,0,1,0,차대차 - 기타,안전운전불이행,건조,맑음,단일로 - 기타,이륜,남,64세,경상,승용,남,58세,상해없음
2017030900100199,2017년 3월 9일 10시,목요일,부산광역시 수영구 민락동,부상신고사고,0,0,0,1,차대차 - 측면충돌,안전거리미확보,건조,맑음,단일로 - 기타,이륜,남,61세,부상신고,승용,남,66세,상해없음
2017030900100200,2017년 3월 9일 10시,목요일,부산광역시 부산진구 가야동,중상사고,0,1,0,0,차대차 - 기타,안전운전불이행,건조,맑음,교차로 - 교차로안,이륜,남,81세,중상,승용,남,54세,상해없음
2017030900100201,2017년 3월 9일 10시,목요일,부산광역시 사하구 신평동,중상사고,0,1,1,0,차대차 - 추돌,안전운전불이행,건조,맑음,단일로 - 기타,특수,남,64세,상해없음,승용,여,46세,중상
2017030900100251,2017년 3월 9일 12시,목요일,부산광역시 동구 수정동,경상사고,0,0,1,0,차대사람 - 기타,신호위반,건조,맑음,단일로 - 기타,원동기,남,66세,상해없음,보행자,여,43세,경상
2017030900100252,2017년 3월 9일 12시,목요일,부산광역시 사하구 괴정동,경상사고,0,0,1,0,차대차 - 기타,신호위반,건조,맑음,단일로 - 기타,승용,여,49세,상해없음,원동기,남,28세,경상
2017030900100347,2017년 3월 9일 16시,목요일,부산광역시 동래구 명륜동,경상사고,0,0,1,0,차대사람 - 길가장자리구역통행중,안전운전불이행,건조,맑음,교차로 - 교차로안,화물,기타불명,미분류,기타불명,보행자,남,12세,경상
2017030900100348,2017년 3월 9일 16시,목요일,부산광역시 금정구 금사동,중상사고,0,1,1,0,차대차 - 측면충돌,교차로운행방법위반,건조,맑음,교차로 - 교차로안,승용,남,38세,상해없음,승용,남,50세,중상
2017030900100349,2017년 3월 9일 16시,목요일,부산광역시 사하구 하단동,경상사고,0,0,1,0,차대차 - 기타,차로위반,건조,맑음,교차로 - 교차로부근,화물,남,51세,상해없음,승용,남,49세,경상
2017030900100414,2017년 3월 9일 18시,목요일,부산광역시 동구 범일동,경상사고,0,0,1,0,차대사람 - 횡단중,보행자보호의무위반,건조,맑음,단일로 - 기타,승용,남,70세,상해없음,보행자,남,8세,경상
2017030900100415,2017년 3월 9일 18시,목요일,부산광역시 북구 구포동,중상사고,0,1,3,0,차대사람 - 횡단중,신호위반,건조,맑음,단일로 - 기타,화물,남,50세,상해없음,보행자,남,29세,중상
2017030900100416,2017년 3월 9일 18시,목요일,부산광역시 부산진구 당감동,중상사고,0,1,0,0,차대사람 - 횡단중,안전운전불이행,건조,맑음,단일로 - 기타,승용,여,42세,상해없음,보행자,여,12세,중상
2017030900100417,2017년 3월 9일 18시,목요일,부산광역시 연제구 거제동,경상사고,0,0,1,0,차대사람 - 보도통행중,안전운전불이행,건조,맑음,기타 - 기타,화물,남,46세,상해없음,보행자,여,33세,경상
2017030900100418,2017년 3월 9일 18시,목요일,부산광역시 연제구 연산동,경상사고,0,0,1,0,차대사람 - 횡단중,보행자보호의무위반,건조,맑음,단일로 - 기타,승용,여,55세,상해없음,보행자,여,59세,경상
2017030900100477,2017년 3월 9일 20시,목요일,부산광역시 북구 덕천동,경상사고,0,0,1,0,차대사람 - 기타,안전운전불이행,건조,맑음,단일로 - 기타,승용,남,42세,상해없음,보행자,남,45세,경상
2017030900100478,2017년 3월 9일 20시,목요일,부산광역시 사하구 장림동,중상사고,0,1,0,0,차대사람 - 횡단중,안전운전불이행,건조,맑음,교차로 - 교차로안,승용,남,56세,상해없음,보행자,남,43세,중상
2017030900100479,2017년 3월 9일 20시,목요일,부산광역시 사하구 신평동,경상사고,0,0,3,0,차대차 - 측면충돌,불법유턴,건조,맑음,교차로 - 교차로부근,승용,남,22세,상해없음,승용,남,51세,상해없음
2017030900100505,2017년 3월 9일 21시,목요일,부산광역시 부산진구 부전동,경상사고,0,0,1,0,차대차 - 기타,안전운전불이행,건조,맑음,교차로 - 교차로부근,승용,남,41세,상해없음,자전거,남,25세,경상
2017030900100506,2017년 3월 9일 21시,목요일,부산광역시 강서구 송정동,중상사고,0,1,1,0,차대차 - 추돌,교차로운행방법위반,건조,맑음,단일로 - 기타,승용,남,64세,상해없음,승용,남,29세,경상
2017030900100530,2017년 3월 9일 22시,목요일,부산광역시 중구 부평동3가,경상사고,0,0,1,0,차대사람 - 횡단중,신호위반,건조,맑음,단일로 - 기타,승용,남,63세,상해없음,보행자,남,24세,경상
2017030900100531,2017년 3월 9일 22시,목요일,부산광역시 부산진구 부전동,중상사고,0,1,1,0,차대차 - 측면충돌,신호위반,건조,맑음,교차로 - 교차로안,승용,남,32세,상해없음,승용,남,67세,경상
2017030900100555,2017년 3월 9일 23시,목요일,부산광역시 남구 대연동,중상사고,0,1,1,0,차량단독 - 공작물충돌,안전운전불이행,건조,맑음,단일로 - 기타,승용,남,47세,중상,,,,