사고번호,사고일시,요일,시군구,사고내용,사망자수,중상자수,경상자수,부상신고자수,사고유형,법규위반,노면상태,기상상태,도로형태,가해운전자 차종,가해운전자 성별,가해운전자 연령,가해운전자 상해정도,피해운전자 차종,피해운전자 성별,피해운전자 연령,피해운전자 상해정도
2017031000100018,2017년 3월 10일 00시,금요일,부산광역시 금정구 장전동,부상신고사고,0,0,0,1,차대차 - 기타,기타,건조,맑음,교차로 - 교차로안,기타불명,기타불명,미분류,기타불명,자전거,남,22세,부상신고
2017031000100064,2017년 3월 10일 05시,금요일,부산광역시 남구 대연동,경상사고,0,0,1,0,차대차 - 추돌,안전운전불이행,건조,맑음,교차로 - 교차로부근,승용,남,42세,상해없음,승용,남,62세,경상
2017031000100065,2017년 3월 10일 05시,금요일,부산광역시 연제구 거제동,경상사고,0,0,1,0,차대사람 - 횡단중,안전운전불이행,건조,맑음,단일로 - 기타,승용,남,65세,상해없음,보행자,남,32세,경상
2017031000100071,2017년 3월 10일 06시,금요일,부산광역시 부산진구 양정동,중상사고,0,1,0,0,차대차 - 측면충돌,신호위반,건조,맑음,단일로 - 기타,승용,남,62세,상해없음,이륜,남,55세,중상
2017031000100082,2017년 3월 10일 07시,금요일,부산광역시 북구 덕천동,경상사고,0,0,1,0,차대사람 - 횡단중,안전운전불이행,건조,맑음,단일로 - 기타,이륜,남,58세,상해없음,보행자,여,78세,경상
2017031000100160,2017년 3월 10일 09시,금요일,부산광역시 사하구 하단동,경상사고,0,0,1,0,차대사람 - 차도통행중,안전운전불이행,건조,맑음,단일로 - 기타,승용,남,58세,상해없음,보행자,남,55세,경상
2017031000100190,2017년 3월 10일 10시,금요일,부산광역시 동구 초량동,경상사고,0,0,1,0,차대차 - 측면충돌,안전운전불이행,건조,맑음,교차로 - 교차로안,승용,남,29세,상해없음,원동기,남,69세,경상
2017031000100191,2017년 3월 10일 10시,금요일,부산광역시 서구 남부민동,중상사고,0,1,0,0,차대사람 - 횡단중,안전운전불이행,건조,맑음,단일로 - 기타,승용,남,44세,상해없음,보행자,남,52세,중상
2017031000100192,2017년 3월 10일 10시,금요일,부산광역시 남구 문현동,경상사고,0,0,1,0,차대차 - 기타,신호위반,건조,맑음,교차로 - 교차로안,화물,남,58세,상해없음,승용,남,32세,경상
2017031000100193,2017년 3월 10일 10시,금요일,부산광역시 해운대구 반송동,경상사고,0,0,2,0,차대차 - 정면충돌,안전거리미확보,건조,맑음,단일로 - 고가도로위,화물,남,62세,상해없음,승용,여,54세,경상
2017031000100194,2017년 3월 10일 10시,금요일,부산광역시 부산진구 양정동,경상사고,0,0,2,0,차대차 - 추돌,안전운전불이행,건조,맑음,단일로 - 기타,승용,남,54세,상해없음,승용,남,65세,경상
2017031000100195,2017년 3월 10일 10시,금요일,부산광역시 강서구 명지동,경상사고,0,0,1,0,차대차 - 측면충돌,신호위반,건조,맑음,교차로 - 교차로안,승용,여,57세,상해없음,승용,여,46세,경상
2017031000100196,2017년 3월 10일 10시,금요일,부산광역시 기장군 기장읍,중상사고,0,1,0,0,차대차 - 추돌,안전운전불이행,건조,맑음,기타 - 기타,원동기,남,75세,중상,화물,남,54세,상해없음
2017031000100274,2017년 3월 10일 13시,금요일,부산광역시 북구 만덕동,중상사고,0,1,0,0,차대차 - 추돌,안전운전불이행,건조,맑음,단일로 - 기타,승용,남,29세,상해없음,승용,남,24세,중상
2017031000100322,2017년 3월 10일 15시,금요일,부산광역시 남구 용호동,경상사고,0,0,1,0,차대사람 - 차도통행중,안전운전불이행,건조,맑음,단일로 - 기타,승용,여,37세,상해없음,보행자,여,72세,경상
2017031000100323,2017년 3월 10일 15시,금요일,부산광역시 금정구 구서동,부상신고사고,0,0,0,1,차대사람 - 횡단중,안전운전불이행,건조,맑음,단일로 - 기타,기타불명,기타불명,미분류,기타불명,보행자,남,67세,부상신고
2017031000100362,2017년 3월 10일 16시,금요일,부산광역시 부산진구 당감동,중상사고,0,1,0,0,차대사람 - 횡단중,보행자보호의무위반,건조,맑음,단일로 - 기타,이륜,남,20세,상해없음,보행자,여,60세,중상
2017031000100363,2017년 3월 10일 16시,금요일,부산광역시 사상구 감전동,경상사고,0,0,1,0,차대차 - 정면충돌,안전운전불이행,건조,맑음,교차로 - 교차로부근,자전거,남,66세,경상,화물,남,36세,상해없음
2017031000100364,2017년 3월 10일 16시,금요일,부산광역시 사상구 학장동,경상사고,0,0,2,0,차대차 - 추돌,안전운전불이행,건조,맑음,교차로 - 교차로부근,승용,남,47세,상해없음,화물,남,53세,경상
2017031000100397,2017년 3월 10일 17시,금요일,부산광역시 부산진구 부암동,중상사고,0,1,0,0,차대사람 - 횡단중,중앙선침범,건조,맑음,단일로 - 기타,승용,여,48세,상해없음,보행자,여,68세,중상
2017031000100432,2017년 3월 10일 18시,금요일,부산광역시 중구 대청동4가,경상사고,0,0,2,0,차대사람 - 차도통행중,안전운전불이행,건조,맑음,단일로 - 기타,승용,남,67세,상해없음,보행자,여,47세,경상
2017031000100433,2017년 3월 10일 18시,금요일,부산광역시 남구 문현동,중상사고,0,2,0,0,차대차 - 추돌,안전운전불이행,건조,맑음,교차로 - 교차로부근,승용,남,48세,상해없음,승용,여,46세,중상
2017031000100434,2017년 3월 10일 18시,금요일,부산광역시 영도구 봉래동1가,중상사고,0,1,0,0,차대사람 - 횡단중,보행자보호의무위반,건조,맑음,교차로 - 교차로안,화물,남,38세,상해없음,보행자,여,73세,중상
2017031000100435,2017년 3월 10일 18시,금요일,부산광역시 사하구 당리동,경상사고,0,0,1,0,차대사람 - 횡단중,보행자보호의무위반,건조,맑음,단일로 - 기타,승용,여,48세,상해없음,보행자,남,55세,경상
2017031000100436,2017년 3월 10일 18시,금요일,부산광역시 사상구 주례동,중상사고,0,1,0,1,차대사람 - 횡단중,안전운전불이행,건조,맑음,교차로 - 교차로부근,이륜,남,23세,부상신고,보행자,남,62세,중상
2017031000100476,2017년 3월 10일 19시,금요일,부산광역시 동래구 사직동,중상사고,0,1,0,0,차대사람 - 횡단중,안전운전불이행,건조,맑음,교차로 - 교차로안,승용,남,51세,상해없음,보행자,여,74세,중상
2017031000100477,2017년 3월 10일 19시,금요일,부산광역시 사상구 감전동,부상신고사고,0,0,0,1,차대차 - 측면충돌,안전운전불이행,건조,맑음,교차로 - 교차로부근,승용,남,45세,부상신고,승용,남,40세,상해없음
2017031000100519,2017년 3월 10일 20시,금요일,부산광역시 금정구 구서동,중상사고,0,1,0,0,차대사람 - 횡단중,안전운전불이행,건조,맑음,교차로 - 교차로부근,승용,남,56세,상해없음,보행자,남,44세,중상
2017031000100520,2017년 3월 10일 20시,금요일,부산광역시 연제구 연산동,중상사고,0,1,0,0,차량단독 - 기타,안전운전불이행,건조,맑음,단일로 - 기타,승합,남,61세,상해없음,,,,
2017031000100545,2017년 3월 10일 21시,금요일,부산광역시 동구 범일동,경상사고,0,0,1,0,차대사람 - 기타,안전운전불이행,건조,맑음,교차로 - 교차로안,승용,여,50세,상해없음,보행자,여,65세,경상
2017031000100546,2017년 3월 10일 21시,금요일,부산광역시 사하구 다대동,중상사고,0,1,0,0,차대차 - 측면충돌,안전운전불이행,건조,맑음,기타 - 기타,승용,남,22세,상해없음,원동기,남,66세,중상
2017031000100569,2017년 3월 10일 22시,금요일,부산광역시 동구 초량동,경상사고,0,0,1,0,차대차 - 기타,교차로운행방법위반,건조,맑음,교차로 - 교차로안,승용,남,26세,상해없음,승용,여,41세,상해없음
2017031000100570,2017년 3월 10일 22시,금요일,부산광역시 남구 대연동,경상사고,0,0,1,0,차대사람 - 기타,안전운전불이행,건조,맑음,단일로 - 기타,승용,남,33세,상해없음,보행자,여,29세,경상
2017031000100571,2017년 3월 10일 22시,금요일,부산광역시 수영구 광안동,경상사고,0,0,1,1,차대차 - 추돌,안전운전불이행,건조,맑음,단일로 - 기타,승용,남,37세,상해없음,승용,남,51세,경상
2017031000100572,2017년 3월 10일 22시,금요일,부산광역시 사하구 당리동,중상사고,0,1,2,0,차대차 - 기타,과속,건조,맑음,기타 - 기타,승용,남,26세,경상,승용,남,47세,중상
2017031000100573,2017년 3월 10일 22시,금요일,부산광역시 기장군 기장읍,사망사고,1,0,0,0,차량단독 - 전도전복 - 전도,안전운전불이행,건조,맑음,단일로 - 기타,이륜,남,29세,사망,,,,
2017031000100607,2017년 3월 10일 23시,금요일,부산광역시 부산진구 부전동,경상사고,0,0,1,0,차대사람 - 기타,안전운전불이행,건조,맑음,단일로 - 기타,화물,여,57세,기타불명,보행자,남,37세,경상
2017031000100608,2017년 3월 10일 23시,금요일,부산광역시 금정구 구서동,경상사고,0,0,1,0,차대차 - 기타,기타,건조,맑음,교차로 - 교차로안,승용,남,51세,상해없음,승용,남,37세,상해없음
2017031000100609,2017년 3월 10일 23시,금요일,부산광역시 사하구 신평동,경상사고,0,0,2,0,차대차 - 추돌,안전운전불이행,건조,맑음,기타 - 기타,승용,남,47세,상해없음,승용,여,51세,경상
2017031000100610,2017년 3월 10일 23시,금요일,부산광역시 연제구 거제동,경상사고,0,0,1,0,차대차 - 측면충돌,안전거리미확보,건조,맑음,단일로 - 기타,승용,남,66세,상해없음,이륜,남,17세,경상
2017031100100021,2017년 3월 11일 00시,토요일,부산광역시 서구 동대신동3가,중상사고,0,1,2,0,차대차 - 기타,교차로운행방법위반,건조,맑음,교차로 - 교차로안,승용,남,43세,경상,승용,남,59세,경상
2017031100100043,2017년 3월 11일 01시,토요일,부산광역시 금정구 장전동,경상사고,0,0,1,0,차대차 - 기타,안전운전불이행,건조,맑음,교차로 - 교차로부근,승용,남,29세,상해없음,승용,여,28세,경상
2017031100100078,2017년 3월 11일 04시,토요일,부산광역시 사하구 당리동,경상사고,0,0,1,0,차대차 - 기타,신호위반,건조,맑음,교차로 - 교차로안,이륜,남,16세,경상,승용,남,47세,상해없음
2017031100100086,2017년 3월 11일 05시,토요일,부산광역시 동래구 온천동,중상사고,0,1,0,0,차대사람 - 보도통행중,기타,건조,맑음,교차로 - 교차로안,승용,여,61세,상해없음,보행자,남,47세,중상
2017031100100087,2017년 3월 11일 05시,토요일,부산광역시 해운대구 중동,부상신고사고,0,0,0,1,차대차 - 측면충돌,교차로운행방법위반,건조,맑음,교차로 - 교차로부근,기타불명,기타불명,미분류,기타불명,이륜,남,25세,부상신고
2017031100100099,2017년 3월 11일 06시,토요일,부산광역시 동구 범일동,경상사고,0,0,1,0,차대차 - 기타,차로위반,건조,맑음,단일로 - 기타,승용,남,31세,상해없음,승용,남,51세,경상
2017031100100122,2017년 3월 11일 08시,토요일,부산광역시 연제구 거제동,경상사고,0,0,1,0,차대차 - 측면충돌,안전운전불이행,건조,맑음,단일로 - 기타,승합,여,44세,상해없음,자전거,여,42세,경상
2017031100100197,2017년 3월 11일 11시,토요일,부산광역시 동래구 수안동,경상사고,0,0,1,0,차대차 - 측면충돌,안전운전불이행,건조,맑음,단일로 - 기타,자전거,남,41세,경상,화물,남,69세,상해없음
2017031100100198,2017년 3월 11일 11시,토요일,부산광역시 기장군 장안읍,경상사고,0,0,1,0,차대차 - 측면충돌,안전운전불이행,건조,맑음,단일로 - 기타,승용,남,48세,상해없음,승용,여,33세,경상
2017031100100229,2017년 3월 11일 12시,토요일,부산광역시 해운대구 재송동,경상사고,0,0,1,1,차대차 - 기타,신호위반,기타,맑음,교차로 - 교차로안,승용,남,70세,상해없음,승합,남,51세,경상
2017031100100248,2017년 3월 11일 13시,토요일,부산광역시 동래구 온천동,경상사고,0,0,2,0,차대차 - 추돌,안전운전불이행,건조,맑음,단일로 - 기타,승용,남,54세,상해없음,승용,남,50세,경상
2017031100100249,2017년 3월 11일 13시,토요일,부산광역시 부산진구 당감동,중상사고,0,1,0,0,차대차 - 측면충돌,신호위반,건조,맑음,단일로 - 기타,승용,남,56세,상해없음,이륜,남,64세,중상
2017031100100250,2017년 3월 11일 13시,토요일,부산광역시 사하구 다대동,중상사고,0,1,0,0,차대차 - 기타,교차로운행방법위반,건조,맑음,교차로 - 교차로안,화물,남,64세,상해없음,승용,남,35세,중상
2017031100100290,2017년 3월 11일 14시,토요일,부산광역시 중구 중앙동6가,경상사고,0,0,4,0,차대차 - 추돌,안전운전불이행,건조,맑음,단일로 - 기타,승용,남,47세,상해없음,승용,남,71세,경상
2017031100100334,2017년 3월 11일 15시,토요일,부산광역시 부산진구 당감동,경상사고,0,0,1,0,차대사람 - 횡단중,기타,건조,맑음,단일로 - 기타,승합,남,36세,상해없음,보행자,여,76세,경상
2017031100100335,2017년 3월 11일 15시,토요일,부산광역시 금정구 장전동,경상사고,0,0,1,0,차대차 - 측면충돌,안전거리미확보,건조,맑음,단일로 - 기타,원동기,남,60세,상해없음,원동기,남,30세,경상
2017031100100336,2017년 3월 11일 15시,토요일,부산광역시 연제구 거제동,경상사고,0,0,1,0,차대차 - 추돌,안전거리미확보,건조,맑음,단일로 - 기타,승용,남,32세,상해없음,승용,남,74세,경상
2017031100100376,2017년 3월 11일 16시,토요일,부산광역시 동래구 수안동,경상사고,0,0,2,0,차대차 - 후진중충돌,안전운전불이행,건조,맑음,단일로 - 기타,승용,여,24세,상해없음,승용,여,42세,경상
2017031100100377,2017년 3월 11일 16시,토요일,부산광역시 해운대구 좌동,중상사고,0,3,3,0,차대차 - 추돌,안전거리미확보,건조,맑음,단일로 - 터널,특수,남,57세,상해없음,화물,남,22세,중상
2017031100100378,2017년 3월 11일 16시,토요일,부산광역시 금정구 장전동,중상사고,0,1,0,0,차대차 - 기타,기타,건조,맑음,기타 - 기타,승용,남,61세,상해없음,자전거,남,64세,중상
2017031100100419,2017년 3월 11일 18시,토요일,부산광역시 해운대구 송정동,경상사고,0,0,1,0,차대차 - 추돌,안전운전불이행,건조,맑음,단일로 - 기타,기타불명,기타불명,미분류,기타불명,승용,남,57세,경상
2017031100100456,2017년 3월 11일 19시,토요일,부산광역시 서구 아미동2가,중상사고,0,1,0,0,차대사람 - 기타,보행자보호의무위반,건조,맑음,단일로 - 기타,승용,남,77세,상해없음,보행자,여,80세,중상
2017031100100457,2017년 3월 11일 19시,토요일,부산광역시 해운대구 우동,경상사고,0,0,1,0,차대차 - 추돌,안전운전불이행,건조,맑음,단일로 - 기타,승용,남,39세,기타불명,승용,남,59세,경상
2017031100100494,2017년 3월 11일 20시,토요일,부산광역시 동구 범일동,부상신고사고,0,0,0,1,차대차 - 기타,안전운전불이행,건조,맑음,단일로 - 기타,승용,남,57세,상해없음,승용,여,54세,부상신고
2017031100100517,2017년 3월 11일 21시,토요일,부산광역시 남구 대연동,경상사고,0,0,1,0,차대차 - 측면충돌,신호위반,건조,맑음,교차로 - 교차로안,승용,남,28세,상해없음,원동기,남,54세,경상
2017031100100541,2017년 3월 11일 22시,토요일,부산광역시 동래구 사직동,중상사고,0,1,0,0,차대차 - 정면충돌,신호위반,건조,맑음,교차로 - 교차로안,승용,여,26세,상해없음,승용,남,35세,중상
2017031100100542,2017년 3월 11일 22시,토요일,부산광역시 사하구 구평동,경상사고,0,0,1,0,차대차 - 기타,신호위반,건조,맑음,교차로 - 교차로안,기타불명,기타불명,미분류,기타불명,승용,남,71세,상해없음
2017031200100014,2017년 3월 12일 00시,일요일,부산광역시 해운대구 우동,중상사고,0,1,0,0,차대사람 - 기타,안전운전불이행,건조,맑음,단일로 - 기타,승합,남,49세,상해없음,보행자,남,40세,중상
2017031200100015,2017년 3월 12일 00시,일요일,부산광역시 부산진구 부전동,부상신고사고,0,0,0,1,차대차 - 측면충돌,안전운전불이행,건조,맑음,교차로 - 교차로부근,이륜,남,24세,부상신고,승용,남,32세,상해없음
2017031200100040,2017년 3월 12일 02시,일요일,부산광역시 금정구 부곡동,경상사고,0,0,1,0,차대차 - 측면충돌,안전거리미확보,건조,맑음,단일로 - 기타,승용,남,49세,상해없음,승용,남,44세,상해없음
2017031200100048,2017년 3월 12일 03시,일요일,부산광역시 영도구 남항동3가,중상사고,0,1,0,0,차량단독 - 전도전복 - 전도,안전운전불이행,건조,맑음,단일로 - 기타,원동기,남,20세,중상,,,,
2017031200100110,2017년 3월 12일 09시,일요일,부산광역시 강서구 명지동,경상사고,0,0,1,0,차대차 - 정면충돌,신호위반,건조,맑음,단일로 - 기타,승용,남,61세,상해없음,이륜,남,49세,경상
2017031200100129,2017년 3월 12일 10시,일요일,부산광역시 금정구 장전동,경상사고,0,0,2,0,차대차 - 기타,안전운전불이행,건조,맑음,교차로 - 교차로안,승용,여,39세,경상,승용,남,38세,경상
2017031200100146,2017년 3월 12일 11시,일요일,부산광역시 동래구 안락동,경상사고,0,0,1,0,차대사람 - 횡단중,안전운전불이행,건조,맑음,단일로 - 기타,승용,여,51세,상해없음,보행자,여,57세,경상
2017031200100164,2017년 3월 12일 12시,일요일,부산광역시 서구 부민동1가,경상사고,0,0,1,0,차대차 - 기타,안전운전불이행,건조,맑음,교차로 - 교차로부근,승용,남,50세,상해없음,승용,남,63세,경상
2017031200100165,2017년 3월 12일 12시,일요일,부산광역시 수영구 광안동,중상사고,0,2,1,0,차대차 - 측면충돌,신호위반,건조,맑음,교차로 - 교차로안,승용,남,47세,상해없음,승용,여,45세,경상
2017031200100188,2017년 3월 12일 13시,일요일,부산광역시 강서구 송정동,경상사고,0,0,3,0,차대차 - 측면충돌,신호위반,건조,맑음,교차로 - 교차로안,화물,남,64세,상해없음,승용,남,28세,경상
2017031200100200,2017년 3월 12일 14시,일요일,부산광역시 중구 부평동1가,중상사고,0,1,0,0,차대사람 - 차도통행중,안전운전불이행,건조,맑음,단일로 - 기타,승용,남,51세,상해없음,보행자,여,62세,중상
2017031200100201,2017년 3월 12일 14시,일요일,부산광역시 수영구 남천동,경상사고,0,0,2,0,차대차 - 측면충돌,신호위반,건조,맑음,단일로 - 기타,승용,남,26세,상해없음,승용,남,27세,경상
2017031200100202,2017년 3월 12일 14시,일요일,부산광역시 연제구 거제동,경상사고,0,0,1,0,차대차 - 추돌,안전운전불이행,건조,맑음,단일로 - 기타,자전거,남,12세,상해없음,자전거,남,48세,경상
2017031200100203,2017년 3월 12일 14시,일요일,부산광역시 사하구 하단동,경상사고,0,0,1,0,차대차 - 측면충돌,안전거리미확보,건조,맑음,단일로 - 기타,승용,남,28세,상해없음,이륜,남,20세,경상
2017031200100204,2017년 3월 12일 14시,일요일,부산광역시 기장군 기장읍,경상사고,0,0,3,0,차대차 - 정면충돌,안전운전불이행,건조,맑음,교차로 - 교차로안,승용,남,47세,경상,승용,남,25세,경상
2017031200100225,2017년 3월 12일 15시,일요일,부산광역시 동래구 안락동,경상사고,0,0,1,0,차대사람 - 횡단중,안전운전불이행,건조,맑음,교차로 - 교차로부근,승용,남,58세,상해없음,보행자,여,23세,경상
2017031200100226,2017년 3월 12일 15시,일요일,부산광역시 동래구 칠산동,경상사고,0,0,1,0,차대차 - 정면충돌,중앙선침범,건조,맑음,단일로 - 기타,승용,남,72세,상해없음,승용,여,40세,경상
2017031200100255,2017년 3월 12일 16시,일요일,부산광역시 사상구 학장동,중상사고,0,1,0,0,차대차 - 측면충돌,안전거리미확보,건조,맑음,단일로 - 기타,승용,남,65세,상해없음,이륜,남,33세,중상
2017031200100284,2017년 3월 12일 17시,일요일,부산광역시 서구 남부민동,경상사고,0,0,1,0,차대차 - 측면충돌,중앙선침범,건조,맑음,단일로 - 기타,화물,남,38세,상해없음,이륜,남,53세,경상
2017031200100285,2017년 3월 12일 17시,일요일,부산광역시 부산진구 당감동,경상사고,0,0,2,2,차대차 - 측면충돌,신호위반,건조,맑음,교차로 - 교차로안,승용,남,48세,상해없음,화물,남,45세,경상
2017031200100308,2017년 3월 12일 18시,일요일,부산광역시 북구 구포동,중상사고,0,1,0,0,차대사람 - 횡단중,안전운전불이행,건조,맑음,단일로 - 기타,승용,남,22세,상해없음,보행자,남,56세,중상
2017031200100344,2017년 3월 12일 19시,일요일,부산광역시 부산진구 부전동,중상사고,0,1,0,0,차대차 - 기타,신호위반,건조,맑음,교차로 - 교차로안,승합,남,59세,상해없음,승용,남,40세,상해없음
2017031200100345,2017년 3월 12일 19시,일요일,부산광역시 사하구 괴정동,경상사고,0,0,1,0,차대차 - 기타,직진우회전진행방해,건조,맑음,교차로 - 교차로안,원동기,남,27세,경상,승용,여,52세,상해없음
2017031200100346,2017년 3월 12일 19시,일요일,부산광역시 기장군 기장읍,경상사고,0,0,2,0,차대차 - 측면충돌,직진우회전진행방해,건조,맑음,교차로 - 교차로안,승합,남,68세,경상,승합,여,45세,경상
2017031200100376,2017년 3월 12일 20시,일요일,부산광역시 사상구 괘법동,부상신고사고,0,0,0,2,차대차 - 측면충돌,교차로운행방법위반,건조,맑음,교차로 - 교차로안,승용,여,38세,부상신고,승용,남,29세,부상신고
2017031200100416,2017년 3월 12일 22시,일요일,부산광역시 중구 동광동3가,경상사고,0,0,1,0,차대사람 - 기타,안전운전불이행,건조,맑음,단일로 - 기타,승용,남,65세,상해없음,보행자,남,25세,경상
2017031200100417,2017년 3월 12일 22시,일요일,부산광역시 연제구 연산동,경상사고,0,0,1,0,차대차 - 측면충돌,안전거리미확보,건조,맑음,교차로 - 교차로부근,승용,남,66세,상해없음,승용,여,60세,경상
2017031300100024,2017년 3월 13일 01시,월요일,부산광역시 해운대구 재송동,경상사고,0,0,1,0,차대차 - 정면충돌,안전운전불이행,기타,맑음,단일로 - 기타,승용,남,55세,상해없음,이륜,남,23세,경상
2017031300100095,2017년 3월 13일 08시,월요일,부산광역시 남구 용호동,경상사고,0,0,1,0,차대사람 - 기타,안전운전불이행,건조,맑음,단일로 - 기타,원동기,기타불명,미분류,기타불명,보행자,여,13세,경상
2017031300100096,2017년 3월 13일 08시,월요일,부산광역시 동래구 온천동,경상사고,0,0,1,0,차대사람 - 횡단중,보행자보호의무위반,건조,맑음,단일로 - 기타,승용,남,52세,상해없음,보행자,남,19세,경상
2017031300100097,2017년 3월 13일 08시,월요일,부산광역시 해운대구 우동,경상사고,0,0,1,0,차대차 - 추돌,안전운전불이행,건조,맑음,단일로 - 터널,승용,남,29세,상해없음,승용,여,34세,경상
2017031300100098,2017년 3월 13일 08시,월요일,부산광역시 사하구 당리동,중상사고,0,1,0,0,차대사람 - 기타,안전운전불이행,건조,맑음,단일로 - 기타,화물,남,69세,상해없음,보행자,여,18세,중상
2017031300100099,2017년 3월 13일 08시,월요일,부산광역시 사하구 하단동,중상사고,0,1,0,0,차대사람 - 기타,신호위반,건조,맑음,단일로 - 기타,승용,남,45세,상해없음,보행자,여,27세,중상
2017031300100100,2017년 3월 13일 08시,월요일,부산광역시 강서구 녹산동,중상사고,0,1,2,0,차대차 - 추돌,안전운전불이행,건조,맑음,교차로 - 교차로부근,화물,남,59세,상해없음,승용,남,35세,경상
2017031300100150,2017년 3월 13일 09시,월요일,부산광역시 해운대구 재송동,중상사고,0,2,6,0,차대차 - 측면충돌,신호위반,건조,맑음,교차로 - 교차로안,승합,남,68세,상해없음,승용,남,75세,경상
2017031300100213,2017년 3월 13일 11시,월요일,부산광역시 북구 덕천동,중상사고,0,1,0,0,차대사람 - 기타,기타,기타,맑음,단일로 - 기타,승합,남,58세,상해없음,보행자,여,30세,중상
2017031300100214,2017년 3월 13일 11시,월요일,부산광역시 사하구 괴정동,중상사고,0,1,0,0,차대차 - 기타,안전운전불이행,건조,맑음,단일로 - 기타,승용,남,54세,상해없음,승용,남,34세,중상
2017031300100283,2017년 3월 13일 14시,월요일,부산광역시 강서구 녹산동,중상사고,0,2,2,0,차대차 - 정면충돌,신호위반,건조,맑음,교차로 - 교차로안,화물,남,78세,상해없음,승용,여,57세,경상
2017031300100284,2017년 3월 13일 14시,월요일,부산광역시 사상구 주례동,중상사고,0,1,0,0,차대사람 - 횡단중,안전운전불이행,건조,맑음,교차로 - 교차로안,승용,남,63세,상해없음,보행자,여,76세,중상
2017031300100310,2017년 3월 13일 15시,월요일,부산광역시 동래구 명륜동,경상사고,0,0,1,0,차대차 - 후진중충돌,안전운전불이행,건조,맑음,교차로 - 교차로안,승용,남,48세,상해없음,승용,여,49세,경상
2017031300100381,2017년 3월 13일 17시,월요일,부산광역시 금정구 부곡동,중상사고,0,1,0,0,차대사람 - 횡단중,안전운전불이행,건조,맑음,교차로 - 교차로부근,승용,여,49세,상해없음,보행자,남,83세,중상
2017031300100434,2017년 3월 13일 19시,월요일,부산광역시 남구 대연동,중상사고,0,1,0,0,차대차 - 측면충돌,안전운전불이행,건조,맑음,교차로 - 교차로부근,승용,남,29세,상해없음,자전거,남,23세,중상
2017031300100435,2017년 3월 13일 19시,월요일,부산광역시 사하구 감천동,경상사고,0,0,1,0,차대사람 - 횡단중,안전운전불이행,건조,맑음,단일로 - 기타,승용,남,54세,상해없음,보행자,남,45세,경상
2017031300100486,2017년 3월 13일 21시,월요일,부산광역시 수영구 광안동,경상사고,0,0,1,0,차대사람 - 기타,안전운전불이행,건조,맑음,교차로 - 교차로안,승용,남,30세,상해없음,보행자,여,53세,경상
2017031300100512,2017년 3월 13일 22시,월요일,부산광역시 영도구 동삼동,중상사고,0,1,0,0,차대차 - 측면충돌,직진우회전진행방해,건조,맑음,교차로 - 교차로안,승용,남,27세,상해없음,승용,여,65세,중상
2017031400100014,2017년 3월 14일 00시,화요일,부산광역시 수영구 망미동,사망사고,1,0,0,0,차량단독 - 전도전복,안전운전불이행,건조,맑음,교차로 - 교차로부근,이륜,남,25세,사망,미분류,미분류,미분류,미분류
2017031400100051,2017년 3월 14일 05시,화요일,부산광역시 금정구 구서동,경상사고,0,0,1,0,차대사람 - 횡단중,신호위반,건조,맑음,교차로 - 교차로안,승용,남,48세,상해없음,보행자,여,72세,경상
2017031400100062,2017년 3월 14일 06시,화요일,부산광역시 해운대구 재송동,중상사고,0,1,2,0,차대차 - 측면충돌,신호위반,건조,맑음,교차로 - 교차로안,승용,남,23세,경상,승용,남,60세,경상
2017031400100096,2017년 3월 14일 08시,화요일,부산광역시 부산진구 부암동,경상사고,0,0,12,0,차대차 - 측면충돌,신호위반,건조,맑음,교차로 - 교차로안,승용,남,26세,상해없음,승합,여,59세,경상
2017031400100140,2017년 3월 14일 09시,화요일,부산광역시 영도구 대교동1가,경상사고,0,0,1,0,차대차 - 추돌,안전운전불이행,건조,맑음,단일로 - 기타,승용,남,70세,상해없음,원동기,남,45세,경상
2017031400100141,2017년 3월 14일 09시,화요일,부산광역시 사하구 하단동,경상사고,0,0,2,0,차대차 - 측면충돌,직진우회전진행방해,건조,맑음,교차로 - 교차로부근,승용,남,56세,상해없음,승용,여,47세,경상
2017031400100212,2017년 3월 14일 12시,화요일,부산광역시 동구 범일동,중상사고,0,1,0,0,차대사람 - 횡단중,안전운전불이행,건조,맑음,단일로 - 기타,이륜,남,57세,상해없음,보행자,남,56세,중상
2017031400100242,2017년 3월 14일 13시,화요일,부산광역시 남구 대연동,중상사고,0,1,0,0,차량단독 - 기타,안전운전불이행,건조,맑음,단일로 - 기타,승합,남,57세,상해없음,,,,
2017031400100243,2017년 3월 14일 13시,화요일,부산광역시 사상구 삼락동,경상사고,0,0,1,0,차대차 - 측면충돌,안전운전불이행,건조,맑음,단일로 - 기타,승용,남,57세,상해없음,승용,여,58세,경상
2017031400100271,2017년 3월 14일 14시,화요일,부산광역시 북구 덕천동,경상사고,0,0,1,0,차대차 - 기타,안전거리미확보,건조,맑음,단일로 - 기타,승용,남,60세,상해없음,이륜,남,26세,경상
2017031400100272,2017년 3월 14일 14시,화요일,부산광역시 동래구 안락동,경상사고,0,0,2,0,차대차 - 측면충돌,교차로운행방법위반,건조,맑음,교차로 - 교차로안,승용,남,28세,상해없음,승용,여,34세,경상