사고번호,사고일시,요일,시군구,사고내용,사망자수,중상자수,경상자수,부상신고자수,사고유형,법규위반,노면상태,기상상태,도로형태,가해운전자 차종,가해운전자 성별,가해운전자 연령,가해운전자 상해정도,피해운전자 차종,피해운전자 성별,피해운전자 연령,피해운전자 상해정도
2017032900100222,2017년 3월 29일 12시,수요일,부산광역시 중구 남포동6가,경상사고,0,0,1,0,차대사람 - 횡단중,안전운전불이행,젖음/습기,흐림,단일로 - 기타,화물,남,36세,기타불명,보행자,남,68세,경상
2017032900100223,2017년 3월 29일 12시,수요일,부산광역시 사상구 모라동,부상신고사고,0,0,0,1,차대차 - 측면충돌,안전운전불이행,건조,맑음,교차로 - 교차로안,화물,남,45세,상해없음,이륜,남,31세,부상신고
2017032900100238,2017년 3월 29일 13시,수요일,부산광역시 해운대구 반여동,중상사고,0,1,0,0,차대사람 - 기타,안전운전불이행,건조,맑음,단일로 - 기타,승용,남,34세,상해없음,보행자,여,74세,중상
2017032900100264,2017년 3월 29일 14시,수요일,부산광역시 북구 금곡동,경상사고,0,0,1,0,차대차 - 기타,차로위반,건조,맑음,단일로 - 기타,승용,남,49세,상해없음,승용,남,50세,경상
2017032900100265,2017년 3월 29일 14시,수요일,부산광역시 기장군 장안읍,부상신고사고,0,0,0,2,차대차 - 추돌,안전운전불이행,건조,맑음,교차로 - 교차로부근,화물,남,66세,상해없음,화물,남,45세,부상신고
2017032900100353,2017년 3월 29일 17시,수요일,부산광역시 사하구 장림동,경상사고,0,0,1,0,차대차 - 정면충돌,신호위반,건조,맑음,교차로 - 교차로안,승용,남,45세,상해없음,승용,남,54세,경상
2017032900100381,2017년 3월 29일 18시,수요일,부산광역시 금정구 구서동,경상사고,0,0,2,0,차대차 - 추돌,안전거리미확보,건조,맑음,단일로 - 기타,승용,남,68세,상해없음,승용,여,35세,경상
2017032900100427,2017년 3월 29일 19시,수요일,부산광역시 강서구 명지동,중상사고,0,2,2,0,차대차 - 측면충돌,신호위반,건조,맑음,교차로 - 교차로안,승용,남,60세,상해없음,승용,남,48세,경상
2017032900100473,2017년 3월 29일 20시,수요일,부산광역시 강서구 대저1동,중상사고,0,1,0,0,차대차 - 측면충돌,안전운전불이행,건조,맑음,단일로 - 기타,이륜,남,51세,중상,승용,남,66세,상해없음
2017032900100544,2017년 3월 29일 23시,수요일,부산광역시 남구 대연동,중상사고,0,1,0,0,차대사람 - 기타,안전운전불이행,건조,맑음,기타 - 기타,화물,남,43세,상해없음,보행자,남,42세,중상
2017032900100545,2017년 3월 29일 23시,수요일,부산광역시 해운대구 좌동,중상사고,0,1,1,0,차대차 - 측면충돌,신호위반,건조,맑음,교차로 - 교차로안,승용,남,29세,상해없음,승용,남,27세,중상
2017033000100018,2017년 3월 30일 00시,목요일,부산광역시 영도구 동삼동,경상사고,0,0,4,0,차대차 - 기타,안전운전불이행,건조,맑음,단일로 - 기타,원동기,남,28세,상해없음,승용,남,20세,상해없음
2017033000100019,2017년 3월 30일 00시,목요일,부산광역시 기장군 기장읍,중상사고,0,1,0,0,차대사람 - 횡단중,안전운전불이행,건조,맑음,단일로 - 기타,승용,남,67세,상해없음,보행자,남,51세,중상
2017033000100073,2017년 3월 30일 05시,목요일,부산광역시 서구 암남동,경상사고,0,0,1,0,차대차 - 기타,안전운전불이행,건조,맑음,단일로 - 기타,건설기계,남,62세,상해없음,승합,남,58세,상해없음
2017033000100074,2017년 3월 30일 05시,목요일,부산광역시 북구 덕천동,경상사고,0,0,1,0,차대차 - 측면충돌,안전거리미확보,건조,맑음,단일로 - 기타,승용,남,57세,상해없음,승용,남,31세,경상
2017033000100082,2017년 3월 30일 06시,목요일,부산광역시 사하구 장림동,중상사고,0,1,1,0,차대차 - 추돌,안전거리미확보,건조,맑음,단일로 - 기타,승용,남,64세,상해없음,승용,남,31세,경상
2017033000100121,2017년 3월 30일 08시,목요일,부산광역시 영도구 청학동,경상사고,0,0,1,0,차대사람 - 기타,안전운전불이행,건조,맑음,기타 - 기타,기타불명,기타불명,미분류,기타불명,보행자,남,11세,경상
2017033000100157,2017년 3월 30일 09시,목요일,부산광역시 부산진구 양정동,부상신고사고,0,0,0,1,차대차 - 측면충돌,안전운전불이행,건조,맑음,단일로 - 기타,승용,남,61세,상해없음,이륜,남,22세,부상신고
2017033000100226,2017년 3월 30일 12시,목요일,부산광역시 부산진구 부전동,경상사고,0,0,1,0,차대사람 - 길가장자리구역통행중,안전운전불이행,건조,맑음,교차로 - 교차로부근,화물,남,48세,기타불명,보행자,여,70세,경상
2017033000100227,2017년 3월 30일 12시,목요일,부산광역시 연제구 거제동,중상사고,0,1,0,0,차대차 - 측면충돌,안전거리미확보,건조,맑음,단일로 - 기타,승용,남,52세,상해없음,승용,여,54세,중상
2017033000100252,2017년 3월 30일 13시,목요일,부산광역시 북구 구포동,부상신고사고,0,0,0,1,차대차 - 정면충돌,안전거리미확보,건조,맑음,단일로 - 기타,승용,남,57세,상해없음,이륜,남,19세,부상신고
2017033000100274,2017년 3월 30일 14시,목요일,부산광역시 사하구 괴정동,경상사고,0,0,1,0,차대사람 - 횡단중,안전운전불이행,건조,맑음,단일로 - 기타,화물,남,58세,상해없음,보행자,남,82세,경상
2017033000100302,2017년 3월 30일 15시,목요일,부산광역시 서구 남부민동,경상사고,0,0,1,0,차대사람 - 기타,안전운전불이행,건조,맑음,단일로 - 기타,화물,남,37세,상해없음,보행자,남,30세,경상
2017033000100303,2017년 3월 30일 15시,목요일,부산광역시 수영구 광안동,중상사고,0,1,0,0,차대사람 - 횡단중,안전운전불이행,건조,맑음,교차로 - 교차로안,화물,남,45세,상해없음,보행자,여,68세,중상
2017033000100304,2017년 3월 30일 15시,목요일,부산광역시 동래구 수안동,경상사고,0,0,1,0,차대사람 - 횡단중,보행자보호의무위반,건조,맑음,단일로 - 기타,승용,여,18세,상해없음,보행자,남,9세,경상
2017033000100305,2017년 3월 30일 15시,목요일,부산광역시 강서구 대저1동,경상사고,0,0,1,0,차대차 - 측면충돌,안전거리미확보,건조,맑음,단일로 - 기타,화물,남,37세,상해없음,승용,여,42세,경상
2017033000100341,2017년 3월 30일 16시,목요일,부산광역시 동래구 명장동,중상사고,0,1,0,0,차대사람 - 횡단중,안전운전불이행,건조,맑음,교차로 - 교차로안,승합,남,49세,상해없음,보행자,여,58세,중상
2017033000100342,2017년 3월 30일 16시,목요일,부산광역시 해운대구 중동,경상사고,0,0,3,0,차대차 - 기타,중앙선침범,건조,맑음,단일로 - 기타,승용,여,25세,상해없음,승용,여,40세,경상
2017033000100343,2017년 3월 30일 16시,목요일,부산광역시 부산진구 부전동,중상사고,0,1,0,0,차대사람 - 길가장자리구역통행중,안전운전불이행,건조,맑음,단일로 - 기타,승용,여,38세,상해없음,보행자,남,57세,중상
2017033000100369,2017년 3월 30일 17시,목요일,부산광역시 수영구 광안동,경상사고,0,0,2,0,차대차 - 측면충돌,교차로운행방법위반,건조,맑음,교차로 - 교차로안,승용,남,33세,경상,승용,남,34세,경상
2017033000100370,2017년 3월 30일 17시,목요일,부산광역시 연제구 거제동,부상신고사고,0,0,0,1,차대차 - 측면충돌,교차로운행방법위반,건조,맑음,교차로 - 교차로안,자전거,남,27세,부상신고,승용,남,73세,상해없음
2017033000100412,2017년 3월 30일 18시,목요일,부산광역시 동구 범일동,부상신고사고,0,0,0,1,차대사람 - 횡단중,안전운전불이행,건조,맑음,교차로 - 교차로안,원동기,남,32세,상해없음,보행자,남,21세,부상신고
2017033000100413,2017년 3월 30일 18시,목요일,부산광역시 사상구 모라동,경상사고,0,0,1,1,차대차 - 측면충돌,안전거리미확보,건조,맑음,단일로 - 기타,이륜,남,61세,부상신고,이륜,남,41세,경상
2017033000100442,2017년 3월 30일 19시,목요일,부산광역시 사하구 장림동,중상사고,0,1,0,0,차대차 - 정면충돌,안전운전불이행,건조,맑음,단일로 - 기타,승합,남,43세,상해없음,승용,여,31세,중상
2017033000100478,2017년 3월 30일 20시,목요일,부산광역시 부산진구 초읍동,경상사고,0,0,1,0,차대차 - 정면충돌,안전운전불이행,건조,맑음,단일로 - 기타,기타불명,기타불명,미분류,기타불명,승합,남,53세,상해없음
2017033000100479,2017년 3월 30일 20시,목요일,부산광역시 사상구 괘법동,중상사고,0,1,0,0,차대차 - 측면충돌,직진우회전진행방해,건조,맑음,교차로 - 교차로안,승용,남,23세,상해없음,자전거,남,29세,중상
2017033000100505,2017년 3월 30일 21시,목요일,부산광역시 금정구 서동,중상사고,0,1,0,0,차대사람 - 횡단중,안전운전불이행,건조,흐림,교차로 - 교차로안,승용,남,45세,상해없음,보행자,남,40세,중상
2017033000100506,2017년 3월 30일 21시,목요일,부산광역시 금정구 부곡동,경상사고,0,0,1,0,차대차 - 측면충돌,안전운전불이행,건조,맑음,단일로 - 기타,승용,남,38세,상해없음,자전거,남,13세,경상
2017033000100507,2017년 3월 30일 21시,목요일,부산광역시 수영구 망미동,중상사고,0,1,0,0,차대사람 - 횡단중,안전운전불이행,건조,맑음,단일로 - 기타,화물,남,63세,상해없음,보행자,여,77세,중상
2017033000100531,2017년 3월 30일 22시,목요일,부산광역시 서구 아미동1가,중상사고,0,1,0,0,차대차 - 측면충돌,신호위반,건조,맑음,교차로 - 교차로안,승용,남,51세,상해없음,원동기,남,16세,중상
2017033000100532,2017년 3월 30일 22시,목요일,부산광역시 부산진구 전포동,경상사고,0,0,1,0,차대차 - 정면충돌,안전운전불이행,건조,맑음,교차로 - 교차로안,승용,남,40세,상해없음,자전거,남,20세,경상
2017033000100533,2017년 3월 30일 22시,목요일,부산광역시 강서구 명지동,경상사고,0,0,1,0,차대차 - 정면충돌,신호위반,건조,맑음,교차로 - 교차로안,승용,여,51세,상해없음,승용,남,24세,경상
2017033100100047,2017년 3월 31일 03시,금요일,부산광역시 해운대구 좌동,경상사고,0,0,1,0,차대차 - 기타,신호위반,건조,맑음,교차로 - 교차로안,승용,남,25세,상해없음,승용,남,62세,경상
2017033100100048,2017년 3월 31일 03시,금요일,부산광역시 해운대구 반여동,경상사고,0,0,1,0,차대차 - 추돌,안전거리미확보,건조,맑음,단일로 - 기타,승용,여,23세,상해없음,승용,여,33세,경상
2017033100100068,2017년 3월 31일 06시,금요일,부산광역시 해운대구 우동,경상사고,0,0,1,0,차대차 - 측면충돌,안전운전불이행,건조,맑음,교차로 - 교차로부근,화물,남,66세,상해없음,승용,여,59세,경상
2017033100100069,2017년 3월 31일 06시,금요일,부산광역시 금정구 부곡동,경상사고,0,0,1,0,차대차 - 후진중충돌,안전운전불이행,건조,맑음,교차로 - 교차로안,화물,남,60세,상해없음,승용,여,34세,경상
2017033100100090,2017년 3월 31일 07시,금요일,부산광역시 부산진구 양정동,중상사고,0,1,0,0,차대사람 - 횡단중,안전운전불이행,젖음/습기,비,단일로 - 기타,승용,여,43세,상해없음,보행자,여,17세,중상
2017033100100091,2017년 3월 31일 07시,금요일,부산광역시 기장군 기장읍,경상사고,0,0,1,0,차대차 - 기타,교차로운행방법위반,건조,맑음,교차로 - 교차로부근,자전거,여,35세,경상,승용,남,58세,상해없음
2017033100100119,2017년 3월 31일 08시,금요일,부산광역시 동구 초량동,경상사고,0,0,1,0,차대차 - 측면충돌,안전운전불이행,건조,맑음,단일로 - 기타,승용,남,42세,상해없음,승용,남,54세,경상
2017033100100120,2017년 3월 31일 08시,금요일,부산광역시 남구 대연동,경상사고,0,0,1,0,차량단독 - 기타,안전운전불이행,건조,맑음,단일로 - 기타,승합,남,41세,상해없음,,,,
2017033100100121,2017년 3월 31일 08시,금요일,부산광역시 사하구 감천동,경상사고,0,0,1,0,차대차 - 측면충돌,안전운전불이행,건조,맑음,교차로 - 교차로안,건설기계,남,51세,상해없음,승용,남,44세,경상
2017033100100169,2017년 3월 31일 09시,금요일,부산광역시 연제구 거제동,경상사고,0,0,1,0,차대사람 - 횡단중,안전운전불이행,젖음/습기,비,단일로 - 기타,승용,여,36세,상해없음,보행자,여,51세,경상
2017033100100170,2017년 3월 31일 09시,금요일,부산광역시 기장군 기장읍,경상사고,0,0,1,0,차대차 - 정면충돌,과속,젖음/습기,비,교차로 - 교차로안,승용,남,62세,상해없음,승합,여,34세,경상
2017033100100210,2017년 3월 31일 10시,금요일,부산광역시 동래구 온천동,경상사고,0,0,1,0,차대차 - 측면충돌,신호위반,건조,흐림,교차로 - 교차로안,승용,남,38세,상해없음,승용,남,27세,경상
2017033100100211,2017년 3월 31일 10시,금요일,부산광역시 사하구 장림동,경상사고,0,0,1,0,차대차 - 측면충돌,불법유턴,건조,맑음,단일로 - 기타,승용,남,71세,상해없음,화물,남,48세,경상
2017033100100212,2017년 3월 31일 10시,금요일,부산광역시 강서구 강동동,중상사고,0,1,0,0,차대차 - 측면충돌,직진우회전진행방해,건조,맑음,교차로 - 교차로안,승용,남,41세,상해없음,승용,여,52세,중상
2017033100100234,2017년 3월 31일 11시,금요일,부산광역시 동구 초량동,경상사고,0,0,1,0,차대차 - 측면충돌,신호위반,젖음/습기,흐림,교차로 - 교차로안,승용,남,37세,상해없음,승용,여,35세,경상
2017033100100235,2017년 3월 31일 11시,금요일,부산광역시 수영구 광안동,경상사고,0,0,1,0,차대사람 - 기타,안전운전불이행,건조,맑음,단일로 - 기타,승용,여,53세,상해없음,보행자,여,66세,경상
2017033100100236,2017년 3월 31일 11시,금요일,부산광역시 사상구 주례동,부상신고사고,0,0,0,1,차대차 - 측면충돌,안전운전불이행,건조,맑음,단일로 - 기타,원동기,남,51세,부상신고,승합,남,38세,상해없음
2017033100100282,2017년 3월 31일 13시,금요일,부산광역시 수영구 남천동,경상사고,0,0,1,0,차대차 - 측면충돌,안전거리미확보,건조,맑음,단일로 - 기타,승용,남,57세,상해없음,원동기,남,32세,경상
2017033100100364,2017년 3월 31일 16시,금요일,부산광역시 부산진구 부전동,중상사고,0,1,0,0,차대사람 - 횡단중,신호위반,건조,흐림,단일로 - 기타,이륜,남,19세,상해없음,보행자,여,59세,중상
2017033100100400,2017년 3월 31일 17시,금요일,부산광역시 북구 덕천동,중상사고,0,1,0,0,차대사람 - 횡단중,신호위반,건조,맑음,교차로 - 교차로횡단보도내,화물,남,40세,상해없음,보행자,여,8세,중상
2017033100100401,2017년 3월 31일 17시,금요일,부산광역시 부산진구 연지동,중상사고,0,1,0,0,차대차 - 측면충돌,안전거리미확보,건조,맑음,교차로 - 교차로안,승용,남,31세,상해없음,이륜,남,43세,중상
2017033100100402,2017년 3월 31일 17시,금요일,부산광역시 강서구 화전동,경상사고,0,0,1,0,차대차 - 측면충돌,기타,건조,맑음,기타 - 기타,승용,남,30세,상해없음,승용,여,25세,경상
2017033100100432,2017년 3월 31일 18시,금요일,부산광역시 기장군 정관읍,경상사고,0,0,1,0,차대차 - 정면충돌,안전운전불이행,젖음/습기,비,단일로 - 기타,승용,남,61세,상해없음,승용,남,45세,경상
2017033100100472,2017년 3월 31일 19시,금요일,부산광역시 기장군 정관읍,중상사고,0,1,0,0,차대차 - 정면충돌,안전운전불이행,건조,맑음,교차로 - 교차로부근,승용,여,31세,상해없음,이륜,남,39세,중상
2017033100100506,2017년 3월 31일 20시,금요일,부산광역시 중구 대청동3가,경상사고,0,0,1,0,차대차 - 측면충돌,안전운전불이행,건조,맑음,단일로 - 기타,이륜,남,55세,경상,화물,남,62세,상해없음
2017033100100507,2017년 3월 31일 20시,금요일,부산광역시 영도구 동삼동,경상사고,0,0,1,0,차대차 - 후진중충돌,안전운전불이행,건조,맑음,단일로 - 기타,승용,남,62세,상해없음,승용,여,21세,경상
2017033100100551,2017년 3월 31일 21시,금요일,부산광역시 사상구 주례동,경상사고,0,0,1,0,차대차 - 추돌,안전운전불이행,건조,맑음,단일로 - 기타,승용,남,60세,상해없음,승용,남,60세,경상
2017033100100591,2017년 3월 31일 22시,금요일,부산광역시 수영구 광안동,경상사고,0,0,2,2,차대차 - 기타,중앙선침범,건조,맑음,단일로 - 기타,승용,여,59세,상해없음,승용,남,19세,부상신고
2017033100100592,2017년 3월 31일 22시,금요일,부산광역시 해운대구 우동,경상사고,0,0,2,0,차대차 - 추돌,안전운전불이행,건조,맑음,단일로 - 기타,승용,남,31세,상해없음,승용,남,63세,경상
2017033100100593,2017년 3월 31일 22시,금요일,부산광역시 부산진구 가야동,중상사고,0,2,0,1,차대차 - 측면충돌,신호위반,건조,맑음,교차로 - 교차로안,이륜,남,33세,부상신고,이륜,남,35세,중상
2017033100100626,2017년 3월 31일 23시,금요일,부산광역시 남구 대연동,중상사고,0,1,7,0,차대차 - 추돌,안전운전불이행,건조,맑음,단일로 - 기타,승용,남,61세,상해없음,승용,남,30세,경상
2017033100100627,2017년 3월 31일 23시,금요일,부산광역시 남구 문현동,경상사고,0,0,1,0,차대차 - 추돌,안전운전불이행,건조,맑음,단일로 - 기타,승용,남,32세,상해없음,승용,남,64세,경상
2017040100100054,2017년 4월 1일 01시,토요일,부산광역시 사상구 주례동,경상사고,0,0,1,0,차대사람 - 길가장자리구역통행중,안전운전불이행,건조,맑음,교차로 - 교차로부근,승용,남,25세,상해없음,보행자,남,18세,경상
2017040100100081,2017년 4월 1일 03시,토요일,부산광역시 동구 초량동,중상사고,0,1,0,0,차대차 - 기타,중앙선침범,건조,맑음,단일로 - 기타,승용,남,42세,상해없음,승용,남,53세,중상
2017040100100082,2017년 4월 1일 03시,토요일,부산광역시 영도구 영선동3가,경상사고,0,0,2,0,차대차 - 측면충돌,신호위반,젖음/습기,비,교차로 - 교차로안,승용,남,62세,상해없음,승용,남,65세,경상
2017040100100083,2017년 4월 1일 03시,토요일,부산광역시 연제구 거제동,중상사고,0,2,0,0,차대차 - 측면충돌,신호위반,건조,흐림,교차로 - 교차로안,이륜,남,24세,중상,승용,남,42세,중상
2017040100100093,2017년 4월 1일 04시,토요일,부산광역시 서구 남부민동,경상사고,0,0,1,0,차대차 - 정면충돌,안전운전불이행,건조,맑음,단일로 - 기타,기타불명,기타불명,미분류,기타불명,화물,남,37세,경상
2017040100100094,2017년 4월 1일 04시,토요일,부산광역시 연제구 연산동,경상사고,0,0,1,0,차대사람 - 횡단중,안전운전불이행,건조,흐림,단일로 - 기타,화물,남,59세,상해없음,보행자,여,87세,경상
2017040100100110,2017년 4월 1일 05시,토요일,부산광역시 해운대구 재송동,중상사고,0,1,0,0,차대사람 - 횡단중,교차로운행방법위반,건조,맑음,교차로 - 교차로안,승용,남,59세,상해없음,보행자,여,61세,중상
2017040100100121,2017년 4월 1일 06시,토요일,부산광역시 북구 구포동,중상사고,0,1,0,0,차대차 - 정면충돌,신호위반,건조,맑음,교차로 - 교차로안,승용,남,57세,상해없음,이륜,남,64세,중상
2017040100100134,2017년 4월 1일 07시,토요일,부산광역시 사하구 감천동,경상사고,0,0,1,0,차대차 - 정면충돌,교차로운행방법위반,건조,맑음,교차로 - 교차로안,화물,남,59세,상해없음,이륜,남,64세,경상
2017040100100167,2017년 4월 1일 09시,토요일,부산광역시 수영구 망미동,경상사고,0,0,1,0,차대사람 - 길가장자리구역통행중,안전운전불이행,젖음/습기,비,단일로 - 기타,화물,남,35세,상해없음,보행자,여,58세,경상
2017040100100253,2017년 4월 1일 13시,토요일,부산광역시 서구 서대신동3가,경상사고,0,0,1,0,차대차 - 추돌,안전운전불이행,젖음/습기,비,교차로 - 교차로부근,승용,여,49세,상해없음,승용,여,54세,경상
2017040100100254,2017년 4월 1일 13시,토요일,부산광역시 서구 서대신동3가,중상사고,0,1,1,0,차대사람 - 횡단중,신호위반,젖음/습기,비,단일로 - 기타,자전거,남,10세,상해없음,보행자,여,36세,중상
2017040100100255,2017년 4월 1일 13시,토요일,부산광역시 부산진구 초읍동,경상사고,0,0,1,0,차대차 - 기타,안전운전불이행,젖음/습기,비,교차로 - 교차로안,승용,여,44세,상해없음,이륜,남,65세,경상
2017040100100256,2017년 4월 1일 13시,토요일,부산광역시 수영구 망미동,경상사고,0,0,2,0,차대차 - 추돌,안전운전불이행,젖음/습기,비,단일로 - 기타,승용,남,29세,상해없음,승용,여,31세,경상
2017040100100284,2017년 4월 1일 14시,토요일,부산광역시 북구 구포동,중상사고,0,1,1,0,차대차 - 기타,안전거리미확보,건조,맑음,단일로 - 기타,승용,여,44세,상해없음,승용,남,58세,경상
2017040100100285,2017년 4월 1일 14시,토요일,부산광역시 사상구 주례동,중상사고,0,1,0,0,차대차 - 측면충돌,기타,젖음/습기,흐림,단일로 - 기타,이륜,남,15세,중상,승용,남,30세,상해없음
2017040100100320,2017년 4월 1일 15시,토요일,부산광역시 동래구 사직동,경상사고,0,0,1,0,차대사람 - 차도통행중,안전운전불이행,건조,맑음,단일로 - 기타,승용,남,50세,상해없음,보행자,남,57세,경상
2017040100100354,2017년 4월 1일 16시,토요일,부산광역시 동구 초량동,중상사고,0,1,0,0,차대사람 - 기타,안전운전불이행,젖음/습기,비,단일로 - 기타,승용,여,49세,상해없음,보행자,남,45세,중상
2017040100100355,2017년 4월 1일 16시,토요일,부산광역시 해운대구 반여동,경상사고,0,0,1,0,차대사람 - 횡단중,안전운전불이행,젖음/습기,맑음,단일로 - 기타,이륜,남,18세,상해없음,보행자,여,47세,경상
2017040100100356,2017년 4월 1일 16시,토요일,부산광역시 해운대구 우동,경상사고,0,0,1,0,차대차 - 측면충돌,기타,젖음/습기,비,교차로 - 교차로안,승합,남,51세,상해없음,이륜,남,24세,경상
2017040100100393,2017년 4월 1일 17시,토요일,부산광역시 사상구 엄궁동,경상사고,0,0,2,0,차대차 - 측면충돌,안전거리미확보,건조,맑음,단일로 - 기타,승용,남,53세,상해없음,승용,남,70세,상해없음
2017040100100431,2017년 4월 1일 18시,토요일,부산광역시 수영구 광안동,경상사고,0,0,1,0,차대차 - 측면충돌,중앙선침범,건조,맑음,단일로 - 기타,승용,여,68세,상해없음,이륜,남,22세,경상
2017040100100432,2017년 4월 1일 18시,토요일,부산광역시 부산진구 부전동,중상사고,0,2,0,0,차대차 - 기타,차로위반,건조,맑음,단일로 - 고가도로위,승용,여,50세,상해없음,특수,남,44세,상해없음
2017040100100499,2017년 4월 1일 20시,토요일,부산광역시 북구 화명동,중상사고,0,1,0,0,차대사람 - 횡단중,보행자보호의무위반,건조,맑음,단일로 - 기타,승용,남,32세,상해없음,보행자,여,11세,중상
2017040100100527,2017년 4월 1일 21시,토요일,부산광역시 해운대구 송정동,경상사고,0,0,3,0,차대차 - 기타,안전운전불이행,젖음/습기,비,단일로 - 기타,승용,여,57세,상해없음,승용,남,38세,경상
2017040100100553,2017년 4월 1일 22시,토요일,부산광역시 수영구 남천동,경상사고,0,0,1,0,차대차 - 측면충돌,안전운전불이행,건조,맑음,단일로 - 기타,승용,남,15세,상해없음,승용,남,55세,경상
2017040100100576,2017년 4월 1일 23시,토요일,부산광역시 남구 문현동,중상사고,0,1,0,0,차대차 - 추돌,신호위반,건조,맑음,교차로 - 교차로안,원동기,남,32세,중상,승용,남,63세,상해없음
2017040200100050,2017년 4월 2일 01시,일요일,부산광역시 북구 구포동,경상사고,0,0,1,0,차대차 - 측면충돌,안전운전불이행,건조,맑음,교차로 - 교차로부근,승용,남,34세,상해없음,승용,남,30세,상해없음
2017040200100105,2017년 4월 2일 06시,일요일,부산광역시 강서구 대저2동,경상사고,0,0,1,0,차대차 - 기타,안전운전불이행,건조,맑음,교차로 - 교차로안,승용,남,57세,상해없음,승용,남,62세,경상
2017040200100133,2017년 4월 2일 09시,일요일,부산광역시 해운대구 반여동,경상사고,0,0,1,0,차량단독 - 전도전복 - 전도,안전운전불이행,건조,맑음,단일로 - 기타,화물,여,60세,경상,,,,
2017040200100134,2017년 4월 2일 09시,일요일,부산광역시 연제구 거제동,경상사고,0,0,1,0,차대차 - 측면충돌,안전거리미확보,건조,맑음,단일로 - 기타,승용,여,57세,상해없음,승용,남,48세,경상
2017040200100156,2017년 4월 2일 10시,일요일,부산광역시 사상구 괘법동,중상사고,0,1,0,0,차대차 - 측면충돌,안전거리미확보,건조,맑음,단일로 - 기타,승용,남,47세,상해없음,이륜,남,34세,중상
2017040200100175,2017년 4월 2일 11시,일요일,부산광역시 금정구 부곡동,경상사고,0,0,1,0,차대사람 - 기타,안전운전불이행,건조,맑음,단일로 - 기타,승합,남,46세,상해없음,보행자,여,58세,경상
2017040200100195,2017년 4월 2일 12시,일요일,부산광역시 동구 초량동,중상사고,0,1,0,0,차대차 - 기타,신호위반,건조,맑음,교차로 - 교차로안,승용,여,25세,상해없음,원동기,남,39세,중상
2017040200100196,2017년 4월 2일 12시,일요일,부산광역시 해운대구 좌동,부상신고사고,0,0,0,1,차대차 - 기타,안전거리미확보,기타,맑음,단일로 - 기타,이륜,남,66세,부상신고,승용,남,32세,상해없음
2017040200100197,2017년 4월 2일 12시,일요일,부산광역시 금정구 오륜동,중상사고,0,1,0,0,차대차 - 정면충돌,안전운전불이행,건조,맑음,단일로 - 기타,승용,남,19세,상해없음,승용,여,67세,중상
2017040200100198,2017년 4월 2일 12시,일요일,부산광역시 금정구 금사동,경상사고,0,0,2,0,차대차 - 추돌,안전운전불이행,건조,맑음,단일로 - 기타,승용,남,30세,상해없음,승용,남,56세,경상
2017040200100258,2017년 4월 2일 14시,일요일,부산광역시 동래구 칠산동,중상사고,0,1,1,0,차대차 - 측면충돌,신호위반,건조,맑음,교차로 - 교차로안,승용,남,26세,상해없음,이륜,남,54세,중상
2017040200100259,2017년 4월 2일 14시,일요일,부산광역시 부산진구 개금동,경상사고,0,0,1,0,차대차 - 기타,안전거리미확보,건조,맑음,단일로 - 기타,승용,남,36세,상해없음,승용,남,32세,경상
2017040200100260,2017년 4월 2일 14시,일요일,부산광역시 부산진구 부암동,경상사고,0,0,1,0,차대차 - 측면충돌,차로위반,건조,흐림,단일로 - 기타,승용,남,36세,상해없음,승용,여,53세,경상
2017040200100317,2017년 4월 2일 16시,일요일,부산광역시 남구 용호동,경상사고,0,0,2,0,차대차 - 기타,안전거리미확보,건조,맑음,단일로 - 기타,승용,남,23세,경상,승용,남,71세,상해없음
2017040200100318,2017년 4월 2일 16시,일요일,부산광역시 영도구 봉래동4가,경상사고,0,0,1,0,차대사람 - 차도통행중,안전운전불이행,건조,맑음,단일로 - 기타,승용,남,28세,상해없음,보행자,남,69세,경상
2017040200100372,2017년 4월 2일 18시,일요일,부산광역시 동래구 수안동,부상신고사고,0,0,0,1,차대차 - 기타,안전운전불이행,건조,맑음,단일로 - 기타,이륜,남,18세,부상신고,화물,남,54세,상해없음
2017040200100396,2017년 4월 2일 19시,일요일,부산광역시 사상구 괘법동,경상사고,0,0,1,0,차대차 - 측면충돌,안전운전불이행,건조,맑음,단일로 - 기타,승용,남,47세,기타불명,승용,남,33세,경상
2017040200100421,2017년 4월 2일 20시,일요일,부산광역시 서구 서대신동3가,경상사고,0,0,3,0,차대차 - 추돌,안전거리미확보,건조,맑음,단일로 - 기타,승용,남,47세,상해없음,승용,남,46세,경상
2017040200100422,2017년 4월 2일 20시,일요일,부산광역시 사하구 괴정동,중상사고,0,1,0,0,차대사람 - 차도통행중,안전운전불이행,건조,맑음,단일로 - 기타,승용,남,62세,상해없음,보행자,여,52세,중상
2017040200100447,2017년 4월 2일 21시,일요일,부산광역시 영도구 동삼동,중상사고,0,1,0,0,차대차 - 정면충돌,안전운전불이행,건조,맑음,단일로 - 기타,승합,남,65세,상해없음,화물,남,31세,기타불명
2017040200100448,2017년 4월 2일 21시,일요일,부산광역시 사상구 괘법동,중상사고,0,1,2,0,차대차 - 추돌,안전운전불이행,건조,맑음,단일로 - 기타,승용,남,73세,상해없음,승용,남,50세,경상
2017040200100462,2017년 4월 2일 22시,일요일,부산광역시 중구 중앙동6가,중상사고,0,1,0,0,차량단독 - 전도전복,안전운전불이행,건조,맑음,교차로 - 교차로안,자전거,남,15세,중상,미분류,미분류,미분류,미분류