사고번호,사고일시,요일,시군구,사고내용,사망자수,중상자수,경상자수,부상신고자수,사고유형,법규위반,노면상태,기상상태,도로형태,가해운전자 차종,가해운전자 성별,가해운전자 연령,가해운전자 상해정도,피해운전자 차종,피해운전자 성별,피해운전자 연령,피해운전자 상해정도
2017040600100232,2017년 4월 6일 10시,목요일,부산광역시 북구 구포동,경상사고,0,0,1,0,차량단독 - 기타,안전운전불이행,젖음/습기,비,단일로 - 기타,승용,남,59세,상해없음,,,,
2017040600100233,2017년 4월 6일 10시,목요일,부산광역시 부산진구 범천동,경상사고,0,0,1,0,차대사람 - 기타,기타,건조,맑음,기타 - 기타,승용,여,55세,상해없음,보행자,남,41세,경상
2017040600100234,2017년 4월 6일 10시,목요일,부산광역시 금정구 노포동,경상사고,0,0,1,0,차대차 - 후진중충돌,안전운전불이행,젖음/습기,비,단일로 - 기타,승용,남,60세,상해없음,승용,여,55세,경상
2017040600100255,2017년 4월 6일 11시,목요일,부산광역시 동래구 안락동,경상사고,0,0,1,0,차대차 - 측면충돌,안전운전불이행,젖음/습기,비,교차로 - 교차로안,화물,남,56세,상해없음,승용,여,55세,경상
2017040600100256,2017년 4월 6일 11시,목요일,부산광역시 금정구 부곡동,경상사고,0,0,1,0,차대차 - 기타,안전운전불이행,젖음/습기,비,교차로 - 교차로부근,승용,남,64세,상해없음,승용,남,54세,경상
2017040600100280,2017년 4월 6일 12시,목요일,부산광역시 북구 덕천동,사망사고,1,0,0,0,차대사람 - 횡단중,안전운전불이행,젖음/습기,비,단일로 - 기타,승용,남,54세,상해없음,보행자,여,87세,사망
2017040600100306,2017년 4월 6일 13시,목요일,부산광역시 사상구 괘법동,경상사고,0,0,1,0,차대차 - 추돌,안전거리미확보,젖음/습기,맑음,단일로 - 기타,화물,남,57세,상해없음,화물,남,28세,경상
2017040600100335,2017년 4월 6일 14시,목요일,부산광역시 동래구 복천동,경상사고,0,0,1,0,차량단독 - 기타,안전운전불이행,건조,맑음,단일로 - 기타,승합,남,38세,기타불명,,,,
2017040600100390,2017년 4월 6일 16시,목요일,부산광역시 동구 초량동,중상사고,0,1,0,0,차대차 - 추돌,안전거리미확보,건조,맑음,단일로 - 기타,원동기,남,58세,중상,승용,남,42세,상해없음
2017040600100421,2017년 4월 6일 17시,목요일,부산광역시 중구 남포동4가,중상사고,0,1,0,0,차량단독 - 기타,기타,건조,맑음,단일로 - 기타,승합,남,56세,상해없음,,,,
2017040600100422,2017년 4월 6일 17시,목요일,부산광역시 해운대구 좌동,중상사고,0,1,0,0,차대사람 - 횡단중,안전운전불이행,건조,맑음,주차장 - 주차장,화물,남,60세,상해없음,보행자,여,90세 이상,중상
2017040600100423,2017년 4월 6일 17시,목요일,부산광역시 부산진구 부암동,경상사고,0,0,1,0,차대차 - 측면충돌,차로위반,젖음/습기,흐림,교차로 - 교차로부근,승용,남,52세,기타불명,승용,남,28세,경상
2017040600100424,2017년 4월 6일 17시,목요일,부산광역시 사하구 당리동,중상사고,0,1,0,0,차대사람 - 횡단중,안전운전불이행,건조,맑음,기타 - 기타,승용,남,39세,상해없음,보행자,남,12세,중상
2017040600100461,2017년 4월 6일 18시,목요일,부산광역시 북구 만덕동,경상사고,0,0,2,1,차대차 - 기타,안전운전불이행,건조,맑음,단일로 - 기타,승용,여,58세,경상,승용,남,42세,경상
2017040600100496,2017년 4월 6일 19시,목요일,부산광역시 북구 금곡동,경상사고,0,0,2,0,차대차 - 추돌,안전운전불이행,건조,맑음,단일로 - 기타,승용,남,44세,상해없음,승용,남,62세,경상
2017040600100533,2017년 4월 6일 20시,목요일,부산광역시 영도구 영선동4가,경상사고,0,0,2,0,차대차 - 추돌,안전운전불이행,젖음/습기,맑음,단일로 - 기타,승용,남,44세,상해없음,승용,남,53세,경상
2017040600100557,2017년 4월 6일 21시,목요일,부산광역시 연제구 거제동,중상사고,0,1,0,0,차대사람 - 횡단중,안전운전불이행,건조,맑음,단일로 - 기타,화물,남,55세,상해없음,보행자,여,60세,중상
2017040600100558,2017년 4월 6일 21시,목요일,부산광역시 사상구 괘법동,중상사고,0,1,0,0,차대차 - 측면충돌,중앙선침범,건조,맑음,단일로 - 기타,승용,남,47세,상해없음,이륜,남,46세,중상
2017040600100559,2017년 4월 6일 21시,목요일,부산광역시 사상구 감전동,경상사고,0,0,1,0,차대차 - 측면충돌,교차로운행방법위반,건조,맑음,교차로 - 교차로안,이륜,남,17세,상해없음,승용,남,51세,경상
2017040600100560,2017년 4월 6일 21시,목요일,부산광역시 사상구 감전동,중상사고,0,1,0,0,차대사람 - 횡단중,안전운전불이행,건조,맑음,단일로 - 기타,승용,남,61세,상해없음,보행자,여,38세,중상
2017040600100597,2017년 4월 6일 23시,목요일,부산광역시 남구 용당동,중상사고,0,1,2,0,차대차 - 추돌,안전운전불이행,건조,맑음,교차로 - 교차로부근,승용,남,28세,상해없음,승용,남,49세,경상
2017040600100598,2017년 4월 6일 23시,목요일,부산광역시 해운대구 중동,경상사고,0,0,1,0,차대차 - 기타,안전운전불이행,기타,맑음,교차로 - 교차로부근,승용,여,46세,상해없음,승용,남,57세,경상
2017040600100599,2017년 4월 6일 23시,목요일,부산광역시 강서구 녹산동,경상사고,0,0,1,0,차대차 - 추돌,안전거리미확보,젖음/습기,흐림,교차로 - 교차로부근,승용,남,47세,상해없음,화물,남,47세,경상
2017040700100022,2017년 4월 7일 00시,금요일,부산광역시 남구 대연동,경상사고,0,0,2,0,차대차 - 추돌,안전운전불이행,건조,맑음,교차로 - 교차로안,승용,여,36세,상해없음,승용,남,70세,경상
2017040700100023,2017년 4월 7일 00시,금요일,부산광역시 연제구 거제동,중상사고,0,1,0,0,차대차 - 측면충돌,교차로운행방법위반,건조,맑음,교차로 - 교차로안,승용,남,59세,상해없음,이륜,남,20세,중상
2017040700100047,2017년 4월 7일 03시,금요일,부산광역시 남구 대연동,경상사고,0,0,3,0,차대차 - 측면충돌,신호위반,건조,맑음,교차로 - 교차로안,승용,남,50세,상해없음,승용,남,28세,경상
2017040700100048,2017년 4월 7일 03시,금요일,부산광역시 금정구 부곡동,경상사고,0,0,1,0,차대차 - 측면충돌,안전운전불이행,건조,흐림,교차로 - 교차로안,승용,남,24세,상해없음,승용,남,61세,상해없음
2017040700100069,2017년 4월 7일 06시,금요일,부산광역시 사하구 신평동,경상사고,0,0,1,0,차대차 - 측면충돌,안전거리미확보,건조,맑음,단일로 - 기타,승용,남,63세,상해없음,승용,남,61세,경상
2017040700100070,2017년 4월 7일 06시,금요일,부산광역시 기장군 장안읍,경상사고,0,0,2,0,차대차 - 측면충돌,직진우회전진행방해,건조,맑음,교차로 - 교차로안,화물,남,47세,경상,승용,남,53세,경상
2017040700100076,2017년 4월 7일 07시,금요일,부산광역시 북구 구포동,경상사고,0,0,1,0,차대차 - 추돌,안전운전불이행,건조,맑음,교차로 - 교차로부근,승용,남,45세,상해없음,승용,남,49세,경상
2017040700100077,2017년 4월 7일 07시,금요일,부산광역시 동래구 안락동,경상사고,0,0,1,0,차대사람 - 기타,기타,건조,맑음,단일로 - 기타,승용,남,45세,상해없음,보행자,여,53세,경상
2017040700100108,2017년 4월 7일 08시,금요일,부산광역시 수영구 민락동,중상사고,0,1,0,0,차대사람 - 횡단중,보행자보호의무위반,건조,맑음,단일로 - 기타,승용,남,65세,상해없음,보행자,남,60세,중상
2017040700100109,2017년 4월 7일 08시,금요일,부산광역시 사하구 괴정동,경상사고,0,0,1,0,차대사람 - 횡단중,신호위반,건조,맑음,교차로 - 교차로안,이륜,남,23세,상해없음,보행자,남,54세,경상
2017040700100146,2017년 4월 7일 09시,금요일,부산광역시 사상구 삼락동,경상사고,0,0,1,1,차대차 - 측면충돌,직진우회전진행방해,건조,맑음,교차로 - 교차로안,화물,남,46세,부상신고,승용,남,27세,상해없음
2017040700100176,2017년 4월 7일 10시,금요일,부산광역시 북구 구포동,중상사고,0,1,0,0,차대사람 - 횡단중,보행자보호의무위반,건조,맑음,교차로 - 교차로횡단보도내,화물,남,61세,상해없음,보행자,여,75세,중상
2017040700100177,2017년 4월 7일 10시,금요일,부산광역시 동래구 명륜동,경상사고,0,0,1,0,차대사람 - 기타,안전운전불이행,건조,맑음,단일로 - 기타,기타불명,기타불명,미분류,기타불명,보행자,여,73세,경상
2017040700100178,2017년 4월 7일 10시,금요일,부산광역시 해운대구 반여동,경상사고,0,0,1,0,차대차 - 측면충돌,안전운전불이행,건조,맑음,교차로 - 교차로안,승용,남,61세,상해없음,원동기,남,59세,경상
2017040700100203,2017년 4월 7일 11시,금요일,부산광역시 영도구 남항동2가,경상사고,0,0,1,0,차대사람 - 기타,안전운전불이행,기타,맑음,단일로 - 기타,승용,남,60세,상해없음,보행자,남,47세,경상
2017040700100266,2017년 4월 7일 13시,금요일,부산광역시 수영구 남천동,중상사고,0,1,0,0,차대차 - 측면충돌,신호위반,건조,맑음,교차로 - 교차로안,승용,남,38세,상해없음,이륜,남,27세,중상
2017040700100267,2017년 4월 7일 13시,금요일,부산광역시 부산진구 초읍동,중상사고,0,1,4,0,차대차 - 측면충돌,중앙선침범,건조,맑음,단일로 - 기타,승용,남,63세,상해없음,승용,남,19세,중상
2017040700100301,2017년 4월 7일 14시,금요일,부산광역시 동구 범일동,중상사고,0,1,0,0,차대차 - 측면충돌,중앙선침범,건조,맑음,단일로 - 기타,자전거,남,77세,중상,승용,남,66세,상해없음
2017040700100302,2017년 4월 7일 14시,금요일,부산광역시 수영구 망미동,중상사고,0,1,0,0,차대사람 - 횡단중,보행자보호의무위반,건조,맑음,단일로 - 기타,승용,여,27세,상해없음,보행자,남,90세 이상,중상
2017040700100336,2017년 4월 7일 15시,금요일,부산광역시 기장군 기장읍,중상사고,0,1,0,0,차대차 - 기타,안전운전불이행,건조,맑음,교차로 - 교차로안,기타불명,기타불명,미분류,기타불명,이륜,남,28세,중상
2017040700100377,2017년 4월 7일 16시,금요일,부산광역시 해운대구 재송동,중상사고,0,1,1,0,차대차 - 측면충돌,신호위반,건조,맑음,교차로 - 교차로횡단보도내,이륜,남,56세,중상,승합,남,55세,상해없음
2017040700100408,2017년 4월 7일 17시,금요일,부산광역시 사하구 장림동,경상사고,0,0,1,0,차대차 - 정면충돌,안전운전불이행,건조,맑음,단일로 - 기타,이륜,남,32세,경상,승용,남,52세,상해없음
2017040700100486,2017년 4월 7일 19시,금요일,부산광역시 수영구 광안동,경상사고,0,0,1,0,차대차 - 측면충돌,안전운전불이행,건조,맑음,단일로 - 기타,승용,남,30세,상해없음,자전거,남,89세,경상
2017040700100528,2017년 4월 7일 20시,금요일,부산광역시 남구 문현동,경상사고,0,0,1,0,차대차 - 측면충돌,기타,건조,맑음,교차로 - 교차로안,화물,남,62세,상해없음,승용,남,67세,경상
2017040700100529,2017년 4월 7일 20시,금요일,부산광역시 강서구 신호동,경상사고,0,0,1,0,차대차 - 추돌,교차로운행방법위반,건조,맑음,교차로 - 교차로부근,승용,남,44세,상해없음,승용,남,36세,경상
2017040700100562,2017년 4월 7일 21시,금요일,부산광역시 해운대구 중동,중상사고,0,1,0,0,차대차 - 측면충돌,신호위반,건조,맑음,교차로 - 교차로안,승용,남,37세,상해없음,이륜,남,23세,중상
2017040700100563,2017년 4월 7일 21시,금요일,부산광역시 사하구 하단동,경상사고,0,0,1,0,차대차 - 기타,안전운전불이행,건조,맑음,교차로 - 교차로부근,승용,남,35세,상해없음,승용,남,41세,상해없음
2017040700100591,2017년 4월 7일 22시,금요일,부산광역시 부산진구 부전동,경상사고,0,0,1,0,차대사람 - 기타,안전운전불이행,건조,맑음,단일로 - 기타,승용,남,28세,상해없음,보행자,여,60세,경상
2017040700100592,2017년 4월 7일 22시,금요일,부산광역시 연제구 거제동,중상사고,0,1,0,0,차대차 - 측면충돌,신호위반,건조,맑음,교차로 - 교차로부근,승용,남,30세,상해없음,원동기,남,21세,중상
2017040700100626,2017년 4월 7일 23시,금요일,부산광역시 동래구 안락동,경상사고,0,0,1,0,차대차 - 측면충돌,안전운전불이행,건조,맑음,교차로 - 교차로안,승용,남,66세,상해없음,이륜,남,19세,경상
2017040700100627,2017년 4월 7일 23시,금요일,부산광역시 사상구 감전동,중상사고,0,1,0,0,차대사람 - 횡단중,기타,건조,맑음,교차로 - 교차로부근,승합,남,57세,상해없음,보행자,남,47세,중상
2017040800100026,2017년 4월 8일 00시,토요일,부산광역시 사상구 모라동,경상사고,0,0,2,0,차대차 - 추돌,안전운전불이행,건조,맑음,교차로 - 교차로부근,승용,남,54세,상해없음,승용,남,55세,경상
2017040800100050,2017년 4월 8일 01시,토요일,부산광역시 중구 남포동1가,중상사고,0,2,0,0,차량단독 - 공작물충돌,안전운전불이행,건조,흐림,단일로 - 기타,이륜,남,26세,중상,,,,
2017040800100051,2017년 4월 8일 01시,토요일,부산광역시 금정구 장전동,중상사고,0,1,0,0,차대사람 - 횡단중,안전운전불이행,건조,맑음,단일로 - 기타,승용,남,64세,상해없음,보행자,남,57세,중상
2017040800100096,2017년 4월 8일 05시,토요일,부산광역시 해운대구 좌동,중상사고,0,1,0,0,차대차 - 기타,안전거리미확보,기타,맑음,단일로 - 기타,승용,남,47세,상해없음,이륜,여,53세,중상
2017040800100097,2017년 4월 8일 05시,토요일,부산광역시 사상구 덕포동,중상사고,0,1,0,0,차대사람 - 횡단중,신호위반,건조,맑음,단일로 - 기타,승용,남,74세,상해없음,보행자,여,65세,중상
2017040800100129,2017년 4월 8일 07시,토요일,부산광역시 중구 동광동5가,경상사고,0,0,1,0,차대차 - 기타,기타,건조,맑음,단일로 - 기타,승용,남,62세,상해없음,이륜,남,51세,경상
2017040800100147,2017년 4월 8일 08시,토요일,부산광역시 금정구 부곡동,경상사고,0,0,1,0,차대사람 - 길가장자리구역통행중,안전운전불이행,건조,맑음,단일로 - 기타,화물,남,36세,상해없음,보행자,남,43세,경상
2017040800100148,2017년 4월 8일 08시,토요일,부산광역시 연제구 연산동,중상사고,0,1,0,0,차대사람 - 횡단중,안전운전불이행,건조,맑음,단일로 - 기타,화물,남,60세,상해없음,보행자,여,69세,중상
2017040800100198,2017년 4월 8일 10시,토요일,부산광역시 금정구 부곡동,경상사고,0,0,1,0,차대차 - 측면충돌,중앙선침범,건조,맑음,교차로 - 교차로안,자전거,남,13세,경상,화물,남,56세,상해없음
2017040800100253,2017년 4월 8일 12시,토요일,부산광역시 동래구 명륜동,중상사고,0,1,0,0,차대사람 - 횡단중,보행자보호의무위반,건조,맑음,교차로 - 교차로안,화물,남,70세,상해없음,보행자,남,57세,중상
2017040800100254,2017년 4월 8일 12시,토요일,부산광역시 동래구 안락동,부상신고사고,0,0,0,1,차대사람 - 기타,안전운전불이행,기타,맑음,단일로 - 기타,승용,남,48세,상해없음,보행자,여,18세,부상신고
2017040800100255,2017년 4월 8일 12시,토요일,부산광역시 부산진구 당감동,경상사고,0,0,1,0,차대차 - 기타,기타,건조,맑음,단일로 - 기타,승용,여,44세,상해없음,이륜,남,42세,경상
2017040800100256,2017년 4월 8일 12시,토요일,부산광역시 기장군 기장읍,경상사고,0,0,1,0,차대사람 - 기타,직진우회전진행방해,건조,맑음,교차로 - 교차로안,화물,남,31세,상해없음,보행자,남,73세,경상
2017040800100300,2017년 4월 8일 13시,토요일,부산광역시 동구 초량동,경상사고,0,0,1,0,차대차 - 측면충돌,안전거리미확보,건조,맑음,단일로 - 기타,화물,남,41세,상해없음,승용,여,33세,경상
2017040800100301,2017년 4월 8일 13시,토요일,부산광역시 북구 만덕동,중상사고,0,1,0,0,차대사람 - 횡단중,보행자보호의무위반,건조,맑음,교차로 - 교차로횡단보도내,승용,남,59세,상해없음,보행자,여,75세,중상
2017040800100338,2017년 4월 8일 14시,토요일,부산광역시 남구 대연동,경상사고,0,0,1,0,차대차 - 측면충돌,교차로운행방법위반,건조,맑음,교차로 - 교차로안,원동기,여,41세,경상,승용,남,25세,상해없음
2017040800100339,2017년 4월 8일 14시,토요일,부산광역시 부산진구 범천동,경상사고,0,0,1,0,차대차 - 기타,교차로운행방법위반,건조,맑음,교차로 - 교차로안,승용,남,24세,상해없음,승용,남,36세,경상
2017040800100376,2017년 4월 8일 15시,토요일,부산광역시 사상구 괘법동,중상사고,0,1,5,1,차대차 - 정면충돌,안전거리미확보,건조,맑음,단일로 - 기타,승용,남,50세,상해없음,승용,남,60세,경상
2017040800100377,2017년 4월 8일 15시,토요일,부산광역시 사상구 감전동,경상사고,0,0,2,0,차대차 - 기타,기타,건조,맑음,단일로 - 기타,승용,남,69세,상해없음,이륜,남,33세,경상
2017040800100416,2017년 4월 8일 16시,토요일,부산광역시 동래구 명륜동,부상신고사고,0,0,0,1,차대차 - 측면충돌,안전운전불이행,건조,맑음,교차로 - 교차로부근,승합,남,66세,상해없음,승용,남,59세,부상신고
2017040800100417,2017년 4월 8일 16시,토요일,부산광역시 해운대구 좌동,중상사고,0,1,0,0,차대사람 - 횡단중,교차로운행방법위반,기타,맑음,교차로 - 교차로안,승용,여,48세,상해없음,보행자,여,72세,중상
2017040800100418,2017년 4월 8일 16시,토요일,부산광역시 해운대구 우동,경상사고,0,0,1,0,차대차 - 기타,안전운전불이행,건조,맑음,단일로 - 기타,승용,남,26세,상해없음,승용,남,42세,경상
2017040800100419,2017년 4월 8일 16시,토요일,부산광역시 사하구 괴정동,중상사고,0,1,0,0,차대사람 - 횡단중,보행자보호의무위반,건조,맑음,단일로 - 기타,승용,여,63세,상해없음,보행자,여,54세,중상
2017040800100450,2017년 4월 8일 17시,토요일,부산광역시 해운대구 우동,경상사고,0,0,3,0,차대차 - 측면충돌,안전거리미확보,건조,맑음,단일로 - 기타,승용,남,18세,상해없음,승용,남,65세,경상
2017040800100492,2017년 4월 8일 18시,토요일,부산광역시 북구 덕천동,경상사고,0,0,1,0,차대차 - 정면충돌,안전운전불이행,건조,맑음,교차로 - 교차로안,승용,남,36세,상해없음,자전거,남,51세,경상
2017040800100493,2017년 4월 8일 18시,토요일,부산광역시 북구 화명동,중상사고,0,1,0,0,차대차 - 측면충돌,안전운전불이행,건조,맑음,교차로 - 교차로안,화물,남,42세,상해없음,이륜,남,51세,중상
2017040800100521,2017년 4월 8일 19시,토요일,부산광역시 북구 화명동,경상사고,0,0,1,0,차대차 - 추돌,안전운전불이행,건조,맑음,단일로 - 교량,승용,남,60세,상해없음,승용,남,28세,경상
2017040800100522,2017년 4월 8일 19시,토요일,부산광역시 해운대구 중동,경상사고,0,0,1,0,차대사람 - 기타,안전운전불이행,건조,맑음,단일로 - 기타,승용,남,56세,상해없음,보행자,남,31세,경상
2017040800100523,2017년 4월 8일 19시,토요일,부산광역시 사하구 하단동,경상사고,0,0,1,0,차대차 - 측면충돌,안전운전불이행,건조,맑음,단일로 - 기타,승용,남,55세,상해없음,이륜,남,20세,경상
2017040800100524,2017년 4월 8일 19시,토요일,부산광역시 강서구 송정동,경상사고,0,0,4,0,차대차 - 측면충돌,신호위반,건조,맑음,교차로 - 교차로안,승용,남,51세,상해없음,승용,여,20세,경상
2017040800100525,2017년 4월 8일 19시,토요일,부산광역시 강서구 대저2동,경상사고,0,0,1,0,차대차 - 추돌,안전운전불이행,건조,맑음,단일로 - 기타,승용,남,73세,상해없음,승용,남,63세,경상
2017040800100558,2017년 4월 8일 20시,토요일,부산광역시 해운대구 중동,경상사고,0,0,1,0,차대차 - 기타,기타,건조,맑음,단일로 - 기타,승용,남,59세,상해없음,원동기,남,34세,경상
2017040800100589,2017년 4월 8일 21시,토요일,부산광역시 중구 영주동,경상사고,0,0,1,0,차대차 - 기타,안전운전불이행,건조,맑음,단일로 - 기타,승용,남,62세,상해없음,이륜,남,18세,경상
2017040800100590,2017년 4월 8일 21시,토요일,부산광역시 해운대구 송정동,경상사고,0,0,2,0,차대차 - 기타,안전운전불이행,건조,맑음,단일로 - 기타,승용,남,64세,상해없음,승용,여,39세,경상
2017040800100650,2017년 4월 8일 23시,토요일,부산광역시 강서구 송정동,경상사고,0,0,1,0,차대차 - 추돌,안전운전불이행,건조,맑음,교차로 - 교차로부근,승용,남,45세,상해없음,승용,남,44세,경상
2017040900100019,2017년 4월 9일 00시,일요일,부산광역시 남구 대연동,경상사고,0,0,2,0,차대차 - 기타,신호위반,건조,맑음,단일로 - 기타,승용,남,59세,상해없음,원동기,남,30세,경상
2017040900100020,2017년 4월 9일 00시,일요일,부산광역시 동래구 온천동,경상사고,0,0,1,0,차대차 - 기타,안전운전불이행,건조,맑음,단일로 - 기타,승용,남,29세,상해없음,원동기,남,40세,경상
2017040900100037,2017년 4월 9일 01시,일요일,부산광역시 북구 구포동,경상사고,0,0,1,0,차대사람 - 횡단중,보행자보호의무위반,건조,맑음,교차로 - 교차로안,승용,남,58세,상해없음,보행자,남,48세,경상
2017040900100057,2017년 4월 9일 02시,일요일,부산광역시 동구 수정동,경상사고,0,0,1,0,차대사람 - 횡단중,안전운전불이행,건조,맑음,단일로 - 기타,승용,남,45세,상해없음,보행자,남,33세,경상
2017040900100087,2017년 4월 9일 04시,일요일,부산광역시 수영구 남천동,경상사고,0,0,2,0,차대차 - 기타,신호위반,건조,맑음,교차로 - 교차로안,승용,남,48세,상해없음,화물,남,44세,경상
2017040900100139,2017년 4월 9일 10시,일요일,부산광역시 강서구 대저2동,경상사고,0,0,3,0,차대차 - 추돌,안전운전불이행,건조,맑음,단일로 - 기타,화물,남,55세,상해없음,승용,남,47세,경상
2017040900100185,2017년 4월 9일 12시,일요일,부산광역시 서구 암남동,중상사고,0,1,0,0,차대차 - 정면충돌,중앙선침범,건조,맑음,교차로 - 교차로부근,자전거,남,26세,중상,화물,남,37세,상해없음
2017040900100186,2017년 4월 9일 12시,일요일,부산광역시 해운대구 재송동,중상사고,0,1,0,0,차대차 - 기타,안전운전불이행,건조,맑음,기타 - 기타,승용,남,44세,상해없음,자전거,남,16세,중상
2017040900100209,2017년 4월 9일 13시,일요일,부산광역시 수영구 광안동,부상신고사고,0,0,0,1,차대차 - 기타,안전운전불이행,건조,맑음,교차로 - 교차로부근,기타불명,기타불명,미분류,기타불명,자전거,남,14세,부상신고
2017040900100233,2017년 4월 9일 14시,일요일,부산광역시 중구 남포동4가,경상사고,0,0,1,0,차대사람 - 횡단중,안전운전불이행,건조,맑음,단일로 - 기타,승용,남,80세,상해없음,보행자,여,50세,경상
2017040900100234,2017년 4월 9일 14시,일요일,부산광역시 북구 덕천동,경상사고,0,0,3,0,차대차 - 후진중충돌,안전운전불이행,건조,맑음,교차로 - 교차로안,승용,남,18세,경상,승용,남,21세,경상
2017040900100235,2017년 4월 9일 14시,일요일,부산광역시 동래구 안락동,경상사고,0,0,1,0,차대사람 - 횡단중,보행자보호의무위반,건조,맑음,교차로 - 교차로안,승용,남,69세,상해없음,보행자,여,21세,경상
2017040900100236,2017년 4월 9일 14시,일요일,부산광역시 영도구 봉래동3가,중상사고,0,1,0,0,차대차 - 측면충돌,신호위반,건조,맑음,교차로 - 교차로횡단보도내,승용,남,53세,상해없음,이륜,남,24세,중상
2017040900100266,2017년 4월 9일 15시,일요일,부산광역시 금정구 구서동,중상사고,0,4,3,0,차대차 - 기타,중앙선침범,건조,맑음,교차로 - 교차로부근,승용,남,66세,상해없음,승용,남,69세,중상
2017040900100288,2017년 4월 9일 16시,일요일,부산광역시 해운대구 송정동,경상사고,0,0,1,0,차대사람 - 횡단중,보행자보호의무위반,건조,맑음,교차로 - 교차로부근,승용,여,56세,상해없음,보행자,남,32세,경상
2017040900100314,2017년 4월 9일 17시,일요일,부산광역시 서구 토성동5가,경상사고,0,0,1,0,차대차 - 정면충돌,교차로운행방법위반,건조,맑음,교차로 - 교차로안,승용,남,59세,상해없음,이륜,남,27세,경상
2017040900100339,2017년 4월 9일 18시,일요일,부산광역시 동래구 수안동,경상사고,0,0,1,0,차대사람 - 횡단중,안전운전불이행,건조,맑음,교차로 - 교차로안,승용,남,22세,상해없음,보행자,남,56세,경상
2017040900100369,2017년 4월 9일 19시,일요일,부산광역시 부산진구 전포동,중상사고,0,1,0,0,차대차 - 정면충돌,신호위반,건조,맑음,교차로 - 교차로안,원동기,남,24세,상해없음,원동기,남,23세,중상
2017040900100370,2017년 4월 9일 19시,일요일,부산광역시 강서구 녹산동,경상사고,0,0,1,1,차대차 - 측면충돌,안전거리미확보,건조,맑음,단일로 - 기타,승용,남,53세,부상신고,특수,남,37세,경상
2017040900100398,2017년 4월 9일 20시,일요일,부산광역시 사상구 모라동,경상사고,0,0,1,0,차대차 - 측면충돌,안전운전불이행,건조,맑음,교차로 - 교차로안,승용,남,32세,기타불명,승용,남,59세,경상
2017040900100421,2017년 4월 9일 21시,일요일,부산광역시 금정구 남산동,경상사고,0,0,1,0,차대차 - 측면충돌,직진우회전진행방해,건조,맑음,교차로 - 교차로안,자전거,남,13세,경상,승용,남,56세,상해없음
2017040900100455,2017년 4월 9일 23시,일요일,부산광역시 남구 대연동,중상사고,0,1,1,0,차대차 - 기타,차로위반,건조,맑음,단일로 - 기타,승용,남,45세,상해없음,승용,남,59세,상해없음
2017040900100456,2017년 4월 9일 23시,일요일,부산광역시 부산진구 전포동,경상사고,0,0,4,0,차대차 - 측면충돌,신호위반,건조,맑음,교차로 - 교차로안,승용,남,35세,상해없음,승용,남,56세,경상
2017041000100030,2017년 4월 10일 00시,월요일,부산광역시 동구 범일동,중상사고,0,1,0,0,차대사람 - 횡단중,안전운전불이행,건조,맑음,단일로 - 기타,승용,남,69세,상해없음,보행자,남,47세,중상
2017041000100031,2017년 4월 10일 00시,월요일,부산광역시 영도구 동삼동,경상사고,0,0,3,0,차대차 - 추돌,안전운전불이행,건조,맑음,단일로 - 기타,승용,남,43세,상해없음,승용,여,21세,경상
2017041000100032,2017년 4월 10일 00시,월요일,부산광역시 부산진구 범천동,경상사고,0,0,1,0,차대차 - 정면충돌,안전운전불이행,젖음/습기,비,단일로 - 기타,승용,여,26세,상해없음,승용,남,71세,기타불명
2017041000100042,2017년 4월 10일 01시,월요일,부산광역시 부산진구 부전동,중상사고,0,1,0,0,차대사람 - 횡단중,안전운전불이행,건조,맑음,단일로 - 기타,승용,남,59세,상해없음,보행자,여,28세,중상
2017041000100056,2017년 4월 10일 03시,월요일,부산광역시 부산진구 부전동,경상사고,0,0,1,0,차대사람 - 횡단중,안전운전불이행,건조,맑음,단일로 - 기타,승용,남,24세,상해없음,보행자,남,22세,경상
2017041000100067,2017년 4월 10일 05시,월요일,부산광역시 중구 중앙동3가,부상신고사고,0,0,0,1,차대차 - 측면충돌,신호위반,건조,맑음,교차로 - 교차로안,이륜,남,54세,부상신고,승용,남,55세,상해없음
2017041000100068,2017년 4월 10일 05시,월요일,부산광역시 영도구 봉래동5가,중상사고,0,1,0,0,차대사람 - 횡단중,안전운전불이행,건조,맑음,단일로 - 기타,기타불명,기타불명,미분류,기타불명,보행자,여,68세,중상
2017041000100079,2017년 4월 10일 06시,월요일,부산광역시 동구 범일동,중상사고,0,1,0,0,차대차 - 기타,안전운전불이행,건조,맑음,교차로 - 교차로부근,승용,남,28세,상해없음,승용,남,64세,중상
2017041000100080,2017년 4월 10일 06시,월요일,부산광역시 남구 문현동,경상사고,0,0,1,0,차대사람 - 길가장자리구역통행중,안전운전불이행,건조,맑음,단일로 - 기타,승용,남,25세,상해없음,보행자,여,70세,경상
2017041000100089,2017년 4월 10일 07시,월요일,부산광역시 북구 구포동,중상사고,0,1,0,0,차대차 - 측면충돌,교차로운행방법위반,건조,맑음,교차로 - 교차로안,화물,남,49세,상해없음,자전거,남,57세,중상
2017041000100090,2017년 4월 10일 07시,월요일,부산광역시 강서구 송정동,중상사고,0,1,1,0,차대차 - 측면충돌,신호위반,건조,맑음,교차로 - 교차로안,승용,남,47세,상해없음,화물,남,63세,중상