사고번호,사고일시,요일,시군구,사고내용,사망자수,중상자수,경상자수,부상신고자수,사고유형,법규위반,노면상태,기상상태,도로형태,가해운전자 차종,가해운전자 성별,가해운전자 연령,가해운전자 상해정도,피해운전자 차종,피해운전자 성별,피해운전자 연령,피해운전자 상해정도
2017041000100114,2017년 4월 10일 08시,월요일,부산광역시 중구 부평동1가,경상사고,0,0,1,0,차대차 - 기타,안전운전불이행,건조,맑음,단일로 - 기타,승합,남,59세,상해없음,승용,남,47세,경상
2017041000100163,2017년 4월 10일 09시,월요일,부산광역시 서구 서대신동2가,중상사고,0,1,0,0,차대차 - 측면충돌,차로위반,건조,맑음,교차로 - 교차로안,승합,남,57세,상해없음,원동기,남,21세,중상
2017041000100164,2017년 4월 10일 09시,월요일,부산광역시 북구 만덕동,중상사고,0,1,0,0,차대사람 - 횡단중,중앙선침범,건조,맑음,단일로 - 기타,승용,여,37세,상해없음,보행자,남,59세,중상
2017041000100199,2017년 4월 10일 10시,월요일,부산광역시 해운대구 우동,중상사고,0,5,8,3,차대차 - 추돌,안전운전불이행,건조,맑음,교차로 - 교차로부근,승합,남,62세,부상신고,승합,남,54세,상해없음
2017041000100230,2017년 4월 10일 11시,월요일,부산광역시 기장군 기장읍,중상사고,0,1,0,0,차대차 - 기타,신호위반,건조,맑음,교차로 - 교차로안,승용,남,40세,상해없음,화물,남,27세,중상
2017041000100259,2017년 4월 10일 12시,월요일,부산광역시 사하구 장림동,부상신고사고,0,0,0,1,차대차 - 측면충돌,안전운전불이행,건조,맑음,기타 - 기타,원동기,남,21세,부상신고,승용,남,49세,상해없음
2017041000100281,2017년 4월 10일 13시,월요일,부산광역시 해운대구 송정동,경상사고,0,0,3,0,차대차 - 측면충돌,직진우회전진행방해,건조,맑음,교차로 - 교차로안,승용,여,43세,경상,승용,남,57세,상해없음
2017041000100314,2017년 4월 10일 14시,월요일,부산광역시 해운대구 재송동,사망사고,1,0,0,0,차대사람 - 기타,안전운전불이행,건조,맑음,교차로 - 교차로안,화물,남,51세,상해없음,보행자,여,63세,사망
2017041000100315,2017년 4월 10일 14시,월요일,부산광역시 부산진구 가야동,중상사고,0,1,0,0,차대사람 - 기타,안전운전불이행,건조,맑음,단일로 - 기타,승용,남,54세,상해없음,보행자,여,65세,중상
2017041000100348,2017년 4월 10일 15시,월요일,부산광역시 동구 좌천동,중상사고,0,1,0,0,차대차 - 추돌,안전거리미확보,건조,맑음,단일로 - 기타,승용,남,63세,상해없음,승용,남,29세,중상
2017041000100349,2017년 4월 10일 15시,월요일,부산광역시 남구 용호동,경상사고,0,0,1,0,차대사람 - 기타,안전운전불이행,건조,맑음,단일로 - 기타,승용,남,40세,상해없음,보행자,남,76세,경상
2017041000100350,2017년 4월 10일 15시,월요일,부산광역시 부산진구 전포동,경상사고,0,0,2,1,차대차 - 측면충돌,직진우회전진행방해,건조,맑음,교차로 - 교차로안,화물,남,26세,상해없음,승합,남,53세,상해없음
2017041000100391,2017년 4월 10일 16시,월요일,부산광역시 금정구 부곡동,중상사고,0,1,0,1,차대사람 - 횡단중,안전운전불이행,건조,맑음,단일로 - 기타,화물,남,63세,상해없음,보행자,여,70세,중상
2017041000100542,2017년 4월 10일 20시,월요일,부산광역시 연제구 연산동,중상사고,0,1,0,0,차대사람 - 기타,안전운전불이행,젖음/습기,비,단일로 - 기타,승용,남,29세,상해없음,보행자,여,65세,중상
2017041000100543,2017년 4월 10일 20시,월요일,부산광역시 연제구 연산동,경상사고,0,0,1,0,차대사람 - 횡단중,신호위반,건조,흐림,교차로 - 교차로횡단보도내,기타불명,기타불명,미분류,기타불명,보행자,여,43세,경상
2017041000100571,2017년 4월 10일 21시,월요일,부산광역시 서구 아미동2가,경상사고,0,0,2,0,차대사람 - 기타,안전운전불이행,건조,맑음,단일로 - 기타,승용,여,60세,상해없음,보행자,여,50세,경상
2017041000100572,2017년 4월 10일 21시,월요일,부산광역시 남구 문현동,경상사고,0,0,2,0,차대사람 - 길가장자리구역통행중,안전운전불이행,젖음/습기,흐림,단일로 - 기타,승용,여,27세,상해없음,보행자,여,25세,경상
2017041000100573,2017년 4월 10일 21시,월요일,부산광역시 북구 덕천동,경상사고,0,0,2,0,차대차 - 추돌,안전운전불이행,젖음/습기,비,단일로 - 기타,화물,남,57세,상해없음,승용,여,27세,경상
2017041000100574,2017년 4월 10일 21시,월요일,부산광역시 부산진구 가야동,경상사고,0,0,2,0,차대차 - 정면충돌,안전운전불이행,건조,맑음,단일로 - 기타,승용,남,58세,상해없음,승용,남,32세,경상
2017041000100597,2017년 4월 10일 22시,월요일,부산광역시 동래구 온천동,경상사고,0,0,1,0,차대차 - 측면충돌,안전운전불이행,건조,맑음,단일로 - 기타,승용,남,67세,상해없음,승용,여,40세,경상
2017041000100598,2017년 4월 10일 22시,월요일,부산광역시 부산진구 연지동,중상사고,0,1,0,0,차대사람 - 횡단중,안전운전불이행,건조,맑음,단일로 - 기타,승용,여,47세,상해없음,보행자,남,45세,중상
2017041000100625,2017년 4월 10일 23시,월요일,부산광역시 부산진구 부암동,경상사고,0,0,1,0,차대차 - 정면충돌,안전운전불이행,건조,맑음,교차로 - 교차로부근,이륜,남,17세,경상,승용,남,56세,상해없음
2017041000100626,2017년 4월 10일 23시,월요일,부산광역시 부산진구 부전동,중상사고,0,2,2,0,차대차 - 정면충돌,안전운전불이행,건조,맑음,단일로 - 기타,승용,여,47세,상해없음,승용,남,23세,경상
2017041100100013,2017년 4월 11일 00시,화요일,부산광역시 해운대구 중동,경상사고,0,0,1,0,차대차 - 측면충돌,안전운전불이행,건조,맑음,단일로 - 기타,승용,남,34세,상해없음,승용,남,41세,경상
2017041100100014,2017년 4월 11일 00시,화요일,부산광역시 강서구 대저2동,경상사고,0,0,1,0,차대차 - 정면충돌,안전운전불이행,건조,맑음,단일로 - 기타,화물,남,51세,상해없음,특수,남,42세,경상
2017041100100050,2017년 4월 11일 03시,화요일,부산광역시 북구 구포동,경상사고,0,0,1,0,차대차 - 측면충돌,신호위반,젖음/습기,비,교차로 - 교차로안,승용,남,56세,상해없음,승용,남,39세,상해없음
2017041100100060,2017년 4월 11일 04시,화요일,부산광역시 동래구 안락동,경상사고,0,0,1,0,차대차 - 측면충돌,신호위반,젖음/습기,비,교차로 - 교차로안,승용,남,69세,상해없음,승용,여,48세,경상
2017041100100061,2017년 4월 11일 04시,화요일,부산광역시 동래구 온천동,중상사고,0,1,0,0,차대사람 - 횡단중,안전운전불이행,젖음/습기,비,단일로 - 기타,승용,남,40세,상해없음,보행자,남,38세,중상
2017041100100065,2017년 4월 11일 05시,화요일,부산광역시 해운대구 좌동,경상사고,0,0,1,0,차대사람 - 횡단중,보행자보호의무위반,건조,맑음,교차로 - 교차로횡단보도내,승용,남,72세,상해없음,보행자,여,69세,경상
2017041100100077,2017년 4월 11일 06시,화요일,부산광역시 수영구 남천동,부상신고사고,0,0,0,1,차대차 - 기타,중앙선침범,젖음/습기,비,단일로 - 기타,자전거,남,70세,부상신고,원동기,남,67세,상해없음
2017041100100088,2017년 4월 11일 07시,화요일,부산광역시 강서구 화전동,중상사고,0,1,0,0,차대차 - 추돌,불법유턴,젖음/습기,비,단일로 - 기타,승용,여,56세,상해없음,이륜,남,60세,중상
2017041100100089,2017년 4월 11일 07시,화요일,부산광역시 기장군 기장읍,경상사고,0,0,1,0,차대차 - 추돌,안전운전불이행,젖음/습기,비,기타 - 기타,승용,남,56세,상해없음,승용,여,25세,경상
2017041100100127,2017년 4월 11일 08시,화요일,부산광역시 수영구 광안동,중상사고,0,1,0,0,차대사람 - 기타,안전운전불이행,젖음/습기,비,단일로 - 기타,승용,여,60세,상해없음,보행자,여,79세,중상
2017041100100128,2017년 4월 11일 08시,화요일,부산광역시 사하구 괴정동,경상사고,0,0,1,0,차대사람 - 길가장자리구역통행중,안전운전불이행,젖음/습기,비,단일로 - 기타,승용,여,47세,상해없음,보행자,남,17세,경상
2017041100100197,2017년 4월 11일 10시,화요일,부산광역시 남구 용호동,경상사고,0,0,2,0,차대차 - 기타,차로위반,젖음/습기,비,교차로 - 교차로부근,승용,남,25세,경상,승용,여,33세,경상
2017041100100198,2017년 4월 11일 10시,화요일,부산광역시 사하구 하단동,중상사고,0,1,0,0,차대사람 - 차도통행중,안전운전불이행,건조,맑음,단일로 - 기타,승용,남,44세,상해없음,보행자,여,46세,중상
2017041100100199,2017년 4월 11일 10시,화요일,부산광역시 강서구 식만동,중상사고,0,2,1,0,차대차 - 추돌,안전운전불이행,젖음/습기,비,단일로 - 기타,화물,남,48세,상해없음,화물,남,41세,중상
2017041100100200,2017년 4월 11일 10시,화요일,부산광역시 강서구 명지동,경상사고,0,0,1,0,차대차 - 측면충돌,안전운전불이행,건조,맑음,교차로 - 교차로안,승용,여,35세,상해없음,승용,여,31세,경상
2017041100100247,2017년 4월 11일 12시,화요일,부산광역시 동래구 온천동,경상사고,0,0,1,0,차대차 - 측면충돌,교차로운행방법위반,건조,맑음,교차로 - 교차로안,원동기,남,14세,상해없음,승용,남,25세,경상
2017041100100274,2017년 4월 11일 13시,화요일,부산광역시 북구 구포동,경상사고,0,0,3,0,차대차 - 측면충돌,안전운전불이행,건조,맑음,단일로 - 기타,승용,남,62세,상해없음,화물,남,51세,경상
2017041100100275,2017년 4월 11일 13시,화요일,부산광역시 영도구 영선동2가,중상사고,0,1,0,0,차대차 - 추돌,안전운전불이행,건조,맑음,단일로 - 기타,승용,남,67세,상해없음,원동기,남,61세,중상
2017041100100276,2017년 4월 11일 13시,화요일,부산광역시 부산진구 전포동,경상사고,0,0,1,0,차대사람 - 기타,안전운전불이행,건조,맑음,단일로 - 기타,화물,남,28세,상해없음,보행자,여,25세,경상
2017041100100309,2017년 4월 11일 14시,화요일,부산광역시 남구 용호동,경상사고,0,0,1,0,차대차 - 측면충돌,교차로운행방법위반,건조,맑음,교차로 - 교차로안,승용,여,47세,상해없음,자전거,남,37세,경상
2017041100100310,2017년 4월 11일 14시,화요일,부산광역시 동래구 명륜동,경상사고,0,0,1,0,차대차 - 측면충돌,신호위반,건조,맑음,교차로 - 교차로안,승용,여,43세,상해없음,승용,남,31세,경상
2017041100100311,2017년 4월 11일 14시,화요일,부산광역시 사상구 삼락동,경상사고,0,0,1,0,차대차 - 측면충돌,안전거리미확보,건조,맑음,교차로 - 교차로부근,화물,남,57세,상해없음,이륜,남,60세,경상
2017041100100338,2017년 4월 11일 15시,화요일,부산광역시 영도구 남항동2가,중상사고,0,1,0,0,차대차 - 측면충돌,안전운전불이행,건조,맑음,단일로 - 기타,승용,남,56세,상해없음,원동기,남,41세,중상
2017041100100367,2017년 4월 11일 16시,화요일,부산광역시 남구 대연동,경상사고,0,0,1,0,차대차 - 측면충돌,안전운전불이행,건조,맑음,교차로 - 교차로안,건설기계,남,69세,상해없음,승용,남,35세,경상
2017041100100368,2017년 4월 11일 16시,화요일,부산광역시 북구 화명동,경상사고,0,0,1,0,차대차 - 측면충돌,안전거리미확보,건조,맑음,단일로 - 기타,승용,남,21세,상해없음,승용,여,42세,경상
2017041100100401,2017년 4월 11일 17시,화요일,부산광역시 금정구 부곡동,경상사고,0,0,1,0,차대사람 - 횡단중,보행자보호의무위반,건조,맑음,교차로 - 교차로횡단보도내,승합,남,58세,상해없음,보행자,여,13세,경상
2017041100100402,2017년 4월 11일 17시,화요일,부산광역시 사하구 장림동,경상사고,0,0,1,0,차대차 - 정면충돌,신호위반,건조,맑음,교차로 - 교차로안,승용,남,26세,상해없음,승용,남,35세,경상
2017041100100403,2017년 4월 11일 17시,화요일,부산광역시 사상구 엄궁동,중상사고,0,1,0,1,차대차 - 측면충돌,불법유턴,건조,맑음,교차로 - 교차로부근,승용,여,63세,부상신고,이륜,남,31세,중상
2017041100100452,2017년 4월 11일 18시,화요일,부산광역시 금정구 장전동,경상사고,0,0,1,0,차대차 - 추돌,안전운전불이행,건조,맑음,단일로 - 기타,원동기,남,16세,상해없음,승용,남,38세,상해없음
2017041100100453,2017년 4월 11일 18시,화요일,부산광역시 연제구 연산동,경상사고,0,0,1,0,차대차 - 측면충돌,안전운전불이행,건조,맑음,교차로 - 교차로안,승합,남,46세,상해없음,이륜,남,45세,경상
2017041100100454,2017년 4월 11일 18시,화요일,부산광역시 사상구 덕포동,중상사고,0,1,9,0,차대차 - 측면충돌,안전운전불이행,건조,맑음,교차로 - 교차로안,승용,남,24세,상해없음,승합,남,66세,경상
2017041100100455,2017년 4월 11일 18시,화요일,부산광역시 사상구 학장동,경상사고,0,0,1,0,차대사람 - 길가장자리구역통행중,안전운전불이행,건조,맑음,단일로 - 기타,승용,남,54세,상해없음,보행자,남,34세,경상
2017041100100498,2017년 4월 11일 19시,화요일,부산광역시 동래구 명장동,중상사고,0,1,0,0,차대사람 - 횡단중,안전운전불이행,건조,맑음,단일로 - 기타,이륜,남,17세,상해없음,보행자,여,81세,중상
2017041100100533,2017년 4월 11일 20시,화요일,부산광역시 사상구 감전동,부상신고사고,0,0,0,1,차대차 - 측면충돌,직진우회전진행방해,건조,맑음,교차로 - 교차로안,이륜,여,25세,부상신고,승용,남,39세,상해없음
2017041100100571,2017년 4월 11일 21시,화요일,부산광역시 동구 초량동,경상사고,0,0,1,0,차대사람 - 횡단중,보행자보호의무위반,건조,맑음,교차로 - 교차로횡단보도내,승용,남,37세,상해없음,보행자,남,36세,경상
2017041100100599,2017년 4월 11일 22시,화요일,부산광역시 남구 문현동,경상사고,0,0,1,0,차대차 - 기타,안전운전불이행,건조,기타,기타 - 기타,이륜,남,24세,상해없음,승용,남,49세,경상
2017041100100622,2017년 4월 11일 23시,화요일,부산광역시 해운대구 반여동,경상사고,0,0,1,0,차대차 - 추돌,안전운전불이행,건조,맑음,단일로 - 기타,승용,여,33세,상해없음,승용,여,52세,경상
2017041200100061,2017년 4월 12일 05시,수요일,부산광역시 금정구 부곡동,경상사고,0,0,1,0,차대차 - 기타,중앙선침범,건조,맑음,단일로 - 기타,원동기,남,34세,상해없음,원동기,남,17세,경상
2017041200100066,2017년 4월 12일 06시,수요일,부산광역시 부산진구 부전동,중상사고,0,1,0,0,차대사람 - 횡단중,안전운전불이행,건조,맑음,교차로 - 교차로부근,승합,남,64세,상해없음,보행자,남,27세,중상
2017041200100067,2017년 4월 12일 06시,수요일,부산광역시 사상구 주례동,경상사고,0,0,1,0,차대차 - 추돌,안전운전불이행,건조,맑음,단일로 - 기타,승용,남,31세,상해없음,승용,남,42세,경상
2017041200100077,2017년 4월 12일 07시,수요일,부산광역시 강서구 명지동,중상사고,0,1,0,0,차대차 - 측면충돌,신호위반,건조,맑음,교차로 - 교차로안,승용,남,33세,상해없음,자전거,남,58세,중상
2017041200100109,2017년 4월 12일 08시,수요일,부산광역시 북구 덕천동,경상사고,0,0,1,0,차대차 - 추돌,안전운전불이행,건조,맑음,단일로 - 기타,승용,남,46세,상해없음,승용,남,39세,경상
2017041200100110,2017년 4월 12일 08시,수요일,부산광역시 사하구 당리동,경상사고,0,0,1,0,차대사람 - 횡단중,안전운전불이행,건조,맑음,단일로 - 기타,승용,남,51세,상해없음,보행자,여,40세,경상
2017041200100141,2017년 4월 12일 09시,수요일,부산광역시 중구 대창동1가,경상사고,0,0,1,0,차대차 - 추돌,안전거리미확보,건조,맑음,교차로 - 교차로안,승합,여,58세,상해없음,화물,남,41세,경상
2017041200100177,2017년 4월 12일 10시,수요일,부산광역시 해운대구 우동,경상사고,0,0,1,0,차대차 - 추돌,안전운전불이행,건조,맑음,단일로 - 기타,승용,여,55세,상해없음,승용,남,46세,상해없음
2017041200100199,2017년 4월 12일 11시,수요일,부산광역시 사상구 삼락동,경상사고,0,0,1,1,차대차 - 추돌,안전운전불이행,건조,맑음,단일로 - 기타,건설기계,남,55세,부상신고,화물,남,58세,경상
2017041200100243,2017년 4월 12일 13시,수요일,부산광역시 중구 신창동1가,경상사고,0,0,1,0,차대사람 - 기타,안전운전불이행,건조,맑음,단일로 - 기타,화물,남,60세,상해없음,보행자,남,34세,경상
2017041200100244,2017년 4월 12일 13시,수요일,부산광역시 사하구 장림동,경상사고,0,0,1,0,차대차 - 측면충돌,안전운전불이행,건조,맑음,단일로 - 기타,승용,여,31세,상해없음,원동기,남,82세,경상
2017041200100301,2017년 4월 12일 15시,수요일,부산광역시 금정구 금사동,중상사고,0,1,0,0,차대사람 - 횡단중,보행자보호의무위반,건조,맑음,교차로 - 교차로안,화물,남,24세,상해없음,보행자,남,62세,중상
2017041200100329,2017년 4월 12일 16시,수요일,부산광역시 남구 용호동,중상사고,0,1,0,0,차대차 - 측면충돌,신호위반,건조,맑음,교차로 - 교차로횡단보도내,승용,남,42세,상해없음,자전거,남,54세,중상
2017041200100330,2017년 4월 12일 16시,수요일,부산광역시 북구 덕천동,경상사고,0,0,1,0,차대사람 - 길가장자리구역통행중,안전운전불이행,건조,맑음,단일로 - 기타,승합,남,70세,상해없음,보행자,여,59세,경상
2017041200100331,2017년 4월 12일 16시,수요일,부산광역시 부산진구 가야동,경상사고,0,0,1,0,차대사람 - 기타,안전운전불이행,건조,맑음,단일로 - 기타,승합,남,48세,상해없음,보행자,여,71세,경상
2017041200100372,2017년 4월 12일 17시,수요일,부산광역시 동구 좌천동,경상사고,0,0,1,0,차대차 - 측면충돌,안전거리미확보,건조,맑음,교차로 - 교차로부근,승용,남,73세,상해없음,원동기,남,36세,경상
2017041200100373,2017년 4월 12일 17시,수요일,부산광역시 남구 용호동,중상사고,0,1,0,0,차대사람 - 길가장자리구역통행중,안전운전불이행,건조,맑음,단일로 - 기타,승용,여,44세,상해없음,보행자,여,59세,중상
2017041200100374,2017년 4월 12일 17시,수요일,부산광역시 사상구 감전동,중상사고,0,1,1,0,차대차 - 측면충돌,안전운전불이행,건조,맑음,단일로 - 기타,승용,남,65세,중상,화물,여,49세,경상
2017041200100417,2017년 4월 12일 18시,수요일,부산광역시 서구 동대신동3가,중상사고,0,1,1,0,차대차 - 측면충돌,차로위반,건조,맑음,단일로 - 기타,승용,남,66세,상해없음,승용,남,61세,중상
2017041200100418,2017년 4월 12일 18시,수요일,부산광역시 금정구 구서동,경상사고,0,0,1,0,차대사람 - 횡단중,신호위반,건조,맑음,단일로 - 기타,승용,여,49세,상해없음,보행자,남,10세,경상
2017041200100419,2017년 4월 12일 18시,수요일,부산광역시 사하구 하단동,경상사고,0,0,1,0,차대사람 - 횡단중,보행자보호의무위반,건조,맑음,교차로 - 교차로횡단보도내,승용,남,33세,상해없음,보행자,남,62세,경상
2017041200100420,2017년 4월 12일 18시,수요일,부산광역시 강서구 봉림동,경상사고,0,0,1,0,차대차 - 추돌,안전운전불이행,건조,맑음,단일로 - 기타,승용,남,51세,상해없음,승용,남,24세,경상
2017041200100449,2017년 4월 12일 19시,수요일,부산광역시 해운대구 반여동,중상사고,0,1,0,0,차대차 - 측면충돌,교차로운행방법위반,건조,맑음,교차로 - 교차로안,승용,남,60세,상해없음,자전거,남,12세,중상
2017041200100494,2017년 4월 12일 20시,수요일,부산광역시 동구 범일동,사망사고,1,0,0,0,차대차 - 추돌,안전운전불이행,건조,맑음,단일로 - 기타,승용,남,72세,상해없음,자전거,남,62세,사망
2017041200100495,2017년 4월 12일 20시,수요일,부산광역시 북구 덕천동,중상사고,0,1,0,0,차대사람 - 기타,안전운전불이행,건조,맑음,단일로 - 기타,승용,남,63세,상해없음,보행자,남,67세,중상
2017041200100496,2017년 4월 12일 20시,수요일,부산광역시 해운대구 좌동,경상사고,0,0,1,0,차대차 - 추돌,안전운전불이행,건조,맑음,단일로 - 기타,원동기,남,53세,상해없음,승용,남,49세,경상
2017041200100497,2017년 4월 12일 20시,수요일,부산광역시 사상구 주례동,경상사고,0,0,2,0,차대차 - 측면충돌,안전운전불이행,건조,맑음,교차로 - 교차로안,승용,남,43세,상해없음,승용,남,24세,경상
2017041200100566,2017년 4월 12일 22시,수요일,부산광역시 동구 초량동,사망사고,1,0,0,0,차대사람 - 횡단중,안전운전불이행,건조,맑음,단일로 - 기타,승용,남,59세,상해없음,보행자,남,53세,사망
2017041300100015,2017년 4월 13일 00시,목요일,부산광역시 중구 영주동,경상사고,0,0,2,0,차대차 - 정면충돌,안전운전불이행,건조,맑음,단일로 - 기타,승용,여,44세,상해없음,승용,남,60세,경상
2017041300100030,2017년 4월 13일 01시,목요일,부산광역시 북구 덕천동,경상사고,0,0,1,0,차대차 - 측면충돌,신호위반,건조,맑음,교차로 - 교차로안,승용,여,39세,상해없음,승용,남,68세,경상
2017041300100061,2017년 4월 13일 06시,목요일,부산광역시 영도구 신선동2가,경상사고,0,0,1,0,차대차 - 측면충돌,직진우회전진행방해,건조,맑음,교차로 - 교차로안,화물,남,56세,상해없음,승용,남,65세,경상
2017041300100079,2017년 4월 13일 07시,목요일,부산광역시 동래구 안락동,경상사고,0,0,1,0,차대사람 - 횡단중,안전운전불이행,건조,맑음,단일로 - 기타,승용,남,57세,상해없음,보행자,남,18세,경상
2017041300100144,2017년 4월 13일 09시,목요일,부산광역시 북구 만덕동,중상사고,0,1,0,0,차대차 - 측면충돌,중앙선침범,건조,맑음,단일로 - 기타,화물,남,49세,상해없음,승용,남,24세,중상
2017041300100203,2017년 4월 13일 11시,목요일,부산광역시 부산진구 부전동,경상사고,0,0,1,0,차대차 - 측면충돌,신호위반,건조,맑음,교차로 - 교차로안,승용,남,60세,상해없음,승용,남,59세,경상
2017041300100226,2017년 4월 13일 12시,목요일,부산광역시 동래구 명장동,경상사고,0,0,1,0,차대차 - 기타,안전거리미확보,건조,맑음,교차로 - 교차로부근,화물,남,38세,상해없음,승합,남,57세,경상
2017041300100250,2017년 4월 13일 13시,목요일,부산광역시 서구 서대신동2가,중상사고,0,1,0,0,차대차 - 측면충돌,교차로운행방법위반,건조,맑음,교차로 - 교차로안,이륜,여,53세,중상,승용,여,59세,상해없음
2017041300100307,2017년 4월 13일 15시,목요일,부산광역시 서구 서대신동2가,경상사고,0,0,1,2,차대차 - 추돌,안전거리미확보,건조,맑음,단일로 - 기타,승합,남,39세,상해없음,승합,남,49세,상해없음
2017041300100330,2017년 4월 13일 16시,목요일,부산광역시 부산진구 부전동,경상사고,0,0,2,0,차대차 - 기타,안전운전불이행,건조,맑음,교차로 - 교차로안,승용,여,34세,상해없음,승용,남,55세,경상
2017041300100355,2017년 4월 13일 17시,목요일,부산광역시 사상구 모라동,중상사고,0,1,0,0,차대차 - 측면충돌,안전운전불이행,건조,맑음,교차로 - 교차로안,승용,남,65세,상해없음,이륜,남,20세,중상
2017041300100356,2017년 4월 13일 17시,목요일,부산광역시 해운대구 반송동,부상신고사고,0,0,0,1,차대차 - 측면충돌,중앙선침범,건조,맑음,단일로 - 기타,화물,남,37세,상해없음,이륜,남,21세,부상신고
2017041300100357,2017년 4월 13일 17시,목요일,부산광역시 사상구 주례동,경상사고,0,0,1,0,차대차 - 측면충돌,안전운전불이행,건조,맑음,단일로 - 기타,승용,남,60세,상해없음,승합,남,69세,상해없음
2017041300100358,2017년 4월 13일 17시,목요일,부산광역시 사상구 학장동,경상사고,0,0,1,0,차대차 - 측면충돌,안전운전불이행,건조,맑음,교차로 - 교차로부근,이륜,남,64세,경상,화물,남,35세,상해없음
2017041300100359,2017년 4월 13일 17시,목요일,부산광역시 사상구 괘법동,경상사고,0,0,1,0,차대차 - 측면충돌,안전운전불이행,건조,맑음,단일로 - 기타,승용,남,69세,상해없음,자전거,남,15세,경상
2017041300100399,2017년 4월 13일 18시,목요일,부산광역시 부산진구 부전동,중상사고,0,1,0,0,차대차 - 기타,기타,건조,맑음,단일로 - 기타,승용,남,69세,상해없음,이륜,남,41세,중상
2017041300100400,2017년 4월 13일 18시,목요일,부산광역시 사상구 모라동,부상신고사고,0,0,0,2,차대차 - 측면충돌,직진우회전진행방해,건조,맑음,교차로 - 교차로안,화물,남,36세,부상신고,화물,남,47세,부상신고
2017041300100434,2017년 4월 13일 19시,목요일,부산광역시 동래구 온천동,경상사고,0,0,1,0,차대차 - 기타,안전운전불이행,건조,맑음,단일로 - 기타,승용,남,74세,상해없음,승용,여,63세,경상
2017041300100435,2017년 4월 13일 19시,목요일,부산광역시 부산진구 당감동,중상사고,0,3,7,1,차대차 - 기타,안전거리미확보,건조,맑음,단일로 - 기타,승용,남,34세,상해없음,승합,남,58세,상해없음
2017041300100436,2017년 4월 13일 19시,목요일,부산광역시 기장군 일광면,중상사고,0,1,0,0,차대차 - 추돌,안전거리미확보,건조,맑음,단일로 - 기타,승용,남,29세,상해없음,승용,여,58세,중상
2017041300100468,2017년 4월 13일 20시,목요일,부산광역시 중구 보수동3가,경상사고,0,0,1,0,차대차 - 기타,안전운전불이행,건조,맑음,단일로 - 기타,승용,남,74세,상해없음,이륜,남,19세,경상
2017041300100469,2017년 4월 13일 20시,목요일,부산광역시 북구 덕천동,경상사고,0,0,1,0,차대차 - 기타,안전거리미확보,건조,맑음,단일로 - 기타,승용,여,32세,상해없음,승용,남,34세,경상
2017041300100497,2017년 4월 13일 21시,목요일,부산광역시 수영구 남천동,중상사고,0,1,0,0,차대차 - 정면충돌,중앙선침범,건조,맑음,단일로 - 기타,승용,여,28세,상해없음,이륜,남,46세,중상
2017041300100498,2017년 4월 13일 21시,목요일,부산광역시 부산진구 범천동,중상사고,0,1,0,1,차대사람 - 횡단중,보행자보호의무위반,건조,맑음,교차로 - 교차로횡단보도내,승용,남,50세,상해없음,보행자,여,57세,중상
2017041300100528,2017년 4월 13일 22시,목요일,부산광역시 기장군 정관읍,경상사고,0,0,1,0,차대사람 - 횡단중,중앙선침범,건조,맑음,단일로 - 기타,승용,남,58세,상해없음,보행자,여,42세,경상
2017041400100054,2017년 4월 14일 03시,금요일,부산광역시 연제구 연산동,중상사고,0,1,0,0,차대사람 - 횡단중,보행자보호의무위반,건조,맑음,교차로 - 교차로횡단보도내,승용,남,20세,상해없음,보행자,남,78세,중상
2017041400100061,2017년 4월 14일 04시,금요일,부산광역시 부산진구 부암동,중상사고,0,1,0,0,차대사람 - 기타,안전운전불이행,건조,맑음,교차로 - 교차로부근,승용,남,50세,상해없음,보행자,남,20세,중상
2017041400100062,2017년 4월 14일 04시,금요일,부산광역시 부산진구 양정동,경상사고,0,0,1,0,차대사람 - 횡단중,안전운전불이행,건조,맑음,단일로 - 기타,승용,남,60세,상해없음,보행자,여,39세,경상
2017041400100067,2017년 4월 14일 05시,금요일,부산광역시 해운대구 우동,경상사고,0,0,1,0,차대차 - 추돌,안전운전불이행,건조,맑음,단일로 - 기타,승용,남,39세,상해없음,승용,남,45세,경상
2017041400100074,2017년 4월 14일 06시,금요일,부산광역시 해운대구 반여동,경상사고,0,0,1,0,차대차 - 추돌,안전거리미확보,건조,맑음,단일로 - 기타,승용,남,31세,상해없음,승용,여,39세,경상
2017041400100075,2017년 4월 14일 06시,금요일,부산광역시 기장군 기장읍,중상사고,0,1,0,0,차대차 - 기타,안전운전불이행,건조,맑음,단일로 - 기타,자전거,남,23세,중상,승용,남,36세,상해없음
2017041400100090,2017년 4월 14일 07시,금요일,부산광역시 영도구 동삼동,부상신고사고,0,0,0,1,차대차 - 추돌,안전운전불이행,건조,맑음,단일로 - 기타,원동기,남,55세,부상신고,승용,남,54세,상해없음
2017041400100114,2017년 4월 14일 08시,금요일,부산광역시 사상구 엄궁동,경상사고,0,0,1,0,차대사람 - 횡단중,안전운전불이행,건조,맑음,교차로 - 교차로안,승용,여,52세,상해없음,보행자,여,70세,경상
2017041400100146,2017년 4월 14일 09시,금요일,부산광역시 남구 감만동,중상사고,0,1,0,0,차대사람 - 횡단중,안전운전불이행,건조,맑음,단일로 - 기타,승용,남,70세,상해없음,보행자,여,72세,중상