사고번호,사고일시,요일,시군구,사고내용,사망자수,중상자수,경상자수,부상신고자수,사고유형,법규위반,노면상태,기상상태,도로형태,가해운전자 차종,가해운전자 성별,가해운전자 연령,가해운전자 상해정도,피해운전자 차종,피해운전자 성별,피해운전자 연령,피해운전자 상해정도
2017042200100153,2017년 4월 22일 09시,토요일,부산광역시 해운대구 우동,중상사고,0,1,0,0,차대사람 - 기타,안전운전불이행,건조,맑음,교차로 - 교차로안,승용,남,45세,상해없음,보행자,여,66세,중상
2017042200100154,2017년 4월 22일 09시,토요일,부산광역시 부산진구 양정동,경상사고,0,0,1,0,차대차 - 정면충돌,교차로운행방법위반,건조,맑음,교차로 - 교차로안,승용,여,52세,상해없음,승용,남,38세,경상
2017042200100181,2017년 4월 22일 10시,토요일,부산광역시 해운대구 반여동,경상사고,0,0,1,0,차대사람 - 횡단중,안전운전불이행,건조,맑음,주차장 - 주차장,원동기,남,50세,상해없음,보행자,여,43세,경상
2017042200100182,2017년 4월 22일 10시,토요일,부산광역시 해운대구 송정동,경상사고,0,0,2,0,차대차 - 측면충돌,안전거리미확보,건조,맑음,교차로 - 교차로부근,화물,남,61세,상해없음,승용,남,29세,경상
2017042200100214,2017년 4월 22일 11시,토요일,부산광역시 북구 만덕동,중상사고,0,1,0,0,차대차 - 기타,중앙선침범,건조,맑음,단일로 - 기타,승용,남,19세,상해없음,화물,남,52세,중상
2017042200100215,2017년 4월 22일 11시,토요일,부산광역시 사하구 하단동,경상사고,0,0,1,0,차대사람 - 횡단중,안전운전불이행,건조,맑음,단일로 - 기타,승용,남,39세,상해없음,보행자,여,76세,경상
2017042200100216,2017년 4월 22일 11시,토요일,부산광역시 기장군 기장읍,경상사고,0,0,1,0,차대차 - 측면충돌,교차로운행방법위반,건조,맑음,단일로 - 기타,이륜,여,63세,경상,승용,남,38세,상해없음
2017042200100248,2017년 4월 22일 12시,토요일,부산광역시 서구 암남동,중상사고,0,1,1,0,차대차 - 측면충돌,안전거리미확보,건조,맑음,단일로 - 기타,승용,남,62세,상해없음,승용,남,55세,상해없음
2017042200100249,2017년 4월 22일 12시,토요일,부산광역시 해운대구 석대동,중상사고,0,1,0,0,차대차 - 정면충돌,교차로운행방법위반,건조,맑음,교차로 - 교차로안,승용,남,34세,상해없음,승용,여,59세,중상
2017042200100250,2017년 4월 22일 12시,토요일,부산광역시 사하구 신평동,중상사고,0,2,0,0,차대차 - 기타,신호위반,건조,맑음,교차로 - 교차로안,화물,남,51세,상해없음,승용,남,63세,중상
2017042200100251,2017년 4월 22일 12시,토요일,부산광역시 사상구 괘법동,경상사고,0,0,1,0,차대차 - 기타,안전운전불이행,건조,맑음,단일로 - 기타,승용,여,35세,상해없음,자전거,남,79세,경상
2017042200100283,2017년 4월 22일 13시,토요일,부산광역시 북구 덕천동,경상사고,0,0,1,0,차대사람 - 기타,안전운전불이행,건조,맑음,기타 - 기타,승용,남,25세,상해없음,보행자,여,40세,경상
2017042200100284,2017년 4월 22일 13시,토요일,부산광역시 북구 만덕동,경상사고,0,0,1,0,차대차 - 추돌,안전운전불이행,건조,맑음,단일로 - 기타,승용,남,23세,기타불명,승용,남,33세,경상
2017042200100285,2017년 4월 22일 13시,토요일,부산광역시 사하구 하단동,중상사고,0,2,1,0,차대사람 - 길가장자리구역통행중,안전운전불이행,건조,맑음,단일로 - 기타,승용,여,30세,상해없음,보행자,여,26세,중상
2017042200100323,2017년 4월 22일 14시,토요일,부산광역시 연제구 거제동,경상사고,0,0,1,0,차대사람 - 기타,안전운전불이행,건조,맑음,단일로 - 기타,승용,여,53세,상해없음,보행자,남,13세,경상
2017042200100356,2017년 4월 22일 15시,토요일,부산광역시 부산진구 전포동,경상사고,0,0,1,0,차대사람 - 횡단중,안전운전불이행,건조,맑음,단일로 - 기타,이륜,남,38세,상해없음,보행자,남,6세,경상
2017042200100357,2017년 4월 22일 15시,토요일,부산광역시 기장군 정관읍,부상신고사고,0,0,0,1,차대차 - 기타,안전거리미확보,건조,맑음,단일로 - 교량,이륜,남,59세,부상신고,승용,여,62세,상해없음
2017042200100391,2017년 4월 22일 16시,토요일,부산광역시 북구 구포동,중상사고,0,1,0,0,차대사람 - 기타,안전운전불이행,건조,맑음,단일로 - 기타,승용,여,36세,상해없음,보행자,남,8세,중상
2017042200100392,2017년 4월 22일 16시,토요일,부산광역시 사하구 장림동,경상사고,0,0,1,0,차대차 - 정면충돌,불법유턴,건조,맑음,단일로 - 기타,승용,남,56세,상해없음,이륜,남,65세,경상
2017042200100427,2017년 4월 22일 17시,토요일,부산광역시 북구 만덕동,경상사고,0,0,1,0,차대차 - 추돌,안전운전불이행,건조,맑음,단일로 - 기타,승용,남,55세,상해없음,승용,남,32세,경상
2017042200100428,2017년 4월 22일 17시,토요일,부산광역시 부산진구 부전동,경상사고,0,0,1,0,차대차 - 기타,안전운전불이행,건조,맑음,단일로 - 기타,승합,남,62세,상해없음,승용,남,37세,기타불명
2017042200100429,2017년 4월 22일 17시,토요일,부산광역시 강서구 대저1동,중상사고,0,2,4,0,차대차 - 측면충돌,차로위반,건조,맑음,교차로 - 교차로안,승용,남,55세,상해없음,승용,남,47세,경상
2017042200100430,2017년 4월 22일 17시,토요일,부산광역시 기장군 기장읍,경상사고,0,0,1,0,차대사람 - 기타,안전운전불이행,건조,맑음,단일로 - 기타,승합,여,48세,상해없음,보행자,여,45세,경상
2017042200100460,2017년 4월 22일 18시,토요일,부산광역시 부산진구 양정동,중상사고,0,1,0,0,차대차 - 기타,기타,건조,맑음,단일로 - 기타,자전거,남,58세,중상,승용,남,33세,상해없음
2017042200100527,2017년 4월 22일 20시,토요일,부산광역시 북구 덕천동,경상사고,0,0,1,0,차대차 - 기타,기타,건조,맑음,단일로 - 기타,승용,남,60세,상해없음,이륜,남,40세,경상
2017042200100528,2017년 4월 22일 20시,토요일,부산광역시 사하구 신평동,경상사고,0,0,3,0,차대차 - 측면충돌,신호위반,건조,맑음,교차로 - 교차로안,승용,남,56세,상해없음,승용,남,40세,경상
2017042200100556,2017년 4월 22일 21시,토요일,부산광역시 수영구 남천동,경상사고,0,0,3,0,차대차 - 추돌,교차로운행방법위반,젖음/습기,비,교차로 - 교차로부근,화물,남,37세,상해없음,승용,남,26세,상해없음
2017042200100557,2017년 4월 22일 21시,토요일,부산광역시 북구 화명동,중상사고,0,1,0,0,차대차 - 측면충돌,신호위반,건조,맑음,교차로 - 교차로안,승용,남,33세,상해없음,이륜,남,26세,중상
2017042200100622,2017년 4월 22일 23시,토요일,부산광역시 남구 대연동,경상사고,0,0,1,0,차대사람 - 횡단중,안전운전불이행,건조,맑음,교차로 - 교차로부근,승용,남,45세,상해없음,보행자,남,17세,경상
2017042200100623,2017년 4월 22일 23시,토요일,부산광역시 북구 화명동,경상사고,0,0,1,0,차대차 - 기타,안전거리미확보,건조,맑음,교차로 - 교차로안,승용,남,54세,경상,승용,남,20세,상해없음
2017042300100020,2017년 4월 23일 00시,일요일,부산광역시 수영구 광안동,중상사고,0,1,0,0,차대차 - 기타,차로위반,건조,맑음,교차로 - 교차로안,승용,남,31세,상해없음,이륜,남,54세,중상
2017042300100021,2017년 4월 23일 00시,일요일,부산광역시 부산진구 가야동,경상사고,0,0,1,0,차대사람 - 횡단중,신호위반,건조,맑음,단일로 - 기타,승용,남,74세,상해없음,보행자,남,46세,경상
2017042300100022,2017년 4월 23일 00시,일요일,부산광역시 금정구 구서동,중상사고,0,1,1,1,차대차 - 기타,신호위반,건조,맑음,교차로 - 교차로안,원동기,남,16세,부상신고,승용,남,27세,경상
2017042300100039,2017년 4월 23일 01시,일요일,부산광역시 수영구 민락동,경상사고,0,0,1,0,차대사람 - 기타,안전운전불이행,건조,맑음,교차로 - 교차로부근,승용,남,42세,상해없음,보행자,남,31세,경상
2017042300100050,2017년 4월 23일 02시,일요일,부산광역시 금정구 장전동,중상사고,0,1,0,0,차대사람 - 횡단중,안전운전불이행,건조,맑음,단일로 - 기타,화물,남,47세,상해없음,보행자,남,38세,중상
2017042300100064,2017년 4월 23일 03시,일요일,부산광역시 사하구 하단동,중상사고,0,1,0,0,차대차 - 추돌,과속,건조,맑음,교차로 - 교차로부근,승용,남,27세,상해없음,승용,남,26세,중상
2017042300100093,2017년 4월 23일 06시,일요일,부산광역시 부산진구 전포동,경상사고,0,0,1,0,차대차 - 측면충돌,차로위반,건조,맑음,단일로 - 고가도로위,승용,여,28세,상해없음,승용,남,57세,경상
2017042300100103,2017년 4월 23일 07시,일요일,부산광역시 사상구 엄궁동,경상사고,0,0,1,0,차대차 - 기타,안전거리미확보,건조,맑음,단일로 - 기타,승용,남,47세,상해없음,승용,남,37세,경상
2017042300100112,2017년 4월 23일 08시,일요일,부산광역시 부산진구 범천동,경상사고,0,0,2,0,차대차 - 기타,안전운전불이행,건조,맑음,교차로 - 교차로안,승용,남,32세,상해없음,승용,남,53세,경상
2017042300100113,2017년 4월 23일 08시,일요일,부산광역시 기장군 기장읍,경상사고,0,0,1,0,차대사람 - 기타,기타,건조,맑음,교차로 - 교차로안,승합,남,53세,상해없음,보행자,여,68세,경상
2017042300100148,2017년 4월 23일 10시,일요일,부산광역시 사상구 엄궁동,부상신고사고,0,0,0,1,차대차 - 측면충돌,안전운전불이행,건조,맑음,단일로 - 기타,이륜,남,65세,부상신고,승용,여,33세,상해없음
2017042300100173,2017년 4월 23일 11시,일요일,부산광역시 동래구 명륜동,경상사고,0,0,1,0,차대차 - 측면충돌,신호위반,건조,맑음,단일로 - 기타,승용,남,41세,상해없음,자전거,남,51세,경상
2017042300100174,2017년 4월 23일 11시,일요일,부산광역시 사하구 하단동,경상사고,0,0,1,0,차대차 - 측면충돌,안전운전불이행,건조,맑음,단일로 - 기타,승합,남,47세,상해없음,자전거,남,45세,경상
2017042300100175,2017년 4월 23일 11시,일요일,부산광역시 사하구 당리동,중상사고,0,2,1,0,차대차 - 기타,안전운전불이행,건조,맑음,단일로 - 기타,이륜,남,43세,상해없음,승용,여,21세,중상
2017042300100200,2017년 4월 23일 12시,일요일,부산광역시 사상구 모라동,경상사고,0,0,3,0,차대차 - 측면충돌,안전운전불이행,건조,맑음,단일로 - 기타,승용,남,68세,상해없음,승용,남,34세,경상
2017042300100226,2017년 4월 23일 13시,일요일,부산광역시 부산진구 부전동,부상신고사고,0,0,0,1,차대차 - 기타,안전운전불이행,건조,맑음,단일로 - 기타,이륜,남,63세,부상신고,승용,남,60세,상해없음
2017042300100254,2017년 4월 23일 14시,일요일,부산광역시 북구 화명동,경상사고,0,0,1,0,차대차 - 기타,안전운전불이행,건조,맑음,교차로 - 교차로부근,자전거,남,16세,경상,승용,남,42세,상해없음
2017042300100297,2017년 4월 23일 15시,일요일,부산광역시 동구 초량동,부상신고사고,0,0,0,1,차대차 - 측면충돌,안전운전불이행,건조,맑음,단일로 - 기타,승용,남,43세,상해없음,승용,남,63세,부상신고
2017042300100330,2017년 4월 23일 16시,일요일,부산광역시 북구 화명동,경상사고,0,0,1,0,차대사람 - 보도통행중,안전운전불이행,건조,맑음,교차로 - 교차로안,승용,남,33세,상해없음,보행자,여,44세,경상
2017042300100331,2017년 4월 23일 16시,일요일,부산광역시 부산진구 당감동,중상사고,0,1,0,0,차대차 - 측면충돌,안전운전불이행,건조,맑음,교차로 - 교차로안,승용,여,37세,상해없음,이륜,남,23세,중상
2017042300100369,2017년 4월 23일 17시,일요일,부산광역시 동구 좌천동,경상사고,0,0,1,0,차대차 - 측면충돌,안전운전불이행,건조,맑음,단일로 - 기타,화물,남,45세,상해없음,승용,남,52세,경상
2017042300100370,2017년 4월 23일 17시,일요일,부산광역시 사하구 하단동,경상사고,0,0,1,0,차대차 - 기타,중앙선침범,건조,맑음,기타 - 기타,원동기,남,19세,상해없음,승용,여,34세,상해없음
2017042300100371,2017년 4월 23일 17시,일요일,부산광역시 강서구 대저1동,경상사고,0,0,2,0,차대차 - 추돌,안전운전불이행,건조,맑음,단일로 - 기타,승용,남,27세,상해없음,승용,남,27세,경상
2017042300100372,2017년 4월 23일 17시,일요일,부산광역시 금정구 노포동,경상사고,0,0,4,0,차대차 - 추돌,안전거리미확보,건조,맑음,단일로 - 기타,승용,남,24세,상해없음,승용,남,31세,경상
2017042300100401,2017년 4월 23일 18시,일요일,부산광역시 수영구 광안동,경상사고,0,0,1,0,차대차 - 측면충돌,안전운전불이행,건조,맑음,단일로 - 기타,승용,여,27세,상해없음,이륜,남,18세,경상
2017042300100402,2017년 4월 23일 18시,일요일,부산광역시 해운대구 중동,경상사고,0,0,1,0,차대차 - 측면충돌,안전운전불이행,건조,맑음,단일로 - 기타,이륜,남,55세,상해없음,승용,여,43세,경상
2017042300100437,2017년 4월 23일 19시,일요일,부산광역시 북구 화명동,경상사고,0,0,1,0,차대차 - 추돌,안전운전불이행,건조,맑음,교차로 - 교차로안,승용,남,24세,상해없음,이륜,남,33세,경상
2017042300100438,2017년 4월 23일 19시,일요일,부산광역시 사하구 다대동,경상사고,0,0,1,0,차대차 - 정면충돌,안전운전불이행,건조,맑음,단일로 - 기타,화물,남,44세,상해없음,화물,남,53세,경상
2017042300100462,2017년 4월 23일 20시,일요일,부산광역시 부산진구 범전동,중상사고,0,1,0,0,차대사람 - 횡단중,안전운전불이행,건조,맑음,단일로 - 기타,승용,여,26세,상해없음,보행자,여,62세,중상
2017042300100515,2017년 4월 23일 22시,일요일,부산광역시 수영구 망미동,중상사고,0,1,0,0,차량단독 - 전도전복,안전운전불이행,건조,맑음,단일로 - 기타,원동기,남,16세,상해없음,미분류,미분류,미분류,미분류
2017042300100532,2017년 4월 23일 23시,일요일,부산광역시 수영구 광안동,경상사고,0,0,4,0,차대차 - 추돌,안전운전불이행,건조,맑음,교차로 - 교차로부근,승용,남,18세,상해없음,승용,남,25세,경상
2017042400100058,2017년 4월 24일 06시,월요일,부산광역시 수영구 남천동,경상사고,0,0,1,0,차대차 - 측면충돌,안전운전불이행,건조,맑음,단일로 - 기타,승용,남,23세,상해없음,승용,남,53세,경상
2017042400100076,2017년 4월 24일 07시,월요일,부산광역시 수영구 광안동,경상사고,0,0,1,0,차대차 - 측면충돌,안전운전불이행,건조,맑음,교차로 - 교차로부근,승용,여,54세,상해없음,승용,남,61세,경상
2017042400100077,2017년 4월 24일 07시,월요일,부산광역시 사상구 덕포동,중상사고,0,1,0,0,차대사람 - 횡단중,안전운전불이행,건조,맑음,단일로 - 기타,승용,남,54세,상해없음,보행자,여,44세,중상
2017042400100121,2017년 4월 24일 08시,월요일,부산광역시 기장군 정관읍,중상사고,0,1,0,0,차대차 - 기타,교차로운행방법위반,건조,맑음,교차로 - 교차로안,화물,남,33세,상해없음,승용,남,34세,중상
2017042400100176,2017년 4월 24일 09시,월요일,부산광역시 서구 암남동,중상사고,0,1,0,0,차대사람 - 횡단중,신호위반,건조,맑음,단일로 - 기타,승용,남,43세,상해없음,보행자,여,77세,중상
2017042400100177,2017년 4월 24일 09시,월요일,부산광역시 해운대구 재송동,경상사고,0,0,1,0,차대차 - 측면충돌,안전거리미확보,건조,맑음,단일로 - 기타,승용,남,59세,상해없음,승용,남,29세,경상
2017042400100178,2017년 4월 24일 09시,월요일,부산광역시 금정구 서동,경상사고,0,0,1,1,차대차 - 측면충돌,기타,건조,맑음,단일로 - 기타,원동기,남,20세,부상신고,화물,남,58세,상해없음
2017042400100217,2017년 4월 24일 10시,월요일,부산광역시 서구 충무동1가,중상사고,0,1,0,0,차대차 - 측면충돌,안전운전불이행,건조,맑음,교차로 - 교차로부근,화물,남,29세,상해없음,이륜,남,71세,중상
2017042400100218,2017년 4월 24일 10시,월요일,부산광역시 사하구 장림동,경상사고,0,0,1,0,차대차 - 측면충돌,안전거리미확보,건조,맑음,교차로 - 교차로부근,승용,여,31세,상해없음,이륜,남,29세,경상
2017042400100249,2017년 4월 24일 11시,월요일,부산광역시 동구 범일동,중상사고,0,1,0,0,차대차 - 측면충돌,안전거리미확보,건조,맑음,기타 - 기타,승용,남,49세,상해없음,이륜,남,65세,중상
2017042400100278,2017년 4월 24일 12시,월요일,부산광역시 남구 대연동,경상사고,0,0,1,0,차대차 - 측면충돌,기타,건조,맑음,교차로 - 교차로안,승용,남,59세,상해없음,승용,남,55세,경상
2017042400100336,2017년 4월 24일 14시,월요일,부산광역시 북구 덕천동,경상사고,0,0,1,0,차대차 - 측면충돌,안전운전불이행,건조,맑음,단일로 - 기타,승용,남,62세,상해없음,화물,남,53세,상해없음
2017042400100337,2017년 4월 24일 14시,월요일,부산광역시 해운대구 좌동,경상사고,0,0,5,1,차대차 - 정면충돌,교차로운행방법위반,건조,맑음,교차로 - 교차로안,승용,남,44세,부상신고,승용,남,63세,경상
2017042400100338,2017년 4월 24일 14시,월요일,부산광역시 해운대구 중동,경상사고,0,0,1,0,차대사람 - 횡단중,안전운전불이행,건조,맑음,단일로 - 기타,기타불명,기타불명,미분류,기타불명,보행자,남,44세,경상
2017042400100370,2017년 4월 24일 15시,월요일,부산광역시 중구 보수동1가,경상사고,0,0,2,0,차대차 - 기타,안전거리미확보,건조,맑음,단일로 - 기타,승용,남,68세,상해없음,승용,여,36세,경상
2017042400100371,2017년 4월 24일 15시,월요일,부산광역시 동래구 안락동,경상사고,0,0,1,0,차대차 - 측면충돌,안전운전불이행,건조,맑음,단일로 - 기타,화물,남,40세,기타불명,승용,여,46세,경상
2017042400100396,2017년 4월 24일 16시,월요일,부산광역시 남구 대연동,경상사고,0,0,1,0,차대차 - 기타,안전운전불이행,건조,맑음,단일로 - 기타,승합,여,63세,상해없음,자전거,여,29세,경상
2017042400100397,2017년 4월 24일 16시,월요일,부산광역시 사하구 하단동,경상사고,0,0,1,0,차대사람 - 횡단중,기타,건조,맑음,단일로 - 기타,승용,여,36세,상해없음,보행자,여,10세,경상
2017042400100429,2017년 4월 24일 17시,월요일,부산광역시 중구 부평동4가,경상사고,0,0,1,0,차대차 - 측면충돌,차로위반,건조,맑음,단일로 - 기타,승용,남,63세,상해없음,승용,남,49세,경상
2017042400100430,2017년 4월 24일 17시,월요일,부산광역시 강서구 식만동,경상사고,0,0,1,0,차대차 - 측면충돌,안전거리미확보,건조,맑음,단일로 - 기타,승용,남,25세,상해없음,승용,남,45세,경상
2017042400100472,2017년 4월 24일 18시,월요일,부산광역시 동구 초량동,경상사고,0,0,1,0,차대차 - 기타,안전운전불이행,건조,맑음,교차로 - 교차로안,승용,남,51세,상해없음,승용,남,38세,경상
2017042400100473,2017년 4월 24일 18시,월요일,부산광역시 북구 만덕동,경상사고,0,0,1,0,차대차 - 추돌,안전거리미확보,건조,맑음,단일로 - 기타,승용,여,49세,상해없음,승용,여,49세,경상
2017042400100474,2017년 4월 24일 18시,월요일,부산광역시 영도구 청학동,경상사고,0,0,1,0,차대사람 - 차도통행중,안전운전불이행,건조,맑음,단일로 - 기타,승용,남,63세,상해없음,보행자,여,53세,경상
2017042400100475,2017년 4월 24일 18시,월요일,부산광역시 부산진구 부암동,경상사고,0,0,1,0,차대차 - 기타,안전운전불이행,건조,맑음,교차로 - 교차로부근,화물,남,56세,상해없음,자전거,남,21세,경상
2017042400100476,2017년 4월 24일 18시,월요일,부산광역시 금정구 구서동,경상사고,0,0,3,0,차대차 - 기타,신호위반,건조,맑음,교차로 - 교차로안,승용,여,53세,상해없음,승용,남,52세,경상
2017042400100509,2017년 4월 24일 19시,월요일,부산광역시 부산진구 가야동,중상사고,0,1,0,0,차대사람 - 기타,안전운전불이행,건조,맑음,단일로 - 기타,승용,남,52세,상해없음,보행자,여,47세,중상
2017042400100510,2017년 4월 24일 19시,월요일,부산광역시 사하구 당리동,경상사고,0,0,1,0,차대차 - 측면충돌,안전운전불이행,건조,맑음,교차로 - 교차로부근,기타불명,기타불명,미분류,기타불명,승용,여,38세,경상
2017042400100544,2017년 4월 24일 20시,월요일,부산광역시 연제구 연산동,중상사고,0,1,0,0,차대사람 - 차도통행중,안전운전불이행,건조,맑음,교차로 - 교차로안,화물,남,58세,상해없음,보행자,여,50세,중상
2017042400100545,2017년 4월 24일 20시,월요일,부산광역시 강서구 녹산동,중상사고,0,1,1,0,차대차 - 추돌,안전운전불이행,건조,맑음,단일로 - 기타,승용,남,52세,상해없음,승용,남,40세,중상
2017042400100578,2017년 4월 24일 21시,월요일,부산광역시 부산진구 범천동,경상사고,0,0,1,0,차대차 - 측면충돌,교차로운행방법위반,건조,맑음,단일로 - 기타,승용,남,28세,상해없음,승용,남,63세,경상
2017042500100036,2017년 4월 25일 02시,화요일,부산광역시 수영구 수영동,경상사고,0,0,1,0,차대차 - 측면충돌,직진우회전진행방해,건조,맑음,교차로 - 교차로안,원동기,남,17세,상해없음,승용,남,57세,상해없음
2017042500100054,2017년 4월 25일 05시,화요일,부산광역시 해운대구 석대동,중상사고,0,1,0,0,차대차 - 측면충돌,신호위반,건조,맑음,교차로 - 교차로안,화물,남,62세,상해없음,화물,남,29세,중상
2017042500100060,2017년 4월 25일 06시,화요일,부산광역시 수영구 망미동,경상사고,0,0,2,0,차대차 - 측면충돌,신호위반,젖음/습기,비,교차로 - 교차로안,승합,남,48세,상해없음,승용,여,49세,경상
2017042500100071,2017년 4월 25일 07시,화요일,부산광역시 사하구 다대동,중상사고,0,1,0,0,차대차 - 기타,신호위반,건조,맑음,교차로 - 교차로안,승용,남,55세,상해없음,승용,여,41세,중상
2017042500100094,2017년 4월 25일 08시,화요일,부산광역시 중구 영주동,중상사고,0,1,0,0,차대차 - 정면충돌,직진우회전진행방해,건조,맑음,교차로 - 교차로부근,승용,남,47세,상해없음,화물,남,67세,중상
2017042500100095,2017년 4월 25일 08시,화요일,부산광역시 북구 구포동,부상신고사고,0,0,0,1,차량단독 - 기타,기타,건조,맑음,기타 - 기타,기타불명,기타불명,미분류,기타불명,,,,
2017042500100131,2017년 4월 25일 09시,화요일,부산광역시 수영구 남천동,부상신고사고,0,0,0,1,차대차 - 기타,안전운전불이행,건조,기타,기타 - 기타,이륜,남,26세,부상신고,화물,남,61세,상해없음
2017042500100132,2017년 4월 25일 09시,화요일,부산광역시 남구 대연동,경상사고,0,0,1,0,차대차 - 측면충돌,안전운전불이행,건조,맑음,단일로 - 기타,승용,남,63세,상해없음,이륜,남,31세,경상
2017042500100133,2017년 4월 25일 09시,화요일,부산광역시 수영구 수영동,중상사고,0,1,0,0,차대차 - 측면충돌,안전운전불이행,건조,맑음,교차로 - 교차로부근,자전거,남,76세,중상,승용,남,43세,상해없음
2017042500100134,2017년 4월 25일 09시,화요일,부산광역시 강서구 강동동,중상사고,0,1,0,0,차대차 - 기타,직진우회전진행방해,건조,맑음,교차로 - 교차로안,화물,남,55세,상해없음,자전거,남,68세,중상
2017042500100163,2017년 4월 25일 10시,화요일,부산광역시 부산진구 부전동,부상신고사고,0,0,0,1,차대차 - 측면충돌,직진우회전진행방해,건조,맑음,교차로 - 교차로부근,원동기,남,30세,부상신고,승용,남,66세,상해없음
2017042500100164,2017년 4월 25일 10시,화요일,부산광역시 금정구 금사동,부상신고사고,0,0,0,1,차대사람 - 기타,안전운전불이행,건조,맑음,단일로 - 기타,화물,남,65세,상해없음,보행자,여,90세 이상,부상신고
2017042500100182,2017년 4월 25일 11시,화요일,부산광역시 연제구 연산동,경상사고,0,0,1,0,차대차 - 기타,안전운전불이행,건조,맑음,단일로 - 기타,승용,남,61세,상해없음,승용,남,37세,경상
2017042500100212,2017년 4월 25일 12시,화요일,부산광역시 북구 구포동,경상사고,0,0,1,0,차대차 - 측면충돌,신호위반,건조,맑음,교차로 - 교차로안,승용,남,61세,상해없음,이륜,여,41세,경상
2017042500100213,2017년 4월 25일 12시,화요일,부산광역시 부산진구 가야동,부상신고사고,0,0,0,1,차대차 - 기타,안전운전불이행,건조,맑음,단일로 - 기타,이륜,남,22세,상해없음,승용,남,60세,상해없음
2017042500100214,2017년 4월 25일 12시,화요일,부산광역시 부산진구 범천동,부상신고사고,0,0,0,1,차대차 - 측면충돌,안전운전불이행,건조,맑음,단일로 - 기타,이륜,남,68세,부상신고,승용,여,31세,상해없음
2017042500100215,2017년 4월 25일 12시,화요일,부산광역시 연제구 거제동,중상사고,0,1,0,0,차대사람 - 횡단중,안전운전불이행,건조,맑음,기타 - 기타,승용,남,74세,상해없음,보행자,여,49세,중상
2017042500100216,2017년 4월 25일 12시,화요일,부산광역시 기장군 정관읍,경상사고,0,0,1,0,차대차 - 측면충돌,안전운전불이행,건조,맑음,교차로 - 교차로안,승용,남,35세,상해없음,원동기,남,56세,경상
2017042500100240,2017년 4월 25일 13시,화요일,부산광역시 남구 대연동,경상사고,0,0,1,0,차대차 - 기타,교차로운행방법위반,건조,맑음,교차로 - 교차로부근,승용,여,35세,상해없음,자전거,남,23세,경상
2017042500100241,2017년 4월 25일 13시,화요일,부산광역시 연제구 거제동,부상신고사고,0,0,0,1,차대사람 - 횡단중,안전운전불이행,건조,맑음,주차장 - 주차장,승용,여,47세,상해없음,보행자,남,83세,부상신고
2017042500100310,2017년 4월 25일 15시,화요일,부산광역시 서구 동대신동3가,경상사고,0,0,1,0,차대차 - 측면충돌,안전운전불이행,젖음/습기,맑음,단일로 - 기타,이륜,남,29세,경상,승용,남,40세,상해없음
2017042500100311,2017년 4월 25일 15시,화요일,부산광역시 남구 용호동,중상사고,0,1,0,0,차대차 - 측면충돌,신호위반,건조,맑음,교차로 - 교차로안,승용,여,52세,상해없음,원동기,남,44세,중상
2017042500100312,2017년 4월 25일 15시,화요일,부산광역시 사하구 장림동,부상신고사고,0,0,0,1,차대사람 - 횡단중,안전운전불이행,건조,맑음,교차로 - 교차로부근,화물,남,46세,상해없음,보행자,여,78세,부상신고
2017042500100313,2017년 4월 25일 15시,화요일,부산광역시 연제구 거제동,중상사고,0,1,0,0,차대사람 - 횡단중,안전운전불이행,건조,맑음,단일로 - 기타,승용,남,47세,상해없음,보행자,남,9세,중상
2017042500100344,2017년 4월 25일 16시,화요일,부산광역시 서구 충무동2가,중상사고,0,1,0,0,차대차 - 측면충돌,중앙선침범,건조,맑음,단일로 - 기타,승용,여,48세,상해없음,이륜,남,61세,중상
2017042500100345,2017년 4월 25일 16시,화요일,부산광역시 해운대구 재송동,사망사고,2,2,1,0,차대차 - 추돌,안전운전불이행,건조,맑음,단일로 - 기타,승용,남,69세,중상,승합,여,53세,기타불명
2017042500100346,2017년 4월 25일 16시,화요일,부산광역시 부산진구 부전동,경상사고,0,0,2,0,차대사람 - 기타,안전운전불이행,건조,맑음,단일로 - 기타,승용,남,40세,상해없음,보행자,여,11세,경상
2017042500100380,2017년 4월 25일 17시,화요일,부산광역시 서구 서대신동2가,중상사고,0,1,0,0,차대사람 - 기타,안전운전불이행,젖음/습기,맑음,단일로 - 기타,승용,여,51세,상해없음,보행자,여,56세,중상
2017042500100381,2017년 4월 25일 17시,화요일,부산광역시 사하구 다대동,경상사고,0,0,1,0,차대사람 - 기타,안전운전불이행,건조,맑음,단일로 - 기타,승용,남,52세,상해없음,보행자,여,55세,경상
2017042500100406,2017년 4월 25일 18시,화요일,부산광역시 북구 만덕동,경상사고,0,0,5,0,차대차 - 측면충돌,중앙선침범,건조,맑음,단일로 - 기타,승용,여,53세,상해없음,승합,남,61세,경상
2017042500100407,2017년 4월 25일 18시,화요일,부산광역시 부산진구 전포동,경상사고,0,0,1,0,차대차 - 기타,안전거리미확보,건조,맑음,단일로 - 기타,승용,남,60세,상해없음,승용,여,45세,경상
2017042500100408,2017년 4월 25일 18시,화요일,부산광역시 연제구 연산동,경상사고,0,0,1,0,차대사람 - 횡단중,안전운전불이행,건조,맑음,단일로 - 기타,승용,남,58세,상해없음,보행자,여,14세,경상