사고번호,사고일시,요일,시군구,사고내용,사망자수,중상자수,경상자수,부상신고자수,사고유형,법규위반,노면상태,기상상태,도로형태,가해운전자 차종,가해운전자 성별,가해운전자 연령,가해운전자 상해정도,피해운전자 차종,피해운전자 성별,피해운전자 연령,피해운전자 상해정도
2017042500100467,2017년 4월 25일 20시,화요일,부산광역시 남구 용당동,중상사고,0,1,0,0,차대차 - 측면충돌,신호위반,건조,맑음,교차로 - 교차로안,이륜,남,20세,상해없음,승용,남,29세,상해없음
2017042500100468,2017년 4월 25일 20시,화요일,부산광역시 동래구 낙민동,중상사고,0,1,0,0,차대차 - 측면충돌,안전운전불이행,건조,맑음,단일로 - 기타,원동기,남,29세,상해없음,자전거,여,49세,중상
2017042500100469,2017년 4월 25일 20시,화요일,부산광역시 사상구 덕포동,경상사고,0,0,1,0,차대차 - 측면충돌,안전거리미확보,건조,맑음,단일로 - 기타,승용,남,63세,상해없음,승용,남,62세,경상
2017042500100495,2017년 4월 25일 21시,화요일,부산광역시 남구 대연동,경상사고,0,0,1,0,차대차 - 기타,중앙선침범,건조,맑음,교차로 - 교차로안,승용,남,46세,상해없음,이륜,남,18세,경상
2017042500100520,2017년 4월 25일 22시,화요일,부산광역시 사하구 장림동,중상사고,0,1,0,0,차대차 - 측면충돌,안전운전불이행,건조,맑음,단일로 - 기타,승용,남,52세,상해없음,이륜,남,35세,중상
2017042500100521,2017년 4월 25일 22시,화요일,부산광역시 기장군 기장읍,중상사고,0,1,3,0,차대차 - 측면충돌,안전운전불이행,건조,맑음,기타 - 기타,화물,남,66세,상해없음,승용,남,20세,경상
2017042600100020,2017년 4월 26일 00시,수요일,부산광역시 부산진구 부전동,경상사고,0,0,1,0,차대차 - 기타,안전거리미확보,건조,맑음,단일로 - 기타,승용,남,29세,상해없음,승용,남,88세,상해없음
2017042600100021,2017년 4월 26일 00시,수요일,부산광역시 부산진구 범천동,경상사고,0,0,1,0,차대차 - 측면충돌,신호위반,건조,맑음,교차로 - 교차로안,승용,남,62세,상해없음,승용,남,36세,경상
2017042600100045,2017년 4월 26일 02시,수요일,부산광역시 부산진구 부전동,경상사고,0,0,1,0,차대사람 - 횡단중,안전운전불이행,건조,맑음,교차로 - 교차로부근,승용,남,26세,상해없음,보행자,남,23세,경상
2017042600100055,2017년 4월 26일 03시,수요일,부산광역시 동구 좌천동,중상사고,0,1,1,0,차대차 - 측면충돌,안전운전불이행,건조,흐림,교차로 - 교차로안,특수,남,47세,상해없음,승용,남,52세,경상
2017042600100066,2017년 4월 26일 05시,수요일,부산광역시 수영구 광안동,중상사고,0,1,0,0,차대차 - 후진중충돌,불법유턴,젖음/습기,흐림,단일로 - 기타,승용,남,67세,상해없음,이륜,남,25세,중상
2017042600100078,2017년 4월 26일 06시,수요일,부산광역시 금정구 서동,중상사고,0,1,1,0,차대차 - 측면충돌,교차로운행방법위반,젖음/습기,비,교차로 - 교차로안,승용,남,41세,상해없음,이륜,남,41세,경상
2017042600100079,2017년 4월 26일 06시,수요일,부산광역시 강서구 강동동,중상사고,0,1,0,0,차대차 - 기타,안전운전불이행,건조,흐림,단일로 - 기타,건설기계,남,60세,상해없음,이륜,남,37세,중상
2017042600100096,2017년 4월 26일 07시,수요일,부산광역시 동구 범일동,경상사고,0,0,2,0,차대차 - 측면충돌,안전거리미확보,건조,맑음,단일로 - 기타,승용,남,69세,상해없음,승용,남,33세,경상
2017042600100097,2017년 4월 26일 07시,수요일,부산광역시 해운대구 반여동,경상사고,0,0,1,0,차대차 - 측면충돌,안전운전불이행,젖음/습기,비,교차로 - 교차로안,승용,남,39세,상해없음,자전거,남,15세,경상
2017042600100098,2017년 4월 26일 07시,수요일,부산광역시 연제구 연산동,중상사고,0,1,0,0,차대사람 - 길가장자리구역통행중,안전운전불이행,건조,맑음,단일로 - 기타,화물,남,55세,상해없음,보행자,여,76세,중상
2017042600100099,2017년 4월 26일 07시,수요일,부산광역시 기장군 장안읍,경상사고,0,0,3,0,차대차 - 기타,안전운전불이행,젖음/습기,비,교차로 - 교차로안,승용,남,54세,상해없음,승용,남,53세,경상
2017042600100126,2017년 4월 26일 08시,수요일,부산광역시 동구 초량동,경상사고,0,0,1,0,차대차 - 추돌,안전거리미확보,젖음/습기,비,단일로 - 기타,승용,남,43세,상해없음,승용,여,28세,경상
2017042600100127,2017년 4월 26일 08시,수요일,부산광역시 부산진구 전포동,중상사고,0,2,0,0,차대차 - 측면충돌,신호위반,젖음/습기,비,교차로 - 교차로안,승용,남,50세,상해없음,승용,여,42세,중상
2017042600100128,2017년 4월 26일 08시,수요일,부산광역시 강서구 강동동,중상사고,0,1,0,0,차대차 - 정면충돌,교차로운행방법위반,젖음/습기,비,교차로 - 교차로안,화물,남,24세,상해없음,승용,여,63세,중상
2017042600100129,2017년 4월 26일 08시,수요일,부산광역시 강서구 명지동,경상사고,0,0,1,0,차대차 - 추돌,안전운전불이행,젖음/습기,비,교차로 - 교차로부근,승용,여,35세,상해없음,승용,여,42세,경상
2017042600100167,2017년 4월 26일 09시,수요일,부산광역시 해운대구 좌동,중상사고,0,1,0,0,차대차 - 정면충돌,신호위반,건조,맑음,교차로 - 교차로안,승합,남,53세,상해없음,이륜,남,54세,중상
2017042600100168,2017년 4월 26일 09시,수요일,부산광역시 사하구 감천동,중상사고,0,1,0,0,차대사람 - 횡단중,기타,젖음/습기,비,교차로 - 교차로안,승용,여,35세,상해없음,보행자,여,72세,중상
2017042600100201,2017년 4월 26일 10시,수요일,부산광역시 부산진구 범천동,경상사고,0,0,1,0,차대사람 - 기타,기타,젖음/습기,비,단일로 - 기타,승합,남,49세,상해없음,보행자,여,57세,경상
2017042600100202,2017년 4월 26일 10시,수요일,부산광역시 사하구 다대동,중상사고,0,1,0,0,차대차 - 기타,중앙선침범,건조,맑음,단일로 - 기타,승용,남,60세,상해없음,승용,남,30세,중상
2017042600100203,2017년 4월 26일 10시,수요일,부산광역시 강서구 구랑동,경상사고,0,0,3,0,차대차 - 추돌,안전운전불이행,젖음/습기,비,단일로 - 기타,화물,남,52세,상해없음,승용,남,39세,경상
2017042600100229,2017년 4월 26일 11시,수요일,부산광역시 남구 대연동,중상사고,0,1,0,0,차대차 - 측면충돌,안전거리미확보,젖음/습기,비,단일로 - 기타,승용,여,59세,상해없음,화물,남,42세,중상
2017042600100230,2017년 4월 26일 11시,수요일,부산광역시 사하구 다대동,경상사고,0,0,1,0,차대차 - 기타,교차로운행방법위반,건조,맑음,단일로 - 기타,승용,남,47세,상해없음,이륜,남,20세,경상
2017042600100231,2017년 4월 26일 11시,수요일,부산광역시 사하구 다대동,경상사고,0,0,1,0,차대차 - 기타,안전운전불이행,젖음/습기,흐림,단일로 - 기타,승용,여,55세,경상,승합,남,58세,기타불명
2017042600100264,2017년 4월 26일 12시,수요일,부산광역시 해운대구 좌동,경상사고,0,0,1,0,차대차 - 정면충돌,안전운전불이행,젖음/습기,비,교차로 - 교차로안,승용,여,47세,상해없음,이륜,남,42세,경상
2017042600100296,2017년 4월 26일 13시,수요일,부산광역시 수영구 광안동,중상사고,0,1,0,0,차대차 - 측면충돌,안전운전불이행,건조,맑음,교차로 - 교차로안,승용,여,56세,상해없음,자전거,남,49세,중상
2017042600100297,2017년 4월 26일 13시,수요일,부산광역시 해운대구 재송동,경상사고,0,0,1,0,차대차 - 기타,안전운전불이행,건조,맑음,단일로 - 기타,승용,남,26세,상해없음,이륜,남,43세,경상
2017042600100321,2017년 4월 26일 14시,수요일,부산광역시 동래구 안락동,중상사고,0,1,1,0,차대차 - 측면충돌,안전운전불이행,건조,맑음,교차로 - 교차로부근,승용,남,66세,상해없음,승용,남,29세,경상
2017042600100354,2017년 4월 26일 15시,수요일,부산광역시 북구 화명동,경상사고,0,0,1,0,차대차 - 측면충돌,안전거리미확보,건조,맑음,단일로 - 기타,승용,남,37세,상해없음,승용,남,32세,경상
2017042600100394,2017년 4월 26일 16시,수요일,부산광역시 영도구 청학동,경상사고,0,0,3,0,차대차 - 기타,안전거리미확보,건조,맑음,단일로 - 기타,승용,여,63세,상해없음,승합,남,46세,상해없음
2017042600100438,2017년 4월 26일 17시,수요일,부산광역시 부산진구 양정동,중상사고,0,1,0,0,차대사람 - 횡단중,보행자보호의무위반,건조,맑음,교차로 - 교차로횡단보도내,승용,남,53세,상해없음,보행자,여,59세,중상
2017042600100439,2017년 4월 26일 17시,수요일,부산광역시 사상구 학장동,중상사고,0,1,0,0,차대사람 - 횡단중,신호위반,건조,맑음,단일로 - 기타,이륜,남,18세,상해없음,보행자,남,10세,중상
2017042600100474,2017년 4월 26일 18시,수요일,부산광역시 북구 덕천동,경상사고,0,0,1,0,차대차 - 추돌,안전거리미확보,건조,맑음,교차로 - 교차로안,승용,남,24세,상해없음,승용,남,62세,경상
2017042600100475,2017년 4월 26일 18시,수요일,부산광역시 동래구 안락동,경상사고,0,0,1,0,차대사람 - 횡단중,안전운전불이행,젖음/습기,흐림,교차로 - 교차로안,승용,남,65세,상해없음,보행자,여,78세,경상
2017042600100476,2017년 4월 26일 18시,수요일,부산광역시 기장군 정관읍,경상사고,0,0,2,0,차대차 - 추돌,안전운전불이행,건조,맑음,교차로 - 교차로부근,승용,남,64세,상해없음,승용,남,50세,경상
2017042600100509,2017년 4월 26일 19시,수요일,부산광역시 동래구 안락동,경상사고,0,0,1,0,차대사람 - 횡단중,안전운전불이행,건조,맑음,단일로 - 기타,승용,남,61세,상해없음,보행자,남,8세,경상
2017042600100510,2017년 4월 26일 19시,수요일,부산광역시 부산진구 부전동,경상사고,0,0,1,0,차대차 - 측면충돌,안전운전불이행,건조,맑음,교차로 - 교차로부근,승용,남,32세,상해없음,원동기,남,65세,경상
2017042600100511,2017년 4월 26일 19시,수요일,부산광역시 금정구 장전동,부상신고사고,0,0,0,1,차대차 - 측면충돌,안전운전불이행,건조,맑음,교차로 - 교차로부근,이륜,남,25세,부상신고,승용,남,69세,상해없음
2017042600100512,2017년 4월 26일 19시,수요일,부산광역시 연제구 연산동,경상사고,0,0,1,0,차대사람 - 횡단중,보행자보호의무위반,건조,맑음,단일로 - 기타,승용,여,50세,상해없음,보행자,여,56세,경상
2017042600100513,2017년 4월 26일 19시,수요일,부산광역시 연제구 거제동,중상사고,0,1,0,0,차대사람 - 보도통행중,안전운전불이행,건조,맑음,기타 - 기타,기타불명,기타불명,미분류,기타불명,보행자,여,70세,중상
2017042600100514,2017년 4월 26일 19시,수요일,부산광역시 사상구 감전동,중상사고,0,1,0,0,차대사람 - 길가장자리구역통행중,안전운전불이행,건조,맑음,단일로 - 기타,이륜,남,20세,상해없음,보행자,여,38세,중상
2017042600100548,2017년 4월 26일 20시,수요일,부산광역시 금정구 노포동,경상사고,0,0,1,0,차량단독 - 전도전복 - 전도,안전운전불이행,젖음/습기,비,단일로 - 기타,승용,남,49세,상해없음,,,,
2017042600100574,2017년 4월 26일 21시,수요일,부산광역시 사하구 감천동,중상사고,0,1,0,0,차대사람 - 기타,안전운전불이행,젖음/습기,맑음,단일로 - 기타,원동기,남,47세,상해없음,보행자,남,54세,중상
2017042600100614,2017년 4월 26일 22시,수요일,부산광역시 금정구 남산동,부상신고사고,0,0,0,1,차대차 - 추돌,안전운전불이행,젖음/습기,흐림,단일로 - 기타,승용,남,32세,상해없음,화물,남,62세,부상신고
2017042600100615,2017년 4월 26일 22시,수요일,부산광역시 기장군 기장읍,경상사고,0,0,1,0,차대차 - 추돌,안전운전불이행,건조,맑음,단일로 - 기타,승용,남,43세,상해없음,승용,여,54세,경상
2017042600100640,2017년 4월 26일 23시,수요일,부산광역시 동구 초량동,경상사고,0,0,2,0,차대차 - 추돌,안전운전불이행,건조,맑음,단일로 - 기타,승용,남,53세,상해없음,승용,남,34세,경상
2017042700100015,2017년 4월 27일 00시,목요일,부산광역시 서구 동대신동3가,경상사고,0,0,1,0,차대차 - 측면충돌,중앙선침범,젖음/습기,맑음,단일로 - 기타,승용,남,59세,상해없음,승용,여,27세,상해없음
2017042700100016,2017년 4월 27일 00시,목요일,부산광역시 금정구 구서동,중상사고,0,1,0,0,차대차 - 측면충돌,신호위반,건조,맑음,교차로 - 교차로안,승용,남,54세,상해없음,승용,남,63세,중상
2017042700100017,2017년 4월 27일 00시,목요일,부산광역시 사상구 주례동,경상사고,0,0,1,0,차대사람 - 기타,안전운전불이행,젖음/습기,비,단일로 - 기타,승용,남,52세,상해없음,보행자,여,18세,경상
2017042700100032,2017년 4월 27일 01시,목요일,부산광역시 사하구 신평동,경상사고,0,0,2,0,차대차 - 정면충돌,안전운전불이행,젖음/습기,맑음,교차로 - 교차로부근,승용,남,40세,상해없음,승용,남,51세,경상
2017042700100048,2017년 4월 27일 03시,목요일,부산광역시 부산진구 부전동,중상사고,0,1,0,0,차대차 - 정면충돌,안전운전불이행,건조,맑음,교차로 - 교차로부근,화물,남,49세,상해없음,원동기,남,37세,중상
2017042700100049,2017년 4월 27일 03시,목요일,부산광역시 금정구 부곡동,경상사고,0,0,2,0,차대차 - 측면충돌,중앙선침범,건조,맑음,단일로 - 기타,승용,남,32세,상해없음,승용,남,48세,경상
2017042700100085,2017년 4월 27일 07시,목요일,부산광역시 금정구 부곡동,경상사고,0,0,1,0,차대차 - 기타,안전운전불이행,건조,맑음,교차로 - 교차로안,승용,남,45세,상해없음,승용,남,38세,경상
2017042700100086,2017년 4월 27일 07시,목요일,부산광역시 사하구 신평동,사망사고,1,0,0,0,차대차 - 정면충돌,신호위반,건조,맑음,교차로 - 교차로안,이륜,남,74세,사망,승용,남,54세,상해없음
2017042700100118,2017년 4월 27일 08시,목요일,부산광역시 남구 대연동,경상사고,0,0,1,0,차대차 - 측면충돌,신호위반,건조,맑음,교차로 - 교차로부근,승용,남,54세,상해없음,승용,여,30세,경상
2017042700100119,2017년 4월 27일 08시,목요일,부산광역시 사하구 신평동,중상사고,0,1,0,0,차대차 - 정면충돌,차로위반,건조,맑음,단일로 - 기타,화물,남,57세,상해없음,원동기,남,60세,중상
2017042700100162,2017년 4월 27일 09시,목요일,부산광역시 영도구 동삼동,경상사고,0,0,5,0,차대차 - 추돌,안전운전불이행,건조,맑음,단일로 - 기타,승용,남,50세,상해없음,승용,남,56세,경상
2017042700100192,2017년 4월 27일 10시,목요일,부산광역시 남구 대연동,경상사고,0,0,1,0,차대차 - 추돌,안전거리미확보,건조,맑음,기타 - 기타,승용,남,22세,상해없음,승용,남,53세,경상
2017042700100193,2017년 4월 27일 10시,목요일,부산광역시 북구 금곡동,경상사고,0,0,1,0,차대사람 - 횡단중,기타,건조,맑음,기타 - 기타,자전거,여,34세,상해없음,보행자,여,22세,경상
2017042700100218,2017년 4월 27일 11시,목요일,부산광역시 동구 좌천동,중상사고,0,1,0,0,차대사람 - 기타,보행자보호의무위반,건조,맑음,단일로 - 기타,화물,남,30세,상해없음,보행자,여,69세,중상
2017042700100236,2017년 4월 27일 12시,목요일,부산광역시 남구 감만동,경상사고,0,0,1,0,차대차 - 기타,안전운전불이행,건조,맑음,기타 - 기타,승합,남,24세,상해없음,화물,남,52세,경상
2017042700100237,2017년 4월 27일 12시,목요일,부산광역시 사하구 괴정동,경상사고,0,0,1,0,차대차 - 기타,차로위반,건조,맑음,단일로 - 기타,승용,남,70세,상해없음,화물,남,37세,경상
2017042700100238,2017년 4월 27일 12시,목요일,부산광역시 사상구 삼락동,경상사고,0,0,1,0,차대사람 - 횡단중,안전운전불이행,건조,맑음,교차로 - 교차로부근,승용,남,61세,상해없음,보행자,여,44세,경상
2017042700100259,2017년 4월 27일 13시,목요일,부산광역시 서구 암남동,경상사고,0,0,1,0,차대차 - 측면충돌,안전거리미확보,건조,맑음,단일로 - 기타,건설기계,남,25세,상해없음,승용,여,60세,경상
2017042700100260,2017년 4월 27일 13시,목요일,부산광역시 금정구 금사동,중상사고,0,1,0,0,차대사람 - 기타,기타,건조,맑음,기타 - 기타,이륜,남,57세,상해없음,보행자,여,47세,중상
2017042700100297,2017년 4월 27일 14시,목요일,부산광역시 서구 암남동,경상사고,0,0,1,0,차대차 - 추돌,안전운전불이행,건조,맑음,단일로 - 기타,화물,남,75세,경상,화물,남,57세,기타불명
2017042700100298,2017년 4월 27일 14시,목요일,부산광역시 금정구 구서동,경상사고,0,0,1,0,차대차 - 기타,안전거리미확보,건조,맑음,단일로 - 기타,승용,여,37세,상해없음,건설기계,남,45세,경상
2017042700100299,2017년 4월 27일 14시,목요일,부산광역시 사하구 신평동,부상신고사고,0,0,0,1,차량단독 - 기타,기타,건조,맑음,단일로 - 기타,승합,남,49세,상해없음,,,,
2017042700100326,2017년 4월 27일 15시,목요일,부산광역시 동구 범일동,경상사고,0,0,1,0,차대사람 - 보도통행중,안전운전불이행,건조,맑음,단일로 - 기타,승용,여,42세,상해없음,보행자,여,28세,경상
2017042700100327,2017년 4월 27일 15시,목요일,부산광역시 서구 동대신동1가,경상사고,0,0,1,0,차대차 - 기타,안전운전불이행,건조,맑음,단일로 - 기타,화물,남,35세,상해없음,이륜,남,19세,경상
2017042700100362,2017년 4월 27일 16시,목요일,부산광역시 사하구 하단동,경상사고,0,0,1,0,차대차 - 측면충돌,신호위반,건조,맑음,교차로 - 교차로안,이륜,남,25세,경상,승용,여,50세,상해없음
2017042700100363,2017년 4월 27일 16시,목요일,부산광역시 사하구 감천동,중상사고,0,1,0,0,차대차 - 기타,안전운전불이행,건조,맑음,교차로 - 교차로안,승용,여,38세,상해없음,이륜,남,29세,중상
2017042700100407,2017년 4월 27일 17시,목요일,부산광역시 동래구 낙민동,중상사고,0,1,1,0,차대차 - 측면충돌,차로위반,건조,맑음,교차로 - 교차로안,승용,남,64세,상해없음,승합,남,40세,상해없음
2017042700100408,2017년 4월 27일 17시,목요일,부산광역시 영도구 청학동,중상사고,0,1,0,0,차대사람 - 횡단중,불법유턴,건조,맑음,단일로 - 기타,승용,남,23세,상해없음,보행자,여,72세,중상
2017042700100409,2017년 4월 27일 17시,목요일,부산광역시 해운대구 우동,경상사고,0,0,1,0,차대차 - 측면충돌,안전운전불이행,건조,맑음,교차로 - 교차로부근,승용,남,51세,상해없음,이륜,남,34세,경상
2017042700100410,2017년 4월 27일 17시,목요일,부산광역시 연제구 연산동,부상신고사고,0,0,0,1,차대차 - 추돌,안전거리미확보,건조,맑음,단일로 - 기타,승용,남,48세,상해없음,승용,남,63세,상해없음
2017042700100463,2017년 4월 27일 18시,목요일,부산광역시 수영구 광안동,중상사고,0,1,0,0,차대차 - 기타,교차로운행방법위반,건조,맑음,교차로 - 교차로안,이륜,남,25세,중상,화물,남,60세,상해없음
2017042700100503,2017년 4월 27일 19시,목요일,부산광역시 수영구 광안동,경상사고,0,0,2,0,차대차 - 기타,교차로운행방법위반,건조,맑음,교차로 - 교차로안,승용,남,28세,경상,승용,여,46세,경상
2017042700100504,2017년 4월 27일 19시,목요일,부산광역시 사상구 모라동,경상사고,0,0,1,0,차대차 - 측면충돌,신호위반,건조,맑음,교차로 - 교차로안,승용,남,53세,상해없음,이륜,남,35세,경상
2017042700100542,2017년 4월 27일 20시,목요일,부산광역시 동래구 낙민동,경상사고,0,0,1,0,차대사람 - 횡단중,안전운전불이행,건조,맑음,교차로 - 교차로부근,자전거,남,17세,상해없음,보행자,여,51세,경상
2017042700100633,2017년 4월 27일 23시,목요일,부산광역시 부산진구 양정동,경상사고,0,0,1,0,차대사람 - 기타,안전운전불이행,건조,맑음,단일로 - 기타,승용,남,50세,상해없음,보행자,남,27세,경상
2017042800100035,2017년 4월 28일 01시,금요일,부산광역시 남구 대연동,부상신고사고,0,0,0,1,차량단독 - 기타,안전운전불이행,건조,맑음,교차로 - 교차로부근,이륜,남,41세,부상신고,,,,
2017042800100053,2017년 4월 28일 03시,금요일,부산광역시 남구 대연동,중상사고,0,1,1,0,차대사람 - 횡단중,안전운전불이행,건조,맑음,교차로 - 교차로부근,승용,남,66세,상해없음,보행자,남,50세,경상
2017042800100127,2017년 4월 28일 08시,금요일,부산광역시 부산진구 당감동,중상사고,0,1,1,0,차대차 - 기타,안전운전불이행,건조,맑음,단일로 - 기타,승용,여,54세,상해없음,화물,남,59세,경상
2017042800100185,2017년 4월 28일 09시,금요일,부산광역시 해운대구 석대동,사망사고,1,0,0,0,차량단독 - 전도전복,안전운전불이행,기타,맑음,단일로 - 기타,이륜,여,57세,사망,미분류,미분류,미분류,미분류
2017042800100186,2017년 4월 28일 09시,금요일,부산광역시 금정구 구서동,부상신고사고,0,0,0,1,차대차 - 정면충돌,안전운전불이행,건조,맑음,교차로 - 교차로안,원동기,남,47세,부상신고,승용,여,39세,상해없음
2017042800100250,2017년 4월 28일 11시,금요일,부산광역시 사하구 다대동,중상사고,0,1,0,0,차대차 - 정면충돌,교차로운행방법위반,건조,맑음,교차로 - 교차로안,화물,남,51세,상해없음,승용,여,68세,중상
2017042800100278,2017년 4월 28일 12시,금요일,부산광역시 남구 대연동,중상사고,0,1,0,0,차대사람 - 기타,안전운전불이행,건조,맑음,단일로 - 기타,승용,여,40세,상해없음,보행자,여,83세,중상
2017042800100279,2017년 4월 28일 12시,금요일,부산광역시 남구 용호동,경상사고,0,0,1,0,차대차 - 기타,안전운전불이행,건조,맑음,단일로 - 기타,승용,남,57세,상해없음,이륜,남,34세,경상
2017042800100311,2017년 4월 28일 13시,금요일,부산광역시 금정구 장전동,경상사고,0,0,1,0,차대차 - 측면충돌,기타,건조,맑음,교차로 - 교차로안,원동기,남,23세,경상,승용,남,63세,상해없음
2017042800100312,2017년 4월 28일 13시,금요일,부산광역시 강서구 송정동,중상사고,0,1,0,0,차대차 - 측면충돌,안전운전불이행,건조,맑음,교차로 - 교차로안,승합,남,43세,상해없음,이륜,남,37세,중상
2017042800100381,2017년 4월 28일 15시,금요일,부산광역시 부산진구 부전동,경상사고,0,0,1,0,차대차 - 추돌,안전운전불이행,건조,맑음,단일로 - 기타,이륜,남,44세,경상,승용,남,29세,상해없음
2017042800100419,2017년 4월 28일 16시,금요일,부산광역시 북구 만덕동,중상사고,0,1,0,0,차대사람 - 횡단중,보행자보호의무위반,건조,맑음,교차로 - 교차로횡단보도내,승용,여,42세,상해없음,보행자,여,11세,중상
2017042800100457,2017년 4월 28일 17시,금요일,부산광역시 중구 중앙동2가,중상사고,0,1,0,0,차대차 - 기타,안전운전불이행,건조,맑음,단일로 - 기타,화물,남,61세,상해없음,승용,남,54세,중상
2017042800100458,2017년 4월 28일 17시,금요일,부산광역시 사하구 신평동,중상사고,0,1,0,0,차대사람 - 기타,보행자보호의무위반,건조,맑음,교차로 - 교차로안,승용,남,52세,상해없음,보행자,남,60세,중상
2017042800100459,2017년 4월 28일 17시,금요일,부산광역시 사하구 하단동,중상사고,0,1,0,0,차대사람 - 기타,안전운전불이행,건조,맑음,단일로 - 기타,화물,남,84세,상해없음,보행자,남,40세,중상
2017042800100460,2017년 4월 28일 17시,금요일,부산광역시 사상구 학장동,중상사고,0,1,0,0,차대사람 - 기타,안전운전불이행,건조,맑음,단일로 - 기타,화물,남,33세,상해없음,보행자,남,62세,중상
2017042800100498,2017년 4월 28일 18시,금요일,부산광역시 부산진구 범전동,경상사고,0,0,1,0,차대사람 - 기타,기타,건조,맑음,교차로 - 교차로부근,화물,남,47세,상해없음,보행자,여,20세,경상
2017042800100546,2017년 4월 28일 19시,금요일,부산광역시 동구 범일동,중상사고,0,1,0,0,차대사람 - 기타,안전운전불이행,건조,기타,단일로 - 기타,승용,남,63세,상해없음,보행자,여,62세,중상
2017042800100589,2017년 4월 28일 20시,금요일,부산광역시 동구 범일동,경상사고,0,0,1,0,차량단독 - 기타,안전운전불이행,건조,맑음,단일로 - 기타,승합,남,45세,상해없음,,,,
2017042800100590,2017년 4월 28일 20시,금요일,부산광역시 부산진구 초읍동,중상사고,0,1,0,0,차대사람 - 횡단중,보행자보호의무위반,건조,맑음,단일로 - 기타,승합,남,48세,상해없음,보행자,여,47세,중상
2017042800100591,2017년 4월 28일 20시,금요일,부산광역시 강서구 대저2동,경상사고,0,0,1,0,차대차 - 측면충돌,교차로운행방법위반,건조,맑음,교차로 - 교차로안,승용,남,54세,상해없음,승용,남,38세,경상
2017042800100622,2017년 4월 28일 21시,금요일,부산광역시 부산진구 가야동,경상사고,0,0,5,0,차대차 - 추돌,안전운전불이행,건조,맑음,단일로 - 기타,승용,남,33세,상해없음,승용,남,58세,경상
2017042800100623,2017년 4월 28일 21시,금요일,부산광역시 사상구 주례동,중상사고,0,1,0,0,차대사람 - 횡단중,안전운전불이행,건조,맑음,교차로 - 교차로부근,승용,남,74세,상해없음,보행자,여,58세,중상
2017042800100653,2017년 4월 28일 22시,금요일,부산광역시 금정구 부곡동,경상사고,0,0,1,0,차대사람 - 기타,안전운전불이행,건조,맑음,교차로 - 교차로부근,승용,여,26세,상해없음,보행자,남,47세,경상
2017042800100654,2017년 4월 28일 22시,금요일,부산광역시 사하구 당리동,중상사고,0,1,0,0,차대사람 - 횡단중,안전운전불이행,건조,맑음,교차로 - 교차로안,승용,남,52세,상해없음,보행자,남,30세,중상
2017042800100655,2017년 4월 28일 22시,금요일,부산광역시 기장군 기장읍,중상사고,0,1,1,0,차대차 - 추돌,안전운전불이행,건조,맑음,단일로 - 기타,승용,남,26세,상해없음,승용,남,43세,경상
2017042800100688,2017년 4월 28일 23시,금요일,부산광역시 남구 용호동,중상사고,0,1,0,0,차량단독 - 공작물충돌,안전운전불이행,건조,맑음,단일로 - 기타,이륜,남,24세,상해없음,,,,
2017042900100020,2017년 4월 29일 00시,토요일,부산광역시 수영구 광안동,경상사고,0,0,1,0,차대차 - 측면충돌,직진우회전진행방해,건조,맑음,교차로 - 교차로안,승용,남,49세,상해없음,승용,남,64세,상해없음
2017042900100021,2017년 4월 29일 00시,토요일,부산광역시 사상구 괘법동,부상신고사고,0,0,0,1,차대사람 - 길가장자리구역통행중,안전운전불이행,건조,맑음,교차로 - 교차로안,승용,남,30세,상해없음,보행자,남,42세,부상신고
2017042900100047,2017년 4월 29일 01시,토요일,부산광역시 사상구 학장동,중상사고,0,1,0,0,차대차 - 측면충돌,불법유턴,건조,맑음,단일로 - 기타,승용,남,57세,상해없음,이륜,남,44세,중상
2017042900100065,2017년 4월 29일 02시,토요일,부산광역시 부산진구 부전동,중상사고,0,1,0,0,차대사람 - 보도통행중,보행자보호의무위반,건조,맑음,단일로 - 기타,기타불명,기타불명,미분류,기타불명,보행자,여,54세,중상
2017042900100079,2017년 4월 29일 03시,토요일,부산광역시 해운대구 중동,중상사고,0,1,2,0,차대차 - 측면충돌,신호위반,건조,맑음,교차로 - 교차로부근,승용,남,58세,상해없음,승용,남,59세,중상
2017042900100084,2017년 4월 29일 04시,토요일,부산광역시 부산진구 연지동,경상사고,0,0,1,0,차대차 - 기타,신호위반,건조,맑음,교차로 - 교차로안,승용,남,30세,상해없음,승용,남,63세,경상
2017042900100085,2017년 4월 29일 04시,토요일,부산광역시 사하구 구평동,경상사고,0,0,1,0,차량단독 - 공작물충돌,안전운전불이행,건조,맑음,단일로 - 기타,원동기,남,25세,상해없음,,,,
2017042900100145,2017년 4월 29일 08시,토요일,부산광역시 부산진구 개금동,경상사고,0,0,2,0,차대차 - 측면충돌,신호위반,건조,맑음,교차로 - 교차로안,화물,남,34세,상해없음,승용,남,65세,경상
2017042900100146,2017년 4월 29일 08시,토요일,부산광역시 기장군 철마면,경상사고,0,0,1,0,차대차 - 측면충돌,신호위반,건조,맑음,교차로 - 교차로안,건설기계,남,62세,상해없음,승용,남,32세,경상