사고번호,사고일시,요일,시군구,사고내용,사망자수,중상자수,경상자수,부상신고자수,사고유형,법규위반,노면상태,기상상태,도로형태,가해운전자 차종,가해운전자 성별,가해운전자 연령,가해운전자 상해정도,피해운전자 차종,피해운전자 성별,피해운전자 연령,피해운전자 상해정도
2017051000100494,2017년 5월 10일 22시,수요일,부산광역시 북구 덕천동,중상사고,0,1,1,0,차대차 - 측면충돌,안전운전불이행,건조,맑음,교차로 - 교차로안,승용,여,47세,상해없음,승용,여,53세,중상
2017051000100495,2017년 5월 10일 22시,수요일,부산광역시 부산진구 전포동,경상사고,0,0,1,0,차대사람 - 횡단중,중앙선침범,건조,맑음,단일로 - 기타,이륜,남,23세,상해없음,보행자,여,25세,경상
2017051000100496,2017년 5월 10일 22시,수요일,부산광역시 부산진구 연지동,경상사고,0,0,1,0,차대사람 - 횡단중,안전운전불이행,젖음/습기,비,단일로 - 기타,승용,남,53세,상해없음,보행자,여,20세,경상
2017051000100511,2017년 5월 10일 23시,수요일,부산광역시 수영구 광안동,중상사고,0,1,1,0,차대차 - 측면충돌,교차로운행방법위반,건조,맑음,교차로 - 교차로안,승용,여,33세,상해없음,승용,남,64세,경상
2017051100100015,2017년 5월 11일 00시,목요일,부산광역시 동래구 온천동,중상사고,0,1,0,0,차대사람 - 횡단중,안전운전불이행,건조,맑음,교차로 - 교차로안,승용,남,63세,상해없음,보행자,남,53세,중상
2017051100100034,2017년 5월 11일 01시,목요일,부산광역시 사하구 괴정동,중상사고,0,1,0,0,차대사람 - 횡단중,안전운전불이행,건조,맑음,단일로 - 기타,승용,여,34세,상해없음,보행자,남,62세,중상
2017051100100059,2017년 5월 11일 04시,목요일,부산광역시 동래구 안락동,경상사고,0,0,1,0,차대차 - 측면충돌,신호위반,건조,맑음,교차로 - 교차로안,승용,남,50세,상해없음,승용,남,61세,경상
2017051100100060,2017년 5월 11일 04시,목요일,부산광역시 연제구 연산동,부상신고사고,0,0,0,1,차대차 - 측면충돌,신호위반,건조,맑음,교차로 - 교차로안,원동기,남,15세,상해없음,승용,남,33세,상해없음
2017051100100085,2017년 5월 11일 06시,목요일,부산광역시 사하구 하단동,중상사고,0,1,0,0,차대차 - 측면충돌,신호위반,건조,맑음,교차로 - 교차로부근,승용,남,55세,상해없음,자전거,남,69세,중상
2017051100100104,2017년 5월 11일 07시,목요일,부산광역시 부산진구 양정동,경상사고,0,0,2,0,차대차 - 측면충돌,차로위반,건조,맑음,단일로 - 기타,승용,남,63세,상해없음,승합,남,40세,상해없음
2017051100100105,2017년 5월 11일 07시,목요일,부산광역시 연제구 연산동,중상사고,0,1,0,0,차대사람 - 횡단중,보행자보호의무위반,건조,맑음,교차로 - 교차로부근,승합,남,48세,상해없음,보행자,여,51세,중상
2017051100100127,2017년 5월 11일 08시,목요일,부산광역시 동래구 안락동,경상사고,0,0,1,0,차대차 - 측면충돌,안전운전불이행,건조,맑음,단일로 - 기타,승용,여,47세,상해없음,원동기,남,46세,경상
2017051100100128,2017년 5월 11일 08시,목요일,부산광역시 강서구 강동동,중상사고,0,1,0,0,차대차 - 정면충돌,안전운전불이행,건조,맑음,단일로 - 기타,화물,남,59세,상해없음,승용,여,55세,중상
2017051100100129,2017년 5월 11일 08시,목요일,부산광역시 사상구 감전동,경상사고,0,0,1,0,차대차 - 측면충돌,안전거리미확보,건조,맑음,교차로 - 교차로부근,화물,남,34세,상해없음,승용,여,48세,경상
2017051100100171,2017년 5월 11일 09시,목요일,부산광역시 수영구 민락동,중상사고,0,1,0,0,차대사람 - 횡단중,안전운전불이행,건조,맑음,단일로 - 기타,이륜,남,63세,상해없음,보행자,여,52세,중상
2017051100100172,2017년 5월 11일 09시,목요일,부산광역시 금정구 장전동,중상사고,0,1,0,0,차대사람 - 기타,보행자보호의무위반,건조,맑음,단일로 - 기타,승용,남,75세,상해없음,보행자,여,35세,중상
2017051100100173,2017년 5월 11일 09시,목요일,부산광역시 연제구 연산동,중상사고,0,1,0,0,차대차 - 측면충돌,안전운전불이행,건조,맑음,교차로 - 교차로부근,승용,여,54세,상해없음,이륜,남,60세,중상
2017051100100174,2017년 5월 11일 09시,목요일,부산광역시 사상구 학장동,중상사고,0,1,0,0,차대차 - 정면충돌,신호위반,건조,맑음,단일로 - 기타,화물,남,60세,상해없음,승용,남,31세,중상
2017051100100207,2017년 5월 11일 10시,목요일,부산광역시 서구 서대신동2가,경상사고,0,0,1,0,차대차 - 기타,교차로운행방법위반,건조,맑음,교차로 - 교차로안,승용,남,67세,상해없음,승용,여,30세,경상
2017051100100221,2017년 5월 11일 11시,목요일,부산광역시 동래구 안락동,경상사고,0,0,1,0,차대사람 - 횡단중,보행자보호의무위반,건조,맑음,단일로 - 기타,화물,남,64세,상해없음,보행자,여,29세,경상
2017051100100265,2017년 5월 11일 13시,목요일,부산광역시 부산진구 범천동,부상신고사고,0,0,0,1,차대차 - 측면충돌,안전운전불이행,건조,맑음,단일로 - 교량,기타불명,기타불명,미분류,기타불명,원동기,여,39세,부상신고
2017051100100295,2017년 5월 11일 14시,목요일,부산광역시 연제구 거제동,중상사고,0,1,0,0,차대차 - 정면충돌,안전운전불이행,건조,맑음,교차로 - 교차로안,승용,여,37세,상해없음,이륜,남,56세,중상
2017051100100325,2017년 5월 11일 15시,목요일,부산광역시 영도구 남항동1가,경상사고,0,0,1,0,차대차 - 측면충돌,안전운전불이행,건조,맑음,교차로 - 교차로안,승용,남,52세,상해없음,이륜,남,59세,경상
2017051100100326,2017년 5월 11일 15시,목요일,부산광역시 금정구 장전동,중상사고,0,2,0,0,차대차 - 추돌,신호위반,건조,맑음,교차로 - 교차로안,화물,남,60세,상해없음,승용,남,26세,중상
2017051100100327,2017년 5월 11일 15시,목요일,부산광역시 사하구 신평동,경상사고,0,0,1,0,차대차 - 기타,교차로운행방법위반,건조,맑음,교차로 - 교차로안,승용,남,34세,상해없음,승용,여,46세,경상
2017051100100328,2017년 5월 11일 15시,목요일,부산광역시 연제구 연산동,중상사고,0,1,0,0,차대사람 - 기타,안전운전불이행,건조,맑음,단일로 - 기타,승용,여,47세,상해없음,보행자,남,58세,중상
2017051100100356,2017년 5월 11일 16시,목요일,부산광역시 중구 남포동6가,경상사고,0,0,1,0,차대사람 - 길가장자리구역통행중,안전운전불이행,건조,맑음,단일로 - 기타,기타불명,남,54세,상해없음,보행자,여,42세,경상
2017051100100357,2017년 5월 11일 16시,목요일,부산광역시 부산진구 연지동,경상사고,0,0,1,0,차대사람 - 기타,기타,건조,맑음,단일로 - 기타,승용,남,60세,상해없음,보행자,남,10세,경상
2017051100100358,2017년 5월 11일 16시,목요일,부산광역시 부산진구 개금동,경상사고,0,0,1,0,차대차 - 측면충돌,안전거리미확보,건조,맑음,교차로 - 교차로안,승용,남,56세,상해없음,승용,여,43세,경상
2017051100100387,2017년 5월 11일 17시,목요일,부산광역시 사하구 괴정동,경상사고,0,0,1,0,차대차 - 기타,교차로운행방법위반,건조,맑음,단일로 - 기타,화물,남,66세,상해없음,이륜,남,16세,경상
2017051100100462,2017년 5월 11일 19시,목요일,부산광역시 남구 문현동,중상사고,0,1,0,0,차대차 - 추돌,안전운전불이행,건조,맑음,단일로 - 기타,승용,남,54세,상해없음,자전거,남,64세,중상
2017051100100463,2017년 5월 11일 19시,목요일,부산광역시 사하구 하단동,부상신고사고,0,0,0,1,차대차 - 측면충돌,교차로운행방법위반,건조,맑음,교차로 - 교차로안,승용,여,46세,부상신고,승용,여,59세,상해없음
2017051100100493,2017년 5월 11일 20시,목요일,부산광역시 사하구 하단동,경상사고,0,0,2,0,차대차 - 기타,안전운전불이행,건조,맑음,기타 - 기타,승용,여,53세,경상,승용,남,33세,경상
2017051100100527,2017년 5월 11일 21시,목요일,부산광역시 부산진구 전포동,경상사고,0,0,1,0,차대사람 - 기타,안전운전불이행,건조,맑음,단일로 - 기타,승용,남,27세,상해없음,보행자,여,61세,경상
2017051100100528,2017년 5월 11일 21시,목요일,부산광역시 사하구 하단동,경상사고,0,0,1,0,차대사람 - 기타,보행자보호의무위반,건조,맑음,교차로 - 교차로안,승용,남,56세,상해없음,보행자,여,17세,경상
2017051100100561,2017년 5월 11일 22시,목요일,부산광역시 해운대구 우동,중상사고,0,1,1,0,차대차 - 정면충돌,교차로운행방법위반,건조,맑음,교차로 - 교차로부근,승용,여,42세,상해없음,승용,여,62세,중상
2017051100100562,2017년 5월 11일 22시,목요일,부산광역시 부산진구 당감동,경상사고,0,0,2,0,차대차 - 기타,안전운전불이행,건조,맑음,단일로 - 터널,승용,남,24세,상해없음,승용,여,23세,경상
2017051100100563,2017년 5월 11일 22시,목요일,부산광역시 사상구 엄궁동,경상사고,0,0,1,0,차대차 - 기타,안전운전불이행,건조,맑음,교차로 - 교차로부근,화물,남,62세,상해없음,승용,남,48세,경상
2017051200100042,2017년 5월 12일 01시,금요일,부산광역시 중구 부평동4가,중상사고,0,1,1,1,차대차 - 정면충돌,신호위반,건조,맑음,교차로 - 교차로안,승용,남,25세,상해없음,승용,남,58세,경상
2017051200100066,2017년 5월 12일 03시,금요일,부산광역시 부산진구 부전동,부상신고사고,0,0,0,1,차대차 - 기타,직진우회전진행방해,건조,맑음,교차로 - 교차로안,승용,남,59세,부상신고,승용,남,62세,상해없음
2017051200100082,2017년 5월 12일 06시,금요일,부산광역시 남구 대연동,경상사고,0,0,1,0,차대차 - 측면충돌,교차로운행방법위반,건조,맑음,교차로 - 교차로안,승합,남,44세,상해없음,승용,여,59세,경상
2017051200100083,2017년 5월 12일 06시,금요일,부산광역시 동래구 온천동,부상신고사고,0,0,0,1,차대차 - 측면충돌,안전운전불이행,건조,맑음,교차로 - 교차로안,건설기계,남,56세,상해없음,승용,남,68세,상해없음
2017051200100084,2017년 5월 12일 06시,금요일,부산광역시 해운대구 우동,경상사고,0,0,1,0,차대차 - 측면충돌,기타,건조,맑음,교차로 - 교차로안,승용,남,68세,상해없음,승용,여,53세,경상
2017051200100105,2017년 5월 12일 07시,금요일,부산광역시 북구 화명동,경상사고,0,0,1,0,차대사람 - 횡단중,안전운전불이행,건조,맑음,교차로 - 교차로횡단보도내,기타불명,기타불명,미분류,기타불명,보행자,여,17세,경상
2017051200100106,2017년 5월 12일 07시,금요일,부산광역시 해운대구 우동,중상사고,0,1,4,1,차대차 - 추돌,안전운전불이행,건조,맑음,단일로 - 기타,승용,남,30세,상해없음,승용,남,41세,경상
2017051200100158,2017년 5월 12일 09시,금요일,부산광역시 부산진구 양정동,경상사고,0,0,1,0,차대차 - 기타,안전거리미확보,젖음/습기,비,단일로 - 기타,승용,남,70세,상해없음,이륜,남,54세,경상
2017051200100159,2017년 5월 12일 09시,금요일,부산광역시 강서구 명지동,중상사고,0,1,0,0,차대차 - 후진중충돌,안전운전불이행,젖음/습기,비,단일로 - 기타,화물,남,57세,상해없음,이륜,남,79세,중상
2017051200100190,2017년 5월 12일 10시,금요일,부산광역시 중구 보수동1가,경상사고,0,0,1,0,차대사람 - 횡단중,안전운전불이행,젖음/습기,비,단일로 - 기타,승용,남,72세,상해없음,보행자,남,72세,경상
2017051200100191,2017년 5월 12일 10시,금요일,부산광역시 기장군 정관읍,경상사고,0,0,1,0,차대차 - 추돌,안전운전불이행,건조,맑음,단일로 - 기타,화물,남,68세,상해없음,승용,남,44세,경상
2017051200100222,2017년 5월 12일 11시,금요일,부산광역시 해운대구 반송동,부상신고사고,0,0,0,1,차대사람 - 횡단중,안전운전불이행,건조,흐림,단일로 - 기타,승용,여,39세,상해없음,보행자,남,77세,부상신고
2017051200100223,2017년 5월 12일 11시,금요일,부산광역시 사하구 당리동,경상사고,0,0,1,0,차대차 - 기타,안전운전불이행,건조,맑음,단일로 - 기타,승용,여,56세,상해없음,승용,남,31세,경상
2017051200100224,2017년 5월 12일 11시,금요일,부산광역시 사상구 학장동,경상사고,0,0,1,0,차대차 - 측면충돌,직진우회전진행방해,건조,맑음,교차로 - 교차로안,승합,남,60세,상해없음,승용,여,58세,경상
2017051200100240,2017년 5월 12일 12시,금요일,부산광역시 해운대구 우동,경상사고,0,0,1,0,차대차 - 추돌,안전운전불이행,젖음/습기,비,교차로 - 교차로부근,이륜,남,22세,경상,승용,남,54세,상해없음
2017051200100241,2017년 5월 12일 12시,금요일,부산광역시 금정구 구서동,경상사고,0,0,1,0,차대차 - 추돌,안전거리미확보,젖음/습기,맑음,교차로 - 교차로부근,화물,남,54세,상해없음,승용,남,62세,경상
2017051200100242,2017년 5월 12일 12시,금요일,부산광역시 기장군 정관읍,중상사고,0,1,0,0,차대차 - 기타,안전운전불이행,젖음/습기,비,단일로 - 기타,승용,여,61세,상해없음,원동기,남,39세,중상
2017051200100302,2017년 5월 12일 14시,금요일,부산광역시 동구 범일동,중상사고,0,1,1,0,차대차 - 추돌,안전거리미확보,젖음/습기,비,단일로 - 기타,승용,여,31세,상해없음,승용,남,73세,중상
2017051200100368,2017년 5월 12일 16시,금요일,부산광역시 남구 우암동,경상사고,0,0,1,0,차대차 - 기타,안전운전불이행,젖음/습기,비,단일로 - 기타,승합,남,67세,상해없음,승용,여,53세,경상
2017051200100369,2017년 5월 12일 16시,금요일,부산광역시 연제구 연산동,경상사고,0,0,1,0,차대차 - 측면충돌,안전거리미확보,젖음/습기,비,교차로 - 교차로부근,승용,남,27세,상해없음,이륜,남,23세,경상
2017051200100396,2017년 5월 12일 17시,금요일,부산광역시 동구 범일동,중상사고,0,1,3,0,차대차 - 기타,신호위반,젖음/습기,비,교차로 - 교차로안,승용,남,51세,상해없음,승용,여,38세,중상
2017051200100397,2017년 5월 12일 17시,금요일,부산광역시 부산진구 범천동,중상사고,0,1,0,0,차대차 - 정면충돌,차로위반,젖음/습기,비,단일로 - 기타,이륜,남,64세,상해없음,승용,여,64세,중상
2017051200100448,2017년 5월 12일 18시,금요일,부산광역시 동래구 안락동,경상사고,0,0,3,0,차대차 - 측면충돌,안전거리미확보,건조,맑음,단일로 - 기타,승용,남,40세,경상,승용,여,51세,경상
2017051200100449,2017년 5월 12일 18시,금요일,부산광역시 강서구 신호동,중상사고,0,1,0,0,차대차 - 추돌,안전운전불이행,건조,맑음,단일로 - 기타,승용,남,36세,상해없음,승용,남,37세,중상
2017051200100484,2017년 5월 12일 19시,금요일,부산광역시 동래구 명륜동,경상사고,0,0,1,0,차대차 - 추돌,안전운전불이행,젖음/습기,흐림,단일로 - 기타,승용,남,64세,상해없음,승용,남,42세,경상
2017051200100513,2017년 5월 12일 20시,금요일,부산광역시 수영구 남천동,경상사고,0,0,2,0,차대차 - 기타,안전거리미확보,건조,맑음,교차로 - 교차로부근,승합,남,64세,상해없음,승용,남,45세,경상
2017051200100514,2017년 5월 12일 20시,금요일,부산광역시 북구 화명동,경상사고,0,0,1,0,차대차 - 추돌,안전운전불이행,건조,맑음,단일로 - 교량,기타불명,기타불명,미분류,기타불명,승용,남,40세,경상
2017051200100515,2017년 5월 12일 20시,금요일,부산광역시 해운대구 좌동,경상사고,0,0,2,0,차대차 - 추돌,안전거리미확보,젖음/습기,비,교차로 - 교차로부근,승용,남,65세,상해없음,승용,남,34세,경상
2017051200100516,2017년 5월 12일 20시,금요일,부산광역시 강서구 송정동,중상사고,0,1,0,0,차대사람 - 횡단중,보행자보호의무위반,건조,맑음,교차로 - 교차로부근,승용,여,48세,상해없음,보행자,남,31세,중상
2017051200100547,2017년 5월 12일 21시,금요일,부산광역시 남구 대연동,부상신고사고,0,0,0,1,차대사람 - 기타,안전운전불이행,건조,맑음,단일로 - 기타,승용,남,37세,기타불명,보행자,남,36세,부상신고
2017051200100577,2017년 5월 12일 22시,금요일,부산광역시 중구 부평동2가,경상사고,0,0,1,0,차대차 - 기타,안전운전불이행,젖음/습기,비,단일로 - 기타,승용,남,28세,상해없음,이륜,남,24세,경상
2017051200100578,2017년 5월 12일 22시,금요일,부산광역시 남구 대연동,경상사고,0,0,1,0,차량단독 - 기타,안전운전불이행,건조,맑음,단일로 - 기타,승용,남,69세,상해없음,,,,
2017051200100579,2017년 5월 12일 22시,금요일,부산광역시 수영구 광안동,경상사고,0,0,1,1,차대차 - 측면충돌,안전거리미확보,건조,맑음,교차로 - 교차로안,승용,남,52세,상해없음,승용,여,53세,경상
2017051200100580,2017년 5월 12일 22시,금요일,부산광역시 동래구 온천동,중상사고,0,1,0,0,차대사람 - 횡단중,안전운전불이행,건조,맑음,단일로 - 기타,승용,남,46세,상해없음,보행자,여,58세,중상
2017051200100581,2017년 5월 12일 22시,금요일,부산광역시 부산진구 부전동,중상사고,0,1,1,0,차대차 - 측면충돌,신호위반,건조,맑음,교차로 - 교차로안,승용,남,35세,경상,이륜,남,23세,중상
2017051200100582,2017년 5월 12일 22시,금요일,부산광역시 강서구 송정동,중상사고,0,1,0,0,차대차 - 측면충돌,신호위반,건조,맑음,교차로 - 교차로안,승용,여,31세,상해없음,승용,남,38세,중상
2017051200100605,2017년 5월 12일 23시,금요일,부산광역시 금정구 장전동,경상사고,0,0,1,0,차대차 - 측면충돌,안전운전불이행,건조,맑음,단일로 - 기타,승용,여,44세,상해없음,자전거,남,23세,경상
2017051300100024,2017년 5월 13일 00시,토요일,부산광역시 서구 암남동,경상사고,0,0,2,0,차대차 - 추돌,안전운전불이행,건조,맑음,단일로 - 교량,승용,남,26세,상해없음,승용,남,51세,경상
2017051300100025,2017년 5월 13일 00시,토요일,부산광역시 해운대구 우동,경상사고,0,0,1,0,차대차 - 측면충돌,중앙선침범,건조,맑음,단일로 - 기타,승용,남,53세,상해없음,승용,남,44세,경상
2017051300100026,2017년 5월 13일 00시,토요일,부산광역시 사하구 구평동,부상신고사고,0,0,0,1,차량단독 - 전도전복,안전운전불이행,기타,맑음,단일로 - 기타,이륜,남,34세,부상신고,미분류,미분류,미분류,미분류
2017051300100071,2017년 5월 13일 02시,토요일,부산광역시 연제구 거제동,중상사고,0,1,0,0,차대사람 - 횡단중,신호위반,건조,맑음,단일로 - 기타,승용,남,56세,상해없음,보행자,남,22세,중상
2017051300100072,2017년 5월 13일 02시,토요일,부산광역시 사상구 괘법동,중상사고,0,1,0,0,차대차 - 측면충돌,차로위반,건조,맑음,단일로 - 기타,화물,남,20세,상해없음,이륜,남,23세,중상
2017051300100103,2017년 5월 13일 04시,토요일,부산광역시 부산진구 전포동,중상사고,0,1,0,0,차대사람 - 횡단중,안전운전불이행,건조,맑음,단일로 - 기타,승용,남,77세,상해없음,보행자,남,58세,중상
2017051300100104,2017년 5월 13일 04시,토요일,부산광역시 사하구 구평동,사망사고,1,0,0,0,차대사람 - 기타,안전운전불이행,건조,맑음,단일로 - 기타,화물,남,43세,상해없음,보행자,남,33세,사망
2017051300100124,2017년 5월 13일 06시,토요일,부산광역시 사상구 덕포동,중상사고,0,1,0,0,차대차 - 측면충돌,교차로운행방법위반,건조,맑음,교차로 - 교차로안,승용,남,62세,상해없음,자전거,남,71세,중상
2017051300100139,2017년 5월 13일 07시,토요일,부산광역시 해운대구 중동,경상사고,0,0,2,0,차대사람 - 기타,안전운전불이행,건조,맑음,기타 - 기타,화물,남,24세,상해없음,보행자,남,39세,경상
2017051300100140,2017년 5월 13일 07시,토요일,부산광역시 부산진구 부암동,경상사고,0,0,1,0,차대차 - 측면충돌,안전운전불이행,건조,맑음,단일로 - 기타,화물,남,60세,상해없음,승용,남,40세,경상
2017051300100141,2017년 5월 13일 07시,토요일,부산광역시 부산진구 부전동,중상사고,0,1,0,0,차대차 - 측면충돌,안전거리미확보,건조,맑음,단일로 - 기타,승용,남,19세,상해없음,승용,남,62세,중상
2017051300100159,2017년 5월 13일 08시,토요일,부산광역시 해운대구 반여동,중상사고,0,1,0,0,차대차 - 측면충돌,안전운전불이행,건조,맑음,교차로 - 교차로횡단보도내,승용,여,42세,상해없음,자전거,여,58세,중상
2017051300100184,2017년 5월 13일 09시,토요일,부산광역시 해운대구 송정동,중상사고,0,1,0,0,차대차 - 기타,교차로운행방법위반,건조,맑음,교차로 - 교차로안,승용,여,50세,상해없음,자전거,남,23세,중상
2017051300100185,2017년 5월 13일 09시,토요일,부산광역시 강서구 봉림동,경상사고,0,0,2,0,차대차 - 정면충돌,안전운전불이행,건조,맑음,교차로 - 교차로부근,화물,남,74세,상해없음,승용,여,37세,경상
2017051300100222,2017년 5월 13일 10시,토요일,부산광역시 부산진구 범천동,중상사고,0,1,0,0,차대차 - 기타,차로위반,건조,맑음,단일로 - 기타,승용,남,62세,상해없음,승합,남,56세,상해없음
2017051300100250,2017년 5월 13일 11시,토요일,부산광역시 동구 초량동,중상사고,0,2,0,0,차대차 - 추돌,안전운전불이행,건조,맑음,단일로 - 기타,승용,남,37세,상해없음,승용,여,43세,상해없음
2017051300100251,2017년 5월 13일 11시,토요일,부산광역시 해운대구 좌동,경상사고,0,0,1,0,차대차 - 측면충돌,안전운전불이행,건조,맑음,교차로 - 교차로안,승용,남,70세,상해없음,승용,여,64세,경상
2017051300100281,2017년 5월 13일 12시,토요일,부산광역시 금정구 금사동,경상사고,0,0,1,0,차대차 - 기타,기타,건조,맑음,단일로 - 기타,이륜,여,52세,상해없음,승합,남,45세,상해없음
2017051300100313,2017년 5월 13일 13시,토요일,부산광역시 부산진구 부전동,중상사고,0,2,0,0,차대사람 - 횡단중,보행자보호의무위반,건조,맑음,단일로 - 기타,승용,여,36세,상해없음,보행자,여,23세,중상
2017051300100350,2017년 5월 13일 14시,토요일,부산광역시 동래구 사직동,경상사고,0,0,1,0,차대사람 - 기타,안전운전불이행,건조,맑음,단일로 - 기타,승용,남,32세,상해없음,보행자,남,69세,경상
2017051300100351,2017년 5월 13일 14시,토요일,부산광역시 연제구 연산동,중상사고,0,1,0,0,차대사람 - 횡단중,안전운전불이행,건조,맑음,단일로 - 기타,승합,남,60세,상해없음,보행자,여,60세,중상
2017051300100429,2017년 5월 13일 16시,토요일,부산광역시 남구 용당동,중상사고,0,1,0,0,차대차 - 측면충돌,안전거리미확보,건조,맑음,단일로 - 기타,이륜,남,70세,중상,특수,남,55세,상해없음
2017051300100430,2017년 5월 13일 16시,토요일,부산광역시 사하구 하단동,중상사고,0,1,0,0,차대사람 - 횡단중,안전운전불이행,건조,맑음,단일로 - 기타,자전거,남,14세,기타불명,보행자,여,72세,중상
2017051300100465,2017년 5월 13일 17시,토요일,부산광역시 부산진구 초읍동,경상사고,0,0,1,0,차대차 - 측면충돌,안전운전불이행,건조,맑음,단일로 - 기타,승용,여,58세,상해없음,승용,여,41세,경상
2017051300100466,2017년 5월 13일 17시,토요일,부산광역시 연제구 연산동,중상사고,0,1,0,0,차대사람 - 횡단중,보행자보호의무위반,건조,맑음,단일로 - 기타,승용,남,50세,상해없음,보행자,여,83세,중상
2017051300100498,2017년 5월 13일 18시,토요일,부산광역시 동구 범일동,경상사고,0,0,2,0,차대차 - 추돌,안전운전불이행,건조,맑음,단일로 - 기타,승용,여,41세,상해없음,승합,남,48세,상해없음
2017051300100499,2017년 5월 13일 18시,토요일,부산광역시 사하구 감천동,중상사고,0,1,0,0,차대차 - 기타,신호위반,건조,맑음,교차로 - 교차로안,이륜,남,75세,중상,승용,남,33세,상해없음
2017051300100535,2017년 5월 13일 19시,토요일,부산광역시 북구 화명동,중상사고,0,1,0,0,차대사람 - 횡단중,안전운전불이행,건조,맑음,교차로 - 교차로안,승용,남,41세,상해없음,보행자,남,43세,중상
2017051300100536,2017년 5월 13일 19시,토요일,부산광역시 부산진구 부암동,부상신고사고,0,0,0,1,차대차 - 기타,직진우회전진행방해,건조,맑음,교차로 - 교차로안,이륜,남,38세,부상신고,이륜,남,17세,상해없음
2017051300100575,2017년 5월 13일 21시,토요일,부산광역시 남구 감만동,경상사고,0,0,1,0,차대차 - 기타,안전운전불이행,건조,맑음,단일로 - 기타,승합,남,54세,상해없음,화물,기타불명,미분류,기타불명
2017051300100623,2017년 5월 13일 23시,토요일,부산광역시 부산진구 부전동,경상사고,0,0,1,0,차대사람 - 길가장자리구역통행중,안전운전불이행,건조,맑음,단일로 - 기타,승용,남,26세,상해없음,보행자,여,20세,경상
2017051400100015,2017년 5월 14일 00시,일요일,부산광역시 해운대구 중동,부상신고사고,0,0,0,1,차대사람 - 기타,안전운전불이행,건조,맑음,단일로 - 기타,승용,남,34세,상해없음,보행자,남,24세,부상신고
2017051400100016,2017년 5월 14일 00시,일요일,부산광역시 부산진구 개금동,중상사고,0,2,1,0,차대차 - 기타,안전운전불이행,건조,맑음,단일로 - 기타,승용,남,43세,상해없음,이륜,남,17세,중상
2017051400100017,2017년 5월 14일 00시,일요일,부산광역시 사상구 주례동,경상사고,0,0,1,0,차대차 - 측면충돌,안전거리미확보,건조,맑음,교차로 - 교차로부근,이륜,남,22세,상해없음,승용,남,61세,상해없음
2017051400100036,2017년 5월 14일 01시,일요일,부산광역시 사하구 하단동,중상사고,0,1,0,0,차대차 - 정면충돌,교차로운행방법위반,건조,맑음,교차로 - 교차로안,승용,남,56세,상해없음,승용,남,29세,중상
2017051400100046,2017년 5월 14일 02시,일요일,부산광역시 사상구 주례동,중상사고,0,1,0,0,차대차 - 측면충돌,신호위반,건조,맑음,교차로 - 교차로안,승용,남,66세,상해없음,이륜,남,31세,중상
2017051400100063,2017년 5월 14일 04시,일요일,부산광역시 중구 부평동4가,경상사고,0,0,1,1,차대차 - 측면충돌,안전운전불이행,건조,흐림,단일로 - 기타,승용,남,61세,상해없음,이륜,남,18세,부상신고
2017051400100064,2017년 5월 14일 04시,일요일,부산광역시 동구 범일동,중상사고,0,1,0,0,차대사람 - 횡단중,안전운전불이행,건조,흐림,교차로 - 교차로안,승용,남,51세,상해없음,보행자,남,53세,중상
2017051400100065,2017년 5월 14일 04시,일요일,부산광역시 부산진구 가야동,경상사고,0,0,2,0,차대차 - 정면충돌,보행자보호의무위반,건조,맑음,단일로 - 기타,승용,남,61세,상해없음,승용,남,32세,경상
2017051400100083,2017년 5월 14일 06시,일요일,부산광역시 동래구 안락동,중상사고,0,1,0,0,차대사람 - 횡단중,신호위반,건조,맑음,교차로 - 교차로안,화물,남,62세,상해없음,보행자,남,72세,중상
2017051400100084,2017년 5월 14일 06시,일요일,부산광역시 부산진구 부암동,중상사고,0,1,0,0,차량단독 - 기타,안전운전불이행,건조,맑음,단일로 - 기타,이륜,남,19세,상해없음,,,,
2017051400100122,2017년 5월 14일 09시,일요일,부산광역시 남구 대연동,중상사고,0,1,0,0,차대사람 - 횡단중,안전운전불이행,건조,맑음,교차로 - 교차로횡단보도내,건설기계,남,53세,상해없음,보행자,남,40세,중상
2017051400100123,2017년 5월 14일 09시,일요일,부산광역시 강서구 대저1동,경상사고,0,0,1,0,차대차 - 측면충돌,안전운전불이행,건조,맑음,단일로 - 기타,건설기계,남,59세,상해없음,승용,남,42세,경상
2017051400100146,2017년 5월 14일 10시,일요일,부산광역시 금정구 서동,경상사고,0,0,1,0,차대차 - 기타,기타,건조,맑음,단일로 - 기타,승용,남,64세,상해없음,자전거,남,55세,경상
2017051400100171,2017년 5월 14일 11시,일요일,부산광역시 금정구 장전동,경상사고,0,0,1,0,차대차 - 정면충돌,안전운전불이행,건조,맑음,단일로 - 터널,승용,남,69세,상해없음,승용,여,47세,경상
2017051400100172,2017년 5월 14일 11시,일요일,부산광역시 수영구 수영동,경상사고,0,0,1,0,차대사람 - 횡단중,안전운전불이행,건조,맑음,교차로 - 교차로안,승용,남,73세,상해없음,보행자,여,45세,경상
2017051400100223,2017년 5월 14일 13시,일요일,부산광역시 북구 만덕동,경상사고,0,0,1,0,차대차 - 측면충돌,안전운전불이행,건조,맑음,단일로 - 기타,건설기계,남,57세,상해없음,승용,남,40세,경상