사고번호,사고일시,요일,시군구,사고내용,사망자수,중상자수,경상자수,부상신고자수,사고유형,법규위반,노면상태,기상상태,도로형태,가해운전자 차종,가해운전자 성별,가해운전자 연령,가해운전자 상해정도,피해운전자 차종,피해운전자 성별,피해운전자 연령,피해운전자 상해정도
2017052500100573,2017년 5월 25일 21시,목요일,부산광역시 사상구 주례동,중상사고,0,1,0,0,차대차 - 측면충돌,신호위반,건조,맑음,교차로 - 교차로안,승용,여,53세,상해없음,이륜,남,33세,중상
2017052500100603,2017년 5월 25일 22시,목요일,부산광역시 서구 암남동,경상사고,0,0,1,0,차대사람 - 횡단중,보행자보호의무위반,건조,맑음,교차로 - 교차로횡단보도내,승용,남,52세,상해없음,보행자,남,41세,경상
2017052500100604,2017년 5월 25일 22시,목요일,부산광역시 금정구 구서동,경상사고,0,0,1,0,차대사람 - 보도통행중,기타,건조,맑음,단일로 - 기타,승용,남,42세,상해없음,보행자,여,40세,경상
2017052500100605,2017년 5월 25일 22시,목요일,부산광역시 강서구 신호동,경상사고,0,0,1,0,차대사람 - 기타,중앙선침범,건조,맑음,기타 - 기타,이륜,남,39세,상해없음,보행자,남,40세,경상
2017052500100629,2017년 5월 25일 23시,목요일,부산광역시 강서구 신호동,중상사고,0,1,0,0,차대차 - 측면충돌,중앙선침범,건조,맑음,단일로 - 기타,화물,남,61세,상해없음,승용,남,75세,중상
2017052600100021,2017년 5월 26일 00시,금요일,부산광역시 해운대구 중동,부상신고사고,0,0,0,1,차량단독 - 전도전복 - 전복,안전운전불이행,건조,맑음,단일로 - 기타,자전거,남,32세,부상신고,,,,
2017052600100022,2017년 5월 26일 00시,금요일,부산광역시 연제구 연산동,경상사고,0,0,3,0,차대차 - 측면충돌,안전거리미확보,건조,맑음,단일로 - 기타,승용,여,50세,상해없음,승용,남,60세,경상
2017052600100023,2017년 5월 26일 00시,금요일,부산광역시 사상구 학장동,경상사고,0,0,1,0,차대사람 - 횡단중,안전운전불이행,건조,맑음,단일로 - 기타,승용,남,44세,상해없음,보행자,남,52세,경상
2017052600100046,2017년 5월 26일 01시,금요일,부산광역시 수영구 광안동,경상사고,0,0,4,1,차대차 - 기타,안전운전불이행,건조,맑음,교차로 - 교차로부근,승용,남,28세,상해없음,승용,남,66세,경상
2017052600100057,2017년 5월 26일 02시,금요일,부산광역시 금정구 부곡동,경상사고,0,0,1,0,차대차 - 측면충돌,신호위반,건조,맑음,교차로 - 교차로안,승용,남,59세,상해없음,승용,남,40세,경상
2017052600100076,2017년 5월 26일 05시,금요일,부산광역시 사하구 하단동,중상사고,0,1,0,0,차대사람 - 횡단중,기타,건조,맑음,단일로 - 기타,승합,남,35세,상해없음,보행자,남,63세,중상
2017052600100111,2017년 5월 26일 07시,금요일,부산광역시 북구 구포동,경상사고,0,0,2,0,차대차 - 측면충돌,안전운전불이행,건조,맑음,교차로 - 교차로안,승합,남,43세,상해없음,승용,남,48세,경상
2017052600100112,2017년 5월 26일 07시,금요일,부산광역시 사하구 괴정동,부상신고사고,0,0,0,1,차대차 - 정면충돌,교차로운행방법위반,건조,맑음,교차로 - 교차로안,승합,남,50세,상해없음,건설기계,남,58세,상해없음
2017052600100203,2017년 5월 26일 09시,금요일,부산광역시 사상구 주례동,경상사고,0,0,1,0,차대차 - 추돌,안전운전불이행,건조,맑음,단일로 - 기타,승용,남,62세,상해없음,승용,남,52세,경상
2017052600100276,2017년 5월 26일 11시,금요일,부산광역시 서구 동대신동1가,경상사고,0,0,1,0,차대사람 - 길가장자리구역통행중,안전운전불이행,건조,맑음,단일로 - 기타,화물,남,53세,상해없음,보행자,여,76세,경상
2017052600100277,2017년 5월 26일 11시,금요일,부산광역시 북구 만덕동,중상사고,0,1,0,0,차대차 - 후진중충돌,안전운전불이행,건조,맑음,단일로 - 기타,승용,여,55세,상해없음,승용,남,55세,중상
2017052600100278,2017년 5월 26일 11시,금요일,부산광역시 금정구 장전동,경상사고,0,0,1,0,차대차 - 정면충돌,안전운전불이행,건조,맑음,교차로 - 교차로부근,원동기,남,70세,상해없음,원동기,남,24세,경상
2017052600100312,2017년 5월 26일 12시,금요일,부산광역시 부산진구 부전동,부상신고사고,0,0,0,1,차대차 - 측면충돌,안전운전불이행,건조,맑음,단일로 - 기타,원동기,남,27세,부상신고,승용,남,61세,상해없음
2017052600100313,2017년 5월 26일 12시,금요일,부산광역시 기장군 장안읍,경상사고,0,0,1,0,차대차 - 기타,안전운전불이행,건조,맑음,교차로 - 교차로안,승용,남,50세,상해없음,승합,남,37세,경상
2017052600100343,2017년 5월 26일 13시,금요일,부산광역시 부산진구 전포동,중상사고,0,1,3,0,차대차 - 추돌,안전운전불이행,건조,맑음,교차로 - 교차로안,승용,남,48세,상해없음,승용,여,43세,경상
2017052600100367,2017년 5월 26일 14시,금요일,부산광역시 해운대구 우동,경상사고,0,0,1,0,차대사람 - 보도통행중,보행자보호의무위반,건조,맑음,단일로 - 기타,이륜,남,69세,상해없음,보행자,여,54세,경상
2017052600100398,2017년 5월 26일 15시,금요일,부산광역시 수영구 남천동,사망사고,1,0,0,0,차량단독 - 기타,안전운전불이행,건조,맑음,단일로 - 기타,승합,남,59세,상해없음,,,,
2017052600100399,2017년 5월 26일 15시,금요일,부산광역시 부산진구 부전동,경상사고,0,0,1,0,차대사람 - 기타,안전운전불이행,건조,맑음,단일로 - 기타,화물,남,57세,상해없음,보행자,남,79세,경상
2017052600100480,2017년 5월 26일 17시,금요일,부산광역시 중구 보수동1가,경상사고,0,0,1,0,차대차 - 기타,교차로운행방법위반,건조,맑음,교차로 - 교차로안,화물,남,32세,상해없음,이륜,남,20세,경상
2017052600100481,2017년 5월 26일 17시,금요일,부산광역시 북구 만덕동,경상사고,0,0,1,0,차대차 - 정면충돌,교차로운행방법위반,건조,맑음,교차로 - 교차로안,승용,남,61세,상해없음,승용,남,45세,경상
2017052600100482,2017년 5월 26일 17시,금요일,부산광역시 영도구 봉래동1가,경상사고,0,0,1,0,차대차 - 측면충돌,안전거리미확보,건조,맑음,교차로 - 교차로안,승용,여,27세,상해없음,승용,남,29세,경상
2017052600100483,2017년 5월 26일 17시,금요일,부산광역시 부산진구 가야동,중상사고,0,1,0,0,차대사람 - 기타,불법유턴,건조,맑음,단일로 - 기타,화물,남,57세,상해없음,보행자,여,58세,중상
2017052600100520,2017년 5월 26일 18시,금요일,부산광역시 남구 감만동,경상사고,0,0,1,0,차대차 - 기타,안전거리미확보,건조,맑음,단일로 - 기타,승용,남,19세,상해없음,승용,남,46세,경상
2017052600100521,2017년 5월 26일 18시,금요일,부산광역시 동래구 사직동,중상사고,0,1,0,0,차대사람 - 횡단중,기타,건조,맑음,단일로 - 기타,승용,남,39세,상해없음,보행자,여,82세,중상
2017052600100579,2017년 5월 26일 19시,금요일,부산광역시 부산진구 양정동,부상신고사고,0,0,0,1,차대차 - 기타,안전운전불이행,건조,맑음,교차로 - 교차로안,승용,남,54세,상해없음,자전거,남,66세,부상신고
2017052600100580,2017년 5월 26일 19시,금요일,부산광역시 강서구 대저1동,경상사고,0,0,1,0,차대차 - 측면충돌,안전거리미확보,건조,맑음,단일로 - 교량,승용,남,72세,상해없음,승용,남,62세,경상
2017052600100615,2017년 5월 26일 20시,금요일,부산광역시 부산진구 부전동,중상사고,0,1,0,0,차대차 - 정면충돌,교차로운행방법위반,건조,맑음,교차로 - 교차로안,승용,여,27세,상해없음,이륜,남,42세,중상
2017052600100660,2017년 5월 26일 21시,금요일,부산광역시 북구 덕천동,부상신고사고,0,0,0,1,차대차 - 기타,안전거리미확보,건조,맑음,단일로 - 기타,승용,여,48세,상해없음,승용,남,24세,부상신고
2017052600100661,2017년 5월 26일 21시,금요일,부산광역시 금정구 장전동,경상사고,0,0,1,0,차대차 - 기타,안전운전불이행,건조,맑음,교차로 - 교차로부근,원동기,남,36세,경상,승용,남,51세,상해없음
2017052600100662,2017년 5월 26일 21시,금요일,부산광역시 사하구 다대동,경상사고,0,0,1,0,차대차 - 측면충돌,안전운전불이행,건조,맑음,단일로 - 기타,승용,남,57세,상해없음,원동기,남,30세,경상
2017052600100688,2017년 5월 26일 22시,금요일,부산광역시 동래구 온천동,중상사고,0,1,3,0,차대차 - 추돌,안전거리미확보,건조,맑음,단일로 - 기타,승용,남,25세,상해없음,승용,여,53세,경상
2017052600100689,2017년 5월 26일 22시,금요일,부산광역시 사상구 덕포동,경상사고,0,0,1,0,차대사람 - 차도통행중,안전운전불이행,건조,맑음,단일로 - 기타,승용,남,46세,상해없음,보행자,여,49세,경상
2017052600100725,2017년 5월 26일 23시,금요일,부산광역시 연제구 연산동,경상사고,0,0,1,0,차대차 - 측면충돌,안전운전불이행,건조,맑음,단일로 - 기타,이륜,남,39세,경상,승용,남,58세,상해없음
2017052700100029,2017년 5월 27일 00시,토요일,부산광역시 북구 화명동,경상사고,0,0,1,0,차대차 - 측면충돌,중앙선침범,건조,맑음,단일로 - 기타,승용,여,48세,상해없음,승용,남,55세,경상
2017052700100030,2017년 5월 27일 00시,토요일,부산광역시 해운대구 우동,경상사고,0,0,1,0,차대차 - 측면충돌,안전운전불이행,건조,맑음,교차로 - 교차로안,승용,남,67세,상해없음,자전거,남,17세,경상
2017052700100031,2017년 5월 27일 00시,토요일,부산광역시 기장군 기장읍,경상사고,0,0,1,0,차대차 - 측면충돌,안전운전불이행,건조,맑음,교차로 - 교차로부근,승용,여,44세,상해없음,승용,남,60세,경상
2017052700100118,2017년 5월 27일 06시,토요일,부산광역시 부산진구 개금동,중상사고,0,2,0,0,차대사람 - 횡단중,기타,건조,맑음,교차로 - 교차로부근,이륜,남,22세,중상,보행자,남,46세,중상
2017052700100133,2017년 5월 27일 07시,토요일,부산광역시 수영구 민락동,중상사고,0,1,0,0,차대사람 - 횡단중,안전거리미확보,건조,맑음,교차로 - 교차로안,승용,여,51세,상해없음,보행자,여,69세,중상
2017052700100134,2017년 5월 27일 07시,토요일,부산광역시 사하구 하단동,중상사고,0,2,0,0,차대차 - 기타,안전운전불이행,건조,맑음,교차로 - 교차로안,승용,남,44세,상해없음,승용,남,45세,중상
2017052700100179,2017년 5월 27일 09시,토요일,부산광역시 북구 덕천동,경상사고,0,0,2,0,차대차 - 측면충돌,안전운전불이행,건조,맑음,기타 - 기타,승용,여,47세,경상,승용,남,31세,경상
2017052700100214,2017년 5월 27일 10시,토요일,부산광역시 사하구 다대동,경상사고,0,0,1,0,차대사람 - 횡단중,보행자보호의무위반,건조,맑음,단일로 - 기타,화물,여,53세,상해없음,보행자,여,69세,경상
2017052700100251,2017년 5월 27일 11시,토요일,부산광역시 부산진구 양정동,중상사고,0,1,0,0,차대차 - 정면충돌,안전거리미확보,건조,맑음,단일로 - 기타,이륜,남,35세,중상,승용,남,57세,상해없음
2017052700100252,2017년 5월 27일 11시,토요일,부산광역시 연제구 연산동,중상사고,0,1,0,0,차대차 - 정면충돌,안전거리미확보,건조,맑음,단일로 - 기타,자전거,남,73세,중상,승용,남,62세,상해없음
2017052700100285,2017년 5월 27일 12시,토요일,부산광역시 동래구 온천동,중상사고,0,1,0,0,차대사람 - 횡단중,안전운전불이행,건조,맑음,단일로 - 기타,건설기계,남,45세,상해없음,보행자,여,61세,중상
2017052700100286,2017년 5월 27일 12시,토요일,부산광역시 수영구 망미동,중상사고,0,2,0,0,차대차 - 정면충돌,신호위반,건조,맑음,교차로 - 교차로안,승용,여,50세,상해없음,화물,남,60세,상해없음
2017052700100326,2017년 5월 27일 13시,토요일,부산광역시 부산진구 범천동,중상사고,0,1,0,0,차대사람 - 횡단중,안전운전불이행,건조,맑음,교차로 - 교차로부근,승용,남,59세,상해없음,보행자,남,73세,중상
2017052700100327,2017년 5월 27일 13시,토요일,부산광역시 부산진구 가야동,경상사고,0,0,1,0,차대차 - 기타,안전거리미확보,건조,맑음,단일로 - 기타,승용,여,32세,상해없음,승용,여,55세,상해없음
2017052700100362,2017년 5월 27일 14시,토요일,부산광역시 남구 문현동,부상신고사고,0,0,0,1,차대차 - 측면충돌,안전운전불이행,건조,맑음,교차로 - 교차로안,이륜,남,29세,부상신고,승용,여,57세,상해없음
2017052700100363,2017년 5월 27일 14시,토요일,부산광역시 수영구 광안동,중상사고,0,1,0,0,차대차 - 측면충돌,교차로운행방법위반,건조,맑음,교차로 - 교차로안,이륜,남,23세,상해없음,이륜,남,51세,중상
2017052700100405,2017년 5월 27일 15시,토요일,부산광역시 해운대구 송정동,부상신고사고,0,0,0,1,차대사람 - 횡단중,안전운전불이행,건조,맑음,단일로 - 기타,승합,남,59세,상해없음,보행자,남,36세,부상신고
2017052700100406,2017년 5월 27일 15시,토요일,부산광역시 해운대구 재송동,경상사고,0,0,1,0,차대사람 - 횡단중,보행자보호의무위반,건조,맑음,단일로 - 기타,이륜,남,26세,상해없음,보행자,남,3세,경상
2017052700100449,2017년 5월 27일 16시,토요일,부산광역시 수영구 남천동,경상사고,0,0,2,0,차대차 - 추돌,안전운전불이행,건조,맑음,단일로 - 기타,승용,남,39세,상해없음,승용,남,61세,상해없음
2017052700100450,2017년 5월 27일 16시,토요일,부산광역시 해운대구 좌동,경상사고,0,0,3,0,차대차 - 정면충돌,안전운전불이행,건조,맑음,단일로 - 기타,승용,남,45세,상해없음,승용,여,32세,경상
2017052700100451,2017년 5월 27일 16시,토요일,부산광역시 해운대구 우동,경상사고,0,0,1,0,차대차 - 측면충돌,안전운전불이행,건조,맑음,교차로 - 교차로부근,화물,남,46세,상해없음,승용,남,52세,경상
2017052700100452,2017년 5월 27일 16시,토요일,부산광역시 해운대구 중동,경상사고,0,0,1,0,차대차 - 기타,기타,기타,맑음,단일로 - 기타,화물,남,32세,상해없음,승용,여,41세,경상
2017052700100494,2017년 5월 27일 17시,토요일,부산광역시 남구 대연동,경상사고,0,0,1,0,차대차 - 기타,안전운전불이행,건조,맑음,단일로 - 기타,자전거,남,54세,경상,승용,남,35세,상해없음
2017052700100495,2017년 5월 27일 17시,토요일,부산광역시 남구 대연동,경상사고,0,0,2,0,차대차 - 기타,안전운전불이행,건조,맑음,단일로 - 기타,화물,남,64세,상해없음,승용,남,46세,경상
2017052700100496,2017년 5월 27일 17시,토요일,부산광역시 동래구 사직동,부상신고사고,0,0,0,1,차대차 - 측면충돌,안전운전불이행,건조,맑음,기타 - 기타,자전거,남,13세,부상신고,승용,여,41세,상해없음
2017052700100497,2017년 5월 27일 17시,토요일,부산광역시 해운대구 송정동,경상사고,0,0,1,0,차대차 - 추돌,안전운전불이행,건조,맑음,교차로 - 교차로부근,승용,남,46세,상해없음,승용,남,33세,경상
2017052700100543,2017년 5월 27일 18시,토요일,부산광역시 부산진구 양정동,경상사고,0,0,1,0,차대차 - 측면충돌,기타,건조,맑음,단일로 - 기타,승용,남,71세,상해없음,자전거,남,40세,경상
2017052700100581,2017년 5월 27일 19시,토요일,부산광역시 사상구 감전동,경상사고,0,0,1,0,차대사람 - 횡단중,안전운전불이행,건조,맑음,단일로 - 기타,이륜,남,17세,상해없음,보행자,여,15세,경상
2017052700100582,2017년 5월 27일 19시,토요일,부산광역시 기장군 기장읍,경상사고,0,0,2,0,차대차 - 측면충돌,안전운전불이행,건조,맑음,단일로 - 기타,승용,남,15세,상해없음,승용,남,29세,경상
2017052700100610,2017년 5월 27일 20시,토요일,부산광역시 남구 용호동,경상사고,0,0,1,0,차량단독 - 기타,기타,건조,맑음,단일로 - 기타,승용,남,61세,상해없음,,,,
2017052700100611,2017년 5월 27일 20시,토요일,부산광역시 동래구 낙민동,중상사고,0,1,0,0,차대사람 - 횡단중,안전운전불이행,건조,맑음,단일로 - 기타,화물,남,56세,상해없음,보행자,남,51세,중상
2017052700100612,2017년 5월 27일 20시,토요일,부산광역시 해운대구 반여동,부상신고사고,0,0,0,1,차대차 - 정면충돌,안전운전불이행,건조,맑음,단일로 - 기타,원동기,남,18세,부상신고,승용,남,43세,상해없음
2017052700100613,2017년 5월 27일 20시,토요일,부산광역시 금정구 남산동,중상사고,0,1,0,0,차대사람 - 횡단중,안전운전불이행,건조,맑음,단일로 - 기타,승용,남,53세,상해없음,보행자,남,2세,중상
2017052700100631,2017년 5월 27일 21시,토요일,부산광역시 영도구 청학동,중상사고,0,1,0,0,차대사람 - 횡단중,보행자보호의무위반,건조,맑음,단일로 - 기타,승용,남,58세,상해없음,보행자,남,3세,중상
2017052700100632,2017년 5월 27일 21시,토요일,부산광역시 부산진구 개금동,경상사고,0,0,3,0,차대차 - 측면충돌,안전운전불이행,건조,맑음,단일로 - 기타,승용,남,63세,상해없음,승용,남,26세,경상
2017052700100633,2017년 5월 27일 21시,토요일,부산광역시 연제구 연산동,경상사고,0,0,1,0,차대차 - 측면충돌,안전거리미확보,건조,맑음,교차로 - 교차로부근,승용,여,49세,상해없음,승용,남,36세,경상
2017052700100656,2017년 5월 27일 22시,토요일,부산광역시 연제구 연산동,경상사고,0,0,2,0,차대차 - 측면충돌,안전운전불이행,건조,맑음,교차로 - 교차로부근,승용,여,51세,상해없음,이륜,남,26세,경상
2017052700100682,2017년 5월 27일 23시,토요일,부산광역시 중구 보수동2가,경상사고,0,0,1,0,차대사람 - 횡단중,신호위반,건조,맑음,단일로 - 지하차도(도로)내,이륜,남,19세,상해없음,보행자,남,50세,경상
2017052700100683,2017년 5월 27일 23시,토요일,부산광역시 해운대구 송정동,경상사고,0,0,1,0,차대차 - 측면충돌,안전거리미확보,건조,맑음,단일로 - 기타,승용,남,55세,상해없음,승용,남,53세,경상
2017052800100040,2017년 5월 28일 01시,일요일,부산광역시 서구 동대신동3가,중상사고,0,2,0,1,차대차 - 측면충돌,신호위반,건조,맑음,교차로 - 교차로안,승용,남,59세,상해없음,승용,남,55세,부상신고
2017052800100052,2017년 5월 28일 02시,일요일,부산광역시 연제구 거제동,경상사고,0,0,1,1,차대차 - 정면충돌,신호위반,건조,맑음,교차로 - 교차로안,승용,남,39세,상해없음,승용,남,60세,경상
2017052800100071,2017년 5월 28일 04시,일요일,부산광역시 부산진구 전포동,경상사고,0,0,1,0,차대차 - 기타,신호위반,건조,맑음,교차로 - 교차로안,이륜,기타불명,미분류,기타불명,이륜,남,46세,경상
2017052800100072,2017년 5월 28일 04시,일요일,부산광역시 수영구 망미동,중상사고,0,1,0,0,차대차 - 측면충돌,신호위반,건조,맑음,교차로 - 교차로안,승용,남,24세,상해없음,승용,여,67세,중상
2017052800100085,2017년 5월 28일 05시,일요일,부산광역시 금정구 구서동,중상사고,0,1,0,0,차대차 - 측면충돌,중앙선침범,건조,맑음,단일로 - 기타,승용,남,37세,상해없음,승용,여,63세,중상
2017052800100094,2017년 5월 28일 06시,일요일,부산광역시 수영구 민락동,경상사고,0,0,2,0,차대차 - 측면충돌,안전운전불이행,건조,맑음,교차로 - 교차로안,승용,남,24세,상해없음,이륜,남,67세,경상
2017052800100130,2017년 5월 28일 09시,일요일,부산광역시 북구 덕천동,경상사고,0,0,1,0,차대차 - 기타,안전운전불이행,건조,맑음,교차로 - 교차로안,건설기계,남,47세,상해없음,승용,남,59세,경상
2017052800100131,2017년 5월 28일 09시,일요일,부산광역시 사상구 모라동,중상사고,0,1,0,0,차대사람 - 횡단중,보행자보호의무위반,건조,맑음,교차로 - 교차로부근,승용,남,40세,상해없음,보행자,남,69세,중상
2017052800100148,2017년 5월 28일 10시,일요일,부산광역시 동구 초량동,중상사고,0,1,0,0,차대사람 - 기타,안전운전불이행,건조,맑음,단일로 - 기타,승용,남,70세,상해없음,보행자,남,54세,중상
2017052800100149,2017년 5월 28일 10시,일요일,부산광역시 남구 우암동,중상사고,0,1,0,0,차대사람 - 기타,안전운전불이행,건조,맑음,교차로 - 교차로안,승용,여,54세,상해없음,보행자,남,21세,중상
2017052800100150,2017년 5월 28일 10시,일요일,부산광역시 북구 만덕동,중상사고,0,1,0,0,차대사람 - 횡단중,안전운전불이행,건조,맑음,단일로 - 기타,화물,남,65세,상해없음,보행자,여,67세,중상
2017052800100151,2017년 5월 28일 10시,일요일,부산광역시 사하구 다대동,경상사고,0,0,1,0,차대사람 - 길가장자리구역통행중,안전운전불이행,건조,맑음,단일로 - 기타,화물,남,61세,상해없음,보행자,여,81세,경상
2017052800100169,2017년 5월 28일 11시,일요일,부산광역시 금정구 구서동,중상사고,0,1,0,0,차대차 - 기타,안전운전불이행,건조,맑음,교차로 - 교차로안,승용,남,40세,상해없음,자전거,여,75세,중상
2017052800100202,2017년 5월 28일 12시,일요일,부산광역시 사상구 모라동,경상사고,0,0,1,0,차대차 - 측면충돌,안전운전불이행,건조,맑음,단일로 - 기타,이륜,남,69세,경상,승용,여,32세,상해없음
2017052800100203,2017년 5월 28일 12시,일요일,부산광역시 사상구 학장동,경상사고,0,0,2,4,차대차 - 측면충돌,신호위반,건조,맑음,교차로 - 교차로안,승용,남,26세,경상,승용,남,41세,경상
2017052800100253,2017년 5월 28일 14시,일요일,부산광역시 부산진구 당감동,경상사고,0,0,1,1,차대차 - 기타,기타,건조,맑음,단일로 - 기타,승합,남,72세,기타불명,승용,남,46세,기타불명
2017052800100292,2017년 5월 28일 15시,일요일,부산광역시 수영구 망미동,경상사고,0,0,1,0,차대차 - 측면충돌,신호위반,건조,맑음,교차로 - 교차로안,승용,여,48세,상해없음,승용,남,33세,경상
2017052800100316,2017년 5월 28일 16시,일요일,부산광역시 수영구 광안동,경상사고,0,0,1,0,차대사람 - 차도통행중,안전운전불이행,건조,맑음,교차로 - 교차로안,승용,남,52세,상해없음,보행자,남,67세,경상
2017052800100317,2017년 5월 28일 16시,일요일,부산광역시 사하구 신평동,중상사고,0,3,0,0,차대차 - 기타,신호위반,건조,맑음,교차로 - 교차로안,승용,남,21세,상해없음,승용,남,40세,중상
2017052800100350,2017년 5월 28일 17시,일요일,부산광역시 수영구 망미동,경상사고,0,0,1,0,차대차 - 측면충돌,교차로운행방법위반,건조,맑음,교차로 - 교차로안,승용,여,52세,상해없음,이륜,남,24세,경상
2017052800100384,2017년 5월 28일 18시,일요일,부산광역시 동구 초량동,중상사고,0,1,0,0,차대사람 - 기타,안전운전불이행,건조,맑음,기타 - 기타,승용,남,66세,상해없음,보행자,여,77세,중상
2017052800100385,2017년 5월 28일 18시,일요일,부산광역시 해운대구 재송동,중상사고,0,1,0,0,차대사람 - 기타,안전운전불이행,건조,맑음,단일로 - 기타,자전거,남,45세,상해없음,보행자,남,43세,중상
2017052800100386,2017년 5월 28일 18시,일요일,부산광역시 기장군 정관읍,경상사고,0,0,1,0,차대차 - 측면충돌,중앙선침범,건조,맑음,단일로 - 기타,승용,여,45세,상해없음,이륜,남,44세,경상
2017052800100416,2017년 5월 28일 19시,일요일,부산광역시 수영구 광안동,경상사고,0,0,1,0,차대차 - 측면충돌,안전운전불이행,건조,맑음,교차로 - 교차로안,자전거,남,39세,경상,승용,여,61세,상해없음
2017052800100417,2017년 5월 28일 19시,일요일,부산광역시 강서구 대저2동,경상사고,0,0,1,0,차대차 - 추돌,신호위반,건조,맑음,교차로 - 교차로안,승용,여,54세,상해없음,승용,남,42세,경상
2017052800100443,2017년 5월 28일 20시,일요일,부산광역시 부산진구 당감동,경상사고,0,0,1,0,차대사람 - 횡단중,보행자보호의무위반,건조,맑음,교차로 - 교차로횡단보도내,승용,남,59세,상해없음,보행자,남,63세,경상
2017052800100444,2017년 5월 28일 20시,일요일,부산광역시 연제구 연산동,중상사고,0,1,0,0,차대사람 - 횡단중,보행자보호의무위반,건조,맑음,교차로 - 교차로횡단보도내,원동기,남,17세,상해없음,보행자,여,56세,중상
2017052800100472,2017년 5월 28일 21시,일요일,부산광역시 부산진구 개금동,경상사고,0,0,2,0,차대사람 - 횡단중,신호위반,건조,맑음,교차로 - 교차로횡단보도내,승용,남,64세,상해없음,보행자,여,39세,경상
2017052800100519,2017년 5월 28일 23시,일요일,부산광역시 부산진구 가야동,중상사고,0,1,0,0,차대차 - 측면충돌,안전운전불이행,건조,맑음,단일로 - 기타,개인형이동수단(PM),여,30세,중상,승용,남,56세,상해없음
2017052900100039,2017년 5월 29일 01시,월요일,부산광역시 부산진구 초읍동,중상사고,0,1,0,0,차대사람 - 기타,안전운전불이행,건조,맑음,교차로 - 교차로안,승용,남,53세,상해없음,보행자,남,69세,중상
2017052900100046,2017년 5월 29일 02시,월요일,부산광역시 남구 문현동,중상사고,0,1,0,0,차량단독 - 공작물충돌,안전운전불이행,건조,맑음,단일로 - 기타,승용,남,32세,중상,,,,
2017052900100061,2017년 5월 29일 05시,월요일,부산광역시 북구 금곡동,경상사고,0,0,1,0,차대차 - 기타,안전운전불이행,건조,맑음,단일로 - 기타,승용,남,25세,상해없음,승용,남,45세,상해없음
2017052900100089,2017년 5월 29일 07시,월요일,부산광역시 해운대구 우동,경상사고,0,0,2,0,차대차 - 기타,안전거리미확보,건조,맑음,단일로 - 기타,승용,여,31세,상해없음,승합,남,49세,상해없음
2017052900100090,2017년 5월 29일 07시,월요일,부산광역시 강서구 대저2동,경상사고,0,0,1,0,차대차 - 정면충돌,중앙선침범,건조,맑음,단일로 - 기타,승합,남,60세,상해없음,승합,남,51세,경상
2017052900100116,2017년 5월 29일 08시,월요일,부산광역시 남구 대연동,중상사고,0,1,0,0,차대사람 - 기타,신호위반,건조,맑음,교차로 - 교차로횡단보도내,승용,여,47세,상해없음,보행자,여,65세,중상
2017052900100117,2017년 5월 29일 08시,월요일,부산광역시 수영구 민락동,경상사고,0,0,1,0,차대사람 - 기타,안전운전불이행,건조,맑음,단일로 - 기타,승용,남,25세,상해없음,보행자,남,25세,경상
2017052900100118,2017년 5월 29일 08시,월요일,부산광역시 북구 덕천동,경상사고,0,0,1,0,차대차 - 추돌,차로위반,건조,맑음,단일로 - 기타,승용,여,54세,상해없음,승용,남,63세,경상
2017052900100119,2017년 5월 29일 08시,월요일,부산광역시 사하구 다대동,경상사고,0,0,1,0,차대차 - 기타,안전운전불이행,건조,맑음,교차로 - 교차로안,화물,남,44세,상해없음,승용,남,34세,경상
2017052900100194,2017년 5월 29일 10시,월요일,부산광역시 부산진구 개금동,경상사고,0,0,1,0,차대사람 - 기타,안전운전불이행,건조,맑음,단일로 - 기타,승용,여,51세,상해없음,보행자,여,23세,경상
2017052900100195,2017년 5월 29일 10시,월요일,부산광역시 사상구 주례동,경상사고,0,0,2,0,차대차 - 측면충돌,안전운전불이행,건조,맑음,단일로 - 기타,승용,여,34세,상해없음,승용,여,41세,경상
2017052900100227,2017년 5월 29일 11시,월요일,부산광역시 남구 문현동,경상사고,0,0,1,0,차대차 - 측면충돌,차로위반,건조,맑음,교차로 - 교차로부근,화물,남,39세,상해없음,이륜,남,65세,경상
2017052900100228,2017년 5월 29일 11시,월요일,부산광역시 북구 구포동,경상사고,0,0,3,0,차대차 - 측면충돌,교차로운행방법위반,건조,맑음,교차로 - 교차로안,승용,남,60세,경상,화물,남,55세,경상
2017052900100229,2017년 5월 29일 11시,월요일,부산광역시 금정구 남산동,중상사고,0,1,0,0,차대사람 - 횡단중,보행자보호의무위반,건조,맑음,단일로 - 기타,화물,남,38세,상해없음,보행자,여,76세,중상
2017052900100259,2017년 5월 29일 12시,월요일,부산광역시 중구 영주동,경상사고,0,0,1,0,차대차 - 기타,안전운전불이행,건조,맑음,단일로 - 기타,건설기계,남,54세,상해없음,승용,남,64세,경상
2017052900100260,2017년 5월 29일 12시,월요일,부산광역시 기장군 일광면,사망사고,1,0,0,0,차대사람 - 기타,안전운전불이행,건조,맑음,단일로 - 기타,화물,남,56세,상해없음,보행자,여,77세,사망
2017052900100289,2017년 5월 29일 13시,월요일,부산광역시 동래구 복천동,경상사고,0,0,1,0,차대사람 - 횡단중,보행자보호의무위반,건조,맑음,단일로 - 기타,승용,여,59세,상해없음,보행자,남,32세,경상