사고번호,사고일시,요일,시군구,사고내용,사망자수,중상자수,경상자수,부상신고자수,사고유형,법규위반,노면상태,기상상태,도로형태,가해운전자 차종,가해운전자 성별,가해운전자 연령,가해운전자 상해정도,피해운전자 차종,피해운전자 성별,피해운전자 연령,피해운전자 상해정도
2017061000100130,2017년 6월 10일 08시,토요일,부산광역시 금정구 구서동,경상사고,0,0,1,0,차대차 - 기타,안전운전불이행,건조,맑음,단일로 - 기타,기타불명,기타불명,미분류,기타불명,자전거,남,13세,경상
2017061000100161,2017년 6월 10일 09시,토요일,부산광역시 금정구 구서동,중상사고,0,1,0,0,차량단독 - 공작물충돌,안전운전불이행,건조,맑음,단일로 - 기타,자전거,남,13세,중상,,,,
2017061000100186,2017년 6월 10일 10시,토요일,부산광역시 북구 금곡동,경상사고,0,0,1,0,차대차 - 측면충돌,신호위반,건조,맑음,교차로 - 교차로안,이륜,여,67세,경상,승용,남,35세,상해없음
2017061000100187,2017년 6월 10일 10시,토요일,부산광역시 동래구 낙민동,중상사고,0,1,0,0,차대차 - 측면충돌,안전운전불이행,건조,맑음,교차로 - 교차로부근,승용,남,55세,상해없음,원동기,남,36세,중상
2017061000100188,2017년 6월 10일 10시,토요일,부산광역시 해운대구 우동,경상사고,0,0,1,0,차대차 - 추돌,안전운전불이행,기타,맑음,단일로 - 기타,승용,여,49세,상해없음,화물,남,25세,경상
2017061000100223,2017년 6월 10일 11시,토요일,부산광역시 수영구 광안동,중상사고,0,1,0,0,차대사람 - 보도통행중,기타,건조,맑음,단일로 - 기타,화물,남,59세,상해없음,보행자,여,51세,중상
2017061000100263,2017년 6월 10일 12시,토요일,부산광역시 중구 보수동2가,경상사고,0,0,1,0,차대차 - 정면충돌,차로위반,건조,맑음,단일로 - 기타,화물,남,64세,상해없음,이륜,남,29세,경상
2017061000100264,2017년 6월 10일 12시,토요일,부산광역시 북구 금곡동,경상사고,0,0,1,0,차대차 - 측면충돌,안전운전불이행,건조,맑음,단일로 - 기타,승용,남,55세,상해없음,승용,여,41세,경상
2017061000100265,2017년 6월 10일 12시,토요일,부산광역시 금정구 구서동,중상사고,0,1,0,0,차대사람 - 기타,기타,건조,맑음,단일로 - 기타,승용,남,57세,상해없음,보행자,남,11세,중상
2017061000100301,2017년 6월 10일 13시,토요일,부산광역시 해운대구 반여동,중상사고,0,1,0,0,차량단독 - 기타,안전운전불이행,건조,맑음,단일로 - 기타,승합,남,57세,상해없음,,,,
2017061000100302,2017년 6월 10일 13시,토요일,부산광역시 사하구 신평동,경상사고,0,0,6,1,차대차 - 추돌,안전운전불이행,건조,맑음,교차로 - 교차로부근,승용,남,47세,상해없음,승용,여,29세,경상
2017061000100343,2017년 6월 10일 14시,토요일,부산광역시 해운대구 우동,경상사고,0,0,4,0,차대차 - 측면충돌,신호위반,건조,맑음,교차로 - 교차로안,화물,남,36세,상해없음,승용,남,62세,상해없음
2017061000100382,2017년 6월 10일 15시,토요일,부산광역시 동구 초량동,경상사고,0,0,1,0,차대사람 - 횡단중,안전운전불이행,건조,맑음,단일로 - 기타,화물,남,24세,상해없음,보행자,남,60세,경상
2017061000100383,2017년 6월 10일 15시,토요일,부산광역시 동래구 사직동,경상사고,0,0,1,0,차대차 - 기타,신호위반,건조,맑음,교차로 - 교차로안,자전거,남,15세,경상,승용,남,67세,상해없음
2017061000100384,2017년 6월 10일 15시,토요일,부산광역시 기장군 기장읍,중상사고,0,1,1,0,차대사람 - 횡단중,안전운전불이행,건조,맑음,교차로 - 교차로안,승용,남,58세,상해없음,보행자,여,52세,중상
2017061000100409,2017년 6월 10일 16시,토요일,부산광역시 남구 대연동,경상사고,0,0,1,0,차대차 - 기타,기타,건조,맑음,교차로 - 교차로안,승용,남,50세,상해없음,승용,남,67세,상해없음
2017061000100410,2017년 6월 10일 16시,토요일,부산광역시 금정구 장전동,중상사고,0,1,0,0,차대차 - 측면충돌,안전운전불이행,건조,맑음,교차로 - 교차로부근,승용,여,63세,상해없음,승용,여,45세,중상
2017061000100439,2017년 6월 10일 17시,토요일,부산광역시 해운대구 좌동,중상사고,0,2,0,0,차대차 - 측면충돌,안전운전불이행,건조,맑음,단일로 - 기타,승합,남,69세,상해없음,승용,남,51세,중상
2017061000100440,2017년 6월 10일 17시,토요일,부산광역시 강서구 녹산동,경상사고,0,0,1,0,차대차 - 측면충돌,교차로운행방법위반,건조,맑음,교차로 - 교차로부근,화물,남,57세,상해없음,화물,남,55세,경상
2017061000100441,2017년 6월 10일 17시,토요일,부산광역시 기장군 철마면,경상사고,0,0,4,0,차대차 - 정면충돌,중앙선침범,건조,맑음,단일로 - 기타,승용,남,38세,상해없음,승용,남,27세,경상
2017061000100482,2017년 6월 10일 18시,토요일,부산광역시 동구 초량동,경상사고,0,0,1,0,차대차 - 측면충돌,교차로운행방법위반,건조,맑음,교차로 - 교차로안,승용,남,32세,상해없음,이륜,남,16세,경상
2017061000100483,2017년 6월 10일 18시,토요일,부산광역시 사상구 모라동,중상사고,0,1,0,0,차대차 - 측면충돌,안전운전불이행,건조,맑음,교차로 - 교차로안,승용,남,46세,상해없음,이륜,남,58세,중상
2017061000100535,2017년 6월 10일 20시,토요일,부산광역시 수영구 남천동,경상사고,0,0,1,0,차대차 - 기타,안전거리미확보,건조,맑음,교차로 - 교차로부근,승용,여,59세,상해없음,승용,남,49세,경상
2017061000100567,2017년 6월 10일 21시,토요일,부산광역시 강서구 명지동,중상사고,0,1,0,0,차대차 - 측면충돌,신호위반,건조,맑음,교차로 - 교차로안,승용,남,53세,상해없음,이륜,남,44세,중상
2017061000100597,2017년 6월 10일 22시,토요일,부산광역시 중구 남포동6가,중상사고,0,1,0,0,차대사람 - 기타,안전운전불이행,건조,맑음,단일로 - 기타,승용,남,38세,상해없음,보행자,남,43세,중상
2017061000100598,2017년 6월 10일 22시,토요일,부산광역시 동래구 안락동,경상사고,0,0,1,0,차대차 - 측면충돌,안전운전불이행,건조,맑음,단일로 - 기타,승용,여,34세,상해없음,이륜,남,24세,경상
2017061000100620,2017년 6월 10일 23시,토요일,부산광역시 동구 좌천동,경상사고,0,0,1,0,차대사람 - 기타,안전운전불이행,건조,맑음,단일로 - 기타,승용,남,50세,상해없음,보행자,남,39세,경상
2017061000100621,2017년 6월 10일 23시,토요일,부산광역시 동구 범일동,경상사고,0,0,1,0,차대차 - 기타,신호위반,건조,맑음,교차로 - 교차로안,기타불명,기타불명,미분류,기타불명,승용,남,46세,상해없음
2017061000100622,2017년 6월 10일 23시,토요일,부산광역시 동래구 안락동,중상사고,0,1,0,0,차대사람 - 기타,신호위반,건조,맑음,교차로 - 교차로부근,이륜,남,21세,기타불명,보행자,여,18세,중상
2017061100100055,2017년 6월 11일 02시,일요일,부산광역시 수영구 민락동,경상사고,0,0,3,0,차대차 - 기타,차로위반,건조,맑음,단일로 - 기타,승용,남,29세,상해없음,승용,남,26세,경상
2017061100100056,2017년 6월 11일 02시,일요일,부산광역시 동래구 명륜동,경상사고,0,0,2,0,차대차 - 측면충돌,중앙선침범,건조,맑음,교차로 - 교차로부근,승용,남,57세,상해없음,이륜,남,19세,경상
2017061100100084,2017년 6월 11일 04시,일요일,부산광역시 동구 초량동,중상사고,0,1,1,0,차대차 - 측면충돌,교차로운행방법위반,건조,맑음,교차로 - 교차로안,승용,남,66세,중상,승용,남,39세,경상
2017061100100093,2017년 6월 11일 05시,일요일,부산광역시 동구 초량동,중상사고,0,1,0,0,차대사람 - 기타,안전운전불이행,건조,맑음,교차로 - 교차로안,승용,남,66세,상해없음,보행자,남,65세,중상
2017061100100117,2017년 6월 11일 07시,일요일,부산광역시 부산진구 가야동,중상사고,0,1,0,0,차대차 - 정면충돌,신호위반,건조,맑음,단일로 - 기타,승용,남,65세,상해없음,이륜,남,49세,중상
2017061100100118,2017년 6월 11일 07시,일요일,부산광역시 금정구 구서동,경상사고,0,0,1,0,차대차 - 측면충돌,안전운전불이행,건조,맑음,교차로 - 교차로안,승용,남,34세,상해없음,승용,남,56세,경상
2017061100100131,2017년 6월 11일 08시,일요일,부산광역시 남구 용호동,중상사고,0,1,0,0,차대사람 - 기타,안전운전불이행,건조,맑음,교차로 - 교차로부근,승용,남,21세,상해없음,보행자,여,82세,중상
2017061100100177,2017년 6월 11일 10시,일요일,부산광역시 동래구 온천동,중상사고,0,1,1,0,차대차 - 기타,기타,건조,맑음,단일로 - 기타,승합,남,41세,상해없음,이륜,남,53세,경상
2017061100100194,2017년 6월 11일 11시,일요일,부산광역시 서구 동대신동2가,경상사고,0,0,1,0,차대차 - 기타,안전운전불이행,건조,맑음,단일로 - 기타,승용,남,60세,상해없음,승용,남,32세,경상
2017061100100261,2017년 6월 11일 14시,일요일,부산광역시 금정구 두구동,중상사고,0,2,0,0,차대차 - 측면충돌,안전운전불이행,건조,맑음,단일로 - 기타,승용,남,45세,상해없음,이륜,남,47세,중상
2017061100100262,2017년 6월 11일 14시,일요일,부산광역시 사하구 괴정동,경상사고,0,0,1,0,차대사람 - 기타,안전운전불이행,건조,맑음,단일로 - 기타,승용,여,33세,상해없음,보행자,여,80세,경상
2017061100100297,2017년 6월 11일 15시,일요일,부산광역시 중구 남포동4가,경상사고,0,0,5,0,차대차 - 기타,안전운전불이행,건조,맑음,단일로 - 기타,승합,남,44세,상해없음,승용,남,29세,경상
2017061100100298,2017년 6월 11일 15시,일요일,부산광역시 남구 대연동,중상사고,0,1,0,0,차대사람 - 기타,안전운전불이행,건조,맑음,단일로 - 기타,승용,여,49세,상해없음,보행자,남,18세,중상
2017061100100299,2017년 6월 11일 15시,일요일,부산광역시 북구 덕천동,경상사고,0,0,1,0,차대차 - 기타,안전거리미확보,건조,맑음,교차로 - 교차로안,화물,남,55세,상해없음,승용,남,56세,경상
2017061100100328,2017년 6월 11일 16시,일요일,부산광역시 해운대구 우동,부상신고사고,0,0,0,2,차대차 - 후진중충돌,안전운전불이행,건조,맑음,단일로 - 기타,승용,남,27세,상해없음,승용,남,27세,부상신고
2017061100100329,2017년 6월 11일 16시,일요일,부산광역시 부산진구 전포동,중상사고,0,1,0,0,차대차 - 정면충돌,교차로운행방법위반,건조,맑음,교차로 - 교차로안,이륜,남,54세,중상,승용,남,24세,상해없음
2017061100100330,2017년 6월 11일 16시,일요일,부산광역시 기장군 기장읍,중상사고,0,1,0,0,차대차 - 기타,신호위반,건조,맑음,교차로 - 교차로안,승용,남,57세,상해없음,승용,남,33세,중상
2017061100100367,2017년 6월 11일 17시,일요일,부산광역시 부산진구 전포동,경상사고,0,0,1,0,차대차 - 측면충돌,신호위반,건조,맑음,교차로 - 교차로안,이륜,남,24세,상해없음,이륜,남,26세,경상
2017061100100368,2017년 6월 11일 17시,일요일,부산광역시 사상구 모라동,부상신고사고,0,0,0,2,차대차 - 측면충돌,안전거리미확보,건조,맑음,단일로 - 기타,이륜,남,46세,부상신고,이륜,남,35세,부상신고
2017061100100400,2017년 6월 11일 18시,일요일,부산광역시 금정구 서동,중상사고,0,1,0,0,차대사람 - 횡단중,안전운전불이행,건조,맑음,단일로 - 기타,승용,여,50세,상해없음,보행자,여,61세,중상
2017061100100428,2017년 6월 11일 19시,일요일,부산광역시 금정구 장전동,중상사고,0,1,0,0,차대차 - 기타,안전운전불이행,건조,맑음,교차로 - 교차로안,승용,여,30세,상해없음,승합,남,49세,상해없음
2017061100100429,2017년 6월 11일 19시,일요일,부산광역시 사하구 괴정동,부상신고사고,0,0,0,1,차대차 - 측면충돌,중앙선침범,건조,맑음,단일로 - 기타,자전거,남,14세,부상신고,승용,남,63세,상해없음
2017061100100463,2017년 6월 11일 20시,일요일,부산광역시 수영구 광안동,경상사고,0,0,1,0,차대차 - 측면충돌,안전운전불이행,건조,맑음,교차로 - 교차로안,승용,남,57세,상해없음,승용,여,66세,경상
2017061100100464,2017년 6월 11일 20시,일요일,부산광역시 사상구 학장동,중상사고,0,1,0,0,차대사람 - 횡단중,신호위반,건조,맑음,교차로 - 교차로횡단보도내,승용,남,54세,상해없음,보행자,여,20세,중상
2017061100100488,2017년 6월 11일 21시,일요일,부산광역시 부산진구 양정동,중상사고,0,1,0,0,차대차 - 정면충돌,신호위반,건조,맑음,교차로 - 교차로안,승용,남,36세,상해없음,화물,남,81세,중상
2017061100100508,2017년 6월 11일 22시,일요일,부산광역시 수영구 남천동,중상사고,0,2,0,0,차대차 - 정면충돌,신호위반,건조,맑음,교차로 - 교차로안,승용,여,23세,상해없음,승용,여,30세,중상
2017061100100509,2017년 6월 11일 22시,일요일,부산광역시 부산진구 부전동,경상사고,0,0,1,0,차대사람 - 횡단중,안전운전불이행,건조,맑음,단일로 - 기타,이륜,남,18세,상해없음,보행자,남,25세,경상
2017061100100525,2017년 6월 11일 23시,일요일,부산광역시 동구 좌천동,경상사고,0,0,1,0,차대차 - 추돌,안전운전불이행,건조,맑음,교차로 - 교차로부근,승용,남,59세,상해없음,승용,남,42세,경상
2017061100100526,2017년 6월 11일 23시,일요일,부산광역시 북구 구포동,경상사고,0,0,1,0,차대사람 - 횡단중,안전운전불이행,건조,맑음,교차로 - 교차로부근,승용,남,19세,상해없음,보행자,남,32세,경상
2017061100100527,2017년 6월 11일 23시,일요일,부산광역시 부산진구 부전동,중상사고,0,2,0,0,차대차 - 측면충돌,신호위반,건조,맑음,교차로 - 교차로부근,승용,남,31세,상해없음,이륜,남,61세,중상
2017061200100040,2017년 6월 12일 04시,월요일,부산광역시 부산진구 양정동,경상사고,0,0,2,0,차대차 - 기타,신호위반,건조,맑음,교차로 - 교차로안,승용,남,51세,상해없음,화물,남,65세,경상
2017061200100048,2017년 6월 12일 05시,월요일,부산광역시 사하구 신평동,경상사고,0,0,1,0,차대차 - 측면충돌,신호위반,건조,맑음,교차로 - 교차로안,승용,남,62세,상해없음,승용,남,56세,경상
2017061200100062,2017년 6월 12일 06시,월요일,부산광역시 수영구 광안동,중상사고,0,1,0,0,차대차 - 측면충돌,교차로운행방법위반,건조,맑음,교차로 - 교차로안,화물,남,45세,상해없음,자전거,남,33세,중상
2017061200100077,2017년 6월 12일 07시,월요일,부산광역시 부산진구 양정동,중상사고,0,1,0,0,차대차 - 기타,안전운전불이행,건조,맑음,단일로 - 기타,승용,남,48세,상해없음,승합,남,62세,상해없음
2017061200100078,2017년 6월 12일 07시,월요일,부산광역시 사하구 괴정동,중상사고,0,1,0,0,차대차 - 정면충돌,안전운전불이행,건조,맑음,교차로 - 교차로안,화물,남,59세,상해없음,이륜,남,59세,중상
2017061200100109,2017년 6월 12일 08시,월요일,부산광역시 동래구 온천동,중상사고,0,1,0,0,차대차 - 측면충돌,차로위반,건조,맑음,단일로 - 기타,승용,남,46세,상해없음,원동기,남,22세,중상
2017061200100155,2017년 6월 12일 09시,월요일,부산광역시 남구 문현동,경상사고,0,0,1,0,차대차 - 추돌,안전운전불이행,건조,맑음,교차로 - 교차로부근,승용,남,76세,상해없음,이륜,남,33세,경상
2017061200100156,2017년 6월 12일 09시,월요일,부산광역시 금정구 장전동,중상사고,0,1,0,0,차대차 - 측면충돌,교차로운행방법위반,건조,맑음,교차로 - 교차로안,승용,남,22세,상해없음,승용,남,56세,중상
2017061200100186,2017년 6월 12일 10시,월요일,부산광역시 서구 토성동4가,중상사고,0,1,0,0,차대사람 - 횡단중,안전운전불이행,건조,맑음,단일로 - 기타,승합,남,53세,상해없음,보행자,여,69세,중상
2017061200100187,2017년 6월 12일 10시,월요일,부산광역시 금정구 남산동,중상사고,0,1,0,0,차대차 - 측면충돌,불법유턴,건조,맑음,교차로 - 교차로부근,승용,남,64세,상해없음,승용,여,28세,중상
2017061200100272,2017년 6월 12일 13시,월요일,부산광역시 해운대구 우동,경상사고,0,0,1,0,차대차 - 측면충돌,교차로운행방법위반,건조,맑음,교차로 - 교차로안,승용,여,47세,상해없음,승용,여,49세,경상
2017061200100273,2017년 6월 12일 13시,월요일,부산광역시 부산진구 양정동,경상사고,0,0,1,0,차대차 - 측면충돌,안전운전불이행,건조,맑음,교차로 - 교차로안,건설기계,남,58세,상해없음,승용,여,39세,경상
2017061200100274,2017년 6월 12일 13시,월요일,부산광역시 사하구 하단동,경상사고,0,0,1,0,차대차 - 추돌,안전운전불이행,건조,맑음,단일로 - 기타,승용,남,43세,상해없음,승용,남,65세,경상
2017061200100306,2017년 6월 12일 14시,월요일,부산광역시 서구 서대신동2가,부상신고사고,0,0,0,1,차대차 - 측면충돌,교차로운행방법위반,건조,맑음,교차로 - 교차로안,승용,여,40세,부상신고,승용,여,38세,상해없음
2017061200100307,2017년 6월 12일 14시,월요일,부산광역시 수영구 광안동,경상사고,0,0,2,0,차대차 - 기타,기타,건조,맑음,단일로 - 기타,승용,여,57세,상해없음,승용,남,44세,경상
2017061200100346,2017년 6월 12일 15시,월요일,부산광역시 부산진구 부전동,중상사고,0,1,1,0,차대차 - 기타,안전거리미확보,건조,맑음,단일로 - 기타,승용,남,41세,상해없음,화물,남,49세,중상
2017061200100387,2017년 6월 12일 16시,월요일,부산광역시 금정구 남산동,부상신고사고,0,0,0,1,차대차 - 측면충돌,교차로운행방법위반,건조,맑음,교차로 - 교차로안,승용,남,33세,상해없음,승용,남,47세,부상신고
2017061200100482,2017년 6월 12일 19시,월요일,부산광역시 중구 대창동1가,경상사고,0,0,1,0,차대차 - 추돌,신호위반,건조,맑음,단일로 - 기타,이륜,남,22세,경상,화물,남,51세,상해없음
2017061200100483,2017년 6월 12일 19시,월요일,부산광역시 수영구 남천동,중상사고,0,1,0,0,차대차 - 기타,교차로운행방법위반,건조,맑음,교차로 - 교차로안,승용,남,51세,상해없음,원동기,남,35세,중상
2017061200100484,2017년 6월 12일 19시,월요일,부산광역시 영도구 신선동1가,경상사고,0,0,1,0,차대사람 - 길가장자리구역통행중,안전운전불이행,건조,맑음,단일로 - 기타,승용,남,22세,상해없음,보행자,여,57세,경상
2017061200100485,2017년 6월 12일 19시,월요일,부산광역시 해운대구 반여동,경상사고,0,0,1,0,차대차 - 기타,안전운전불이행,건조,맑음,교차로 - 교차로부근,승용,남,45세,상해없음,승용,여,37세,경상
2017061200100486,2017년 6월 12일 19시,월요일,부산광역시 금정구 남산동,경상사고,0,0,1,0,차대사람 - 횡단중,안전운전불이행,건조,맑음,단일로 - 기타,이륜,남,27세,상해없음,보행자,남,64세,경상
2017061200100538,2017년 6월 12일 21시,월요일,부산광역시 서구 남부민동,경상사고,0,0,3,0,차대차 - 측면충돌,교차로운행방법위반,건조,맑음,교차로 - 교차로안,승용,남,60세,경상,승용,남,31세,경상
2017061200100539,2017년 6월 12일 21시,월요일,부산광역시 남구 문현동,경상사고,0,0,1,0,차대차 - 측면충돌,안전거리미확보,건조,맑음,교차로 - 교차로안,승용,여,59세,기타불명,승용,여,45세,경상
2017061200100540,2017년 6월 12일 21시,월요일,부산광역시 해운대구 우동,경상사고,0,0,1,0,차대차 - 정면충돌,안전거리미확보,건조,맑음,단일로 - 기타,승용,여,60세,상해없음,승용,남,52세,경상
2017061200100558,2017년 6월 12일 22시,월요일,부산광역시 서구 토성동2가,경상사고,0,0,1,0,차대차 - 기타,교차로운행방법위반,건조,맑음,교차로 - 교차로안,승용,남,58세,상해없음,승용,여,26세,경상
2017061200100559,2017년 6월 12일 22시,월요일,부산광역시 사하구 장림동,부상신고사고,0,0,0,1,차대차 - 측면충돌,신호위반,건조,맑음,교차로 - 교차로안,이륜,남,41세,부상신고,승용,남,50세,상해없음
2017061300100021,2017년 6월 13일 00시,화요일,부산광역시 부산진구 부전동,경상사고,0,0,3,0,차대차 - 측면충돌,신호위반,건조,맑음,교차로 - 교차로안,승용,남,54세,상해없음,승용,남,44세,경상
2017061300100055,2017년 6월 13일 06시,화요일,부산광역시 동래구 명륜동,중상사고,0,1,0,0,차대사람 - 횡단중,안전운전불이행,건조,맑음,단일로 - 기타,화물,남,50세,상해없음,보행자,여,70세,중상
2017061300100067,2017년 6월 13일 07시,화요일,부산광역시 기장군 정관읍,중상사고,0,1,0,1,차대차 - 기타,기타,건조,맑음,교차로 - 교차로부근,화물,남,39세,상해없음,화물,남,56세,중상
2017061300100097,2017년 6월 13일 08시,화요일,부산광역시 해운대구 반여동,경상사고,0,0,2,0,차대차 - 추돌,신호위반,건조,맑음,교차로 - 교차로안,승용,여,55세,상해없음,승용,여,59세,경상
2017061300100098,2017년 6월 13일 08시,화요일,부산광역시 부산진구 부전동,중상사고,0,2,0,0,차대차 - 정면충돌,직진우회전진행방해,건조,맑음,교차로 - 교차로안,승용,여,27세,상해없음,승용,여,44세,중상
2017061300100099,2017년 6월 13일 08시,화요일,부산광역시 강서구 성북동,부상신고사고,0,0,0,1,차대차 - 기타,안전운전불이행,건조,맑음,단일로 - 기타,자전거,남,31세,상해없음,자전거,남,32세,부상신고
2017061300100100,2017년 6월 13일 08시,화요일,부산광역시 사상구 감전동,경상사고,0,0,2,0,차대차 - 추돌,안전거리미확보,건조,맑음,단일로 - 기타,화물,남,36세,상해없음,승용,남,65세,경상
2017061300100142,2017년 6월 13일 09시,화요일,부산광역시 서구 동대신동3가,중상사고,0,1,0,0,차대사람 - 횡단중,보행자보호의무위반,건조,맑음,교차로 - 교차로횡단보도내,승용,남,58세,상해없음,보행자,남,77세,중상
2017061300100143,2017년 6월 13일 09시,화요일,부산광역시 북구 화명동,경상사고,0,0,1,0,차대차 - 측면충돌,안전운전불이행,건조,맑음,단일로 - 기타,승용,여,66세,상해없음,승용,남,55세,상해없음
2017061300100197,2017년 6월 13일 11시,화요일,부산광역시 북구 금곡동,경상사고,0,0,1,0,차량단독 - 기타,안전운전불이행,건조,맑음,단일로 - 기타,승합,남,48세,상해없음,,,,
2017061300100219,2017년 6월 13일 12시,화요일,부산광역시 강서구 화전동,중상사고,0,1,0,0,차대차 - 추돌,안전운전불이행,건조,맑음,교차로 - 교차로안,화물,남,50세,상해없음,화물,남,37세,중상
2017061300100241,2017년 6월 13일 13시,화요일,부산광역시 동구 범일동,중상사고,0,1,2,0,차대차 - 기타,안전운전불이행,건조,맑음,교차로 - 교차로부근,승합,남,58세,상해없음,승용,남,62세,중상
2017061300100242,2017년 6월 13일 13시,화요일,부산광역시 사하구 구평동,중상사고,0,2,2,0,차대차 - 기타,기타,건조,맑음,단일로 - 기타,화물,남,58세,상해없음,승합,남,46세,경상
2017061300100243,2017년 6월 13일 13시,화요일,부산광역시 사상구 학장동,경상사고,0,0,2,2,차대차 - 추돌,안전거리미확보,건조,맑음,단일로 - 기타,승용,남,31세,상해없음,승용,여,56세,경상
2017061300100271,2017년 6월 13일 14시,화요일,부산광역시 중구 대청동4가,경상사고,0,0,1,0,차대차 - 기타,안전운전불이행,건조,맑음,단일로 - 기타,화물,남,46세,상해없음,이륜,남,48세,경상
2017061300100272,2017년 6월 13일 14시,화요일,부산광역시 중구 남포동2가,중상사고,0,1,0,0,차대사람 - 기타,안전운전불이행,건조,맑음,단일로 - 기타,승용,남,54세,상해없음,보행자,남,90세 이상,중상
2017061300100273,2017년 6월 13일 14시,화요일,부산광역시 사하구 다대동,중상사고,0,1,0,0,차대사람 - 횡단중,신호위반,건조,맑음,교차로 - 교차로안,승용,남,61세,상해없음,보행자,여,42세,중상
2017061300100274,2017년 6월 13일 14시,화요일,부산광역시 사상구 엄궁동,경상사고,0,0,1,0,차대사람 - 기타,안전운전불이행,건조,맑음,단일로 - 기타,승합,남,59세,상해없음,보행자,여,70세,경상
2017061300100306,2017년 6월 13일 15시,화요일,부산광역시 사상구 덕포동,중상사고,0,1,0,0,차대사람 - 횡단중,보행자보호의무위반,건조,맑음,교차로 - 교차로횡단보도내,화물,남,63세,상해없음,보행자,남,6세,중상
2017061300100340,2017년 6월 13일 16시,화요일,부산광역시 동구 초량동,경상사고,0,0,2,0,차대차 - 기타,교차로운행방법위반,건조,맑음,교차로 - 교차로안,승용,남,34세,경상,승용,남,32세,경상
2017061300100341,2017년 6월 13일 16시,화요일,부산광역시 수영구 광안동,중상사고,0,1,2,0,차대차 - 기타,중앙선침범,건조,맑음,단일로 - 기타,승용,남,24세,상해없음,승용,여,45세,경상
2017061300100342,2017년 6월 13일 16시,화요일,부산광역시 남구 대연동,중상사고,0,1,0,0,차대차 - 측면충돌,중앙선침범,건조,맑음,단일로 - 기타,승용,여,57세,상해없음,승용,남,57세,중상
2017061300100343,2017년 6월 13일 16시,화요일,부산광역시 부산진구 범천동,경상사고,0,0,2,0,차대차 - 기타,안전거리미확보,건조,맑음,단일로 - 기타,승용,여,58세,상해없음,승용,남,49세,경상
2017061300100384,2017년 6월 13일 17시,화요일,부산광역시 북구 구포동,경상사고,0,0,1,0,차대사람 - 횡단중,보행자보호의무위반,건조,맑음,단일로 - 기타,화물,남,53세,상해없음,보행자,여,52세,경상
2017061300100385,2017년 6월 13일 17시,화요일,부산광역시 북구 구포동,경상사고,0,0,1,0,차대사람 - 횡단중,안전운전불이행,건조,맑음,단일로 - 기타,화물,남,38세,상해없음,보행자,여,9세,경상
2017061300100386,2017년 6월 13일 17시,화요일,부산광역시 사상구 주례동,중상사고,0,1,0,0,차대사람 - 차도통행중,안전운전불이행,건조,맑음,단일로 - 기타,승용,여,47세,상해없음,보행자,남,8세,중상
2017061300100434,2017년 6월 13일 18시,화요일,부산광역시 해운대구 좌동,경상사고,0,0,1,0,차대사람 - 기타,안전운전불이행,건조,맑음,교차로 - 교차로안,승용,여,56세,상해없음,보행자,남,25세,경상
2017061300100435,2017년 6월 13일 18시,화요일,부산광역시 부산진구 전포동,부상신고사고,0,0,0,1,차대차 - 기타,안전운전불이행,건조,맑음,교차로 - 교차로부근,이륜,남,52세,부상신고,승용,남,46세,상해없음
2017061300100436,2017년 6월 13일 18시,화요일,부산광역시 강서구 송정동,부상신고사고,0,0,0,1,차대차 - 측면충돌,중앙선침범,건조,맑음,교차로 - 교차로부근,자전거,남,60세,부상신고,승용,남,32세,상해없음
2017061300100480,2017년 6월 13일 19시,화요일,부산광역시 북구 덕천동,중상사고,0,1,0,0,차대차 - 측면충돌,신호위반,건조,맑음,교차로 - 교차로안,자전거,남,29세,중상,이륜,남,39세,상해없음
2017061300100481,2017년 6월 13일 19시,화요일,부산광역시 동래구 온천동,중상사고,0,1,0,0,차대차 - 측면충돌,안전운전불이행,건조,맑음,단일로 - 기타,승용,여,40세,상해없음,이륜,남,65세,중상
2017061300100482,2017년 6월 13일 19시,화요일,부산광역시 영도구 동삼동,중상사고,0,1,0,0,차대차 - 측면충돌,안전운전불이행,건조,맑음,교차로 - 교차로안,승용,남,56세,상해없음,원동기,남,38세,중상
2017061300100517,2017년 6월 13일 20시,화요일,부산광역시 금정구 구서동,경상사고,0,0,1,0,차대차 - 측면충돌,안전거리미확보,건조,맑음,단일로 - 기타,승용,남,44세,상해없음,원동기,남,21세,경상
2017061300100543,2017년 6월 13일 21시,화요일,부산광역시 부산진구 당감동,경상사고,0,0,1,0,차대차 - 측면충돌,안전거리미확보,건조,맑음,단일로 - 기타,승용,남,19세,상해없음,승용,여,59세,경상
2017061300100574,2017년 6월 13일 22시,화요일,부산광역시 부산진구 전포동,중상사고,0,1,5,0,차대차 - 측면충돌,신호위반,건조,맑음,교차로 - 교차로안,승합,남,48세,상해없음,승용,남,66세,경상
2017061400100039,2017년 6월 14일 01시,수요일,부산광역시 서구 서대신동2가,경상사고,0,0,1,0,차량단독 - 전도전복 - 전도,안전운전불이행,건조,맑음,단일로 - 기타,이륜,여,44세,경상,,,,