사고번호,사고일시,요일,시군구,사고내용,사망자수,중상자수,경상자수,부상신고자수,사고유형,법규위반,노면상태,기상상태,도로형태,가해운전자 차종,가해운전자 성별,가해운전자 연령,가해운전자 상해정도,피해운전자 차종,피해운전자 성별,피해운전자 연령,피해운전자 상해정도
2017062000100564,2017년 6월 20일 21시,화요일,부산광역시 부산진구 양정동,경상사고,0,0,2,0,차대차 - 기타,안전운전불이행,젖음/습기,비,교차로 - 교차로안,승용,남,22세,상해없음,이륜,남,53세,경상
2017062000100565,2017년 6월 20일 21시,화요일,부산광역시 부산진구 가야동,경상사고,0,0,1,0,차대사람 - 횡단중,보행자보호의무위반,젖음/습기,비,교차로 - 교차로횡단보도내,승용,남,26세,상해없음,보행자,남,53세,경상
2017062000100566,2017년 6월 20일 21시,화요일,부산광역시 부산진구 부암동,경상사고,0,0,1,0,차대차 - 기타,신호위반,젖음/습기,비,교차로 - 교차로안,승용,남,68세,상해없음,이륜,남,37세,경상
2017062000100597,2017년 6월 20일 22시,화요일,부산광역시 북구 만덕동,경상사고,0,0,1,0,차대차 - 기타,중앙선침범,건조,맑음,교차로 - 교차로부근,승용,남,42세,상해없음,승용,남,32세,경상
2017062000100598,2017년 6월 20일 22시,화요일,부산광역시 부산진구 전포동,중상사고,0,1,0,0,차대차 - 기타,안전운전불이행,젖음/습기,흐림,교차로 - 교차로안,승용,남,62세,상해없음,이륜,남,31세,중상
2017062100100031,2017년 6월 21일 00시,수요일,부산광역시 부산진구 당감동,경상사고,0,0,3,0,차대차 - 정면충돌,안전운전불이행,젖음/습기,비,단일로 - 기타,승용,남,58세,상해없음,승용,남,40세,경상
2017062100100032,2017년 6월 21일 00시,수요일,부산광역시 금정구 장전동,경상사고,0,0,1,0,차대차 - 측면충돌,교차로운행방법위반,젖음/습기,흐림,교차로 - 교차로안,승용,남,60세,상해없음,승용,남,65세,경상
2017062100100033,2017년 6월 21일 00시,수요일,부산광역시 강서구 명지동,중상사고,0,2,1,0,차대차 - 측면충돌,신호위반,건조,맑음,교차로 - 교차로안,승용,여,66세,상해없음,화물,남,60세,경상
2017062100100055,2017년 6월 21일 02시,수요일,부산광역시 부산진구 초읍동,경상사고,0,0,1,0,차대차 - 정면충돌,안전운전불이행,건조,흐림,교차로 - 교차로안,승용,남,28세,상해없음,원동기,남,37세,경상
2017062100100071,2017년 6월 21일 04시,수요일,부산광역시 수영구 민락동,부상신고사고,0,0,0,1,차량단독 - 기타,안전운전불이행,건조,맑음,단일로 - 기타,승용,남,61세,상해없음,,,,
2017062100100090,2017년 6월 21일 07시,수요일,부산광역시 금정구 청룡동,중상사고,0,1,0,0,차대사람 - 횡단중,보행자보호의무위반,건조,맑음,교차로 - 교차로횡단보도내,승용,남,65세,상해없음,보행자,남,80세,중상
2017062100100091,2017년 6월 21일 07시,수요일,부산광역시 기장군 정관읍,경상사고,0,0,1,0,차대차 - 추돌,안전운전불이행,건조,맑음,단일로 - 기타,화물,남,29세,상해없음,승용,남,49세,경상
2017062100100118,2017년 6월 21일 08시,수요일,부산광역시 남구 대연동,경상사고,0,0,1,0,차대차 - 추돌,차로위반,건조,맑음,교차로 - 교차로부근,승용,남,63세,상해없음,승용,남,49세,경상
2017062100100119,2017년 6월 21일 08시,수요일,부산광역시 사하구 신평동,경상사고,0,0,2,0,차대차 - 정면충돌,신호위반,건조,맑음,교차로 - 교차로안,승용,남,58세,경상,승용,남,37세,경상
2017062100100120,2017년 6월 21일 08시,수요일,부산광역시 사하구 당리동,중상사고,0,1,0,0,차대차 - 추돌,안전거리미확보,건조,맑음,단일로 - 기타,승용,남,59세,상해없음,기타불명,기타불명,미분류,기타불명
2017062100100158,2017년 6월 21일 09시,수요일,부산광역시 동래구 명륜동,경상사고,0,0,1,0,차대사람 - 차도통행중,안전운전불이행,건조,맑음,단일로 - 기타,승용,여,44세,상해없음,보행자,여,69세,경상
2017062100100188,2017년 6월 21일 10시,수요일,부산광역시 해운대구 좌동,중상사고,0,1,1,0,차대차 - 정면충돌,안전운전불이행,건조,맑음,단일로 - 기타,승용,남,60세,상해없음,승용,남,65세,경상
2017062100100189,2017년 6월 21일 10시,수요일,부산광역시 해운대구 중동,경상사고,0,0,1,0,차대사람 - 횡단중,보행자보호의무위반,건조,맑음,교차로 - 교차로횡단보도내,승용,여,57세,상해없음,보행자,여,30세,경상
2017062100100260,2017년 6월 21일 13시,수요일,부산광역시 동래구 명륜동,경상사고,0,0,2,0,차대차 - 추돌,안전운전불이행,건조,맑음,교차로 - 교차로부근,승용,남,59세,상해없음,승용,남,45세,경상
2017062100100286,2017년 6월 21일 14시,수요일,부산광역시 동구 수정동,경상사고,0,0,1,0,차량단독 - 기타,기타,건조,맑음,단일로 - 기타,승용,남,62세,상해없음,,,,
2017062100100309,2017년 6월 21일 15시,수요일,부산광역시 해운대구 좌동,경상사고,0,0,1,0,차대사람 - 횡단중,안전운전불이행,건조,맑음,교차로 - 교차로부근,기타불명,기타불명,미분류,기타불명,보행자,여,26세,경상
2017062100100338,2017년 6월 21일 16시,수요일,부산광역시 서구 부민동3가,중상사고,0,1,3,0,차대차 - 측면충돌,안전운전불이행,건조,맑음,단일로 - 기타,승용,남,55세,경상,승용,여,39세,경상
2017062100100339,2017년 6월 21일 16시,수요일,부산광역시 수영구 민락동,경상사고,0,0,1,0,차대차 - 기타,교차로운행방법위반,건조,맑음,교차로 - 교차로안,승용,남,32세,상해없음,자전거,남,13세,경상
2017062100100340,2017년 6월 21일 16시,수요일,부산광역시 금정구 노포동,중상사고,0,1,0,0,차대차 - 추돌,안전운전불이행,건조,맑음,단일로 - 기타,승용,남,24세,상해없음,원동기,남,69세,중상
2017062100100384,2017년 6월 21일 17시,수요일,부산광역시 강서구 명지동,경상사고,0,0,1,0,차대사람 - 횡단중,안전운전불이행,건조,맑음,단일로 - 기타,승용,남,34세,상해없음,보행자,남,6세,경상
2017062100100467,2017년 6월 21일 19시,수요일,부산광역시 해운대구 반송동,경상사고,0,0,2,0,차대차 - 측면충돌,안전거리미확보,건조,맑음,단일로 - 기타,승합,남,62세,상해없음,승용,남,38세,경상
2017062100100468,2017년 6월 21일 19시,수요일,부산광역시 부산진구 부전동,중상사고,0,1,0,0,차대사람 - 횡단중,안전운전불이행,건조,맑음,교차로 - 교차로안,승용,남,39세,상해없음,보행자,여,20세,중상
2017062100100493,2017년 6월 21일 20시,수요일,부산광역시 해운대구 반여동,중상사고,0,1,0,0,차대사람 - 기타,보행자보호의무위반,건조,맑음,교차로 - 교차로횡단보도내,승용,남,33세,상해없음,보행자,남,33세,중상
2017062100100494,2017년 6월 21일 20시,수요일,부산광역시 강서구 대저1동,경상사고,0,0,1,0,차대차 - 정면충돌,신호위반,건조,맑음,교차로 - 교차로안,이륜,남,48세,경상,승용,여,44세,상해없음
2017062100100526,2017년 6월 21일 21시,수요일,부산광역시 동래구 사직동,중상사고,0,1,0,0,차대사람 - 횡단중,보행자보호의무위반,건조,맑음,교차로 - 교차로안,승용,여,48세,상해없음,보행자,남,29세,중상
2017062100100557,2017년 6월 21일 22시,수요일,부산광역시 중구 남포동6가,경상사고,0,0,1,0,차대사람 - 길가장자리구역통행중,안전운전불이행,건조,맑음,교차로 - 교차로안,승용,남,62세,상해없음,보행자,남,56세,경상
2017062200100013,2017년 6월 22일 00시,목요일,부산광역시 해운대구 우동,부상신고사고,0,0,0,2,차대차 - 추돌,안전운전불이행,건조,맑음,단일로 - 기타,승용,남,54세,상해없음,승용,남,25세,부상신고
2017062200100045,2017년 6월 22일 04시,목요일,부산광역시 남구 용호동,경상사고,0,0,1,1,차대차 - 기타,안전운전불이행,건조,맑음,교차로 - 교차로안,승용,남,64세,상해없음,승용,남,39세,부상신고
2017062200100049,2017년 6월 22일 05시,목요일,부산광역시 부산진구 당감동,중상사고,0,1,0,0,차대차 - 측면충돌,안전거리미확보,건조,맑음,단일로 - 기타,승용,남,67세,상해없음,승용,남,31세,중상
2017062200100060,2017년 6월 22일 06시,목요일,부산광역시 사하구 괴정동,경상사고,0,0,1,0,차대차 - 측면충돌,안전거리미확보,건조,맑음,교차로 - 교차로안,승용,여,31세,상해없음,승용,남,47세,경상
2017062200100104,2017년 6월 22일 08시,목요일,부산광역시 북구 만덕동,경상사고,0,0,1,0,차대차 - 기타,안전운전불이행,건조,맑음,단일로 - 기타,승용,남,64세,경상,건설기계,남,37세,상해없음
2017062200100105,2017년 6월 22일 08시,목요일,부산광역시 북구 구포동,중상사고,0,1,0,0,차량단독 - 전도전복,안전운전불이행,건조,맑음,단일로 - 기타,자전거,남,59세,중상,미분류,미분류,미분류,미분류
2017062200100106,2017년 6월 22일 08시,목요일,부산광역시 동래구 온천동,경상사고,0,0,1,0,차대차 - 추돌,차로위반,건조,맑음,단일로 - 기타,승용,여,47세,상해없음,승용,여,56세,경상
2017062200100107,2017년 6월 22일 08시,목요일,부산광역시 부산진구 양정동,부상신고사고,0,0,0,1,차대차 - 기타,안전운전불이행,건조,맑음,단일로 - 기타,이륜,남,58세,부상신고,승용,남,73세,상해없음
2017062200100151,2017년 6월 22일 09시,목요일,부산광역시 동구 초량동,경상사고,0,0,1,0,차대차 - 기타,안전운전불이행,건조,맑음,단일로 - 기타,승용,남,35세,상해없음,승용,남,60세,경상
2017062200100152,2017년 6월 22일 09시,목요일,부산광역시 부산진구 가야동,경상사고,0,0,1,0,차대사람 - 횡단중,안전운전불이행,건조,맑음,단일로 - 기타,승용,여,33세,상해없음,보행자,남,22세,경상
2017062200100153,2017년 6월 22일 09시,목요일,부산광역시 연제구 연산동,경상사고,0,0,1,0,차대차 - 측면충돌,안전운전불이행,건조,맑음,단일로 - 기타,승합,남,47세,상해없음,자전거,남,59세,경상
2017062200100178,2017년 6월 22일 10시,목요일,부산광역시 금정구 선동,부상신고사고,0,0,0,1,차대사람 - 횡단중,보행자보호의무위반,건조,맑음,교차로 - 교차로횡단보도내,자전거,남,66세,부상신고,보행자,남,36세,상해없음
2017062200100179,2017년 6월 22일 10시,목요일,부산광역시 금정구 구서동,중상사고,0,1,0,0,차대사람 - 횡단중,교차로운행방법위반,건조,맑음,교차로 - 교차로안,승용,남,70세,상해없음,보행자,여,61세,중상
2017062200100180,2017년 6월 22일 10시,목요일,부산광역시 사하구 괴정동,경상사고,0,0,1,0,차대차 - 정면충돌,안전운전불이행,건조,맑음,교차로 - 교차로안,승용,남,68세,상해없음,건설기계,남,66세,경상
2017062200100271,2017년 6월 22일 13시,목요일,부산광역시 동래구 온천동,중상사고,0,2,0,0,차대차 - 측면충돌,교차로운행방법위반,건조,맑음,교차로 - 교차로안,승용,남,59세,중상,승용,여,52세,중상
2017062200100300,2017년 6월 22일 14시,목요일,부산광역시 동구 초량동,부상신고사고,0,0,0,2,차대사람 - 기타,안전운전불이행,건조,맑음,기타 - 기타,승용,남,73세,상해없음,보행자,여,85세,부상신고
2017062200100341,2017년 6월 22일 15시,목요일,부산광역시 부산진구 범천동,경상사고,0,0,1,0,차대사람 - 횡단중,신호위반,건조,맑음,교차로 - 교차로횡단보도내,이륜,남,72세,상해없음,보행자,여,8세,경상
2017062200100342,2017년 6월 22일 15시,목요일,부산광역시 연제구 연산동,경상사고,0,0,1,0,차대차 - 측면충돌,안전운전불이행,건조,맑음,교차로 - 교차로부근,승용,남,48세,상해없음,이륜,남,21세,경상
2017062200100371,2017년 6월 22일 16시,목요일,부산광역시 중구 대청동4가,중상사고,0,1,0,0,차대사람 - 횡단중,안전운전불이행,건조,맑음,교차로 - 교차로안,승합,여,23세,상해없음,보행자,여,90세 이상,중상
2017062200100372,2017년 6월 22일 16시,목요일,부산광역시 동래구 낙민동,경상사고,0,0,1,0,차대차 - 추돌,안전거리미확보,건조,맑음,단일로 - 기타,승용,여,47세,상해없음,승용,남,39세,경상
2017062200100373,2017년 6월 22일 16시,목요일,부산광역시 해운대구 재송동,중상사고,0,1,0,0,차대차 - 기타,안전운전불이행,건조,맑음,단일로 - 기타,자전거,남,51세,중상,건설기계,남,36세,상해없음
2017062200100409,2017년 6월 22일 17시,목요일,부산광역시 부산진구 가야동,경상사고,0,0,1,0,차대차 - 측면충돌,안전운전불이행,건조,맑음,교차로 - 교차로부근,승용,남,55세,상해없음,이륜,남,62세,경상
2017062200100410,2017년 6월 22일 17시,목요일,부산광역시 동래구 안락동,경상사고,0,0,1,0,차대차 - 측면충돌,안전운전불이행,건조,맑음,단일로 - 교량,승용,남,64세,상해없음,승용,여,51세,경상
2017062200100452,2017년 6월 22일 18시,목요일,부산광역시 서구 동대신동1가,경상사고,0,0,2,0,차대차 - 추돌,안전운전불이행,건조,맑음,단일로 - 기타,이륜,남,51세,경상,이륜,남,23세,경상
2017062200100453,2017년 6월 22일 18시,목요일,부산광역시 연제구 연산동,부상신고사고,0,0,0,1,차대사람 - 횡단중,안전운전불이행,건조,맑음,단일로 - 기타,승용,여,43세,상해없음,보행자,여,54세,부상신고
2017062200100507,2017년 6월 22일 19시,목요일,부산광역시 부산진구 전포동,중상사고,0,1,0,0,차대사람 - 횡단중,안전운전불이행,건조,맑음,단일로 - 기타,승용,여,35세,상해없음,보행자,남,18세,중상
2017062200100508,2017년 6월 22일 19시,목요일,부산광역시 사하구 하단동,중상사고,0,2,1,0,차대차 - 정면충돌,중앙선침범,건조,맑음,단일로 - 기타,승용,남,66세,상해없음,승용,남,27세,중상
2017062200100509,2017년 6월 22일 19시,목요일,부산광역시 연제구 연산동,경상사고,0,0,1,0,차대차 - 측면충돌,안전운전불이행,건조,맑음,교차로 - 교차로부근,이륜,남,16세,상해없음,승용,남,66세,상해없음
2017062200100530,2017년 6월 22일 20시,목요일,부산광역시 수영구 광안동,중상사고,0,1,1,0,차대차 - 기타,신호위반,건조,맑음,교차로 - 교차로안,승용,남,64세,상해없음,원동기,남,48세,중상
2017062200100531,2017년 6월 22일 20시,목요일,부산광역시 부산진구 부전동,사망사고,1,0,0,0,차대사람 - 횡단중,보행자보호의무위반,건조,맑음,교차로 - 교차로안,승합,남,59세,상해없음,보행자,여,28세,사망
2017062200100532,2017년 6월 22일 20시,목요일,부산광역시 연제구 거제동,경상사고,0,0,1,0,차대차 - 측면충돌,안전운전불이행,건조,맑음,교차로 - 교차로부근,화물,남,55세,상해없음,화물,남,31세,경상
2017062200100533,2017년 6월 22일 20시,목요일,부산광역시 사상구 주례동,중상사고,0,1,0,0,차대사람 - 기타,안전운전불이행,건조,맑음,단일로 - 기타,화물,남,45세,상해없음,보행자,남,69세,중상
2017062200100534,2017년 6월 22일 20시,목요일,부산광역시 기장군 장안읍,중상사고,0,2,0,0,차대차 - 기타,안전운전불이행,건조,맑음,단일로 - 기타,승용,남,46세,중상,승용,여,35세,중상
2017062200100564,2017년 6월 22일 21시,목요일,부산광역시 남구 대연동,경상사고,0,0,1,0,차대차 - 기타,안전운전불이행,건조,맑음,단일로 - 기타,승합,남,29세,상해없음,자전거,남,39세,경상
2017062200100565,2017년 6월 22일 21시,목요일,부산광역시 남구 대연동,부상신고사고,0,0,0,1,차대사람 - 횡단중,보행자보호의무위반,건조,맑음,교차로 - 교차로횡단보도내,승용,남,59세,상해없음,보행자,남,17세,부상신고
2017062200100632,2017년 6월 22일 23시,목요일,부산광역시 사하구 다대동,경상사고,0,0,1,0,차량단독 - 기타,안전운전불이행,건조,맑음,기타 - 기타,승합,남,56세,상해없음,,,,
2017062300100027,2017년 6월 23일 00시,금요일,부산광역시 강서구 명지동,중상사고,0,1,0,0,차대사람 - 횡단중,신호위반,건조,맑음,교차로 - 교차로안,승용,남,47세,상해없음,보행자,남,33세,중상
2017062300100059,2017년 6월 23일 02시,금요일,부산광역시 해운대구 우동,경상사고,0,0,1,0,차대사람 - 기타,안전운전불이행,건조,맑음,단일로 - 기타,승용,남,60세,상해없음,보행자,남,26세,경상
2017062300100107,2017년 6월 23일 07시,금요일,부산광역시 남구 감만동,중상사고,0,1,0,0,차대차 - 기타,안전운전불이행,건조,맑음,교차로 - 교차로부근,특수,남,60세,상해없음,이륜,남,58세,중상
2017062300100108,2017년 6월 23일 07시,금요일,부산광역시 강서구 성북동,경상사고,0,0,1,0,차대차 - 추돌,안전거리미확보,건조,맑음,교차로 - 교차로부근,특수,남,51세,상해없음,화물,남,51세,경상
2017062300100109,2017년 6월 23일 07시,금요일,부산광역시 강서구 송정동,중상사고,0,1,1,0,차대차 - 측면충돌,신호위반,건조,맑음,교차로 - 교차로안,승용,여,24세,상해없음,승용,남,57세,중상
2017062300100134,2017년 6월 23일 08시,금요일,부산광역시 부산진구 부전동,경상사고,0,0,1,0,차대사람 - 기타,안전운전불이행,건조,맑음,단일로 - 기타,승용,남,70세,상해없음,보행자,남,56세,경상
2017062300100135,2017년 6월 23일 08시,금요일,부산광역시 부산진구 전포동,경상사고,0,0,3,0,차대차 - 측면충돌,중앙선침범,건조,맑음,단일로 - 기타,승용,여,39세,상해없음,화물,남,29세,경상
2017062300100178,2017년 6월 23일 09시,금요일,부산광역시 수영구 광안동,중상사고,0,1,0,0,차대차 - 기타,교차로운행방법위반,건조,맑음,교차로 - 교차로안,승용,남,59세,상해없음,자전거,남,47세,중상
2017062300100179,2017년 6월 23일 09시,금요일,부산광역시 영도구 동삼동,중상사고,0,1,0,0,차대차 - 추돌,안전운전불이행,건조,맑음,단일로 - 기타,화물,남,29세,상해없음,자전거,남,34세,중상
2017062300100180,2017년 6월 23일 09시,금요일,부산광역시 연제구 연산동,중상사고,0,1,0,0,차대차 - 측면충돌,안전운전불이행,건조,맑음,단일로 - 기타,이륜,남,72세,상해없음,승용,여,52세,상해없음
2017062300100254,2017년 6월 23일 11시,금요일,부산광역시 동구 초량동,경상사고,0,0,2,0,차대차 - 기타,안전운전불이행,건조,맑음,단일로 - 기타,승용,여,41세,기타불명,승용,남,64세,상해없음
2017062300100255,2017년 6월 23일 11시,금요일,부산광역시 해운대구 우동,부상신고사고,0,0,0,1,차대차 - 측면충돌,안전운전불이행,건조,맑음,단일로 - 기타,승용,남,52세,상해없음,승용,남,46세,부상신고
2017062300100256,2017년 6월 23일 11시,금요일,부산광역시 기장군 정관읍,경상사고,0,0,2,0,차대차 - 기타,안전운전불이행,건조,맑음,기타 - 기타,승용,여,41세,경상,승용,여,26세,경상
2017062300100281,2017년 6월 23일 12시,금요일,부산광역시 해운대구 중동,중상사고,0,2,0,0,차대차 - 측면충돌,중앙선침범,건조,맑음,단일로 - 기타,화물,남,39세,상해없음,승용,남,55세,중상
2017062300100333,2017년 6월 23일 14시,금요일,부산광역시 중구 대청동4가,경상사고,0,0,1,0,차대사람 - 횡단중,안전운전불이행,건조,맑음,단일로 - 기타,승용,남,69세,상해없음,보행자,남,76세,경상
2017062300100334,2017년 6월 23일 14시,금요일,부산광역시 사상구 엄궁동,경상사고,0,0,1,0,차대차 - 측면충돌,안전운전불이행,건조,맑음,단일로 - 기타,승용,여,47세,상해없음,승용,여,54세,경상
2017062300100358,2017년 6월 23일 15시,금요일,부산광역시 남구 용호동,부상신고사고,0,0,0,1,차대차 - 기타,안전거리미확보,건조,맑음,단일로 - 기타,원동기,남,37세,부상신고,승용,남,42세,상해없음
2017062300100359,2017년 6월 23일 15시,금요일,부산광역시 부산진구 가야동,중상사고,0,1,1,0,차대차 - 측면충돌,직진우회전진행방해,건조,맑음,교차로 - 교차로안,승용,남,67세,기타불명,이륜,남,20세,경상
2017062300100406,2017년 6월 23일 16시,금요일,부산광역시 북구 덕천동,중상사고,0,1,0,0,차대차 - 기타,교차로운행방법위반,건조,맑음,교차로 - 교차로안,승용,남,59세,상해없음,승용,여,59세,중상
2017062300100449,2017년 6월 23일 17시,금요일,부산광역시 연제구 연산동,경상사고,0,0,1,0,차대차 - 추돌,안전거리미확보,건조,맑음,단일로 - 기타,승용,남,61세,상해없음,승용,여,21세,경상
2017062300100504,2017년 6월 23일 18시,금요일,부산광역시 해운대구 중동,부상신고사고,0,0,0,1,차대차 - 정면충돌,안전운전불이행,건조,맑음,교차로 - 교차로안,원동기,남,22세,부상신고,승용,남,31세,상해없음
2017062300100505,2017년 6월 23일 18시,금요일,부산광역시 해운대구 반여동,경상사고,0,0,1,0,차대차 - 기타,안전거리미확보,건조,맑음,교차로 - 교차로부근,승용,여,55세,상해없음,승용,여,52세,경상
2017062300100557,2017년 6월 23일 19시,금요일,부산광역시 수영구 남천동,경상사고,0,0,1,0,차대차 - 추돌,안전운전불이행,건조,맑음,단일로 - 교량,승용,남,41세,상해없음,승용,남,66세,경상
2017062300100558,2017년 6월 23일 19시,금요일,부산광역시 해운대구 재송동,경상사고,0,0,1,0,차대차 - 기타,안전운전불이행,젖음/습기,흐림,단일로 - 기타,승용,여,41세,상해없음,승용,남,34세,경상
2017062300100559,2017년 6월 23일 19시,금요일,부산광역시 강서구 대저1동,중상사고,0,2,0,0,차대사람 - 기타,안전운전불이행,건조,맑음,단일로 - 기타,승용,남,32세,상해없음,보행자,남,54세,중상
2017062300100651,2017년 6월 23일 22시,금요일,부산광역시 사하구 하단동,중상사고,0,1,0,0,차대차 - 기타,신호위반,건조,맑음,교차로 - 교차로안,이륜,남,18세,중상,승용,남,51세,상해없음
2017062300100690,2017년 6월 23일 23시,금요일,부산광역시 동래구 안락동,경상사고,0,0,1,1,차대차 - 기타,안전운전불이행,건조,맑음,교차로 - 교차로안,승합,남,54세,상해없음,원동기,남,36세,상해없음
2017062400100082,2017년 6월 24일 04시,토요일,부산광역시 해운대구 석대동,경상사고,0,0,1,0,차대차 - 정면충돌,안전운전불이행,건조,맑음,단일로 - 기타,승용,남,37세,상해없음,승용,남,52세,경상
2017062400100083,2017년 6월 24일 04시,토요일,부산광역시 사하구 다대동,중상사고,0,1,0,0,차대사람 - 차도통행중,안전운전불이행,건조,맑음,교차로 - 교차로안,승용,남,55세,상해없음,보행자,여,41세,중상
2017062400100093,2017년 6월 24일 05시,토요일,부산광역시 사하구 괴정동,경상사고,0,0,1,0,차대차 - 측면충돌,중앙선침범,건조,맑음,단일로 - 기타,승용,남,67세,상해없음,승용,남,53세,경상
2017062400100140,2017년 6월 24일 08시,토요일,부산광역시 금정구 부곡동,중상사고,0,1,0,0,차대차 - 측면충돌,교차로운행방법위반,건조,맑음,교차로 - 교차로안,승용,남,64세,상해없음,원동기,남,29세,중상
2017062400100141,2017년 6월 24일 08시,토요일,부산광역시 사하구 구평동,사망사고,1,0,0,0,차대차 - 기타,안전운전불이행,건조,맑음,단일로 - 기타,원동기,남,60세,사망,승용,남,67세,상해없음
2017062400100142,2017년 6월 24일 08시,토요일,부산광역시 사상구 괘법동,중상사고,0,1,0,0,차대사람 - 횡단중,안전운전불이행,건조,맑음,단일로 - 기타,승용,남,54세,상해없음,보행자,여,28세,중상
2017062400100169,2017년 6월 24일 09시,토요일,부산광역시 남구 대연동,경상사고,0,0,1,1,차대차 - 추돌,안전운전불이행,건조,맑음,기타 - 기타,승용,여,42세,상해없음,승용,남,36세,경상
2017062400100170,2017년 6월 24일 09시,토요일,부산광역시 금정구 금사동,중상사고,0,1,0,0,차량단독 - 전도전복 - 전도,안전운전불이행,건조,맑음,단일로 - 기타,승용,남,60세,중상,,,,
2017062400100171,2017년 6월 24일 09시,토요일,부산광역시 사하구 구평동,중상사고,0,1,0,0,차대사람 - 횡단중,신호위반,건조,맑음,교차로 - 교차로횡단보도내,원동기,남,81세,상해없음,보행자,남,75세,중상
2017062400100192,2017년 6월 24일 10시,토요일,부산광역시 동래구 낙민동,중상사고,0,1,0,0,차대차 - 기타,안전운전불이행,건조,맑음,단일로 - 기타,자전거,남,59세,상해없음,자전거,남,67세,중상
2017062400100218,2017년 6월 24일 11시,토요일,부산광역시 남구 용호동,경상사고,0,0,1,0,차대차 - 측면충돌,안전운전불이행,건조,맑음,단일로 - 기타,승용,남,25세,상해없음,자전거,남,19세,경상
2017062400100219,2017년 6월 24일 11시,토요일,부산광역시 남구 감만동,중상사고,0,1,0,0,차대차 - 기타,안전운전불이행,건조,맑음,단일로 - 기타,기타불명,기타불명,미분류,기타불명,이륜,남,67세,중상
2017062400100220,2017년 6월 24일 11시,토요일,부산광역시 북구 화명동,중상사고,0,1,0,0,차대사람 - 횡단중,안전운전불이행,건조,맑음,단일로 - 기타,승용,남,55세,상해없음,보행자,남,65세,중상
2017062400100245,2017년 6월 24일 12시,토요일,부산광역시 동래구 온천동,중상사고,0,1,0,0,차대차 - 측면충돌,안전거리미확보,건조,맑음,단일로 - 기타,승용,여,43세,상해없음,승용,여,44세,중상
2017062400100246,2017년 6월 24일 12시,토요일,부산광역시 해운대구 반여동,중상사고,0,1,0,0,차대차 - 추돌,안전거리미확보,건조,맑음,단일로 - 기타,승용,남,32세,상해없음,승용,남,57세,중상
2017062400100247,2017년 6월 24일 12시,토요일,부산광역시 사하구 감천동,경상사고,0,0,1,0,차대사람 - 횡단중,신호위반,건조,맑음,교차로 - 교차로횡단보도내,원동기,남,19세,상해없음,보행자,여,66세,경상
2017062400100279,2017년 6월 24일 13시,토요일,부산광역시 해운대구 재송동,경상사고,0,0,1,0,차대차 - 측면충돌,안전거리미확보,건조,맑음,단일로 - 기타,승용,남,55세,상해없음,승용,남,40세,경상
2017062400100280,2017년 6월 24일 13시,토요일,부산광역시 부산진구 가야동,경상사고,0,0,1,0,차대차 - 추돌,안전운전불이행,건조,맑음,단일로 - 기타,이륜,남,44세,상해없음,승용,여,62세,경상
2017062400100313,2017년 6월 24일 14시,토요일,부산광역시 서구 남부민동,경상사고,0,0,1,0,차대사람 - 기타,안전운전불이행,건조,맑음,단일로 - 기타,이륜,남,50세,상해없음,보행자,남,23세,경상
2017062400100314,2017년 6월 24일 14시,토요일,부산광역시 해운대구 우동,중상사고,0,1,4,0,차대차 - 추돌,안전운전불이행,건조,맑음,교차로 - 교차로부근,승용,남,44세,상해없음,승용,남,38세,경상
2017062400100349,2017년 6월 24일 15시,토요일,부산광역시 동래구 온천동,경상사고,0,0,1,0,차대차 - 추돌,교차로운행방법위반,건조,맑음,교차로 - 교차로안,이륜,남,17세,경상,이륜,남,19세,상해없음
2017062400100382,2017년 6월 24일 16시,토요일,부산광역시 중구 부평동1가,경상사고,0,0,1,0,차대차 - 기타,안전운전불이행,건조,흐림,단일로 - 기타,승용,남,70세,상해없음,승용,남,28세,경상
2017062400100383,2017년 6월 24일 16시,토요일,부산광역시 수영구 남천동,부상신고사고,0,0,0,1,차대차 - 측면충돌,중앙선침범,건조,맑음,단일로 - 기타,이륜,남,63세,부상신고,승용,남,68세,상해없음
2017062400100384,2017년 6월 24일 16시,토요일,부산광역시 영도구 동삼동,중상사고,0,1,1,0,차대차 - 측면충돌,안전운전불이행,건조,맑음,교차로 - 교차로안,승용,남,67세,상해없음,승용,남,32세,경상
2017062400100410,2017년 6월 24일 17시,토요일,부산광역시 남구 대연동,경상사고,0,0,1,0,차대사람 - 기타,안전운전불이행,건조,맑음,단일로 - 기타,승용,남,56세,상해없음,보행자,남,37세,경상
2017062400100411,2017년 6월 24일 17시,토요일,부산광역시 해운대구 재송동,중상사고,0,1,0,0,차대사람 - 길가장자리구역통행중,안전운전불이행,건조,맑음,단일로 - 기타,승용,남,55세,상해없음,보행자,여,56세,중상
2017062400100444,2017년 6월 24일 18시,토요일,부산광역시 수영구 광안동,부상신고사고,0,0,0,1,차대차 - 측면충돌,안전운전불이행,건조,맑음,교차로 - 교차로안,이륜,남,60세,부상신고,승용,남,48세,상해없음