사고번호,사고일시,요일,시군구,사고내용,사망자수,중상자수,경상자수,부상신고자수,사고유형,법규위반,노면상태,기상상태,도로형태,가해운전자 차종,가해운전자 성별,가해운전자 연령,가해운전자 상해정도,피해운전자 차종,피해운전자 성별,피해운전자 연령,피해운전자 상해정도
2017062400100523,2017년 6월 24일 21시,토요일,부산광역시 북구 구포동,경상사고,0,0,1,0,차대사람 - 횡단중,안전운전불이행,건조,맑음,단일로 - 기타,승용,남,41세,상해없음,보행자,여,49세,경상
2017062400100524,2017년 6월 24일 21시,토요일,부산광역시 금정구 남산동,경상사고,0,0,1,0,차대차 - 기타,직진우회전진행방해,젖음/습기,맑음,교차로 - 교차로안,승용,남,47세,상해없음,이륜,남,21세,경상
2017062400100525,2017년 6월 24일 21시,토요일,부산광역시 금정구 장전동,경상사고,0,0,3,0,차대차 - 측면충돌,신호위반,젖음/습기,흐림,교차로 - 교차로안,승용,여,30세,상해없음,승용,여,28세,경상
2017062400100556,2017년 6월 24일 22시,토요일,부산광역시 수영구 민락동,경상사고,0,0,1,0,차대사람 - 기타,안전운전불이행,건조,맑음,단일로 - 기타,승용,남,29세,상해없음,보행자,여,21세,경상
2017062400100591,2017년 6월 24일 23시,토요일,부산광역시 동래구 온천동,경상사고,0,0,1,0,차대차 - 기타,안전운전불이행,건조,맑음,교차로 - 교차로안,승용,남,64세,상해없음,승용,남,61세,상해없음
2017062500100019,2017년 6월 25일 00시,일요일,부산광역시 연제구 연산동,중상사고,0,1,1,0,차대차 - 측면충돌,안전거리미확보,건조,맑음,단일로 - 기타,승합,남,42세,상해없음,이륜,남,19세,경상
2017062500100020,2017년 6월 25일 00시,일요일,부산광역시 기장군 장안읍,중상사고,0,2,2,0,차대차 - 추돌,안전거리미확보,건조,맑음,단일로 - 기타,승용,남,47세,중상,승용,남,22세,경상
2017062500100054,2017년 6월 25일 02시,일요일,부산광역시 동래구 명장동,경상사고,0,0,1,0,차대차 - 후진중충돌,안전운전불이행,건조,맑음,단일로 - 기타,승용,남,25세,상해없음,승용,남,25세,경상
2017062500100055,2017년 6월 25일 02시,일요일,부산광역시 부산진구 부전동,경상사고,0,0,2,0,차대차 - 측면충돌,안전운전불이행,건조,맑음,교차로 - 교차로안,승용,남,57세,상해없음,승용,남,61세,경상
2017062500100066,2017년 6월 25일 03시,일요일,부산광역시 해운대구 반송동,중상사고,0,1,0,0,차대차 - 정면충돌,안전거리미확보,기타,맑음,단일로 - 기타,승용,여,58세,상해없음,이륜,남,25세,중상
2017062500100074,2017년 6월 25일 04시,일요일,부산광역시 사하구 감천동,중상사고,0,3,0,0,차대차 - 측면충돌,중앙선침범,건조,맑음,교차로 - 교차로부근,승용,남,58세,중상,건설기계,남,43세,상해없음
2017062500100102,2017년 6월 25일 07시,일요일,부산광역시 동구 좌천동,중상사고,0,1,0,0,차대사람 - 기타,안전운전불이행,건조,맑음,단일로 - 기타,승용,남,55세,상해없음,보행자,여,69세,중상
2017062500100103,2017년 6월 25일 07시,일요일,부산광역시 서구 충무동1가,부상신고사고,0,0,0,1,차대차 - 측면충돌,불법유턴,건조,맑음,교차로 - 교차로부근,이륜,남,77세,부상신고,승용,남,65세,상해없음
2017062500100104,2017년 6월 25일 07시,일요일,부산광역시 수영구 남천동,경상사고,0,0,1,0,차대차 - 측면충돌,신호위반,건조,맑음,교차로 - 교차로안,승용,남,39세,상해없음,승용,여,33세,경상
2017062500100181,2017년 6월 25일 12시,일요일,부산광역시 해운대구 좌동,중상사고,0,1,0,0,차대사람 - 횡단중,보행자보호의무위반,건조,맑음,교차로 - 교차로횡단보도내,승합,남,55세,상해없음,보행자,여,75세,중상
2017062500100242,2017년 6월 25일 15시,일요일,부산광역시 사하구 괴정동,부상신고사고,0,0,0,1,차대사람 - 기타,안전운전불이행,건조,맑음,단일로 - 기타,승합,남,42세,기타불명,보행자,남,63세,부상신고
2017062500100266,2017년 6월 25일 16시,일요일,부산광역시 영도구 봉래동2가,중상사고,0,2,0,0,차대차 - 추돌,직진우회전진행방해,건조,맑음,교차로 - 교차로안,승용,남,31세,상해없음,승용,남,53세,중상
2017062500100294,2017년 6월 25일 17시,일요일,부산광역시 부산진구 부전동,중상사고,0,1,0,0,차대사람 - 횡단중,안전운전불이행,건조,맑음,단일로 - 기타,승용,여,45세,상해없음,보행자,남,23세,중상
2017062500100295,2017년 6월 25일 17시,일요일,부산광역시 부산진구 부암동,경상사고,0,0,1,0,차대사람 - 횡단중,안전운전불이행,건조,맑음,단일로 - 기타,승용,남,38세,상해없음,보행자,남,4세,경상
2017062500100296,2017년 6월 25일 17시,일요일,부산광역시 강서구 명지동,경상사고,0,0,2,0,차대차 - 추돌,안전운전불이행,건조,맑음,단일로 - 기타,승용,남,24세,상해없음,승용,남,48세,경상
2017062500100297,2017년 6월 25일 17시,일요일,부산광역시 사상구 감전동,경상사고,0,0,1,0,차대차 - 측면충돌,신호위반,건조,맑음,교차로 - 교차로안,승합,남,53세,상해없음,화물,남,47세,경상
2017062500100325,2017년 6월 25일 18시,일요일,부산광역시 서구 토성동3가,경상사고,0,0,1,0,차대차 - 측면충돌,교차로운행방법위반,건조,맑음,교차로 - 교차로안,승용,남,35세,상해없음,원동기,남,36세,경상
2017062500100326,2017년 6월 25일 18시,일요일,부산광역시 부산진구 부전동,중상사고,0,1,0,0,차대차 - 기타,신호위반,건조,맑음,교차로 - 교차로안,승용,남,45세,상해없음,원동기,남,25세,중상
2017062500100357,2017년 6월 25일 19시,일요일,부산광역시 중구 중앙동6가,경상사고,0,0,1,0,차대차 - 측면충돌,신호위반,건조,맑음,교차로 - 교차로안,승용,남,56세,상해없음,이륜,남,29세,경상
2017062500100358,2017년 6월 25일 19시,일요일,부산광역시 북구 만덕동,경상사고,0,0,2,0,차대차 - 측면충돌,안전거리미확보,건조,맑음,교차로 - 교차로부근,승용,남,21세,상해없음,승용,여,55세,상해없음
2017062500100404,2017년 6월 25일 21시,일요일,부산광역시 수영구 광안동,경상사고,0,0,2,0,차대차 - 기타,교차로운행방법위반,건조,맑음,교차로 - 교차로안,특수,남,34세,상해없음,승용,여,29세,경상
2017062500100429,2017년 6월 25일 22시,일요일,부산광역시 수영구 광안동,부상신고사고,0,0,0,2,차대차 - 측면충돌,교차로운행방법위반,건조,맑음,교차로 - 교차로안,이륜,남,21세,부상신고,화물,남,63세,상해없음
2017062500100448,2017년 6월 25일 23시,일요일,부산광역시 동래구 안락동,중상사고,0,1,0,0,차대사람 - 횡단중,신호위반,건조,맑음,교차로 - 교차로횡단보도내,승용,여,62세,상해없음,보행자,여,20세,중상
2017062500100449,2017년 6월 25일 23시,일요일,부산광역시 금정구 구서동,경상사고,0,0,1,2,차대차 - 추돌,안전운전불이행,건조,맑음,교차로 - 교차로안,승용,남,57세,상해없음,승용,여,63세,부상신고
2017062600100021,2017년 6월 26일 00시,월요일,부산광역시 영도구 청학동,중상사고,0,1,1,0,차대차 - 기타,안전운전불이행,건조,맑음,단일로 - 기타,승용,여,37세,상해없음,이륜,남,18세,경상
2017062600100040,2017년 6월 26일 03시,월요일,부산광역시 동래구 낙민동,중상사고,0,1,0,0,차량단독 - 공작물충돌,안전운전불이행,건조,맑음,단일로 - 기타,자전거,남,45세,중상,,,,
2017062600100056,2017년 6월 26일 05시,월요일,부산광역시 부산진구 부전동,중상사고,0,1,1,0,차대차 - 정면충돌,신호위반,젖음/습기,비,교차로 - 교차로안,승용,남,62세,상해없음,이륜,남,69세,경상
2017062600100065,2017년 6월 26일 06시,월요일,부산광역시 부산진구 부전동,경상사고,0,0,1,0,차대차 - 추돌,안전운전불이행,젖음/습기,비,단일로 - 기타,이륜,남,42세,상해없음,승용,남,45세,경상
2017062600100085,2017년 6월 26일 07시,월요일,부산광역시 서구 서대신동3가,경상사고,0,0,1,0,차대차 - 추돌,안전운전불이행,건조,맑음,단일로 - 기타,승용,남,37세,상해없음,승용,남,46세,경상
2017062600100086,2017년 6월 26일 07시,월요일,부산광역시 북구 만덕동,경상사고,0,0,1,0,차대차 - 기타,안전운전불이행,건조,맑음,단일로 - 기타,건설기계,남,51세,상해없음,승용,여,38세,경상
2017062600100087,2017년 6월 26일 07시,월요일,부산광역시 기장군 기장읍,중상사고,0,1,0,0,차대차 - 정면충돌,중앙선침범,젖음/습기,비,단일로 - 기타,화물,남,57세,상해없음,승용,남,57세,중상
2017062600100122,2017년 6월 26일 08시,월요일,부산광역시 사상구 주례동,경상사고,0,0,1,0,차대차 - 후진중충돌,안전운전불이행,건조,맑음,단일로 - 기타,승용,여,37세,상해없음,승용,여,49세,경상
2017062600100157,2017년 6월 26일 09시,월요일,부산광역시 사상구 모라동,중상사고,0,1,0,0,차대차 - 측면충돌,신호위반,건조,맑음,교차로 - 교차로안,특수,남,38세,상해없음,이륜,남,45세,중상
2017062600100187,2017년 6월 26일 10시,월요일,부산광역시 사하구 감천동,중상사고,0,1,0,0,차대사람 - 횡단중,안전운전불이행,건조,맑음,단일로 - 기타,건설기계,남,35세,상해없음,보행자,남,79세,중상
2017062600100213,2017년 6월 26일 11시,월요일,부산광역시 금정구 부곡동,경상사고,0,0,1,0,차대차 - 기타,안전거리미확보,건조,맑음,교차로 - 교차로안,승용,남,40세,상해없음,원동기,남,74세,경상
2017062600100242,2017년 6월 26일 12시,월요일,부산광역시 수영구 민락동,경상사고,0,0,2,0,차대차 - 측면충돌,안전운전불이행,건조,맑음,단일로 - 기타,건설기계,남,43세,상해없음,승용,여,38세,경상
2017062600100243,2017년 6월 26일 12시,월요일,부산광역시 연제구 연산동,경상사고,0,0,1,0,차대사람 - 길가장자리구역통행중,안전운전불이행,건조,흐림,단일로 - 기타,승합,남,28세,상해없음,보행자,여,34세,경상
2017062600100275,2017년 6월 26일 13시,월요일,부산광역시 해운대구 우동,중상사고,0,1,0,0,차대차 - 추돌,안전거리미확보,건조,맑음,단일로 - 기타,화물,남,70세,상해없음,승용,여,31세,중상
2017062600100310,2017년 6월 26일 14시,월요일,부산광역시 강서구 송정동,경상사고,0,0,1,1,차대차 - 측면충돌,신호위반,건조,맑음,교차로 - 교차로안,승합,남,52세,상해없음,화물,남,54세,경상
2017062600100346,2017년 6월 26일 15시,월요일,부산광역시 동래구 온천동,경상사고,0,0,1,1,차대차 - 측면충돌,안전운전불이행,건조,맑음,단일로 - 기타,승용,여,41세,부상신고,승용,여,53세,경상
2017062600100347,2017년 6월 26일 15시,월요일,부산광역시 부산진구 전포동,경상사고,0,0,1,0,차대차 - 정면충돌,교차로운행방법위반,건조,맑음,교차로 - 교차로안,이륜,남,25세,경상,화물,남,43세,상해없음
2017062600100348,2017년 6월 26일 15시,월요일,부산광역시 금정구 서동,경상사고,0,0,1,0,차대차 - 기타,안전운전불이행,건조,맑음,단일로 - 기타,승용,여,51세,상해없음,원동기,남,18세,경상
2017062600100349,2017년 6월 26일 15시,월요일,부산광역시 사상구 학장동,경상사고,0,0,2,0,차대차 - 측면충돌,직진우회전진행방해,건조,흐림,교차로 - 교차로안,화물,남,58세,상해없음,화물,남,58세,경상
2017062600100388,2017년 6월 26일 16시,월요일,부산광역시 사하구 하단동,경상사고,0,0,1,0,차대사람 - 횡단중,안전운전불이행,건조,맑음,단일로 - 기타,승합,남,57세,상해없음,보행자,남,74세,경상
2017062600100432,2017년 6월 26일 17시,월요일,부산광역시 부산진구 전포동,경상사고,0,0,1,0,차대사람 - 횡단중,안전운전불이행,건조,맑음,단일로 - 기타,승용,여,54세,상해없음,보행자,여,21세,경상
2017062600100433,2017년 6월 26일 17시,월요일,부산광역시 강서구 대저2동,경상사고,0,0,1,0,차대차 - 기타,안전운전불이행,건조,맑음,단일로 - 교량,승용,남,61세,경상,특수,남,37세,상해없음
2017062600100469,2017년 6월 26일 18시,월요일,부산광역시 동래구 명륜동,경상사고,0,0,1,0,차대차 - 측면충돌,안전운전불이행,건조,맑음,단일로 - 기타,승용,여,45세,상해없음,원동기,남,28세,경상
2017062600100470,2017년 6월 26일 18시,월요일,부산광역시 연제구 연산동,경상사고,0,0,1,0,차대차 - 측면충돌,교차로운행방법위반,건조,맑음,교차로 - 교차로안,이륜,남,17세,상해없음,이륜,남,36세,경상
2017062600100471,2017년 6월 26일 18시,월요일,부산광역시 기장군 기장읍,경상사고,0,0,2,0,차대차 - 기타,안전운전불이행,건조,맑음,단일로 - 기타,승용,남,44세,경상,승용,남,38세,경상
2017062600100501,2017년 6월 26일 19시,월요일,부산광역시 남구 용당동,경상사고,0,0,1,0,차대차 - 측면충돌,중앙선침범,건조,맑음,단일로 - 기타,승용,남,59세,상해없음,화물,남,34세,경상
2017062600100502,2017년 6월 26일 19시,월요일,부산광역시 북구 덕천동,사망사고,1,0,0,0,차대사람 - 횡단중,안전운전불이행,건조,맑음,단일로 - 기타,화물,남,56세,상해없음,보행자,여,56세,사망
2017062600100522,2017년 6월 26일 20시,월요일,부산광역시 동래구 수안동,중상사고,0,1,0,0,차대차 - 측면충돌,안전거리미확보,건조,맑음,교차로 - 교차로안,승용,남,72세,상해없음,원동기,남,47세,중상
2017062600100523,2017년 6월 26일 20시,월요일,부산광역시 동래구 수안동,중상사고,0,2,1,0,차대차 - 측면충돌,차로위반,건조,맑음,교차로 - 교차로부근,승용,남,55세,상해없음,승용,여,53세,중상
2017062700100051,2017년 6월 27일 01시,화요일,부산광역시 동래구 명륜동,경상사고,0,0,2,0,차대차 - 기타,안전운전불이행,건조,맑음,교차로 - 교차로부근,승용,남,49세,상해없음,이륜,남,25세,경상
2017062700100093,2017년 6월 27일 07시,화요일,부산광역시 해운대구 우동,경상사고,0,0,1,0,차대차 - 측면충돌,안전거리미확보,건조,맑음,단일로 - 교량,승용,남,27세,상해없음,승용,남,49세,경상
2017062700100169,2017년 6월 27일 09시,화요일,부산광역시 사하구 신평동,경상사고,0,0,3,0,차대차 - 측면충돌,안전운전불이행,건조,흐림,교차로 - 교차로안,승용,남,58세,상해없음,승용,남,65세,경상
2017062700100170,2017년 6월 27일 09시,화요일,부산광역시 기장군 기장읍,중상사고,0,7,0,0,차대차 - 기타,안전운전불이행,건조,맑음,단일로 - 기타,승용,여,49세,중상,승용,여,72세,상해없음
2017062700100198,2017년 6월 27일 10시,화요일,부산광역시 사하구 신평동,경상사고,0,0,1,0,차대차 - 기타,차로위반,건조,맑음,교차로 - 교차로부근,화물,남,47세,상해없음,승용,남,41세,경상
2017062700100199,2017년 6월 27일 10시,화요일,부산광역시 사하구 다대동,중상사고,0,1,0,0,차대차 - 기타,안전운전불이행,건조,맑음,단일로 - 기타,화물,남,33세,상해없음,이륜,남,55세,중상
2017062700100228,2017년 6월 27일 11시,화요일,부산광역시 수영구 남천동,중상사고,0,1,0,0,차대차 - 측면충돌,중앙선침범,건조,맑음,단일로 - 기타,승용,남,40세,상해없음,이륜,남,36세,중상
2017062700100229,2017년 6월 27일 11시,화요일,부산광역시 북구 만덕동,경상사고,0,0,1,0,차대차 - 측면충돌,차로위반,건조,맑음,교차로 - 교차로부근,승용,남,52세,상해없음,승용,남,44세,경상
2017062700100230,2017년 6월 27일 11시,화요일,부산광역시 동래구 사직동,중상사고,0,1,0,0,차대차 - 측면충돌,안전운전불이행,건조,맑음,단일로 - 기타,화물,남,44세,상해없음,승용,남,51세,중상
2017062700100231,2017년 6월 27일 11시,화요일,부산광역시 동래구 낙민동,중상사고,0,1,0,0,차대차 - 측면충돌,차로위반,건조,맑음,단일로 - 기타,승용,남,62세,상해없음,건설기계,남,53세,중상
2017062700100251,2017년 6월 27일 12시,화요일,부산광역시 강서구 송정동,경상사고,0,0,3,0,차대차 - 정면충돌,안전운전불이행,건조,맑음,교차로 - 교차로부근,화물,남,45세,상해없음,화물,남,66세,경상
2017062700100285,2017년 6월 27일 13시,화요일,부산광역시 동래구 낙민동,경상사고,0,0,1,0,차대차 - 측면충돌,안전운전불이행,건조,맑음,단일로 - 기타,승용,남,18세,상해없음,자전거,여,26세,경상
2017062700100286,2017년 6월 27일 13시,화요일,부산광역시 영도구 남항동2가,경상사고,0,0,1,0,차대차 - 기타,안전운전불이행,건조,맑음,교차로 - 교차로안,화물,남,32세,상해없음,승용,여,32세,경상
2017062700100287,2017년 6월 27일 13시,화요일,부산광역시 강서구 신호동,중상사고,0,1,0,0,차대차 - 측면충돌,중앙선침범,건조,맑음,단일로 - 기타,승용,여,48세,상해없음,화물,남,27세,중상
2017062700100288,2017년 6월 27일 13시,화요일,부산광역시 강서구 송정동,경상사고,0,0,1,0,차대차 - 추돌,안전운전불이행,건조,맑음,단일로 - 기타,승용,남,25세,상해없음,화물,남,67세,경상
2017062700100319,2017년 6월 27일 14시,화요일,부산광역시 북구 구포동,중상사고,0,1,0,0,차대사람 - 횡단중,안전운전불이행,건조,맑음,단일로 - 기타,승합,남,61세,상해없음,보행자,남,47세,중상
2017062700100320,2017년 6월 27일 14시,화요일,부산광역시 부산진구 부전동,중상사고,0,1,0,0,차대차 - 측면충돌,신호위반,건조,맑음,단일로 - 기타,이륜,남,38세,중상,화물,남,54세,상해없음
2017062700100321,2017년 6월 27일 14시,화요일,부산광역시 강서구 구랑동,경상사고,0,0,1,0,차대차 - 추돌,안전거리미확보,건조,맑음,단일로 - 기타,건설기계,남,55세,상해없음,화물,남,33세,경상
2017062700100348,2017년 6월 27일 15시,화요일,부산광역시 해운대구 우동,경상사고,0,0,1,1,차대차 - 정면충돌,안전운전불이행,건조,맑음,단일로 - 교량,승용,남,24세,상해없음,승용,남,31세,상해없음
2017062700100349,2017년 6월 27일 15시,화요일,부산광역시 사하구 하단동,경상사고,0,0,2,0,차대차 - 측면충돌,차로위반,건조,흐림,단일로 - 기타,건설기계,남,57세,상해없음,승용,여,39세,경상
2017062700100386,2017년 6월 27일 16시,화요일,부산광역시 영도구 청학동,경상사고,0,0,1,0,차대사람 - 기타,안전운전불이행,건조,맑음,단일로 - 기타,승용,여,53세,상해없음,보행자,여,60세,경상
2017062700100425,2017년 6월 27일 17시,화요일,부산광역시 동구 수정동,중상사고,0,1,0,0,차대사람 - 횡단중,안전운전불이행,건조,맑음,단일로 - 기타,화물,남,44세,상해없음,보행자,여,87세,중상
2017062700100426,2017년 6월 27일 17시,화요일,부산광역시 동래구 명륜동,부상신고사고,0,0,0,1,차대차 - 기타,안전거리미확보,건조,맑음,단일로 - 기타,승용,남,51세,상해없음,승용,여,27세,상해없음
2017062700100460,2017년 6월 27일 18시,화요일,부산광역시 서구 동대신동3가,경상사고,0,0,1,0,차대사람 - 기타,안전운전불이행,건조,맑음,기타 - 기타,승용,남,57세,상해없음,보행자,여,11세,경상
2017062700100508,2017년 6월 27일 19시,화요일,부산광역시 금정구 장전동,경상사고,0,0,1,0,차대차 - 측면충돌,직진우회전진행방해,건조,맑음,교차로 - 교차로안,화물,남,35세,상해없음,승용,남,47세,경상
2017062700100590,2017년 6월 27일 22시,화요일,부산광역시 남구 대연동,경상사고,0,0,1,0,차대차 - 측면충돌,안전운전불이행,건조,맑음,교차로 - 교차로부근,승용,여,42세,상해없음,승용,여,28세,경상
2017062800100055,2017년 6월 28일 02시,수요일,부산광역시 동래구 온천동,경상사고,0,0,1,0,차량단독 - 기타,기타,건조,맑음,단일로 - 기타,승합,남,57세,상해없음,,,,
2017062800100058,2017년 6월 28일 03시,수요일,부산광역시 해운대구 우동,경상사고,0,0,1,0,차대사람 - 기타,안전운전불이행,건조,맑음,단일로 - 기타,이륜,남,24세,상해없음,보행자,남,32세,경상
2017062800100059,2017년 6월 28일 03시,수요일,부산광역시 금정구 부곡동,경상사고,0,0,1,0,차대차 - 기타,안전운전불이행,건조,맑음,단일로 - 기타,승용,남,26세,상해없음,자전거,남,58세,경상
2017062800100087,2017년 6월 28일 06시,수요일,부산광역시 남구 대연동,중상사고,0,1,3,0,차대차 - 기타,중앙선침범,건조,맑음,단일로 - 기타,승용,남,25세,경상,승용,남,37세,경상
2017062800100088,2017년 6월 28일 06시,수요일,부산광역시 사하구 당리동,경상사고,0,0,3,0,차대차 - 추돌,안전거리미확보,건조,맑음,단일로 - 기타,승용,남,27세,상해없음,승용,남,47세,경상
2017062800100104,2017년 6월 28일 07시,수요일,부산광역시 동래구 온천동,경상사고,0,0,2,0,차대차 - 측면충돌,안전운전불이행,건조,맑음,교차로 - 교차로안,승용,남,66세,상해없음,승용,남,63세,경상
2017062800100159,2017년 6월 28일 09시,수요일,부산광역시 수영구 남천동,중상사고,0,1,0,0,차대사람 - 기타,교차로운행방법위반,건조,맑음,교차로 - 교차로안,승용,여,49세,상해없음,보행자,남,74세,중상
2017062800100160,2017년 6월 28일 09시,수요일,부산광역시 북구 구포동,중상사고,0,1,0,0,차대사람 - 횡단중,안전운전불이행,건조,맑음,단일로 - 기타,승용,여,56세,상해없음,보행자,여,55세,중상
2017062800100161,2017년 6월 28일 09시,수요일,부산광역시 금정구 구서동,경상사고,0,0,1,0,차대차 - 측면충돌,교차로운행방법위반,건조,맑음,교차로 - 교차로안,승용,남,80세,상해없음,승용,여,33세,경상
2017062800100162,2017년 6월 28일 09시,수요일,부산광역시 강서구 명지동,중상사고,0,1,1,0,차대사람 - 횡단중,신호위반,건조,맑음,단일로 - 기타,승용,남,65세,상해없음,보행자,여,29세,중상
2017062800100163,2017년 6월 28일 09시,수요일,부산광역시 강서구 대저2동,경상사고,0,0,1,0,차대차 - 기타,안전운전불이행,건조,맑음,단일로 - 기타,화물,남,38세,상해없음,자전거,남,74세,경상
2017062800100190,2017년 6월 28일 10시,수요일,부산광역시 금정구 금사동,중상사고,0,1,0,0,차대차 - 추돌,신호위반,건조,맑음,교차로 - 교차로안,승용,여,51세,상해없음,이륜,남,53세,중상
2017062800100191,2017년 6월 28일 10시,수요일,부산광역시 사하구 신평동,중상사고,0,1,0,0,차대차 - 측면충돌,안전거리미확보,건조,맑음,단일로 - 기타,승용,남,68세,상해없음,원동기,남,50세,중상
2017062800100192,2017년 6월 28일 10시,수요일,부산광역시 사상구 덕포동,중상사고,0,1,0,0,차대사람 - 길가장자리구역통행중,안전운전불이행,건조,맑음,단일로 - 기타,승용,여,62세,상해없음,보행자,여,39세,중상
2017062800100217,2017년 6월 28일 11시,수요일,부산광역시 부산진구 범천동,중상사고,0,2,0,0,차대차 - 기타,교차로운행방법위반,건조,맑음,교차로 - 교차로부근,승용,여,46세,상해없음,승용,남,41세,중상
2017062800100218,2017년 6월 28일 11시,수요일,부산광역시 강서구 대저1동,경상사고,0,0,2,0,차대차 - 측면충돌,차로위반,건조,맑음,기타 - 기타,승용,여,51세,상해없음,건설기계,남,60세,상해없음
2017062800100232,2017년 6월 28일 12시,수요일,부산광역시 부산진구 부암동,중상사고,0,1,0,0,차대차 - 정면충돌,안전운전불이행,건조,맑음,단일로 - 기타,승용,남,76세,상해없음,자전거,남,80세,중상
2017062800100256,2017년 6월 28일 13시,수요일,부산광역시 기장군 기장읍,경상사고,0,0,1,0,차대차 - 기타,안전운전불이행,건조,맑음,교차로 - 교차로안,승용,남,71세,상해없음,승용,여,41세,경상
2017062800100284,2017년 6월 28일 14시,수요일,부산광역시 서구 동대신동2가,부상신고사고,0,0,0,1,차대차 - 추돌,안전거리미확보,건조,맑음,단일로 - 기타,건설기계,남,53세,부상신고,건설기계,남,69세,상해없음
2017062800100285,2017년 6월 28일 14시,수요일,부산광역시 동래구 낙민동,경상사고,0,0,2,0,차대차 - 추돌,안전거리미확보,건조,맑음,단일로 - 기타,승용,남,44세,상해없음,승용,남,53세,경상
2017062800100286,2017년 6월 28일 14시,수요일,부산광역시 부산진구 부전동,중상사고,0,2,2,0,차대차 - 추돌,안전운전불이행,건조,맑음,교차로 - 교차로부근,승합,남,37세,상해없음,승용,남,47세,중상
2017062800100287,2017년 6월 28일 14시,수요일,부산광역시 사상구 엄궁동,중상사고,0,1,0,0,차대사람 - 기타,기타,건조,맑음,단일로 - 기타,승합,남,56세,상해없음,보행자,여,78세,중상
2017062800100288,2017년 6월 28일 14시,수요일,부산광역시 사상구 학장동,경상사고,0,0,1,0,차대차 - 측면충돌,안전운전불이행,건조,맑음,단일로 - 기타,화물,남,55세,상해없음,화물,남,43세,경상
2017062800100289,2017년 6월 28일 14시,수요일,부산광역시 기장군 정관읍,경상사고,0,0,1,0,차대차 - 정면충돌,중앙선침범,건조,맑음,교차로 - 교차로부근,승용,여,54세,경상,화물,남,44세,상해없음
2017062800100335,2017년 6월 28일 16시,수요일,부산광역시 해운대구 재송동,중상사고,0,1,0,0,차대차 - 기타,안전운전불이행,건조,흐림,기타 - 기타,승용,여,51세,상해없음,승용,여,42세,상해없음
2017062800100336,2017년 6월 28일 16시,수요일,부산광역시 사하구 괴정동,경상사고,0,0,3,0,차대차 - 기타,안전운전불이행,건조,맑음,단일로 - 기타,승용,남,37세,상해없음,승용,여,41세,경상
2017062800100337,2017년 6월 28일 16시,수요일,부산광역시 연제구 연산동,중상사고,0,1,0,0,차대차 - 측면충돌,안전거리미확보,건조,맑음,단일로 - 기타,승용,여,56세,상해없음,이륜,남,21세,중상
2017062800100372,2017년 6월 28일 17시,수요일,부산광역시 동래구 사직동,부상신고사고,0,0,0,1,차대차 - 측면충돌,안전운전불이행,건조,맑음,단일로 - 기타,이륜,남,21세,부상신고,자전거,남,13세,상해없음
2017062800100373,2017년 6월 28일 17시,수요일,부산광역시 사상구 주례동,경상사고,0,0,1,0,차대차 - 측면충돌,안전거리미확보,건조,맑음,교차로 - 교차로부근,승용,남,64세,상해없음,승용,남,52세,경상
2017062800100374,2017년 6월 28일 17시,수요일,부산광역시 사상구 감전동,경상사고,0,0,1,0,차대차 - 측면충돌,안전운전불이행,건조,맑음,교차로 - 교차로안,승용,남,55세,경상,승용,남,34세,상해없음
2017062800100417,2017년 6월 28일 18시,수요일,부산광역시 영도구 영선동4가,중상사고,0,1,0,0,차대차 - 정면충돌,안전운전불이행,건조,맑음,교차로 - 교차로부근,승용,여,51세,상해없음,이륜,남,36세,중상
2017062800100418,2017년 6월 28일 18시,수요일,부산광역시 해운대구 우동,부상신고사고,0,0,0,2,차대차 - 측면충돌,안전거리미확보,건조,맑음,교차로 - 교차로부근,승용,남,58세,상해없음,승용,남,34세,부상신고
2017062800100419,2017년 6월 28일 18시,수요일,부산광역시 수영구 망미동,중상사고,0,1,0,0,차대사람 - 차도통행중,안전운전불이행,건조,맑음,단일로 - 기타,승용,남,42세,상해없음,보행자,여,67세,중상
2017062800100495,2017년 6월 28일 20시,수요일,부산광역시 기장군 장안읍,사망사고,1,0,0,0,차대사람 - 횡단중,안전운전불이행,건조,맑음,교차로 - 교차로부근,승합,남,63세,상해없음,보행자,여,66세,사망
2017062800100554,2017년 6월 28일 22시,수요일,부산광역시 중구 부평동1가,중상사고,0,1,2,0,차대차 - 기타,신호위반,건조,맑음,교차로 - 교차로안,승용,여,57세,경상,승용,남,60세,경상
2017062800100555,2017년 6월 28일 22시,수요일,부산광역시 연제구 거제동,중상사고,0,1,0,0,차대차 - 측면충돌,안전운전불이행,건조,맑음,교차로 - 교차로안,승용,남,37세,상해없음,자전거,남,49세,중상
2017062800100556,2017년 6월 28일 22시,수요일,부산광역시 사상구 엄궁동,부상신고사고,0,0,0,1,차대차 - 측면충돌,안전운전불이행,건조,맑음,기타 - 기타,기타불명,기타불명,미분류,기타불명,자전거,여,26세,부상신고
2017062800100582,2017년 6월 28일 23시,수요일,부산광역시 남구 용당동,경상사고,0,0,1,0,차대차 - 측면충돌,신호위반,건조,맑음,교차로 - 교차로안,승용,남,73세,상해없음,승용,남,43세,경상
2017062900100025,2017년 6월 29일 00시,목요일,부산광역시 강서구 강동동,중상사고,0,1,2,0,차대차 - 정면충돌,안전운전불이행,건조,맑음,단일로 - 기타,승용,남,67세,상해없음,승합,남,66세,중상