사고번호,사고일시,요일,시군구,사고내용,사망자수,중상자수,경상자수,부상신고자수,사고유형,법규위반,노면상태,기상상태,도로형태,가해운전자 차종,가해운전자 성별,가해운전자 연령,가해운전자 상해정도,피해운전자 차종,피해운전자 성별,피해운전자 연령,피해운전자 상해정도
2017062900100026,2017년 6월 29일 00시,목요일,부산광역시 사상구 엄궁동,부상신고사고,0,0,0,1,차대차 - 추돌,안전운전불이행,건조,맑음,교차로 - 교차로부근,이륜,남,16세,부상신고,화물,기타불명,미분류,기타불명
2017062900100036,2017년 6월 29일 01시,목요일,부산광역시 동래구 수안동,경상사고,0,0,1,0,차대차 - 측면충돌,안전거리미확보,젖음/습기,비,단일로 - 기타,승용,남,62세,상해없음,승용,여,50세,경상
2017062900100037,2017년 6월 29일 01시,목요일,부산광역시 사상구 감전동,사망사고,1,0,0,0,차량단독 - 공작물충돌,안전운전불이행,건조,맑음,기타 - 기타,승용,남,58세,사망,,,,
2017062900100043,2017년 6월 29일 02시,목요일,부산광역시 연제구 거제동,중상사고,0,1,0,0,차대차 - 측면충돌,신호위반,건조,맑음,교차로 - 교차로안,승용,남,24세,상해없음,승용,남,70세,중상
2017062900100066,2017년 6월 29일 06시,목요일,부산광역시 사상구 덕포동,경상사고,0,0,1,0,차대차 - 측면충돌,안전운전불이행,건조,흐림,단일로 - 기타,승용,남,69세,상해없음,자전거,남,59세,경상
2017062900100107,2017년 6월 29일 08시,목요일,부산광역시 사하구 신평동,중상사고,0,1,0,0,차대사람 - 기타,교차로운행방법위반,건조,맑음,교차로 - 교차로안,화물,남,48세,상해없음,보행자,남,57세,중상
2017062900100142,2017년 6월 29일 09시,목요일,부산광역시 강서구 대저1동,중상사고,0,1,1,0,차대차 - 기타,신호위반,건조,맑음,교차로 - 교차로부근,화물,남,59세,상해없음,승용,남,63세,경상
2017062900100143,2017년 6월 29일 09시,목요일,부산광역시 사상구 모라동,중상사고,0,1,0,0,차대차 - 측면충돌,안전운전불이행,건조,맑음,교차로 - 교차로안,화물,남,59세,상해없음,이륜,남,73세,중상
2017062900100169,2017년 6월 29일 10시,목요일,부산광역시 동구 좌천동,경상사고,0,0,1,0,차량단독 - 기타,안전운전불이행,건조,맑음,단일로 - 기타,승용,남,70세,상해없음,,,,
2017062900100170,2017년 6월 29일 10시,목요일,부산광역시 남구 감만동,경상사고,0,0,2,0,차대차 - 측면충돌,신호위반,건조,맑음,교차로 - 교차로안,특수,남,53세,상해없음,승용,남,36세,경상
2017062900100171,2017년 6월 29일 10시,목요일,부산광역시 남구 대연동,경상사고,0,0,1,4,차대차 - 기타,교차로운행방법위반,건조,맑음,교차로 - 교차로부근,승용,남,46세,부상신고,승용,여,29세,경상
2017062900100172,2017년 6월 29일 10시,목요일,부산광역시 강서구 대저1동,경상사고,0,0,1,0,차대차 - 측면충돌,중앙선침범,건조,맑음,교차로 - 교차로부근,승용,남,71세,상해없음,승용,남,45세,경상
2017062900100173,2017년 6월 29일 10시,목요일,부산광역시 사상구 감전동,부상신고사고,0,0,0,1,차대차 - 측면충돌,안전운전불이행,건조,맑음,교차로 - 교차로안,원동기,남,55세,부상신고,승용,남,64세,상해없음
2017062900100199,2017년 6월 29일 11시,목요일,부산광역시 해운대구 우동,중상사고,0,2,1,0,차대차 - 추돌,안전운전불이행,건조,맑음,단일로 - 기타,승용,남,69세,상해없음,화물,남,40세,중상
2017062900100219,2017년 6월 29일 12시,목요일,부산광역시 동구 초량동,중상사고,0,1,0,0,차대사람 - 기타,보행자보호의무위반,건조,맑음,단일로 - 기타,승용,남,32세,상해없음,보행자,여,34세,중상
2017062900100220,2017년 6월 29일 12시,목요일,부산광역시 남구 대연동,경상사고,0,0,1,0,차대사람 - 차도통행중,안전운전불이행,건조,맑음,단일로 - 기타,이륜,남,23세,상해없음,보행자,여,67세,경상
2017062900100221,2017년 6월 29일 12시,목요일,부산광역시 남구 우암동,경상사고,0,0,1,0,차대사람 - 보도통행중,기타,건조,맑음,단일로 - 기타,원동기,남,72세,상해없음,보행자,남,35세,경상
2017062900100222,2017년 6월 29일 12시,목요일,부산광역시 동래구 안락동,중상사고,0,1,0,0,차대사람 - 기타,안전운전불이행,건조,맑음,단일로 - 기타,승용,남,58세,상해없음,보행자,남,25세,중상
2017062900100223,2017년 6월 29일 12시,목요일,부산광역시 사하구 신평동,중상사고,0,1,0,0,차량단독 - 기타,안전운전불이행,건조,맑음,단일로 - 기타,원동기,남,75세,상해없음,,,,
2017062900100273,2017년 6월 29일 14시,목요일,부산광역시 남구 용호동,경상사고,0,0,1,0,차량단독 - 기타,안전운전불이행,건조,맑음,단일로 - 기타,승합,남,60세,상해없음,,,,
2017062900100299,2017년 6월 29일 15시,목요일,부산광역시 남구 용호동,중상사고,0,2,1,0,차대차 - 측면충돌,안전운전불이행,젖음/습기,맑음,단일로 - 기타,화물,남,34세,상해없음,승용,여,39세,중상
2017062900100300,2017년 6월 29일 15시,목요일,부산광역시 금정구 서동,경상사고,0,0,1,0,차대사람 - 횡단중,안전운전불이행,건조,맑음,교차로 - 교차로안,승용,여,39세,상해없음,보행자,여,51세,경상
2017062900100333,2017년 6월 29일 16시,목요일,부산광역시 동구 초량동,중상사고,0,1,1,0,차대차 - 기타,안전거리미확보,건조,맑음,단일로 - 기타,특수,남,46세,상해없음,승용,남,74세,중상
2017062900100334,2017년 6월 29일 16시,목요일,부산광역시 동래구 낙민동,경상사고,0,0,1,0,차대차 - 기타,안전운전불이행,건조,맑음,단일로 - 기타,승용,남,40세,상해없음,승합,남,54세,상해없음
2017062900100335,2017년 6월 29일 16시,목요일,부산광역시 금정구 부곡동,부상신고사고,0,0,0,1,차대사람 - 횡단중,안전운전불이행,건조,맑음,교차로 - 교차로안,기타불명,기타불명,미분류,기타불명,보행자,여,12세,부상신고
2017062900100336,2017년 6월 29일 16시,목요일,부산광역시 연제구 거제동,경상사고,0,0,1,0,차대차 - 측면충돌,안전거리미확보,건조,맑음,교차로 - 교차로부근,승용,남,52세,상해없음,승용,남,45세,경상
2017062900100375,2017년 6월 29일 17시,목요일,부산광역시 수영구 남천동,경상사고,0,0,1,0,차대차 - 측면충돌,신호위반,건조,맑음,단일로 - 기타,승용,남,54세,상해없음,승용,남,50세,경상
2017062900100376,2017년 6월 29일 17시,목요일,부산광역시 북구 덕천동,경상사고,0,0,1,0,차대차 - 측면충돌,안전운전불이행,건조,맑음,단일로 - 기타,승용,여,55세,상해없음,승합,여,52세,경상
2017062900100377,2017년 6월 29일 17시,목요일,부산광역시 부산진구 부전동,경상사고,0,0,1,1,차대차 - 기타,교차로운행방법위반,건조,맑음,교차로 - 교차로안,승용,남,34세,경상,승용,여,55세,부상신고
2017062900100378,2017년 6월 29일 17시,목요일,부산광역시 기장군 정관읍,중상사고,0,2,1,0,차대차 - 추돌,안전거리미확보,건조,맑음,교차로 - 교차로안,승합,남,54세,상해없음,승용,여,33세,중상
2017062900100414,2017년 6월 29일 18시,목요일,부산광역시 금정구 장전동,경상사고,0,0,1,0,차대차 - 기타,안전운전불이행,건조,맑음,단일로 - 기타,원동기,남,32세,경상,승용,남,64세,상해없음
2017062900100462,2017년 6월 29일 19시,목요일,부산광역시 동래구 온천동,부상신고사고,0,0,0,1,차대차 - 기타,안전운전불이행,젖음/습기,비,단일로 - 기타,기타불명,기타불명,미분류,기타불명,이륜,남,19세,부상신고
2017062900100494,2017년 6월 29일 20시,목요일,부산광역시 사하구 다대동,경상사고,0,0,1,0,차대사람 - 기타,보행자보호의무위반,건조,맑음,교차로 - 교차로안,화물,남,37세,상해없음,보행자,여,11세,경상
2017062900100535,2017년 6월 29일 21시,목요일,부산광역시 수영구 광안동,경상사고,0,0,4,0,차대차 - 측면충돌,안전운전불이행,건조,맑음,단일로 - 기타,승용,여,45세,상해없음,승용,남,22세,경상
2017062900100536,2017년 6월 29일 21시,목요일,부산광역시 부산진구 가야동,중상사고,0,1,0,0,차대사람 - 기타,안전운전불이행,건조,맑음,단일로 - 기타,승용,남,50세,상해없음,보행자,여,48세,중상
2017062900100537,2017년 6월 29일 21시,목요일,부산광역시 부산진구 부암동,경상사고,0,0,1,0,차대사람 - 횡단중,안전운전불이행,젖음/습기,흐림,단일로 - 기타,이륜,남,18세,상해없음,보행자,남,19세,경상
2017062900100538,2017년 6월 29일 21시,목요일,부산광역시 사하구 괴정동,부상신고사고,0,0,0,1,차대사람 - 기타,중앙선침범,건조,맑음,단일로 - 기타,승용,남,70세,상해없음,보행자,남,57세,부상신고
2017062900100567,2017년 6월 29일 22시,목요일,부산광역시 동래구 안락동,경상사고,0,0,1,0,차대차 - 측면충돌,신호위반,젖음/습기,비,교차로 - 교차로안,승용,남,54세,상해없음,승용,남,21세,경상
2017062900100568,2017년 6월 29일 22시,목요일,부산광역시 부산진구 연지동,중상사고,0,1,1,0,차대사람 - 횡단중,신호위반,젖음/습기,비,단일로 - 기타,승용,남,68세,상해없음,보행자,여,23세,중상
2017062900100592,2017년 6월 29일 23시,목요일,부산광역시 남구 문현동,중상사고,0,1,0,0,차대사람 - 기타,안전운전불이행,젖음/습기,비,단일로 - 기타,승용,남,49세,상해없음,보행자,남,33세,중상
2017062900100593,2017년 6월 29일 23시,목요일,부산광역시 부산진구 부전동,부상신고사고,0,0,0,1,차대차 - 측면충돌,안전운전불이행,젖음/습기,비,단일로 - 기타,이륜,남,21세,부상신고,승용,남,41세,상해없음
2017063000100019,2017년 6월 30일 00시,금요일,부산광역시 해운대구 좌동,경상사고,0,0,1,0,차대사람 - 횡단중,신호위반,젖음/습기,비,단일로 - 기타,승용,남,54세,상해없음,보행자,남,22세,경상
2017063000100053,2017년 6월 30일 02시,금요일,부산광역시 중구 대청동4가,사망사고,1,0,0,0,차대사람 - 기타,안전운전불이행,젖음/습기,흐림,단일로 - 기타,승용,남,58세,상해없음,보행자,남,57세,사망
2017063000100061,2017년 6월 30일 03시,금요일,부산광역시 부산진구 부전동,경상사고,0,0,1,0,차대사람 - 횡단중,안전운전불이행,건조,맑음,단일로 - 기타,화물,남,48세,상해없음,보행자,여,62세,경상
2017063000100071,2017년 6월 30일 04시,금요일,부산광역시 동구 초량동,경상사고,0,0,1,0,차대차 - 기타,신호위반,젖음/습기,흐림,교차로 - 교차로안,승용,남,60세,상해없음,승용,남,66세,경상
2017063000100094,2017년 6월 30일 06시,금요일,부산광역시 동래구 안락동,부상신고사고,0,0,0,1,차대사람 - 횡단중,안전운전불이행,건조,맑음,교차로 - 교차로횡단보도내,승합,남,60세,상해없음,보행자,남,72세,부상신고
2017063000100109,2017년 6월 30일 07시,금요일,부산광역시 남구 대연동,경상사고,0,0,1,1,차대차 - 측면충돌,안전거리미확보,건조,맑음,단일로 - 기타,승용,남,25세,상해없음,승용,남,52세,경상
2017063000100110,2017년 6월 30일 07시,금요일,부산광역시 강서구 송정동,중상사고,0,2,2,0,차대차 - 정면충돌,신호위반,건조,맑음,교차로 - 교차로안,승용,남,37세,상해없음,승용,남,59세,중상
2017063000100111,2017년 6월 30일 07시,금요일,부산광역시 사상구 주례동,경상사고,0,0,4,0,차대차 - 측면충돌,안전운전불이행,젖음/습기,흐림,단일로 - 기타,승용,남,43세,상해없음,승용,남,29세,경상
2017063000100142,2017년 6월 30일 08시,금요일,부산광역시 사하구 장림동,중상사고,0,2,0,0,차대차 - 기타,신호위반,건조,맑음,교차로 - 교차로안,승합,남,49세,상해없음,이륜,남,18세,중상
2017063000100257,2017년 6월 30일 12시,금요일,부산광역시 동구 초량동,중상사고,0,1,0,0,차대사람 - 길가장자리구역통행중,안전운전불이행,건조,맑음,단일로 - 기타,승용,남,48세,상해없음,보행자,여,76세,중상
2017063000100316,2017년 6월 30일 14시,금요일,부산광역시 사하구 괴정동,경상사고,0,0,1,0,차대차 - 측면충돌,안전운전불이행,건조,맑음,단일로 - 기타,승용,여,64세,상해없음,승용,남,42세,경상
2017063000100317,2017년 6월 30일 14시,금요일,부산광역시 기장군 기장읍,중상사고,0,1,0,0,차대차 - 기타,안전운전불이행,건조,맑음,단일로 - 기타,화물,남,63세,상해없음,화물,남,63세,중상
2017063000100350,2017년 6월 30일 15시,금요일,부산광역시 수영구 남천동,경상사고,0,0,2,0,차대차 - 기타,차로위반,건조,맑음,단일로 - 기타,승용,여,56세,상해없음,승용,남,43세,경상
2017063000100351,2017년 6월 30일 15시,금요일,부산광역시 동래구 온천동,중상사고,0,1,0,0,차대차 - 측면충돌,직진우회전진행방해,건조,맑음,교차로 - 교차로안,승용,남,27세,상해없음,이륜,남,27세,중상
2017063000100352,2017년 6월 30일 15시,금요일,부산광역시 부산진구 개금동,경상사고,0,0,1,0,차대사람 - 횡단중,안전운전불이행,건조,맑음,교차로 - 교차로안,승용,남,50세,상해없음,보행자,남,78세,경상
2017063000100353,2017년 6월 30일 15시,금요일,부산광역시 부산진구 가야동,경상사고,0,0,1,0,차대차 - 기타,차로위반,건조,맑음,교차로 - 교차로안,승용,남,22세,상해없음,승용,남,34세,경상
2017063000100354,2017년 6월 30일 15시,금요일,부산광역시 강서구 미음동,경상사고,0,0,2,0,차대차 - 측면충돌,직진우회전진행방해,건조,맑음,교차로 - 교차로안,승용,남,24세,상해없음,화물,남,44세,경상
2017063000100388,2017년 6월 30일 16시,금요일,부산광역시 동래구 온천동,경상사고,0,0,1,0,차대차 - 측면충돌,안전거리미확보,건조,맑음,단일로 - 기타,승용,남,33세,상해없음,승용,여,27세,경상
2017063000100389,2017년 6월 30일 16시,금요일,부산광역시 부산진구 범전동,경상사고,0,0,1,0,차대사람 - 기타,안전운전불이행,건조,맑음,단일로 - 기타,원동기,기타불명,미분류,기타불명,보행자,여,25세,경상
2017063000100390,2017년 6월 30일 16시,금요일,부산광역시 사상구 삼락동,경상사고,0,0,1,0,차대차 - 기타,교차로운행방법위반,건조,맑음,교차로 - 교차로부근,승용,남,55세,상해없음,자전거,남,61세,경상
2017063000100436,2017년 6월 30일 17시,금요일,부산광역시 동구 범일동,중상사고,0,1,0,0,차대차 - 기타,차로위반,건조,맑음,단일로 - 기타,승용,남,19세,상해없음,이륜,남,22세,중상
2017063000100437,2017년 6월 30일 17시,금요일,부산광역시 연제구 연산동,경상사고,0,0,1,0,차대차 - 측면충돌,직진우회전진행방해,건조,맑음,교차로 - 교차로안,승합,남,66세,상해없음,승용,남,57세,경상
2017063000100488,2017년 6월 30일 18시,금요일,부산광역시 북구 금곡동,경상사고,0,0,1,0,차대차 - 측면충돌,차로위반,건조,맑음,단일로 - 기타,이륜,남,24세,경상,승용,남,56세,상해없음
2017063000100489,2017년 6월 30일 18시,금요일,부산광역시 북구 덕천동,경상사고,0,0,1,0,차대차 - 추돌,안전운전불이행,건조,맑음,단일로 - 기타,이륜,남,16세,경상,승용,여,46세,상해없음
2017063000100490,2017년 6월 30일 18시,금요일,부산광역시 해운대구 반여동,중상사고,0,4,0,0,차대차 - 측면충돌,교차로운행방법위반,건조,맑음,교차로 - 교차로안,승용,여,59세,중상,화물,남,54세,중상
2017063000100491,2017년 6월 30일 18시,금요일,부산광역시 부산진구 부암동,경상사고,0,0,1,0,차대사람 - 횡단중,보행자보호의무위반,건조,맑음,단일로 - 기타,승용,여,42세,상해없음,보행자,남,5세,경상
2017063000100492,2017년 6월 30일 18시,금요일,부산광역시 사하구 신평동,부상신고사고,0,0,0,1,차대차 - 기타,안전운전불이행,건조,맑음,단일로 - 기타,승용,남,40세,상해없음,이륜,남,22세,부상신고
2017063000100565,2017년 6월 30일 20시,금요일,부산광역시 영도구 신선동2가,경상사고,0,0,1,0,차대사람 - 길가장자리구역통행중,중앙선침범,건조,맑음,단일로 - 기타,승용,남,66세,상해없음,보행자,여,54세,경상
2017063000100566,2017년 6월 30일 20시,금요일,부산광역시 부산진구 부전동,경상사고,0,0,2,0,차대차 - 기타,안전운전불이행,건조,맑음,교차로 - 교차로안,승합,남,55세,상해없음,승용,남,33세,경상
2017063000100567,2017년 6월 30일 20시,금요일,부산광역시 사하구 다대동,중상사고,0,1,0,0,차대차 - 측면충돌,안전운전불이행,건조,맑음,교차로 - 교차로부근,이륜,남,16세,상해없음,이륜,남,40세,중상
2017063000100642,2017년 6월 30일 22시,금요일,부산광역시 동래구 낙민동,중상사고,0,1,0,0,차대차 - 측면충돌,안전거리미확보,건조,흐림,단일로 - 기타,승용,남,38세,상해없음,원동기,남,54세,중상
2017063000100643,2017년 6월 30일 22시,금요일,부산광역시 부산진구 부전동,경상사고,0,0,4,0,차대차 - 정면충돌,안전거리미확보,건조,맑음,단일로 - 기타,승용,여,40세,상해없음,승용,여,22세,경상
2017063000100644,2017년 6월 30일 22시,금요일,부산광역시 금정구 서동,경상사고,0,0,1,0,차대차 - 측면충돌,중앙선침범,건조,맑음,단일로 - 기타,화물,남,48세,상해없음,승용,남,58세,경상
2017063000100674,2017년 6월 30일 23시,금요일,부산광역시 연제구 거제동,부상신고사고,0,0,0,1,차대사람 - 횡단중,안전운전불이행,건조,맑음,단일로 - 기타,기타불명,기타불명,미분류,기타불명,보행자,남,19세,부상신고
2017070100100066,2017년 7월 1일 02시,토요일,부산광역시 기장군 일광면,중상사고,0,1,0,0,차대사람 - 기타,안전운전불이행,건조,맑음,교차로 - 교차로부근,승용,남,25세,상해없음,보행자,남,40세,중상
2017070100100101,2017년 7월 1일 05시,토요일,부산광역시 북구 구포동,경상사고,0,0,1,0,차대차 - 측면충돌,교차로운행방법위반,건조,맑음,교차로 - 교차로안,승용,남,24세,상해없음,이륜,남,26세,경상
2017070100100118,2017년 7월 1일 06시,토요일,부산광역시 기장군 기장읍,경상사고,0,0,1,0,차대차 - 추돌,안전운전불이행,건조,맑음,기타 - 기타,승용,남,46세,상해없음,화물,남,42세,경상
2017070100100128,2017년 7월 1일 07시,토요일,부산광역시 남구 대연동,경상사고,0,0,1,0,차대차 - 추돌,안전운전불이행,건조,맑음,단일로 - 기타,승용,남,24세,상해없음,승합,남,28세,경상
2017070100100129,2017년 7월 1일 07시,토요일,부산광역시 부산진구 부전동,경상사고,0,0,1,0,차대사람 - 기타,안전운전불이행,건조,흐림,단일로 - 기타,승용,남,42세,상해없음,보행자,남,36세,경상
2017070100100148,2017년 7월 1일 08시,토요일,부산광역시 금정구 부곡동,중상사고,0,1,0,0,차대차 - 기타,안전거리미확보,건조,맑음,단일로 - 기타,승용,여,47세,상해없음,화물,남,43세,중상
2017070100100149,2017년 7월 1일 08시,토요일,부산광역시 사하구 구평동,중상사고,0,2,0,1,차량단독 - 전도전복 - 전도,안전운전불이행,건조,맑음,단일로 - 기타,이륜,남,15세,부상신고,,,,
2017070100100218,2017년 7월 1일 11시,토요일,부산광역시 중구 중앙동6가,중상사고,0,1,0,0,차대차 - 측면충돌,안전운전불이행,건조,맑음,단일로 - 기타,이륜,남,69세,중상,승합,남,47세,상해없음
2017070100100219,2017년 7월 1일 11시,토요일,부산광역시 중구 영주동,중상사고,0,1,0,0,차대차 - 기타,안전운전불이행,건조,맑음,단일로 - 터널,자전거,남,61세,중상,화물,남,56세,상해없음
2017070100100248,2017년 7월 1일 12시,토요일,부산광역시 사하구 하단동,경상사고,0,0,1,0,차량단독 - 기타,안전운전불이행,건조,맑음,단일로 - 기타,승합,남,58세,상해없음,,,,
2017070100100310,2017년 7월 1일 14시,토요일,부산광역시 해운대구 우동,경상사고,0,0,2,0,차대차 - 측면충돌,안전거리미확보,건조,맑음,단일로 - 기타,승용,남,43세,상해없음,승용,남,49세,경상
2017070100100338,2017년 7월 1일 15시,토요일,부산광역시 수영구 광안동,경상사고,0,0,1,0,차대차 - 기타,안전운전불이행,건조,맑음,기타 - 기타,승용,남,51세,상해없음,승용,남,28세,경상
2017070100100365,2017년 7월 1일 16시,토요일,부산광역시 연제구 연산동,부상신고사고,0,0,0,1,차대사람 - 횡단중,안전운전불이행,건조,맑음,단일로 - 기타,승용,남,36세,상해없음,보행자,남,7세,부상신고
2017070100100366,2017년 7월 1일 16시,토요일,부산광역시 연제구 연산동,중상사고,0,1,2,0,차대차 - 추돌,안전운전불이행,건조,맑음,단일로 - 기타,승용,남,41세,상해없음,승용,여,49세,중상
2017070100100367,2017년 7월 1일 16시,토요일,부산광역시 강서구 송정동,경상사고,0,0,1,0,차대차 - 추돌,안전운전불이행,건조,맑음,교차로 - 교차로부근,승용,남,62세,상해없음,승용,여,51세,경상
2017070100100410,2017년 7월 1일 17시,토요일,부산광역시 중구 부평동1가,경상사고,0,0,1,0,차대차 - 기타,신호위반,건조,맑음,교차로 - 교차로안,승용,남,26세,상해없음,승용,남,63세,경상
2017070100100411,2017년 7월 1일 17시,토요일,부산광역시 동구 초량동,중상사고,0,1,0,0,차대차 - 기타,안전운전불이행,건조,맑음,교차로 - 교차로안,승용,여,45세,상해없음,이륜,남,81세,중상
2017070100100412,2017년 7월 1일 17시,토요일,부산광역시 북구 금곡동,경상사고,0,0,1,0,차대차 - 측면충돌,신호위반,건조,맑음,교차로 - 교차로부근,원동기,남,16세,경상,승용,남,78세,상해없음
2017070100100413,2017년 7월 1일 17시,토요일,부산광역시 부산진구 부전동,경상사고,0,0,1,0,차대사람 - 횡단중,안전운전불이행,건조,맑음,단일로 - 기타,승용,남,40세,상해없음,보행자,여,21세,경상
2017070100100414,2017년 7월 1일 17시,토요일,부산광역시 부산진구 부전동,경상사고,0,0,1,0,차대사람 - 기타,안전운전불이행,건조,맑음,단일로 - 기타,승용,남,43세,상해없음,보행자,남,4세,경상
2017070100100415,2017년 7월 1일 17시,토요일,부산광역시 사하구 구평동,중상사고,0,1,0,0,차대차 - 측면충돌,안전운전불이행,건조,맑음,단일로 - 기타,화물,남,62세,상해없음,이륜,남,64세,중상
2017070100100456,2017년 7월 1일 18시,토요일,부산광역시 연제구 거제동,경상사고,0,0,1,0,차대차 - 측면충돌,안전운전불이행,건조,맑음,단일로 - 기타,승용,여,38세,상해없음,이륜,남,53세,경상
2017070100100497,2017년 7월 1일 19시,토요일,부산광역시 사상구 주례동,중상사고,0,1,2,0,차대차 - 측면충돌,교차로운행방법위반,건조,맑음,교차로 - 교차로안,이륜,남,22세,경상,이륜,남,23세,중상
2017070100100525,2017년 7월 1일 20시,토요일,부산광역시 남구 대연동,경상사고,0,0,1,0,차대차 - 추돌,안전운전불이행,건조,맑음,단일로 - 기타,승용,남,24세,상해없음,승용,남,64세,경상
2017070100100589,2017년 7월 1일 22시,토요일,부산광역시 남구 대연동,부상신고사고,0,0,0,1,차대차 - 측면충돌,차로위반,건조,맑음,교차로 - 교차로부근,이륜,남,57세,부상신고,승용,남,28세,상해없음
2017070200100023,2017년 7월 2일 00시,일요일,부산광역시 사상구 괘법동,중상사고,0,1,0,0,차대차 - 측면충돌,기타,건조,맑음,단일로 - 기타,승용,남,65세,상해없음,이륜,남,21세,중상
2017070200100046,2017년 7월 2일 01시,일요일,부산광역시 동래구 복천동,경상사고,0,0,1,0,차대차 - 기타,기타,건조,맑음,단일로 - 기타,승용,남,28세,경상,기타불명,기타불명,미분류,기타불명
2017070200100047,2017년 7월 2일 01시,일요일,부산광역시 해운대구 반송동,중상사고,0,1,0,0,차대사람 - 기타,안전운전불이행,건조,맑음,단일로 - 기타,승용,남,29세,상해없음,보행자,남,49세,중상
2017070200100048,2017년 7월 2일 01시,일요일,부산광역시 부산진구 범천동,중상사고,0,1,0,0,차대사람 - 횡단중,안전운전불이행,건조,맑음,단일로 - 기타,승용,남,25세,상해없음,보행자,남,23세,중상
2017070200100049,2017년 7월 2일 01시,일요일,부산광역시 부산진구 범천동,중상사고,0,1,0,0,차대사람 - 기타,신호위반,건조,맑음,교차로 - 교차로횡단보도내,승용,남,55세,상해없음,보행자,여,28세,중상
2017070200100080,2017년 7월 2일 02시,일요일,부산광역시 해운대구 우동,중상사고,0,1,4,0,차대차 - 측면충돌,교차로운행방법위반,건조,맑음,교차로 - 교차로안,승용,남,58세,상해없음,승용,여,35세,경상
2017070200100103,2017년 7월 2일 03시,일요일,부산광역시 북구 구포동,중상사고,0,1,0,0,차대차 - 측면충돌,차로위반,건조,맑음,교차로 - 교차로안,승용,남,49세,상해없음,원동기,남,35세,중상
2017070200100192,2017년 7월 2일 10시,일요일,부산광역시 동구 수정동,중상사고,0,1,0,0,차대사람 - 기타,기타,건조,맑음,단일로 - 기타,원동기,남,69세,중상,보행자,남,55세,상해없음
2017070200100193,2017년 7월 2일 10시,일요일,부산광역시 서구 서대신동1가,중상사고,0,1,0,1,차대차 - 정면충돌,안전운전불이행,젖음/습기,비,교차로 - 교차로안,이륜,남,21세,상해없음,승용,남,52세,중상
2017070200100222,2017년 7월 2일 12시,일요일,부산광역시 기장군 기장읍,경상사고,0,0,3,0,차대차 - 정면충돌,안전운전불이행,건조,맑음,미분류 - 미분류,승용,여,55세,경상,승용,남,68세,기타불명
2017070200100268,2017년 7월 2일 14시,일요일,부산광역시 수영구 광안동,경상사고,0,0,1,0,차대차 - 추돌,안전거리미확보,건조,맑음,단일로 - 기타,승용,남,43세,상해없음,승용,남,47세,경상
2017070200100269,2017년 7월 2일 14시,일요일,부산광역시 부산진구 전포동,경상사고,0,0,1,0,차대차 - 추돌,안전운전불이행,젖음/습기,비,단일로 - 기타,승용,남,54세,상해없음,승용,남,60세,경상
2017070200100270,2017년 7월 2일 14시,일요일,부산광역시 사하구 괴정동,중상사고,0,1,0,0,차대차 - 기타,교차로운행방법위반,건조,맑음,단일로 - 기타,승용,남,43세,상해없음,승용,남,52세,중상
2017070200100288,2017년 7월 2일 15시,일요일,부산광역시 남구 용호동,중상사고,0,1,0,0,차대사람 - 횡단중,안전운전불이행,건조,맑음,단일로 - 기타,이륜,남,43세,상해없음,보행자,여,90세 이상,중상
2017070200100289,2017년 7월 2일 15시,일요일,부산광역시 사하구 괴정동,부상신고사고,0,0,0,1,차대차 - 정면충돌,신호위반,건조,맑음,교차로 - 교차로안,이륜,남,23세,부상신고,승용,남,47세,상해없음
2017070200100290,2017년 7월 2일 15시,일요일,부산광역시 사상구 덕포동,경상사고,0,0,1,0,차대차 - 측면충돌,중앙선침범,젖음/습기,흐림,단일로 - 기타,승합,남,58세,기타불명,승용,남,32세,경상
2017070200100334,2017년 7월 2일 17시,일요일,부산광역시 남구 대연동,경상사고,0,0,1,2,차대차 - 측면충돌,안전거리미확보,건조,맑음,단일로 - 기타,승용,남,77세,부상신고,승용,남,50세,경상
2017070200100364,2017년 7월 2일 18시,일요일,부산광역시 영도구 봉래동1가,경상사고,0,0,1,0,차대차 - 측면충돌,안전거리미확보,건조,맑음,단일로 - 기타,승용,여,76세,상해없음,승용,남,28세,경상
2017070200100365,2017년 7월 2일 18시,일요일,부산광역시 기장군 기장읍,경상사고,0,0,1,0,차대차 - 측면충돌,차로위반,건조,맑음,단일로 - 기타,승용,남,23세,상해없음,이륜,남,33세,경상
2017070200100387,2017년 7월 2일 19시,일요일,부산광역시 연제구 연산동,중상사고,0,1,0,0,차대차 - 측면충돌,안전거리미확보,건조,맑음,교차로 - 교차로안,이륜,남,20세,중상,승용,남,63세,상해없음
2017070200100438,2017년 7월 2일 21시,일요일,부산광역시 중구 남포동5가,경상사고,0,0,1,0,차대사람 - 횡단중,안전운전불이행,건조,맑음,단일로 - 기타,승용,남,65세,상해없음,보행자,남,2세,경상
2017070200100439,2017년 7월 2일 21시,일요일,부산광역시 서구 동대신동1가,경상사고,0,0,3,1,차대차 - 추돌,안전운전불이행,건조,맑음,교차로 - 교차로부근,승용,여,56세,상해없음,승용,남,64세,부상신고
2017070200100440,2017년 7월 2일 21시,일요일,부산광역시 서구 남부민동,경상사고,0,0,1,0,차대차 - 기타,교차로운행방법위반,건조,맑음,교차로 - 교차로부근,이륜,남,31세,경상,승용,남,46세,상해없음