사고번호,사고일시,요일,시군구,사고내용,사망자수,중상자수,경상자수,부상신고자수,사고유형,법규위반,노면상태,기상상태,도로형태,가해운전자 차종,가해운전자 성별,가해운전자 연령,가해운전자 상해정도,피해운전자 차종,피해운전자 성별,피해운전자 연령,피해운전자 상해정도
2017070200100441,2017년 7월 2일 21시,일요일,부산광역시 금정구 부곡동,경상사고,0,0,2,0,차대차 - 추돌,안전운전불이행,건조,맑음,단일로 - 기타,승용,남,44세,기타불명,승용,남,33세,경상
2017070200100442,2017년 7월 2일 21시,일요일,부산광역시 사하구 장림동,중상사고,0,1,0,1,차대차 - 측면충돌,안전운전불이행,건조,맑음,단일로 - 기타,승용,남,38세,중상,승용,남,52세,부상신고
2017070200100467,2017년 7월 2일 22시,일요일,부산광역시 남구 용호동,경상사고,0,0,1,0,차량단독 - 기타,안전운전불이행,건조,맑음,교차로 - 교차로안,승합,남,36세,상해없음,,,,
2017070200100468,2017년 7월 2일 22시,일요일,부산광역시 동래구 안락동,중상사고,0,1,0,0,차대사람 - 횡단중,안전운전불이행,건조,흐림,교차로 - 교차로횡단보도내,승용,남,58세,상해없음,보행자,남,59세,중상
2017070200100469,2017년 7월 2일 22시,일요일,부산광역시 기장군 기장읍,경상사고,0,0,1,0,차대차 - 추돌,안전운전불이행,건조,맑음,단일로 - 기타,화물,남,74세,상해없음,승용,남,69세,경상
2017070200100486,2017년 7월 2일 23시,일요일,부산광역시 사상구 감전동,경상사고,0,0,1,0,차대차 - 정면충돌,안전운전불이행,건조,맑음,교차로 - 교차로안,승용,남,51세,상해없음,이륜,남,19세,경상
2017070300100032,2017년 7월 3일 00시,월요일,부산광역시 수영구 망미동,경상사고,0,0,1,0,차대차 - 측면충돌,교차로운행방법위반,건조,맑음,교차로 - 교차로안,이륜,남,15세,기타불명,승용,남,51세,경상
2017070300100050,2017년 7월 3일 02시,월요일,부산광역시 금정구 서동,중상사고,0,1,0,0,차대사람 - 횡단중,보행자보호의무위반,젖음/습기,비,단일로 - 기타,승용,남,43세,상해없음,보행자,남,58세,중상
2017070300100066,2017년 7월 3일 05시,월요일,부산광역시 부산진구 범전동,경상사고,0,0,1,0,차대차 - 기타,신호위반,건조,맑음,교차로 - 교차로안,승용,남,59세,상해없음,원동기,남,36세,경상
2017070300100074,2017년 7월 3일 06시,월요일,부산광역시 연제구 연산동,경상사고,0,0,1,0,차대사람 - 보도통행중,기타,건조,맑음,단일로 - 기타,승용,남,17세,상해없음,보행자,여,49세,경상
2017070300100089,2017년 7월 3일 07시,월요일,부산광역시 금정구 구서동,경상사고,0,0,1,0,차대사람 - 길가장자리구역통행중,안전운전불이행,건조,맑음,단일로 - 기타,승용,남,67세,상해없음,보행자,남,65세,경상
2017070300100116,2017년 7월 3일 08시,월요일,부산광역시 북구 덕천동,경상사고,0,0,1,1,차대차 - 기타,신호위반,건조,맑음,교차로 - 교차로안,승용,남,65세,상해없음,승용,여,47세,경상
2017070300100117,2017년 7월 3일 08시,월요일,부산광역시 부산진구 전포동,중상사고,0,1,0,0,차대차 - 측면충돌,안전운전불이행,건조,맑음,단일로 - 기타,승용,남,29세,상해없음,승합,남,50세,상해없음
2017070300100118,2017년 7월 3일 08시,월요일,부산광역시 기장군 철마면,경상사고,0,0,3,0,차대차 - 기타,안전운전불이행,건조,맑음,교차로 - 교차로부근,승용,남,61세,상해없음,승용,남,35세,경상
2017070300100151,2017년 7월 3일 09시,월요일,부산광역시 동구 범일동,경상사고,0,0,1,0,차대차 - 추돌,안전거리미확보,건조,맑음,단일로 - 기타,승용,남,40세,상해없음,승용,남,57세,경상
2017070300100152,2017년 7월 3일 09시,월요일,부산광역시 기장군 기장읍,경상사고,0,0,1,0,차대차 - 후진중충돌,안전운전불이행,건조,맑음,교차로 - 교차로안,특수,남,20세,상해없음,승용,남,31세,경상
2017070300100197,2017년 7월 3일 10시,월요일,부산광역시 영도구 남항동3가,중상사고,0,1,0,0,차대차 - 추돌,안전운전불이행,건조,맑음,단일로 - 기타,건설기계,남,42세,상해없음,승용,여,48세,중상
2017070300100252,2017년 7월 3일 12시,월요일,부산광역시 남구 대연동,중상사고,0,1,0,0,차대차 - 측면충돌,신호위반,건조,맑음,교차로 - 교차로안,이륜,남,81세,중상,화물,남,37세,상해없음
2017070300100253,2017년 7월 3일 12시,월요일,부산광역시 부산진구 부전동,중상사고,0,1,0,0,차대사람 - 기타,안전운전불이행,건조,맑음,단일로 - 기타,승용,여,43세,상해없음,보행자,남,66세,중상
2017070300100281,2017년 7월 3일 13시,월요일,부산광역시 중구 남포동4가,경상사고,0,0,2,0,차대차 - 측면충돌,안전거리미확보,건조,맑음,단일로 - 기타,이륜,남,63세,경상,승용,남,62세,경상
2017070300100282,2017년 7월 3일 13시,월요일,부산광역시 남구 용호동,경상사고,0,0,2,0,차대차 - 기타,중앙선침범,건조,맑음,단일로 - 기타,승용,여,43세,상해없음,승용,남,60세,경상
2017070300100283,2017년 7월 3일 13시,월요일,부산광역시 북구 화명동,경상사고,0,0,1,0,차대차 - 기타,안전운전불이행,건조,맑음,교차로 - 교차로안,승용,여,28세,상해없음,자전거,남,66세,경상
2017070300100313,2017년 7월 3일 14시,월요일,부산광역시 사하구 장림동,중상사고,0,1,0,0,차대차 - 측면충돌,안전운전불이행,건조,맑음,단일로 - 기타,승용,남,38세,상해없음,승용,남,61세,중상
2017070300100351,2017년 7월 3일 15시,월요일,부산광역시 중구 대청동1가,경상사고,0,0,3,0,차대차 - 추돌,안전거리미확보,건조,맑음,단일로 - 기타,승용,남,44세,상해없음,승용,남,60세,경상
2017070300100352,2017년 7월 3일 15시,월요일,부산광역시 동구 범일동,경상사고,0,0,1,0,차량단독 - 기타,기타,건조,맑음,단일로 - 기타,승합,남,52세,상해없음,,,,
2017070300100353,2017년 7월 3일 15시,월요일,부산광역시 부산진구 부암동,경상사고,0,0,1,0,차대차 - 기타,중앙선침범,건조,맑음,교차로 - 교차로부근,원동기,남,30세,상해없음,원동기,남,46세,경상
2017070300100389,2017년 7월 3일 16시,월요일,부산광역시 영도구 봉래동3가,경상사고,0,0,1,0,차대차 - 측면충돌,안전거리미확보,건조,맑음,단일로 - 기타,승용,남,59세,상해없음,승용,남,74세,상해없음
2017070300100430,2017년 7월 3일 17시,월요일,부산광역시 남구 문현동,경상사고,0,0,1,1,차대차 - 기타,안전운전불이행,건조,맑음,교차로 - 교차로안,승용,남,31세,부상신고,승합,남,35세,경상
2017070300100431,2017년 7월 3일 17시,월요일,부산광역시 사상구 엄궁동,경상사고,0,0,1,0,차대차 - 측면충돌,신호위반,건조,맑음,단일로 - 기타,승용,남,55세,상해없음,승용,남,54세,경상
2017070300100461,2017년 7월 3일 18시,월요일,부산광역시 서구 암남동,중상사고,0,1,0,0,차대차 - 추돌,안전운전불이행,젖음/습기,흐림,단일로 - 기타,이륜,남,50세,중상,승용,남,45세,상해없음
2017070300100462,2017년 7월 3일 18시,월요일,부산광역시 남구 문현동,부상신고사고,0,0,0,1,차량단독 - 전도전복,안전운전불이행,건조,흐림,단일로 - 기타,원동기,남,23세,부상신고,미분류,미분류,미분류,미분류
2017070300100463,2017년 7월 3일 18시,월요일,부산광역시 남구 대연동,경상사고,0,0,1,0,차대사람 - 길가장자리구역통행중,안전운전불이행,건조,맑음,단일로 - 기타,승용,남,27세,상해없음,보행자,여,21세,경상
2017070300100504,2017년 7월 3일 19시,월요일,부산광역시 부산진구 부전동,경상사고,0,0,8,0,차대차 - 기타,안전거리미확보,건조,맑음,교차로 - 교차로부근,승용,남,32세,상해없음,승용,남,26세,경상
2017070300100505,2017년 7월 3일 19시,월요일,부산광역시 금정구 부곡동,경상사고,0,0,1,0,차대차 - 측면충돌,안전운전불이행,건조,맑음,교차로 - 교차로안,승용,남,56세,상해없음,원동기,남,67세,상해없음
2017070300100506,2017년 7월 3일 19시,월요일,부산광역시 사하구 괴정동,부상신고사고,0,0,0,1,차대차 - 추돌,안전거리미확보,건조,맑음,단일로 - 기타,승용,여,18세,상해없음,승용,남,67세,상해없음
2017070300100543,2017년 7월 3일 20시,월요일,부산광역시 동래구 온천동,경상사고,0,0,1,0,차대차 - 기타,안전운전불이행,건조,맑음,주차장 - 주차장,원동기,남,60세,경상,승용,남,51세,상해없음
2017070300100544,2017년 7월 3일 20시,월요일,부산광역시 부산진구 부전동,경상사고,0,0,1,0,차대차 - 측면충돌,안전운전불이행,젖음/습기,흐림,단일로 - 교량,특수,남,56세,상해없음,승용,남,27세,경상
2017070300100569,2017년 7월 3일 21시,월요일,부산광역시 부산진구 전포동,부상신고사고,0,0,0,1,차대차 - 정면충돌,안전운전불이행,건조,맑음,단일로 - 기타,이륜,남,17세,부상신고,승용,남,28세,상해없음
2017070300100604,2017년 7월 3일 22시,월요일,부산광역시 사하구 괴정동,중상사고,0,1,0,0,차대차 - 추돌,안전거리미확보,건조,맑음,단일로 - 기타,승합,남,39세,상해없음,승용,남,75세,중상
2017070300100605,2017년 7월 3일 22시,월요일,부산광역시 강서구 명지동,경상사고,0,0,1,0,차대차 - 측면충돌,신호위반,건조,맑음,교차로 - 교차로안,승용,여,53세,상해없음,승용,남,37세,경상
2017070400100041,2017년 7월 4일 01시,화요일,부산광역시 부산진구 개금동,경상사고,0,0,1,0,차대차 - 정면충돌,신호위반,젖음/습기,비,교차로 - 교차로안,승용,남,63세,상해없음,승용,남,57세,경상
2017070400100049,2017년 7월 4일 02시,화요일,부산광역시 수영구 광안동,경상사고,0,0,1,0,차대차 - 기타,교차로운행방법위반,젖음/습기,비,교차로 - 교차로부근,승용,남,24세,상해없음,승용,남,26세,경상
2017070400100079,2017년 7월 4일 06시,화요일,부산광역시 서구 충무동1가,중상사고,0,1,0,0,차대사람 - 횡단중,안전운전불이행,젖음/습기,비,단일로 - 기타,승용,남,61세,상해없음,보행자,여,84세,중상
2017070400100080,2017년 7월 4일 06시,화요일,부산광역시 부산진구 부전동,경상사고,0,0,1,0,차대사람 - 횡단중,안전운전불이행,젖음/습기,비,단일로 - 기타,화물,남,32세,상해없음,보행자,남,34세,경상
2017070400100089,2017년 7월 4일 07시,화요일,부산광역시 연제구 연산동,경상사고,0,0,1,0,차대차 - 정면충돌,안전거리미확보,기타,흐림,교차로 - 교차로부근,승용,여,44세,상해없음,승용,남,57세,경상
2017070400100141,2017년 7월 4일 09시,화요일,부산광역시 서구 서대신동1가,중상사고,0,1,0,0,차대사람 - 기타,안전운전불이행,젖음/습기,비,단일로 - 기타,승용,남,64세,상해없음,보행자,여,73세,중상
2017070400100142,2017년 7월 4일 09시,화요일,부산광역시 남구 대연동,중상사고,0,1,0,0,차량단독 - 기타,안전운전불이행,건조,맑음,단일로 - 기타,승합,남,60세,상해없음,,,,
2017070400100168,2017년 7월 4일 10시,화요일,부산광역시 부산진구 전포동,중상사고,0,1,0,0,차대차 - 측면충돌,안전운전불이행,건조,맑음,단일로 - 기타,승용,남,65세,상해없음,이륜,남,25세,중상
2017070400100196,2017년 7월 4일 11시,화요일,부산광역시 해운대구 재송동,중상사고,0,1,0,0,차대차 - 기타,안전운전불이행,건조,맑음,단일로 - 기타,승용,남,80세,상해없음,원동기,남,65세,중상
2017070400100197,2017년 7월 4일 11시,화요일,부산광역시 연제구 연산동,경상사고,0,0,1,0,차대사람 - 횡단중,보행자보호의무위반,건조,맑음,단일로 - 기타,화물,남,58세,상해없음,보행자,남,63세,경상
2017070400100214,2017년 7월 4일 12시,화요일,부산광역시 해운대구 우동,경상사고,0,0,1,0,차대사람 - 차도통행중,안전운전불이행,건조,맑음,교차로 - 교차로안,승용,남,72세,상해없음,보행자,여,16세,경상
2017070400100253,2017년 7월 4일 13시,화요일,부산광역시 중구 영주동,경상사고,0,0,1,1,차대차 - 추돌,안전운전불이행,건조,맑음,단일로 - 터널,이륜,남,23세,부상신고,이륜,남,61세,경상
2017070400100254,2017년 7월 4일 13시,화요일,부산광역시 동구 범일동,부상신고사고,0,0,0,1,차대차 - 추돌,안전거리미확보,건조,맑음,교차로 - 교차로횡단보도내,승합,남,50세,상해없음,승용,여,54세,부상신고
2017070400100288,2017년 7월 4일 14시,화요일,부산광역시 동래구 낙민동,중상사고,0,1,0,0,차대차 - 측면충돌,교차로운행방법위반,건조,맑음,교차로 - 교차로부근,화물,남,54세,상해없음,이륜,남,37세,중상
2017070400100289,2017년 7월 4일 14시,화요일,부산광역시 기장군 정관읍,중상사고,0,1,1,0,차대차 - 측면충돌,신호위반,건조,맑음,교차로 - 교차로안,승용,여,20세,상해없음,승용,여,59세,중상
2017070400100318,2017년 7월 4일 15시,화요일,부산광역시 수영구 남천동,중상사고,0,1,0,0,차대사람 - 길가장자리구역통행중,안전운전불이행,건조,맑음,교차로 - 교차로부근,화물,남,33세,상해없음,보행자,여,74세,중상
2017070400100319,2017년 7월 4일 15시,화요일,부산광역시 남구 용당동,부상신고사고,0,0,0,1,차대차 - 측면충돌,안전운전불이행,건조,맑음,단일로 - 기타,승용,남,55세,상해없음,승용,남,62세,상해없음
2017070400100320,2017년 7월 4일 15시,화요일,부산광역시 부산진구 부전동,경상사고,0,0,1,0,차대차 - 기타,안전운전불이행,젖음/습기,비,단일로 - 기타,승용,남,22세,상해없음,화물,남,34세,경상
2017070400100347,2017년 7월 4일 16시,화요일,부산광역시 동래구 안락동,경상사고,0,0,1,0,차대차 - 기타,안전운전불이행,건조,맑음,교차로 - 교차로부근,승합,남,78세,상해없음,이륜,남,26세,경상
2017070400100380,2017년 7월 4일 17시,화요일,부산광역시 서구 남부민동,경상사고,0,0,1,0,차량단독 - 기타,안전운전불이행,젖음/습기,흐림,단일로 - 기타,승용,남,59세,상해없음,,,,
2017070400100381,2017년 7월 4일 17시,화요일,부산광역시 동래구 온천동,중상사고,0,1,0,0,차대사람 - 차도통행중,안전운전불이행,젖음/습기,비,교차로 - 교차로안,승용,남,56세,상해없음,보행자,여,74세,중상
2017070400100382,2017년 7월 4일 17시,화요일,부산광역시 기장군 일광면,경상사고,0,0,1,0,차대차 - 추돌,안전운전불이행,젖음/습기,비,교차로 - 교차로부근,화물,남,63세,상해없음,승용,여,53세,경상
2017070400100418,2017년 7월 4일 18시,화요일,부산광역시 연제구 거제동,경상사고,0,0,2,0,차대차 - 측면충돌,안전운전불이행,건조,맑음,단일로 - 기타,승용,남,44세,상해없음,승용,남,33세,경상
2017070400100458,2017년 7월 4일 19시,화요일,부산광역시 해운대구 반여동,경상사고,0,0,2,0,차대차 - 추돌,안전운전불이행,젖음/습기,비,교차로 - 교차로부근,승용,남,33세,상해없음,승용,여,64세,경상
2017070400100514,2017년 7월 4일 21시,화요일,부산광역시 부산진구 범천동,경상사고,0,0,2,0,차대차 - 추돌,안전운전불이행,건조,맑음,단일로 - 기타,승용,남,39세,상해없음,승용,여,40세,경상
2017070400100515,2017년 7월 4일 21시,화요일,부산광역시 연제구 연산동,경상사고,0,0,1,0,차대차 - 정면충돌,신호위반,젖음/습기,비,교차로 - 교차로안,이륜,여,48세,상해없음,이륜,남,20세,경상
2017070400100541,2017년 7월 4일 22시,화요일,부산광역시 사하구 다대동,경상사고,0,0,1,0,차대차 - 측면충돌,신호위반,젖음/습기,흐림,기타 - 기타,원동기,남,17세,경상,승용,남,57세,상해없음
2017070400100565,2017년 7월 4일 23시,화요일,부산광역시 수영구 남천동,경상사고,0,0,1,0,차대차 - 측면충돌,안전거리미확보,젖음/습기,비,단일로 - 기타,승용,남,24세,상해없음,이륜,남,41세,경상
2017070400100566,2017년 7월 4일 23시,화요일,부산광역시 남구 문현동,경상사고,0,0,1,0,차대차 - 기타,안전거리미확보,젖음/습기,비,단일로 - 기타,화물,남,31세,상해없음,원동기,남,56세,경상
2017070500100018,2017년 7월 5일 00시,수요일,부산광역시 동구 초량동,경상사고,0,0,1,0,차대차 - 기타,안전운전불이행,젖음/습기,비,단일로 - 기타,승용,남,66세,상해없음,승용,남,59세,상해없음
2017070500100019,2017년 7월 5일 00시,수요일,부산광역시 해운대구 우동,경상사고,0,0,1,0,차대차 - 정면충돌,신호위반,젖음/습기,비,교차로 - 교차로부근,승용,남,32세,상해없음,승용,남,62세,상해없음
2017070500100020,2017년 7월 5일 00시,수요일,부산광역시 해운대구 우동,경상사고,0,0,1,0,차대사람 - 횡단중,신호위반,젖음/습기,비,단일로 - 기타,승용,남,64세,상해없음,보행자,여,24세,경상
2017070500100033,2017년 7월 5일 01시,수요일,부산광역시 남구 대연동,경상사고,0,0,1,0,차대사람 - 횡단중,신호위반,젖음/습기,비,단일로 - 기타,이륜,남,26세,상해없음,보행자,남,25세,경상
2017070500100034,2017년 7월 5일 01시,수요일,부산광역시 부산진구 부암동,중상사고,0,1,0,0,차대차 - 추돌,안전운전불이행,젖음/습기,비,단일로 - 기타,승용,남,18세,상해없음,자전거,남,69세,중상
2017070500100065,2017년 7월 5일 04시,수요일,부산광역시 북구 덕천동,사망사고,1,0,0,0,차량단독 - 공작물충돌,안전운전불이행,젖음/습기,비,단일로 - 기타,승용,남,52세,사망,,,,
2017070500100106,2017년 7월 5일 08시,수요일,부산광역시 사하구 감천동,중상사고,0,1,0,1,차대사람 - 횡단중,신호위반,건조,맑음,교차로 - 교차로안,원동기,남,17세,부상신고,보행자,여,59세,중상
2017070500100107,2017년 7월 5일 08시,수요일,부산광역시 사하구 신평동,경상사고,0,0,1,0,차대차 - 기타,기타,건조,맑음,단일로 - 기타,승용,여,32세,상해없음,자전거,남,51세,경상
2017070500100155,2017년 7월 5일 09시,수요일,부산광역시 영도구 동삼동,중상사고,0,1,0,0,차대사람 - 횡단중,안전운전불이행,건조,맑음,교차로 - 교차로안,승합,남,46세,상해없음,보행자,남,76세,중상
2017070500100210,2017년 7월 5일 11시,수요일,부산광역시 동래구 온천동,경상사고,0,0,1,0,차대사람 - 차도통행중,안전운전불이행,건조,맑음,단일로 - 기타,승용,남,29세,상해없음,보행자,여,62세,경상
2017070500100238,2017년 7월 5일 12시,수요일,부산광역시 부산진구 당감동,경상사고,0,0,1,0,차대차 - 측면충돌,차로위반,건조,맑음,단일로 - 기타,승용,남,57세,상해없음,승용,남,64세,경상
2017070500100269,2017년 7월 5일 13시,수요일,부산광역시 남구 대연동,경상사고,0,0,1,0,차대차 - 기타,안전운전불이행,건조,맑음,단일로 - 기타,승용,여,31세,상해없음,원동기,남,49세,경상
2017070500100270,2017년 7월 5일 13시,수요일,부산광역시 남구 대연동,부상신고사고,0,0,0,1,차대차 - 기타,안전운전불이행,건조,맑음,단일로 - 기타,승용,남,53세,상해없음,자전거,남,13세,부상신고
2017070500100271,2017년 7월 5일 13시,수요일,부산광역시 사상구 삼락동,부상신고사고,0,0,0,1,차대차 - 기타,안전운전불이행,건조,맑음,단일로 - 기타,기타불명,기타불명,미분류,기타불명,승용,남,42세,부상신고
2017070500100296,2017년 7월 5일 14시,수요일,부산광역시 수영구 광안동,중상사고,0,1,0,0,차대사람 - 차도통행중,안전운전불이행,건조,맑음,교차로 - 교차로안,승용,남,49세,상해없음,보행자,여,59세,중상
2017070500100297,2017년 7월 5일 14시,수요일,부산광역시 동래구 사직동,중상사고,0,1,1,0,차대차 - 측면충돌,안전운전불이행,건조,맑음,교차로 - 교차로안,이륜,남,64세,중상,승용,여,44세,경상
2017070500100298,2017년 7월 5일 14시,수요일,부산광역시 영도구 동삼동,중상사고,0,1,0,0,차대사람 - 기타,기타,건조,맑음,단일로 - 기타,승합,남,62세,상해없음,보행자,여,73세,중상
2017070500100299,2017년 7월 5일 14시,수요일,부산광역시 부산진구 양정동,중상사고,0,1,0,0,차대사람 - 횡단중,안전운전불이행,건조,맑음,단일로 - 기타,화물,남,33세,상해없음,보행자,여,25세,중상
2017070500100300,2017년 7월 5일 14시,수요일,부산광역시 부산진구 당감동,중상사고,0,1,0,0,차대차 - 추돌,안전운전불이행,건조,맑음,단일로 - 기타,승용,남,54세,상해없음,승합,남,56세,중상
2017070500100301,2017년 7월 5일 14시,수요일,부산광역시 기장군 기장읍,경상사고,0,0,1,0,차대차 - 기타,안전운전불이행,건조,맑음,주차장 - 주차장,화물,남,65세,상해없음,승용,여,56세,경상
2017070500100333,2017년 7월 5일 15시,수요일,부산광역시 영도구 동삼동,경상사고,0,0,1,0,차대차 - 측면충돌,안전거리미확보,건조,맑음,단일로 - 기타,승용,남,75세,상해없음,화물,남,54세,경상
2017070500100334,2017년 7월 5일 15시,수요일,부산광역시 부산진구 범전동,중상사고,0,1,0,0,차대차 - 기타,교차로운행방법위반,건조,맑음,교차로 - 교차로안,이륜,남,67세,상해없음,화물,남,61세,상해없음
2017070500100367,2017년 7월 5일 16시,수요일,부산광역시 영도구 영선동4가,경상사고,0,0,1,0,차대사람 - 보도통행중,기타,건조,맑음,단일로 - 기타,원동기,남,37세,상해없음,보행자,남,28세,경상
2017070500100368,2017년 7월 5일 16시,수요일,부산광역시 수영구 망미동,부상신고사고,0,0,0,1,차대차 - 기타,안전거리미확보,건조,맑음,단일로 - 기타,승용,여,38세,상해없음,원동기,남,22세,부상신고
2017070500100398,2017년 7월 5일 17시,수요일,부산광역시 중구 중앙동2가,중상사고,0,1,0,1,차대차 - 추돌,신호위반,건조,맑음,교차로 - 교차로안,승용,남,56세,부상신고,승용,여,46세,중상
2017070500100437,2017년 7월 5일 18시,수요일,부산광역시 해운대구 반여동,경상사고,0,0,1,0,차대차 - 정면충돌,신호위반,건조,맑음,단일로 - 기타,이륜,남,17세,경상,승용,남,18세,상해없음
2017070500100438,2017년 7월 5일 18시,수요일,부산광역시 해운대구 우동,경상사고,0,0,2,0,차대차 - 후진중충돌,안전운전불이행,건조,맑음,단일로 - 기타,승용,남,46세,경상,승용,남,28세,경상
2017070500100439,2017년 7월 5일 18시,수요일,부산광역시 사하구 신평동,중상사고,0,2,0,0,차대차 - 기타,안전거리미확보,건조,맑음,단일로 - 기타,승용,남,26세,상해없음,이륜,남,73세,중상
2017070500100482,2017년 7월 5일 19시,수요일,부산광역시 수영구 남천동,부상신고사고,0,0,0,1,차대차 - 측면충돌,안전운전불이행,건조,맑음,단일로 - 기타,자전거,남,23세,부상신고,승용,남,58세,상해없음
2017070500100483,2017년 7월 5일 19시,수요일,부산광역시 동래구 사직동,중상사고,0,1,0,0,차대차 - 측면충돌,중앙선침범,건조,맑음,교차로 - 교차로안,원동기,남,67세,상해없음,원동기,남,29세,중상
2017070500100484,2017년 7월 5일 19시,수요일,부산광역시 금정구 서동,경상사고,0,0,1,0,차대차 - 기타,안전거리미확보,건조,맑음,단일로 - 기타,자전거,남,16세,경상,이륜,여,54세,상해없음
2017070500100485,2017년 7월 5일 19시,수요일,부산광역시 연제구 연산동,경상사고,0,0,2,0,차대차 - 측면충돌,안전운전불이행,건조,맑음,단일로 - 기타,이륜,남,17세,상해없음,이륜,남,24세,경상
2017070500100512,2017년 7월 5일 20시,수요일,부산광역시 북구 금곡동,중상사고,0,1,0,0,차대사람 - 횡단중,신호위반,건조,맑음,교차로 - 교차로횡단보도내,승용,남,69세,상해없음,보행자,여,63세,중상
2017070500100513,2017년 7월 5일 20시,수요일,부산광역시 북구 금곡동,중상사고,0,1,0,0,차대차 - 측면충돌,차로위반,건조,맑음,단일로 - 기타,승용,남,62세,상해없음,이륜,남,44세,중상
2017070500100514,2017년 7월 5일 20시,수요일,부산광역시 사하구 하단동,경상사고,0,0,1,0,차대차 - 측면충돌,안전거리미확보,건조,맑음,단일로 - 고가도로위,화물,남,36세,상해없음,자전거,남,61세,경상
2017070500100535,2017년 7월 5일 21시,수요일,부산광역시 동구 초량동,중상사고,0,1,1,0,차대차 - 기타,안전운전불이행,건조,맑음,단일로 - 기타,승용,남,50세,상해없음,승용,남,26세,중상
2017070500100536,2017년 7월 5일 21시,수요일,부산광역시 남구 용호동,중상사고,0,1,0,0,차대사람 - 기타,안전운전불이행,건조,맑음,단일로 - 기타,승용,여,48세,상해없음,보행자,남,67세,중상
2017070500100566,2017년 7월 5일 22시,수요일,부산광역시 남구 대연동,경상사고,0,0,1,0,차대차 - 기타,안전거리미확보,건조,맑음,단일로 - 기타,화물,남,67세,상해없음,승용,남,58세,상해없음
2017070500100567,2017년 7월 5일 22시,수요일,부산광역시 사상구 학장동,중상사고,0,1,2,0,차대차 - 정면충돌,신호위반,건조,맑음,교차로 - 교차로안,특수,남,60세,상해없음,승용,여,39세,경상
2017070500100593,2017년 7월 5일 23시,수요일,부산광역시 남구 용호동,중상사고,0,1,1,0,차대차 - 측면충돌,중앙선침범,건조,맑음,단일로 - 기타,승용,여,56세,상해없음,승용,남,65세,중상
2017070500100594,2017년 7월 5일 23시,수요일,부산광역시 남구 대연동,경상사고,0,0,1,0,차대사람 - 기타,안전운전불이행,건조,맑음,기타 - 기타,승용,남,61세,상해없음,보행자,남,52세,경상
2017070600100032,2017년 7월 6일 00시,목요일,부산광역시 사하구 감천동,중상사고,0,1,0,0,차대사람 - 횡단중,신호위반,건조,맑음,교차로 - 교차로안,승용,남,54세,상해없음,보행자,여,60세,중상
2017070600100033,2017년 7월 6일 00시,목요일,부산광역시 사상구 괘법동,경상사고,0,0,1,0,차대차 - 기타,안전운전불이행,건조,맑음,교차로 - 교차로부근,승용,남,62세,상해없음,승용,남,32세,경상
2017070600100050,2017년 7월 6일 01시,목요일,부산광역시 동구 초량동,중상사고,0,2,0,0,차대차 - 측면충돌,교차로운행방법위반,건조,맑음,교차로 - 교차로안,승용,남,69세,중상,승용,남,60세,상해없음
2017070600100067,2017년 7월 6일 03시,목요일,부산광역시 금정구 장전동,중상사고,0,1,3,0,차대차 - 기타,안전거리미확보,건조,맑음,단일로 - 기타,승용,남,58세,경상,승용,남,46세,중상
2017070600100128,2017년 7월 6일 08시,목요일,부산광역시 북구 구포동,경상사고,0,0,1,0,차대차 - 기타,신호위반,건조,맑음,교차로 - 교차로안,화물,남,58세,상해없음,승용,남,54세,경상
2017070600100157,2017년 7월 6일 09시,목요일,부산광역시 남구 용호동,중상사고,0,1,0,0,차대사람 - 길가장자리구역통행중,안전운전불이행,건조,맑음,단일로 - 기타,승용,남,64세,상해없음,보행자,남,70세,중상
2017070600100158,2017년 7월 6일 09시,목요일,부산광역시 동래구 사직동,경상사고,0,0,1,0,차대차 - 측면충돌,안전운전불이행,건조,맑음,교차로 - 교차로부근,승용,남,52세,상해없음,승용,여,39세,경상
2017070600100159,2017년 7월 6일 09시,목요일,부산광역시 영도구 봉래동3가,경상사고,0,0,2,0,차대차 - 측면충돌,안전운전불이행,건조,맑음,단일로 - 기타,승용,여,52세,상해없음,승용,남,63세,경상
2017070600100213,2017년 7월 6일 11시,목요일,부산광역시 서구 토성동5가,중상사고,0,1,0,0,차대차 - 측면충돌,안전운전불이행,건조,맑음,교차로 - 교차로안,이륜,남,54세,중상,승용,남,62세,상해없음
2017070600100214,2017년 7월 6일 11시,목요일,부산광역시 기장군 정관읍,경상사고,0,0,1,0,차대차 - 측면충돌,신호위반,건조,맑음,교차로 - 교차로안,승용,여,30세,상해없음,자전거,여,30세,경상
2017070600100237,2017년 7월 6일 12시,목요일,부산광역시 해운대구 중동,경상사고,0,0,1,0,차대차 - 추돌,안전운전불이행,건조,맑음,주차장 - 주차장,승용,남,34세,상해없음,승용,여,43세,경상
2017070600100255,2017년 7월 6일 13시,목요일,부산광역시 동래구 사직동,경상사고,0,0,1,0,차대차 - 추돌,안전거리미확보,건조,맑음,단일로 - 지하차도(도로)내,승용,남,38세,상해없음,승용,여,36세,경상
2017070600100256,2017년 7월 6일 13시,목요일,부산광역시 영도구 남항동2가,중상사고,0,1,0,0,차대사람 - 횡단중,보행자보호의무위반,건조,맑음,교차로 - 교차로횡단보도내,화물,남,56세,상해없음,보행자,남,73세,중상