사고번호,사고일시,요일,시군구,사고내용,사망자수,중상자수,경상자수,부상신고자수,사고유형,법규위반,노면상태,기상상태,도로형태,가해운전자 차종,가해운전자 성별,가해운전자 연령,가해운전자 상해정도,피해운전자 차종,피해운전자 성별,피해운전자 연령,피해운전자 상해정도
2017070600100257,2017년 7월 6일 13시,목요일,부산광역시 부산진구 전포동,중상사고,0,1,0,0,차대사람 - 횡단중,안전운전불이행,젖음/습기,비,단일로 - 기타,승용,여,37세,기타불명,보행자,여,14세,중상
2017070600100310,2017년 7월 6일 15시,목요일,부산광역시 부산진구 가야동,경상사고,0,0,1,0,차대차 - 추돌,안전운전불이행,건조,맑음,단일로 - 기타,승용,남,48세,상해없음,승용,남,33세,경상
2017070600100311,2017년 7월 6일 15시,목요일,부산광역시 금정구 장전동,경상사고,0,0,1,0,차대차 - 기타,차로위반,건조,흐림,교차로 - 교차로부근,승용,남,42세,상해없음,승용,남,29세,경상
2017070600100369,2017년 7월 6일 17시,목요일,부산광역시 영도구 영선동3가,경상사고,0,0,1,0,차대차 - 측면충돌,안전운전불이행,젖음/습기,비,단일로 - 기타,기타불명,기타불명,미분류,기타불명,이륜,남,80세,경상
2017070600100404,2017년 7월 6일 18시,목요일,부산광역시 연제구 연산동,중상사고,0,1,0,0,차대차 - 정면충돌,안전거리미확보,건조,맑음,교차로 - 교차로부근,승용,남,27세,상해없음,승용,남,67세,중상
2017070600100443,2017년 7월 6일 19시,목요일,부산광역시 기장군 정관읍,경상사고,0,0,1,0,차대사람 - 횡단중,보행자보호의무위반,건조,맑음,기타 - 기타,승용,남,39세,상해없음,보행자,남,13세,경상
2017070600100471,2017년 7월 6일 20시,목요일,부산광역시 강서구 녹산동,경상사고,0,0,1,0,차량단독 - 공작물충돌,안전운전불이행,젖음/습기,흐림,단일로 - 기타,승용,남,48세,경상,,,,
2017070600100506,2017년 7월 6일 21시,목요일,부산광역시 사상구 모라동,중상사고,0,1,0,0,차대차 - 정면충돌,안전운전불이행,젖음/습기,흐림,교차로 - 교차로부근,승용,남,25세,상해없음,이륜,남,49세,중상
2017070600100507,2017년 7월 6일 21시,목요일,부산광역시 사상구 삼락동,경상사고,0,0,1,0,차대사람 - 횡단중,안전운전불이행,건조,흐림,단일로 - 기타,승용,여,60세,상해없음,보행자,남,46세,경상
2017070600100571,2017년 7월 6일 23시,목요일,부산광역시 금정구 장전동,경상사고,0,0,1,0,차대사람 - 횡단중,안전운전불이행,건조,흐림,교차로 - 교차로안,승용,남,25세,상해없음,보행자,남,65세,경상
2017070700100036,2017년 7월 7일 01시,금요일,부산광역시 연제구 연산동,경상사고,0,0,1,0,차대차 - 측면충돌,신호위반,건조,맑음,교차로 - 교차로안,이륜,남,16세,상해없음,승용,남,37세,경상
2017070700100069,2017년 7월 7일 06시,금요일,부산광역시 북구 만덕동,중상사고,0,1,1,0,차대사람 - 횡단중,안전운전불이행,건조,맑음,단일로 - 기타,승용,여,60세,상해없음,보행자,여,50세,경상
2017070700100070,2017년 7월 7일 06시,금요일,부산광역시 동래구 수안동,중상사고,0,1,0,0,차대사람 - 횡단중,안전운전불이행,건조,흐림,단일로 - 기타,승용,남,65세,상해없음,보행자,남,29세,중상
2017070700100086,2017년 7월 7일 07시,금요일,부산광역시 남구 대연동,중상사고,0,1,4,0,차대차 - 추돌,안전거리미확보,젖음/습기,비,단일로 - 기타,화물,남,26세,상해없음,승용,여,35세,경상
2017070700100087,2017년 7월 7일 07시,금요일,부산광역시 기장군 기장읍,중상사고,0,1,0,0,차대사람 - 횡단중,신호위반,건조,맑음,교차로 - 교차로횡단보도내,승용,남,68세,상해없음,보행자,여,72세,중상
2017070700100117,2017년 7월 7일 08시,금요일,부산광역시 북구 화명동,중상사고,0,1,0,0,차대차 - 측면충돌,신호위반,건조,맑음,교차로 - 교차로부근,이륜,남,75세,상해없음,승용,남,77세,상해없음
2017070700100118,2017년 7월 7일 08시,금요일,부산광역시 강서구 천성동,중상사고,0,1,0,0,차대차 - 측면충돌,차로위반,건조,맑음,기타 - 기타,승용,남,61세,상해없음,승용,남,37세,중상
2017070700100119,2017년 7월 7일 08시,금요일,부산광역시 강서구 대저1동,경상사고,0,0,2,0,차대차 - 기타,안전운전불이행,건조,맑음,교차로 - 교차로안,화물,남,50세,상해없음,승용,여,41세,경상
2017070700100120,2017년 7월 7일 08시,금요일,부산광역시 기장군 정관읍,경상사고,0,0,2,0,차대차 - 측면충돌,안전운전불이행,건조,맑음,교차로 - 교차로안,승용,남,33세,상해없음,승용,남,47세,경상
2017070700100163,2017년 7월 7일 09시,금요일,부산광역시 해운대구 석대동,경상사고,0,0,1,0,차대차 - 추돌,안전운전불이행,건조,맑음,단일로 - 기타,화물,남,74세,상해없음,화물,남,54세,기타불명
2017070700100164,2017년 7월 7일 09시,금요일,부산광역시 금정구 부곡동,중상사고,0,1,1,0,차대차 - 측면충돌,교차로운행방법위반,건조,맑음,교차로 - 교차로안,승용,남,72세,상해없음,승용,여,53세,중상
2017070700100188,2017년 7월 7일 10시,금요일,부산광역시 부산진구 양정동,경상사고,0,0,1,0,차대차 - 추돌,안전운전불이행,젖음/습기,비,단일로 - 기타,승용,남,25세,상해없음,승용,남,64세,경상
2017070700100218,2017년 7월 7일 11시,금요일,부산광역시 영도구 청학동,경상사고,0,0,1,0,차대차 - 후진중충돌,안전운전불이행,건조,맑음,단일로 - 기타,화물,여,51세,상해없음,승용,여,35세,경상
2017070700100219,2017년 7월 7일 11시,금요일,부산광역시 사하구 장림동,경상사고,0,0,1,0,차대차 - 추돌,안전운전불이행,건조,맑음,교차로 - 교차로안,승용,남,62세,기타불명,승용,남,64세,상해없음
2017070700100220,2017년 7월 7일 11시,금요일,부산광역시 기장군 기장읍,부상신고사고,0,0,0,1,차대사람 - 횡단중,안전운전불이행,건조,맑음,단일로 - 기타,승용,여,34세,상해없음,보행자,여,34세,부상신고
2017070700100245,2017년 7월 7일 12시,금요일,부산광역시 사상구 주례동,중상사고,0,1,0,0,차대사람 - 기타,안전운전불이행,건조,맑음,교차로 - 교차로안,승용,남,36세,상해없음,보행자,여,70세,중상
2017070700100267,2017년 7월 7일 13시,금요일,부산광역시 해운대구 우동,경상사고,0,0,1,0,차대사람 - 횡단중,신호위반,젖음/습기,흐림,교차로 - 교차로횡단보도내,승용,여,44세,상해없음,보행자,남,9세,경상
2017070700100268,2017년 7월 7일 13시,금요일,부산광역시 해운대구 반여동,경상사고,0,0,1,0,차대차 - 기타,안전운전불이행,건조,맑음,교차로 - 교차로안,승용,여,53세,상해없음,승용,남,46세,경상
2017070700100269,2017년 7월 7일 13시,금요일,부산광역시 부산진구 부전동,경상사고,0,0,1,0,차대사람 - 횡단중,안전운전불이행,건조,맑음,단일로 - 기타,승용,남,25세,상해없음,보행자,남,44세,경상
2017070700100270,2017년 7월 7일 13시,금요일,부산광역시 연제구 거제동,중상사고,0,1,0,0,차대차 - 측면충돌,안전운전불이행,건조,맑음,교차로 - 교차로부근,승용,남,45세,상해없음,이륜,남,21세,중상
2017070700100271,2017년 7월 7일 13시,금요일,부산광역시 사상구 모라동,경상사고,0,0,2,1,차대차 - 측면충돌,안전운전불이행,젖음/습기,비,단일로 - 기타,승합,남,33세,상해없음,승용,남,36세,경상
2017070700100290,2017년 7월 7일 14시,금요일,부산광역시 사상구 감전동,경상사고,0,0,1,0,차대사람 - 횡단중,안전운전불이행,건조,맑음,교차로 - 교차로부근,승용,남,38세,상해없음,보행자,남,56세,경상
2017070700100312,2017년 7월 7일 15시,금요일,부산광역시 부산진구 개금동,경상사고,0,0,5,0,차대차 - 기타,안전운전불이행,건조,맑음,교차로 - 교차로부근,승용,남,28세,경상,승용,남,43세,경상
2017070700100381,2017년 7월 7일 17시,금요일,부산광역시 수영구 광안동,중상사고,0,1,0,0,차대차 - 측면충돌,안전운전불이행,건조,맑음,단일로 - 기타,승용,남,18세,상해없음,승용,여,46세,중상
2017070700100382,2017년 7월 7일 17시,금요일,부산광역시 북구 덕천동,부상신고사고,0,0,0,1,차대차 - 기타,안전거리미확보,건조,맑음,단일로 - 기타,특수,남,48세,상해없음,승용,여,38세,부상신고
2017070700100383,2017년 7월 7일 17시,금요일,부산광역시 영도구 동삼동,경상사고,0,0,1,0,차대사람 - 횡단중,안전운전불이행,젖음/습기,비,단일로 - 기타,승용,남,58세,상해없음,보행자,여,10세,경상
2017070700100384,2017년 7월 7일 17시,금요일,부산광역시 기장군 정관읍,경상사고,0,0,1,0,차대차 - 추돌,안전운전불이행,건조,맑음,기타 - 기타,승용,여,36세,상해없음,승용,남,42세,경상
2017070700100385,2017년 7월 7일 17시,금요일,부산광역시 기장군 기장읍,경상사고,0,0,1,0,차대차 - 측면충돌,안전운전불이행,건조,맑음,단일로 - 기타,승용,남,50세,상해없음,승용,여,35세,경상
2017070700100475,2017년 7월 7일 19시,금요일,부산광역시 동구 초량동,중상사고,0,2,1,0,차대차 - 기타,교차로운행방법위반,건조,맑음,교차로 - 교차로안,승용,남,56세,중상,승용,남,61세,중상
2017070700100476,2017년 7월 7일 19시,금요일,부산광역시 북구 화명동,중상사고,0,1,0,0,차대사람 - 횡단중,안전운전불이행,건조,맑음,단일로 - 기타,승용,여,48세,상해없음,보행자,여,59세,중상
2017070700100477,2017년 7월 7일 19시,금요일,부산광역시 금정구 서동,중상사고,0,1,0,0,차대사람 - 횡단중,안전운전불이행,건조,맑음,교차로 - 교차로안,승용,여,49세,상해없음,보행자,여,67세,중상
2017070700100533,2017년 7월 7일 20시,금요일,부산광역시 동구 초량동,경상사고,0,0,1,0,차대사람 - 횡단중,보행자보호의무위반,건조,맑음,단일로 - 기타,승용,남,65세,상해없음,보행자,여,52세,경상
2017070700100582,2017년 7월 7일 21시,금요일,부산광역시 사상구 괘법동,경상사고,0,0,3,0,차대차 - 측면충돌,교차로운행방법위반,젖음/습기,비,교차로 - 교차로안,승용,남,31세,상해없음,승용,남,54세,경상
2017070700100627,2017년 7월 7일 22시,금요일,부산광역시 부산진구 개금동,중상사고,0,1,0,0,차대차 - 측면충돌,신호위반,건조,맑음,교차로 - 교차로안,승용,남,23세,상해없음,이륜,남,64세,중상
2017070700100628,2017년 7월 7일 22시,금요일,부산광역시 부산진구 가야동,경상사고,0,0,2,0,차대차 - 기타,안전운전불이행,젖음/습기,맑음,교차로 - 교차로부근,승용,남,63세,상해없음,승용,여,57세,경상
2017070700100662,2017년 7월 7일 23시,금요일,부산광역시 부산진구 부전동,경상사고,0,0,1,0,차대차 - 기타,교차로운행방법위반,젖음/습기,비,교차로 - 교차로안,기타불명,기타불명,미분류,기타불명,원동기,남,22세,경상
2017070800100018,2017년 7월 8일 00시,토요일,부산광역시 동구 초량동,경상사고,0,0,1,0,차대차 - 측면충돌,중앙선침범,젖음/습기,흐림,단일로 - 고가도로위,승용,남,27세,상해없음,승용,남,28세,경상
2017070800100019,2017년 7월 8일 00시,토요일,부산광역시 사하구 장림동,중상사고,0,1,1,0,차대차 - 추돌,안전운전불이행,건조,맑음,교차로 - 교차로부근,승용,남,50세,상해없음,승용,여,28세,경상
2017070800100041,2017년 7월 8일 01시,토요일,부산광역시 동구 초량동,경상사고,0,0,1,0,차대차 - 추돌,안전운전불이행,젖음/습기,흐림,단일로 - 기타,화물,남,25세,상해없음,승용,남,59세,경상
2017070800100060,2017년 7월 8일 02시,토요일,부산광역시 동래구 안락동,경상사고,0,0,1,0,차대차 - 측면충돌,신호위반,건조,맑음,교차로 - 교차로안,승합,남,51세,상해없음,승용,남,58세,경상
2017070800100077,2017년 7월 8일 03시,토요일,부산광역시 남구 문현동,경상사고,0,0,1,0,차대차 - 기타,신호위반,건조,맑음,교차로 - 교차로안,승용,남,55세,상해없음,승용,남,63세,경상
2017070800100078,2017년 7월 8일 03시,토요일,부산광역시 부산진구 부전동,중상사고,0,1,0,0,차대차 - 기타,신호위반,건조,맑음,교차로 - 교차로안,승용,여,25세,상해없음,승합,남,41세,중상
2017070800100079,2017년 7월 8일 03시,토요일,부산광역시 금정구 부곡동,중상사고,0,1,0,0,차대사람 - 횡단중,안전운전불이행,건조,맑음,단일로 - 기타,승용,남,64세,상해없음,보행자,남,32세,중상
2017070800100089,2017년 7월 8일 04시,토요일,부산광역시 영도구 동삼동,사망사고,1,0,1,0,차량단독 - 공작물충돌,안전운전불이행,젖음/습기,비,단일로 - 기타,원동기,남,16세,경상,,,,
2017070800100090,2017년 7월 8일 04시,토요일,부산광역시 금정구 부곡동,경상사고,0,0,2,1,차대차 - 추돌,안전운전불이행,건조,맑음,단일로 - 기타,화물,남,52세,상해없음,승용,남,51세,부상신고
2017070800100098,2017년 7월 8일 05시,토요일,부산광역시 강서구 대저1동,중상사고,0,1,0,0,차대차 - 추돌,안전거리미확보,젖음/습기,흐림,단일로 - 기타,승용,남,31세,상해없음,화물,남,64세,중상
2017070800100112,2017년 7월 8일 06시,토요일,부산광역시 동래구 온천동,경상사고,0,0,1,0,차대차 - 측면충돌,안전거리미확보,건조,맑음,단일로 - 기타,화물,남,48세,상해없음,승용,남,31세,경상
2017070800100129,2017년 7월 8일 07시,토요일,부산광역시 동구 초량동,경상사고,0,0,1,0,차대차 - 측면충돌,안전거리미확보,건조,맑음,단일로 - 기타,승용,남,35세,상해없음,승용,남,36세,경상
2017070800100158,2017년 7월 8일 09시,토요일,부산광역시 중구 중앙동6가,중상사고,0,1,0,0,차대차 - 측면충돌,차로위반,건조,맑음,교차로 - 교차로부근,승용,남,61세,상해없음,이륜,남,46세,중상
2017070800100178,2017년 7월 8일 10시,토요일,부산광역시 부산진구 전포동,부상신고사고,0,0,0,1,차대사람 - 횡단중,안전운전불이행,건조,맑음,단일로 - 기타,승용,남,70세,상해없음,보행자,남,42세,부상신고
2017070800100179,2017년 7월 8일 10시,토요일,부산광역시 강서구 송정동,경상사고,0,0,1,0,차대차 - 기타,신호위반,건조,맑음,교차로 - 교차로안,승용,남,27세,상해없음,승용,남,51세,경상
2017070800100235,2017년 7월 8일 12시,토요일,부산광역시 중구 남포동1가,경상사고,0,0,2,0,차대차 - 기타,차로위반,건조,맑음,단일로 - 기타,승용,남,59세,상해없음,승용,남,57세,경상
2017070800100291,2017년 7월 8일 14시,토요일,부산광역시 남구 문현동,중상사고,0,1,0,0,차대사람 - 기타,안전운전불이행,건조,맑음,단일로 - 기타,승용,남,42세,상해없음,보행자,남,5세,중상
2017070800100292,2017년 7월 8일 14시,토요일,부산광역시 금정구 부곡동,중상사고,0,1,0,0,차대사람 - 횡단중,안전운전불이행,건조,맑음,단일로 - 기타,건설기계,남,61세,상해없음,보행자,남,56세,중상
2017070800100353,2017년 7월 8일 16시,토요일,부산광역시 강서구 송정동,경상사고,0,0,1,0,차대차 - 측면충돌,안전운전불이행,건조,맑음,교차로 - 교차로안,승용,여,33세,상해없음,승용,여,33세,경상
2017070800100388,2017년 7월 8일 17시,토요일,부산광역시 해운대구 중동,부상신고사고,0,0,0,1,차대차 - 후진중충돌,안전운전불이행,건조,맑음,기타 - 기타,승용,여,43세,상해없음,승용,남,27세,부상신고
2017070800100389,2017년 7월 8일 17시,토요일,부산광역시 금정구 부곡동,경상사고,0,0,1,0,차대차 - 기타,안전거리미확보,건조,맑음,단일로 - 기타,승용,남,29세,상해없음,승용,여,40세,경상
2017070800100491,2017년 7월 8일 20시,토요일,부산광역시 영도구 동삼동,중상사고,0,1,2,0,차대사람 - 횡단중,안전운전불이행,젖음/습기,비,단일로 - 기타,원동기,남,38세,상해없음,보행자,남,43세,중상
2017070800100492,2017년 7월 8일 20시,토요일,부산광역시 금정구 구서동,경상사고,0,0,2,0,차대차 - 추돌,안전거리미확보,건조,맑음,단일로 - 기타,화물,남,67세,상해없음,승용,남,64세,경상
2017070800100513,2017년 7월 8일 21시,토요일,부산광역시 연제구 거제동,경상사고,0,0,1,0,차대차 - 측면충돌,안전운전불이행,건조,맑음,교차로 - 교차로안,승용,여,51세,상해없음,원동기,남,41세,경상
2017070800100546,2017년 7월 8일 22시,토요일,부산광역시 서구 충무동1가,중상사고,0,1,2,0,차대사람 - 횡단중,안전운전불이행,젖음/습기,비,단일로 - 기타,승용,남,61세,상해없음,보행자,남,50세,중상
2017070800100547,2017년 7월 8일 22시,토요일,부산광역시 사하구 하단동,중상사고,0,2,0,0,차대차 - 추돌,과속,젖음/습기,비,단일로 - 기타,승용,남,20세,상해없음,승용,여,52세,중상
2017070800100548,2017년 7월 8일 22시,토요일,부산광역시 사하구 괴정동,경상사고,0,0,1,0,차대사람 - 횡단중,보행자보호의무위반,젖음/습기,비,기타 - 기타,승용,남,27세,상해없음,보행자,여,18세,경상
2017070800100549,2017년 7월 8일 22시,토요일,부산광역시 사상구 괘법동,부상신고사고,0,0,0,1,차대사람 - 횡단중,보행자보호의무위반,젖음/습기,비,교차로 - 교차로부근,승용,남,57세,상해없음,보행자,남,53세,부상신고
2017070800100581,2017년 7월 8일 23시,토요일,부산광역시 동래구 온천동,경상사고,0,0,1,0,차대차 - 추돌,안전거리미확보,건조,맑음,단일로 - 기타,승용,남,52세,상해없음,승용,남,50세,경상
2017070800100582,2017년 7월 8일 23시,토요일,부산광역시 해운대구 좌동,중상사고,0,1,0,0,차대차 - 추돌,안전운전불이행,젖음/습기,비,교차로 - 교차로안,승용,남,23세,상해없음,이륜,남,56세,중상
2017070800100583,2017년 7월 8일 23시,토요일,부산광역시 금정구 부곡동,중상사고,0,1,0,0,차대사람 - 횡단중,안전운전불이행,젖음/습기,비,교차로 - 교차로안,승용,남,57세,상해없음,보행자,남,60세,중상
2017070800100584,2017년 7월 8일 23시,토요일,부산광역시 사상구 감전동,경상사고,0,0,2,0,차대차 - 측면충돌,안전운전불이행,건조,맑음,교차로 - 교차로부근,승용,남,61세,상해없음,승용,남,56세,경상
2017070900100015,2017년 7월 9일 00시,일요일,부산광역시 해운대구 반여동,경상사고,0,0,1,0,차대사람 - 횡단중,신호위반,젖음/습기,비,교차로 - 교차로안,승용,남,72세,상해없음,보행자,여,26세,경상
2017070900100016,2017년 7월 9일 00시,일요일,부산광역시 해운대구 우동,중상사고,0,1,0,0,차대사람 - 횡단중,안전운전불이행,젖음/습기,비,단일로 - 기타,승용,남,27세,상해없음,보행자,남,55세,중상
2017070900100025,2017년 7월 9일 01시,일요일,부산광역시 북구 덕천동,경상사고,0,0,1,0,차대차 - 기타,안전운전불이행,젖음/습기,비,단일로 - 기타,승용,남,39세,상해없음,승용,남,25세,상해없음
2017070900100026,2017년 7월 9일 01시,일요일,부산광역시 동래구 명륜동,경상사고,0,0,1,0,차대사람 - 차도통행중,안전운전불이행,건조,맑음,단일로 - 기타,승용,남,28세,상해없음,보행자,남,30세,경상
2017070900100027,2017년 7월 9일 01시,일요일,부산광역시 사상구 엄궁동,중상사고,0,2,0,0,차대차 - 측면충돌,신호위반,젖음/습기,맑음,교차로 - 교차로안,승용,남,28세,상해없음,승용,남,46세,중상
2017070900100042,2017년 7월 9일 02시,일요일,부산광역시 강서구 신호동,경상사고,0,0,5,0,차대차 - 추돌,과속,젖음/습기,흐림,교차로 - 교차로부근,승용,남,54세,상해없음,승용,여,54세,상해없음
2017070900100048,2017년 7월 9일 03시,일요일,부산광역시 강서구 명지동,사망사고,1,0,0,0,차량단독 - 전도전복,안전운전불이행,젖음/습기,흐림,기타 - 기타,이륜,남,73세,사망,미분류,미분류,미분류,미분류
2017070900100049,2017년 7월 9일 03시,일요일,부산광역시 금정구 회동동,중상사고,0,1,2,0,차대차 - 기타,안전운전불이행,젖음/습기,비,단일로 - 기타,승용,남,29세,상해없음,승용,남,25세,상해없음
2017070900100075,2017년 7월 9일 06시,일요일,부산광역시 사하구 하단동,중상사고,0,1,0,1,차대차 - 기타,신호위반,건조,맑음,교차로 - 교차로안,승용,여,30세,부상신고,승용,남,47세,중상
2017070900100098,2017년 7월 9일 08시,일요일,부산광역시 서구 토성동2가,경상사고,0,0,3,0,차대차 - 측면충돌,교차로운행방법위반,건조,맑음,교차로 - 교차로안,승용,남,54세,상해없음,승합,남,58세,경상
2017070900100099,2017년 7월 9일 08시,일요일,부산광역시 금정구 남산동,경상사고,0,0,2,0,차대차 - 측면충돌,직진우회전진행방해,건조,맑음,교차로 - 교차로안,승용,남,52세,상해없음,승용,남,55세,경상
2017070900100128,2017년 7월 9일 10시,일요일,부산광역시 강서구 대저1동,중상사고,0,1,0,0,차대사람 - 기타,안전운전불이행,건조,맑음,기타 - 기타,자전거,여,46세,상해없음,보행자,남,57세,중상
2017070900100186,2017년 7월 9일 13시,일요일,부산광역시 금정구 금사동,중상사고,0,1,3,0,차대차 - 기타,기타,건조,맑음,교차로 - 교차로안,승용,남,60세,상해없음,승용,남,34세,경상
2017070900100218,2017년 7월 9일 14시,일요일,부산광역시 사하구 다대동,경상사고,0,0,1,0,차대차 - 기타,안전거리미확보,건조,맑음,교차로 - 교차로부근,승용,남,41세,상해없음,이륜,남,23세,경상
2017070900100219,2017년 7월 9일 14시,일요일,부산광역시 사상구 엄궁동,경상사고,0,0,2,0,차대차 - 추돌,안전운전불이행,건조,맑음,단일로 - 기타,승용,남,58세,상해없음,화물,남,28세,경상
2017070900100248,2017년 7월 9일 15시,일요일,부산광역시 사하구 장림동,경상사고,0,0,2,0,차대차 - 기타,기타,건조,맑음,교차로 - 교차로안,승용,남,44세,상해없음,승용,남,36세,경상
2017070900100274,2017년 7월 9일 16시,일요일,부산광역시 해운대구 우동,중상사고,0,1,0,0,차대차 - 측면충돌,기타,건조,맑음,교차로 - 교차로안,승용,남,26세,상해없음,이륜,남,61세,중상
2017070900100299,2017년 7월 9일 17시,일요일,부산광역시 기장군 기장읍,경상사고,0,0,2,0,차대차 - 측면충돌,교차로운행방법위반,건조,맑음,교차로 - 교차로안,승합,남,66세,상해없음,승용,남,24세,경상
2017070900100323,2017년 7월 9일 18시,일요일,부산광역시 중구 부평동3가,경상사고,0,0,1,0,차대차 - 측면충돌,차로위반,건조,맑음,단일로 - 기타,승합,남,57세,상해없음,승용,남,27세,경상
2017070900100324,2017년 7월 9일 18시,일요일,부산광역시 해운대구 우동,경상사고,0,0,3,0,차대차 - 기타,차로위반,건조,맑음,단일로 - 기타,화물,남,32세,상해없음,승용,여,37세,경상
2017070900100406,2017년 7월 9일 21시,일요일,부산광역시 중구 남포동6가,부상신고사고,0,0,0,1,차대차 - 측면충돌,안전운전불이행,젖음/습기,비,단일로 - 기타,승용,남,68세,상해없음,자전거,남,63세,부상신고
2017070900100407,2017년 7월 9일 21시,일요일,부산광역시 영도구 청학동,경상사고,0,0,1,0,차대차 - 측면충돌,교차로운행방법위반,건조,맑음,교차로 - 교차로안,승용,남,45세,상해없음,원동기,남,44세,경상
2017070900100457,2017년 7월 9일 23시,일요일,부산광역시 사하구 구평동,경상사고,0,0,1,0,차량단독 - 전도전복 - 전도,안전운전불이행,건조,맑음,단일로 - 기타,이륜,남,34세,경상,,,,
2017071000100024,2017년 7월 10일 00시,월요일,부산광역시 해운대구 송정동,부상신고사고,0,0,0,1,차량단독 - 전도전복 - 전도,기타,건조,맑음,기타 - 기타,승용,여,32세,부상신고,,,,
2017071000100044,2017년 7월 10일 01시,월요일,부산광역시 부산진구 전포동,중상사고,0,3,0,0,차대차 - 기타,신호위반,건조,맑음,교차로 - 교차로안,승용,남,61세,상해없음,승용,남,56세,중상
2017071000100045,2017년 7월 10일 01시,월요일,부산광역시 부산진구 부전동,경상사고,0,0,1,0,차대사람 - 횡단중,보행자보호의무위반,건조,맑음,교차로 - 교차로횡단보도내,승용,남,25세,상해없음,보행자,여,55세,경상
2017071000100066,2017년 7월 10일 05시,월요일,부산광역시 남구 용호동,중상사고,0,1,0,0,차대사람 - 횡단중,안전운전불이행,젖음/습기,흐림,단일로 - 기타,승용,남,73세,상해없음,보행자,여,82세,중상
2017071000100067,2017년 7월 10일 05시,월요일,부산광역시 남구 문현동,경상사고,0,0,1,0,차대차 - 기타,안전운전불이행,건조,흐림,교차로 - 교차로안,화물,남,31세,상해없음,승용,남,54세,상해없음
2017071000100074,2017년 7월 10일 06시,월요일,부산광역시 북구 덕천동,경상사고,0,0,1,0,차대차 - 추돌,안전운전불이행,건조,맑음,단일로 - 기타,승용,남,46세,상해없음,승용,남,48세,경상
2017071000100083,2017년 7월 10일 07시,월요일,부산광역시 사하구 장림동,경상사고,0,0,1,0,차대사람 - 길가장자리구역통행중,안전운전불이행,건조,맑음,단일로 - 기타,승용,남,31세,상해없음,보행자,남,12세,경상
2017071000100110,2017년 7월 10일 08시,월요일,부산광역시 금정구 장전동,중상사고,0,1,0,0,차대차 - 측면충돌,신호위반,젖음/습기,흐림,교차로 - 교차로부근,승용,남,62세,상해없음,원동기,남,26세,중상
2017071000100144,2017년 7월 10일 09시,월요일,부산광역시 북구 만덕동,중상사고,0,1,0,0,차대차 - 기타,안전거리미확보,젖음/습기,흐림,단일로 - 기타,화물,남,73세,상해없음,이륜,남,58세,중상
2017071000100145,2017년 7월 10일 09시,월요일,부산광역시 북구 구포동,경상사고,0,0,1,0,차대차 - 기타,중앙선침범,건조,맑음,단일로 - 기타,승용,남,60세,상해없음,승용,남,55세,상해없음
2017071000100178,2017년 7월 10일 10시,월요일,부산광역시 부산진구 부전동,경상사고,0,0,1,0,차대사람 - 차도통행중,안전운전불이행,건조,맑음,교차로 - 교차로부근,화물,남,54세,상해없음,보행자,여,22세,경상
2017071000100179,2017년 7월 10일 10시,월요일,부산광역시 연제구 거제동,중상사고,0,1,0,0,차대차 - 정면충돌,교차로운행방법위반,건조,맑음,교차로 - 교차로안,화물,남,65세,상해없음,승용,남,85세,중상
2017071000100231,2017년 7월 10일 12시,월요일,부산광역시 해운대구 반송동,경상사고,0,0,1,0,차대차 - 정면충돌,중앙선침범,건조,맑음,단일로 - 기타,승합,남,37세,상해없음,승용,남,50세,상해없음
2017071000100232,2017년 7월 10일 12시,월요일,부산광역시 금정구 장전동,경상사고,0,0,1,0,차대차 - 기타,안전운전불이행,젖음/습기,비,교차로 - 교차로안,화물,남,36세,상해없음,원동기,남,37세,경상
2017071000100233,2017년 7월 10일 12시,월요일,부산광역시 사하구 하단동,경상사고,0,0,1,0,차량단독 - 기타,안전운전불이행,건조,맑음,단일로 - 기타,승합,남,48세,상해없음,,,,
2017071000100262,2017년 7월 10일 13시,월요일,부산광역시 중구 동광동5가,중상사고,0,1,0,0,차대사람 - 기타,안전운전불이행,건조,맑음,단일로 - 기타,승용,남,65세,상해없음,보행자,여,84세,중상
2017071000100263,2017년 7월 10일 13시,월요일,부산광역시 수영구 광안동,경상사고,0,0,2,0,차대차 - 측면충돌,안전운전불이행,젖음/습기,비,교차로 - 교차로안,승용,여,44세,상해없음,승용,남,45세,경상
2017071000100264,2017년 7월 10일 13시,월요일,부산광역시 부산진구 양정동,경상사고,0,0,1,0,차대차 - 추돌,안전거리미확보,건조,맑음,단일로 - 기타,기타불명,기타불명,미분류,기타불명,화물,남,28세,상해없음
2017071000100265,2017년 7월 10일 13시,월요일,부산광역시 부산진구 부전동,경상사고,0,0,1,0,차대차 - 기타,안전운전불이행,젖음/습기,비,단일로 - 기타,이륜,남,19세,경상,승용,남,73세,상해없음
2017071000100266,2017년 7월 10일 13시,월요일,부산광역시 연제구 연산동,중상사고,0,1,0,0,차대차 - 측면충돌,안전운전불이행,건조,맑음,단일로 - 기타,승용,남,68세,상해없음,이륜,남,23세,중상
2017071000100267,2017년 7월 10일 13시,월요일,부산광역시 기장군 정관읍,경상사고,0,0,1,0,차대차 - 정면충돌,안전운전불이행,젖음/습기,비,교차로 - 교차로안,승용,남,78세,상해없음,승용,여,29세,경상
2017071000100290,2017년 7월 10일 14시,월요일,부산광역시 부산진구 범천동,부상신고사고,0,0,0,1,차대차 - 측면충돌,신호위반,젖음/습기,비,교차로 - 교차로안,원동기,남,64세,부상신고,화물,남,49세,상해없음