사고번호,사고일시,요일,시군구,사고내용,사망자수,중상자수,경상자수,부상신고자수,사고유형,법규위반,노면상태,기상상태,도로형태,가해운전자 차종,가해운전자 성별,가해운전자 연령,가해운전자 상해정도,피해운전자 차종,피해운전자 성별,피해운전자 연령,피해운전자 상해정도
2017071000100319,2017년 7월 10일 15시,월요일,부산광역시 해운대구 우동,경상사고,0,0,1,0,차대차 - 기타,안전운전불이행,젖음/습기,비,기타 - 기타,승용,여,44세,상해없음,자전거,여,57세,경상
2017071000100320,2017년 7월 10일 15시,월요일,부산광역시 해운대구 중동,중상사고,0,1,0,0,차대사람 - 보도통행중,기타,건조,맑음,단일로 - 기타,화물,남,56세,상해없음,보행자,남,50세,중상
2017071000100353,2017년 7월 10일 16시,월요일,부산광역시 기장군 정관읍,경상사고,0,0,1,0,차대차 - 추돌,안전운전불이행,젖음/습기,비,단일로 - 기타,화물,남,64세,상해없음,승용,여,34세,경상
2017071000100384,2017년 7월 10일 17시,월요일,부산광역시 금정구 부곡동,중상사고,0,1,1,0,차대차 - 기타,안전운전불이행,건조,맑음,단일로 - 기타,승용,남,65세,상해없음,승합,남,60세,경상
2017071000100385,2017년 7월 10일 17시,월요일,부산광역시 사상구 괘법동,경상사고,0,0,1,0,차대사람 - 횡단중,신호위반,건조,흐림,단일로 - 기타,기타불명,기타불명,미분류,기타불명,보행자,남,17세,경상
2017071000100386,2017년 7월 10일 17시,월요일,부산광역시 강서구 봉림동,경상사고,0,0,1,0,차대차 - 기타,안전거리미확보,건조,맑음,단일로 - 기타,특수,남,48세,상해없음,승용,남,29세,경상
2017071000100458,2017년 7월 10일 19시,월요일,부산광역시 남구 문현동,경상사고,0,0,1,0,차대차 - 기타,안전운전불이행,건조,맑음,교차로 - 교차로부근,승용,남,27세,상해없음,화물,남,46세,경상
2017071000100459,2017년 7월 10일 19시,월요일,부산광역시 수영구 광안동,경상사고,0,0,1,0,차대사람 - 횡단중,보행자보호의무위반,젖음/습기,비,교차로 - 교차로부근,승용,남,64세,상해없음,보행자,남,56세,경상
2017071000100460,2017년 7월 10일 19시,월요일,부산광역시 동래구 낙민동,경상사고,0,0,2,1,차대차 - 기타,안전운전불이행,건조,맑음,교차로 - 교차로안,승용,남,46세,경상,승용,남,51세,경상
2017071000100461,2017년 7월 10일 19시,월요일,부산광역시 부산진구 전포동,중상사고,0,1,1,0,차대차 - 측면충돌,신호위반,젖음/습기,비,교차로 - 교차로안,승용,남,37세,상해없음,승용,여,42세,중상
2017071000100492,2017년 7월 10일 20시,월요일,부산광역시 동구 초량동,중상사고,0,1,0,0,차대사람 - 기타,안전운전불이행,젖음/습기,비,기타 - 기타,이륜,남,70세,상해없음,보행자,남,52세,중상
2017071000100516,2017년 7월 10일 21시,월요일,부산광역시 북구 구포동,중상사고,0,1,0,0,차대사람 - 횡단중,안전운전불이행,건조,맑음,단일로 - 기타,승용,여,50세,상해없음,보행자,여,80세,중상
2017071000100517,2017년 7월 10일 21시,월요일,부산광역시 동래구 온천동,경상사고,0,0,1,0,차대차 - 추돌,안전운전불이행,젖음/습기,비,단일로 - 기타,승용,남,24세,상해없음,승용,남,53세,경상
2017071000100518,2017년 7월 10일 21시,월요일,부산광역시 사하구 괴정동,중상사고,0,1,0,0,차대차 - 측면충돌,안전운전불이행,젖음/습기,비,단일로 - 기타,승용,남,67세,상해없음,원동기,남,53세,중상
2017071000100580,2017년 7월 10일 23시,월요일,부산광역시 북구 구포동,경상사고,0,0,2,0,차대차 - 기타,안전운전불이행,건조,맑음,단일로 - 기타,승용,남,49세,상해없음,승용,남,29세,경상
2017071000100581,2017년 7월 10일 23시,월요일,부산광역시 부산진구 부전동,중상사고,0,1,0,0,차대사람 - 횡단중,보행자보호의무위반,젖음/습기,비,교차로 - 교차로횡단보도내,승용,남,38세,상해없음,보행자,여,51세,중상
2017071000100582,2017년 7월 10일 23시,월요일,부산광역시 수영구 수영동,경상사고,0,0,1,0,차대사람 - 기타,기타,건조,맑음,단일로 - 기타,승합,남,53세,상해없음,보행자,여,60세,경상
2017071100100044,2017년 7월 11일 01시,화요일,부산광역시 동구 범일동,경상사고,0,0,1,0,차대차 - 기타,안전운전불이행,젖음/습기,비,기타 - 기타,화물,남,54세,상해없음,승용,남,44세,상해없음
2017071100100045,2017년 7월 11일 01시,화요일,부산광역시 수영구 남천동,부상신고사고,0,0,0,1,차대차 - 측면충돌,교차로운행방법위반,젖음/습기,비,교차로 - 교차로안,원동기,남,23세,부상신고,승용,남,32세,상해없음
2017071100100058,2017년 7월 11일 02시,화요일,부산광역시 사하구 다대동,중상사고,0,1,0,0,차량단독 - 전도전복 - 전도,안전운전불이행,젖음/습기,비,단일로 - 기타,이륜,남,34세,중상,,,,
2017071100100070,2017년 7월 11일 04시,화요일,부산광역시 사하구 하단동,경상사고,0,0,1,0,차대사람 - 차도통행중,안전운전불이행,건조,기타,단일로 - 기타,승용,남,49세,상해없음,보행자,남,20세,경상
2017071100100075,2017년 7월 11일 05시,화요일,부산광역시 서구 남부민동,경상사고,0,0,1,0,차대차 - 측면충돌,교차로운행방법위반,건조,맑음,교차로 - 교차로부근,승용,남,54세,상해없음,승용,남,47세,경상
2017071100100096,2017년 7월 11일 07시,화요일,부산광역시 기장군 정관읍,중상사고,0,1,0,0,차대차 - 기타,안전운전불이행,건조,맑음,교차로 - 교차로부근,원동기,남,70세,상해없음,자전거,남,51세,중상
2017071100100152,2017년 7월 11일 09시,화요일,부산광역시 금정구 구서동,경상사고,0,0,1,0,차대사람 - 횡단중,안전운전불이행,건조,맑음,단일로 - 기타,건설기계,남,57세,상해없음,보행자,남,45세,경상
2017071100100153,2017년 7월 11일 09시,화요일,부산광역시 강서구 대저2동,중상사고,0,1,0,0,차대차 - 측면충돌,안전운전불이행,건조,맑음,교차로 - 교차로안,이륜,남,19세,중상,화물,남,59세,상해없음
2017071100100180,2017년 7월 11일 10시,화요일,부산광역시 금정구 부곡동,경상사고,0,0,2,0,차대차 - 기타,신호위반,건조,맑음,교차로 - 교차로안,승용,남,30세,상해없음,승용,남,73세,경상
2017071100100181,2017년 7월 11일 10시,화요일,부산광역시 금정구 남산동,중상사고,0,1,0,0,차대차 - 측면충돌,교차로운행방법위반,건조,맑음,교차로 - 교차로안,승용,여,30세,상해없음,화물,남,69세,중상
2017071100100211,2017년 7월 11일 11시,화요일,부산광역시 서구 부민동1가,중상사고,0,1,0,0,차대차 - 기타,신호위반,건조,맑음,단일로 - 기타,승용,남,35세,상해없음,자전거,남,59세,중상
2017071100100240,2017년 7월 11일 12시,화요일,부산광역시 서구 암남동,경상사고,0,0,1,0,차대사람 - 횡단중,안전운전불이행,건조,맑음,단일로 - 기타,화물,남,57세,상해없음,보행자,남,42세,경상
2017071100100241,2017년 7월 11일 12시,화요일,부산광역시 남구 대연동,중상사고,0,1,2,0,차대차 - 추돌,안전운전불이행,건조,맑음,교차로 - 교차로안,화물,남,51세,상해없음,화물,남,53세,중상
2017071100100264,2017년 7월 11일 13시,화요일,부산광역시 사상구 모라동,중상사고,0,1,1,0,차대차 - 측면충돌,안전운전불이행,건조,맑음,단일로 - 기타,이륜,남,34세,경상,이륜,남,56세,중상
2017071100100330,2017년 7월 11일 15시,화요일,부산광역시 남구 문현동,중상사고,0,1,0,0,차대차 - 기타,차로위반,건조,맑음,단일로 - 기타,승용,여,62세,상해없음,이륜,남,40세,중상
2017071100100331,2017년 7월 11일 15시,화요일,부산광역시 해운대구 반여동,중상사고,0,1,0,0,차대차 - 정면충돌,안전운전불이행,젖음/습기,흐림,단일로 - 기타,특수,남,43세,상해없음,승용,남,49세,중상
2017071100100332,2017년 7월 11일 15시,화요일,부산광역시 사상구 주례동,경상사고,0,0,1,0,차대차 - 추돌,안전운전불이행,건조,맑음,교차로 - 교차로안,승용,여,38세,상해없음,승용,여,51세,경상
2017071100100357,2017년 7월 11일 16시,화요일,부산광역시 북구 금곡동,경상사고,0,0,2,0,차대차 - 측면충돌,안전운전불이행,건조,맑음,교차로 - 교차로부근,승용,남,57세,상해없음,승용,여,27세,경상
2017071100100358,2017년 7월 11일 16시,화요일,부산광역시 부산진구 부전동,경상사고,0,0,1,0,차대사람 - 기타,안전운전불이행,건조,맑음,단일로 - 기타,승용,여,26세,상해없음,보행자,남,29세,경상
2017071100100359,2017년 7월 11일 16시,화요일,부산광역시 사상구 괘법동,경상사고,0,0,1,0,차대차 - 추돌,안전운전불이행,건조,맑음,교차로 - 교차로부근,승용,남,49세,상해없음,승용,남,57세,경상
2017071100100396,2017년 7월 11일 17시,화요일,부산광역시 동래구 사직동,중상사고,0,1,0,0,차대사람 - 길가장자리구역통행중,안전운전불이행,건조,맑음,단일로 - 기타,승용,남,56세,상해없음,보행자,여,72세,중상
2017071100100397,2017년 7월 11일 17시,화요일,부산광역시 해운대구 좌동,중상사고,0,1,0,0,차대사람 - 기타,안전운전불이행,건조,흐림,단일로 - 기타,승용,남,42세,상해없음,보행자,남,43세,중상
2017071100100447,2017년 7월 11일 18시,화요일,부산광역시 중구 남포동4가,중상사고,0,2,0,0,차대차 - 추돌,안전거리미확보,건조,맑음,단일로 - 기타,승용,남,39세,상해없음,화물,남,63세,중상
2017071100100448,2017년 7월 11일 18시,화요일,부산광역시 서구 토성동4가,경상사고,0,0,1,0,차대사람 - 횡단중,안전운전불이행,건조,맑음,단일로 - 기타,승용,여,44세,상해없음,보행자,여,53세,경상
2017071100100449,2017년 7월 11일 18시,화요일,부산광역시 해운대구 반여동,경상사고,0,0,1,0,차대차 - 후진중충돌,안전운전불이행,건조,맑음,교차로 - 교차로부근,승용,여,29세,상해없음,승용,여,32세,경상
2017071100100450,2017년 7월 11일 18시,화요일,부산광역시 부산진구 부전동,경상사고,0,0,3,1,차대차 - 추돌,안전운전불이행,건조,맑음,단일로 - 기타,승용,여,59세,기타불명,승용,남,43세,경상
2017071100100451,2017년 7월 11일 18시,화요일,부산광역시 금정구 장전동,중상사고,0,1,0,0,차대차 - 정면충돌,중앙선침범,건조,맑음,단일로 - 기타,승용,여,62세,상해없음,원동기,남,60세,중상
2017071100100452,2017년 7월 11일 18시,화요일,부산광역시 강서구 대저2동,부상신고사고,0,0,0,1,차대차 - 측면충돌,기타,건조,맑음,단일로 - 기타,화물,남,58세,상해없음,승용,여,45세,부상신고
2017071100100486,2017년 7월 11일 19시,화요일,부산광역시 해운대구 좌동,경상사고,0,0,1,0,차대차 - 추돌,안전운전불이행,건조,맑음,교차로 - 교차로안,승용,여,28세,상해없음,승용,여,56세,경상
2017071100100487,2017년 7월 11일 19시,화요일,부산광역시 부산진구 가야동,경상사고,0,0,1,0,차대사람 - 횡단중,기타,건조,맑음,단일로 - 기타,이륜,남,17세,상해없음,보행자,남,5세,경상
2017071100100488,2017년 7월 11일 19시,화요일,부산광역시 부산진구 개금동,중상사고,0,1,0,0,차대차 - 기타,안전거리미확보,건조,맑음,단일로 - 기타,승용,남,62세,상해없음,이륜,남,35세,중상
2017071100100489,2017년 7월 11일 19시,화요일,부산광역시 사하구 다대동,중상사고,0,2,0,0,차대차 - 기타,교차로운행방법위반,건조,맑음,교차로 - 교차로안,원동기,남,37세,중상,원동기,남,27세,중상
2017071100100490,2017년 7월 11일 19시,화요일,부산광역시 사상구 모라동,경상사고,0,0,1,0,차대차 - 측면충돌,안전거리미확보,건조,맑음,단일로 - 기타,특수,남,43세,상해없음,승용,여,35세,경상
2017071100100519,2017년 7월 11일 20시,화요일,부산광역시 연제구 거제동,중상사고,0,1,0,0,차대차 - 추돌,안전거리미확보,건조,맑음,단일로 - 기타,이륜,남,65세,중상,승용,남,64세,상해없음
2017071100100520,2017년 7월 11일 20시,화요일,부산광역시 사상구 엄궁동,경상사고,0,0,1,0,차대차 - 측면충돌,안전운전불이행,건조,맑음,교차로 - 교차로안,승용,남,38세,상해없음,승용,남,23세,경상
2017071100100557,2017년 7월 11일 21시,화요일,부산광역시 북구 화명동,중상사고,0,1,1,0,차대차 - 측면충돌,안전운전불이행,건조,맑음,단일로 - 기타,승용,남,53세,상해없음,이륜,남,19세,경상
2017071100100558,2017년 7월 11일 21시,화요일,부산광역시 동래구 온천동,경상사고,0,0,1,0,차대차 - 측면충돌,교차로운행방법위반,건조,맑음,교차로 - 교차로횡단보도내,승합,남,57세,상해없음,승용,남,38세,경상
2017071200100029,2017년 7월 12일 02시,수요일,부산광역시 사하구 괴정동,중상사고,0,1,0,0,차대사람 - 횡단중,안전운전불이행,건조,맑음,단일로 - 기타,승용,남,66세,상해없음,보행자,남,72세,중상
2017071200100042,2017년 7월 12일 03시,수요일,부산광역시 서구 암남동,부상신고사고,0,0,0,1,차대차 - 기타,중앙선침범,건조,맑음,단일로 - 기타,승용,남,51세,상해없음,이륜,남,42세,부상신고
2017071200100043,2017년 7월 12일 03시,수요일,부산광역시 북구 구포동,사망사고,1,0,0,0,차대차 - 측면충돌,안전운전불이행,건조,맑음,교차로 - 교차로안,승용,남,28세,상해없음,이륜,남,18세,사망
2017071200100044,2017년 7월 12일 03시,수요일,부산광역시 북구 금곡동,경상사고,0,0,1,0,차대차 - 기타,신호위반,건조,맑음,교차로 - 교차로안,승용,남,37세,상해없음,승용,남,56세,상해없음
2017071200100071,2017년 7월 12일 06시,수요일,부산광역시 부산진구 개금동,부상신고사고,0,0,0,1,차대차 - 정면충돌,신호위반,건조,맑음,교차로 - 교차로안,승용,남,24세,상해없음,승용,남,42세,부상신고
2017071200100087,2017년 7월 12일 07시,수요일,부산광역시 해운대구 송정동,경상사고,0,0,1,0,차대사람 - 횡단중,안전운전불이행,건조,맑음,단일로 - 기타,승용,여,28세,상해없음,보행자,여,64세,경상
2017071200100115,2017년 7월 12일 08시,수요일,부산광역시 수영구 민락동,경상사고,0,0,1,0,차대차 - 측면충돌,교차로운행방법위반,건조,맑음,교차로 - 교차로안,승용,여,76세,상해없음,승용,남,41세,경상
2017071200100179,2017년 7월 12일 10시,수요일,부산광역시 동래구 명장동,중상사고,0,1,0,0,차대차 - 측면충돌,중앙선침범,건조,맑음,단일로 - 기타,승합,남,52세,상해없음,승용,여,32세,중상
2017071200100180,2017년 7월 12일 10시,수요일,부산광역시 해운대구 좌동,경상사고,0,0,1,0,차대차 - 기타,안전운전불이행,건조,맑음,단일로 - 기타,화물,남,57세,상해없음,승용,여,49세,경상
2017071200100181,2017년 7월 12일 10시,수요일,부산광역시 금정구 부곡동,중상사고,0,1,0,0,차대사람 - 기타,안전운전불이행,건조,맑음,단일로 - 기타,승용,여,29세,상해없음,보행자,남,71세,중상
2017071200100206,2017년 7월 12일 11시,수요일,부산광역시 금정구 구서동,경상사고,0,0,1,1,차대차 - 측면충돌,교차로운행방법위반,건조,맑음,교차로 - 교차로안,화물,여,76세,부상신고,승용,여,46세,경상
2017071200100234,2017년 7월 12일 12시,수요일,부산광역시 동구 초량동,경상사고,0,0,1,0,차대차 - 기타,중앙선침범,건조,맑음,교차로 - 교차로안,원동기,남,48세,상해없음,승용,여,60세,경상
2017071200100260,2017년 7월 12일 13시,수요일,부산광역시 영도구 동삼동,경상사고,0,0,1,0,차대사람 - 횡단중,보행자보호의무위반,건조,맑음,기타 - 기타,화물,남,38세,상해없음,보행자,남,72세,경상
2017071200100261,2017년 7월 12일 13시,수요일,부산광역시 사상구 감전동,경상사고,0,0,1,0,차대차 - 측면충돌,차로위반,건조,맑음,교차로 - 교차로부근,화물,남,59세,상해없음,승용,여,34세,경상
2017071200100285,2017년 7월 12일 14시,수요일,부산광역시 남구 문현동,중상사고,0,1,0,0,차대차 - 기타,신호위반,건조,맑음,기타 - 기타,승용,남,33세,상해없음,이륜,남,39세,중상
2017071200100286,2017년 7월 12일 14시,수요일,부산광역시 강서구 대저1동,경상사고,0,0,2,0,차대차 - 추돌,안전운전불이행,건조,맑음,단일로 - 터널,승용,남,67세,경상,화물,남,34세,경상
2017071200100313,2017년 7월 12일 15시,수요일,부산광역시 동구 범일동,경상사고,0,0,1,0,차대차 - 기타,안전거리미확보,건조,맑음,단일로 - 기타,화물,남,64세,상해없음,특수,남,43세,경상
2017071200100344,2017년 7월 12일 16시,수요일,부산광역시 중구 대청동4가,경상사고,0,0,1,0,차대차 - 측면충돌,차로위반,건조,맑음,단일로 - 기타,승용,남,59세,상해없음,이륜,남,29세,경상
2017071200100345,2017년 7월 12일 16시,수요일,부산광역시 수영구 민락동,경상사고,0,0,1,0,차대차 - 기타,중앙선침범,건조,맑음,교차로 - 교차로부근,승용,남,31세,상해없음,승용,남,43세,경상
2017071200100346,2017년 7월 12일 16시,수요일,부산광역시 부산진구 부전동,경상사고,0,0,1,0,차대차 - 기타,안전운전불이행,건조,맑음,단일로 - 기타,승용,남,21세,상해없음,승용,남,28세,경상
2017071200100394,2017년 7월 12일 17시,수요일,부산광역시 부산진구 전포동,중상사고,0,1,0,0,차대차 - 정면충돌,안전운전불이행,건조,맑음,교차로 - 교차로안,화물,남,20세,상해없음,이륜,남,26세,중상
2017071200100395,2017년 7월 12일 17시,수요일,부산광역시 수영구 수영동,경상사고,0,0,1,0,차대차 - 측면충돌,직진우회전진행방해,건조,맑음,교차로 - 교차로안,이륜,남,16세,상해없음,화물,남,31세,경상
2017071200100440,2017년 7월 12일 18시,수요일,부산광역시 연제구 거제동,경상사고,0,0,1,0,차대차 - 후진중충돌,안전운전불이행,건조,맑음,단일로 - 기타,승용,남,59세,상해없음,화물,남,45세,경상
2017071200100441,2017년 7월 12일 18시,수요일,부산광역시 강서구 대저2동,경상사고,0,0,3,0,차대차 - 추돌,안전거리미확보,건조,맑음,단일로 - 기타,화물,남,23세,상해없음,승용,여,30세,경상
2017071200100494,2017년 7월 12일 19시,수요일,부산광역시 남구 대연동,경상사고,0,0,1,0,차대사람 - 기타,안전운전불이행,건조,맑음,단일로 - 기타,승합,남,44세,상해없음,보행자,여,28세,경상
2017071200100495,2017년 7월 12일 19시,수요일,부산광역시 부산진구 가야동,중상사고,0,1,0,0,차대차 - 정면충돌,직진우회전진행방해,건조,맑음,교차로 - 교차로안,이륜,남,47세,상해없음,이륜,남,21세,중상
2017071200100496,2017년 7월 12일 19시,수요일,부산광역시 부산진구 전포동,부상신고사고,0,0,0,1,차대차 - 정면충돌,안전운전불이행,건조,맑음,단일로 - 기타,이륜,남,19세,부상신고,승용,남,61세,기타불명
2017071200100536,2017년 7월 12일 20시,수요일,부산광역시 사상구 학장동,경상사고,0,0,1,1,차대사람 - 횡단중,안전운전불이행,건조,맑음,단일로 - 기타,이륜,남,36세,부상신고,보행자,남,60세,경상
2017071200100561,2017년 7월 12일 21시,수요일,부산광역시 사하구 하단동,중상사고,0,1,0,0,차대차 - 정면충돌,신호위반,건조,맑음,교차로 - 교차로안,승용,남,62세,상해없음,원동기,남,33세,중상
2017071200100562,2017년 7월 12일 21시,수요일,부산광역시 사하구 하단동,중상사고,0,1,0,0,차대사람 - 횡단중,안전운전불이행,건조,맑음,기타 - 기타,승합,남,44세,상해없음,보행자,여,64세,중상
2017071200100588,2017년 7월 12일 22시,수요일,부산광역시 수영구 광안동,경상사고,0,0,1,0,차대차 - 기타,안전운전불이행,건조,맑음,교차로 - 교차로안,이륜,남,23세,상해없음,승용,남,47세,상해없음
2017071200100589,2017년 7월 12일 22시,수요일,부산광역시 동래구 명륜동,경상사고,0,0,1,0,차대사람 - 횡단중,보행자보호의무위반,건조,맑음,교차로 - 교차로안,승용,남,20세,상해없음,보행자,남,35세,경상
2017071200100590,2017년 7월 12일 22시,수요일,부산광역시 부산진구 당감동,중상사고,0,1,0,0,차대사람 - 횡단중,보행자보호의무위반,건조,맑음,기타 - 기타,이륜,남,17세,상해없음,보행자,여,74세,중상
2017071200100591,2017년 7월 12일 22시,수요일,부산광역시 기장군 장안읍,경상사고,0,0,1,0,차대차 - 기타,중앙선침범,건조,맑음,단일로 - 기타,승용,여,22세,상해없음,승용,남,26세,경상
2017071200100618,2017년 7월 12일 23시,수요일,부산광역시 서구 암남동,중상사고,0,1,0,0,차대사람 - 횡단중,안전운전불이행,건조,맑음,교차로 - 교차로안,승용,남,22세,상해없음,보행자,남,59세,중상
2017071200100619,2017년 7월 12일 23시,수요일,부산광역시 북구 구포동,중상사고,0,1,3,0,차대차 - 추돌,안전운전불이행,건조,맑음,단일로 - 기타,승용,남,22세,상해없음,승용,남,22세,경상
2017071300100082,2017년 7월 13일 07시,목요일,부산광역시 영도구 청학동,경상사고,0,0,2,0,차대차 - 기타,안전거리미확보,건조,맑음,단일로 - 기타,원동기,여,57세,상해없음,승용,여,27세,경상
2017071300100083,2017년 7월 13일 07시,목요일,부산광역시 사하구 다대동,경상사고,0,0,1,0,차대차 - 측면충돌,중앙선침범,건조,맑음,단일로 - 기타,승용,남,31세,상해없음,승용,남,34세,경상
2017071300100084,2017년 7월 13일 07시,목요일,부산광역시 강서구 명지동,부상신고사고,0,0,0,1,차대차 - 측면충돌,직진우회전진행방해,건조,맑음,교차로 - 교차로안,이륜,남,68세,부상신고,화물,남,55세,상해없음
2017071300100109,2017년 7월 13일 08시,목요일,부산광역시 해운대구 좌동,중상사고,0,2,0,0,차대차 - 기타,교차로운행방법위반,기타,맑음,교차로 - 교차로안,승용,여,41세,상해없음,승용,남,58세,중상
2017071300100110,2017년 7월 13일 08시,목요일,부산광역시 연제구 연산동,중상사고,0,1,0,0,차대사람 - 횡단중,안전운전불이행,건조,맑음,단일로 - 기타,승용,남,68세,상해없음,보행자,남,64세,중상
2017071300100140,2017년 7월 13일 09시,목요일,부산광역시 부산진구 전포동,중상사고,0,1,0,0,차대사람 - 횡단중,신호위반,건조,맑음,단일로 - 기타,승용,여,47세,상해없음,보행자,남,28세,중상
2017071300100171,2017년 7월 13일 10시,목요일,부산광역시 해운대구 좌동,중상사고,0,1,0,0,차대차 - 정면충돌,중앙선침범,건조,맑음,교차로 - 교차로부근,원동기,남,75세,중상,승용,남,58세,상해없음
2017071300100207,2017년 7월 13일 11시,목요일,부산광역시 남구 문현동,경상사고,0,0,1,0,차대차 - 측면충돌,교차로운행방법위반,건조,맑음,교차로 - 교차로부근,승용,남,33세,상해없음,승용,남,60세,경상
2017071300100208,2017년 7월 13일 11시,목요일,부산광역시 남구 대연동,중상사고,0,1,0,0,차대사람 - 횡단중,안전운전불이행,건조,맑음,교차로 - 교차로부근,승용,남,51세,상해없음,보행자,남,42세,중상
2017071300100209,2017년 7월 13일 11시,목요일,부산광역시 부산진구 가야동,경상사고,0,0,1,0,차대차 - 추돌,안전거리미확보,건조,맑음,단일로 - 기타,승용,남,72세,상해없음,승용,여,36세,경상
2017071300100210,2017년 7월 13일 11시,목요일,부산광역시 사하구 괴정동,경상사고,0,0,1,0,차대차 - 기타,불법유턴,건조,맑음,단일로 - 기타,승용,여,47세,상해없음,승용,남,68세,경상
2017071300100211,2017년 7월 13일 11시,목요일,부산광역시 사상구 학장동,경상사고,0,0,1,0,차대차 - 측면충돌,직진우회전진행방해,건조,맑음,교차로 - 교차로안,승합,남,27세,상해없음,승용,남,26세,경상
2017071300100259,2017년 7월 13일 13시,목요일,부산광역시 사하구 괴정동,경상사고,0,0,1,0,차대차 - 기타,안전거리미확보,건조,맑음,교차로 - 교차로부근,승합,남,48세,상해없음,특수,남,45세,상해없음
2017071300100290,2017년 7월 13일 14시,목요일,부산광역시 동구 좌천동,경상사고,0,0,1,0,차대차 - 측면충돌,안전운전불이행,건조,맑음,단일로 - 기타,화물,남,67세,상해없음,화물,남,37세,경상
2017071300100291,2017년 7월 13일 14시,목요일,부산광역시 부산진구 부전동,경상사고,0,0,1,0,차대차 - 기타,기타,건조,맑음,단일로 - 기타,승용,남,68세,상해없음,이륜,남,51세,경상
2017071300100292,2017년 7월 13일 14시,목요일,부산광역시 강서구 봉림동,경상사고,0,0,1,0,차대차 - 기타,안전운전불이행,건조,맑음,단일로 - 기타,승용,남,54세,상해없음,특수,남,54세,상해없음
2017071300100330,2017년 7월 13일 15시,목요일,부산광역시 동래구 낙민동,경상사고,0,0,1,0,차대차 - 추돌,안전거리미확보,건조,맑음,단일로 - 기타,승용,남,51세,상해없음,승용,남,61세,경상
2017071300100354,2017년 7월 13일 16시,목요일,부산광역시 동구 범일동,경상사고,0,0,1,0,차대차 - 기타,안전거리미확보,건조,맑음,단일로 - 기타,특수,남,55세,상해없음,승용,남,58세,경상
2017071300100385,2017년 7월 13일 17시,목요일,부산광역시 부산진구 전포동,중상사고,0,1,0,0,차대차 - 측면충돌,차로위반,건조,맑음,단일로 - 기타,승용,남,40세,상해없음,이륜,남,37세,중상
2017071300100414,2017년 7월 13일 18시,목요일,부산광역시 부산진구 가야동,부상신고사고,0,0,0,1,차대차 - 기타,안전운전불이행,건조,맑음,교차로 - 교차로횡단보도내,이륜,남,32세,부상신고,자전거,남,72세,상해없음
2017071300100415,2017년 7월 13일 18시,목요일,부산광역시 부산진구 가야동,중상사고,0,1,1,0,차대사람 - 보도통행중,기타,건조,맑음,단일로 - 기타,승용,남,69세,상해없음,보행자,남,22세,중상
2017071300100460,2017년 7월 13일 19시,목요일,부산광역시 동래구 온천동,경상사고,0,0,1,0,차대차 - 측면충돌,안전운전불이행,건조,맑음,교차로 - 교차로안,승용,여,58세,상해없음,승용,여,29세,경상
2017071300100461,2017년 7월 13일 19시,목요일,부산광역시 사하구 하단동,중상사고,0,1,0,0,차대사람 - 횡단중,안전운전불이행,건조,맑음,단일로 - 기타,승용,남,65세,상해없음,보행자,여,56세,중상
2017071300100483,2017년 7월 13일 20시,목요일,부산광역시 부산진구 부전동,경상사고,0,0,1,0,차대차 - 측면충돌,신호위반,건조,맑음,교차로 - 교차로안,승용,남,53세,상해없음,이륜,남,55세,경상
2017071300100484,2017년 7월 13일 20시,목요일,부산광역시 사하구 하단동,중상사고,0,2,0,0,차대차 - 측면충돌,신호위반,건조,맑음,교차로 - 교차로안,승용,남,25세,상해없음,승용,여,42세,중상
2017071300100515,2017년 7월 13일 21시,목요일,부산광역시 부산진구 당감동,중상사고,0,1,0,0,차량단독 - 기타,안전운전불이행,건조,맑음,단일로 - 기타,승용,남,72세,상해없음,,,,
2017071300100574,2017년 7월 13일 23시,목요일,부산광역시 사하구 신평동,경상사고,0,0,1,0,차대차 - 측면충돌,안전운전불이행,건조,맑음,단일로 - 기타,승용,남,51세,상해없음,원동기,남,17세,경상
2017071300100575,2017년 7월 13일 23시,목요일,부산광역시 사상구 덕포동,중상사고,0,1,2,0,차대차 - 측면충돌,안전거리미확보,건조,맑음,교차로 - 교차로안,승용,남,55세,상해없음,승합,남,65세,중상
2017071400100020,2017년 7월 14일 00시,금요일,부산광역시 사하구 신평동,경상사고,0,0,1,0,차대차 - 기타,안전운전불이행,건조,맑음,교차로 - 교차로부근,승용,남,46세,상해없음,이륜,남,23세,경상
2017071400100092,2017년 7월 14일 07시,금요일,부산광역시 동래구 온천동,사망사고,1,0,2,0,차대차 - 측면충돌,안전운전불이행,건조,맑음,단일로 - 기타,승용,남,63세,상해없음,화물,남,57세,상해없음
2017071400100093,2017년 7월 14일 07시,금요일,부산광역시 강서구 대저1동,경상사고,0,0,1,0,차대차 - 정면충돌,안전운전불이행,건조,맑음,교차로 - 교차로안,승용,남,22세,상해없음,자전거,여,75세,경상
2017071400100094,2017년 7월 14일 07시,금요일,부산광역시 사상구 학장동,중상사고,0,1,0,0,차대차 - 측면충돌,신호위반,건조,맑음,교차로 - 교차로안,이륜,남,61세,상해없음,승합,남,59세,상해없음