사고번호,사고일시,요일,시군구,사고내용,사망자수,중상자수,경상자수,부상신고자수,사고유형,법규위반,노면상태,기상상태,도로형태,가해운전자 차종,가해운전자 성별,가해운전자 연령,가해운전자 상해정도,피해운전자 차종,피해운전자 성별,피해운전자 연령,피해운전자 상해정도
2017071700100495,2017년 7월 17일 19시,월요일,부산광역시 해운대구 반여동,중상사고,0,1,1,0,차대사람 - 횡단중,안전운전불이행,건조,맑음,단일로 - 기타,자전거,남,15세,경상,보행자,여,22세,중상
2017071700100524,2017년 7월 17일 20시,월요일,부산광역시 수영구 광안동,경상사고,0,0,1,0,차대차 - 기타,안전운전불이행,젖음/습기,비,교차로 - 교차로부근,승합,남,27세,상해없음,이륜,남,47세,경상
2017071700100525,2017년 7월 17일 20시,월요일,부산광역시 동래구 사직동,경상사고,0,0,1,0,차대차 - 측면충돌,기타,건조,맑음,단일로 - 기타,승용,남,64세,상해없음,원동기,남,55세,경상
2017071700100588,2017년 7월 17일 22시,월요일,부산광역시 해운대구 송정동,경상사고,0,0,1,0,차대차 - 측면충돌,안전운전불이행,건조,맑음,단일로 - 기타,승용,남,64세,상해없음,승용,남,33세,상해없음
2017071700100607,2017년 7월 17일 23시,월요일,부산광역시 부산진구 범천동,부상신고사고,0,0,0,1,차대차 - 기타,안전운전불이행,젖음/습기,비,교차로 - 교차로부근,이륜,남,19세,부상신고,화물,남,50세,상해없음
2017071800100021,2017년 7월 18일 00시,화요일,부산광역시 영도구 대교동2가,경상사고,0,0,1,0,차대사람 - 길가장자리구역통행중,안전운전불이행,젖음/습기,비,단일로 - 기타,승합,남,57세,상해없음,보행자,남,45세,경상
2017071800100022,2017년 7월 18일 00시,화요일,부산광역시 부산진구 개금동,중상사고,0,1,0,0,차대사람 - 횡단중,안전운전불이행,젖음/습기,비,단일로 - 기타,이륜,남,28세,상해없음,보행자,여,24세,중상
2017071800100040,2017년 7월 18일 01시,화요일,부산광역시 부산진구 부암동,중상사고,0,1,0,0,차대차 - 기타,차로위반,젖음/습기,비,단일로 - 기타,승용,남,57세,상해없음,승용,남,52세,상해없음
2017071800100056,2017년 7월 18일 03시,화요일,부산광역시 남구 용호동,경상사고,0,0,1,0,차대사람 - 기타,안전운전불이행,젖음/습기,비,교차로 - 교차로안,승용,남,49세,상해없음,보행자,여,72세,경상
2017071800100077,2017년 7월 18일 06시,화요일,부산광역시 부산진구 부전동,경상사고,0,0,2,0,차대차 - 추돌,안전거리미확보,건조,맑음,단일로 - 기타,승용,남,27세,상해없음,승합,남,59세,경상
2017071800100086,2017년 7월 18일 07시,화요일,부산광역시 부산진구 개금동,중상사고,0,1,0,0,차대사람 - 기타,안전운전불이행,건조,맑음,단일로 - 기타,이륜,남,16세,상해없음,보행자,남,63세,중상
2017071800100087,2017년 7월 18일 07시,화요일,부산광역시 수영구 망미동,경상사고,0,0,1,0,차대차 - 측면충돌,직진우회전진행방해,건조,맑음,단일로 - 기타,승용,여,72세,상해없음,승용,여,53세,경상
2017071800100106,2017년 7월 18일 08시,화요일,부산광역시 동래구 사직동,경상사고,0,0,1,0,차대사람 - 횡단중,보행자보호의무위반,건조,맑음,교차로 - 교차로안,이륜,남,82세,상해없음,보행자,여,31세,경상
2017071800100107,2017년 7월 18일 08시,화요일,부산광역시 부산진구 초읍동,경상사고,0,0,1,0,차대사람 - 기타,안전운전불이행,건조,맑음,단일로 - 기타,승용,남,46세,상해없음,보행자,남,12세,경상
2017071800100139,2017년 7월 18일 09시,화요일,부산광역시 해운대구 중동,경상사고,0,0,2,0,차대차 - 기타,안전운전불이행,건조,맑음,교차로 - 교차로안,승용,여,68세,상해없음,승용,남,59세,경상
2017071800100169,2017년 7월 18일 10시,화요일,부산광역시 북구 덕천동,경상사고,0,0,1,0,차대사람 - 횡단중,신호위반,건조,맑음,단일로 - 기타,승용,남,37세,상해없음,보행자,여,22세,경상
2017071800100170,2017년 7월 18일 10시,화요일,부산광역시 해운대구 우동,경상사고,0,0,1,0,차대차 - 기타,차로위반,건조,맑음,단일로 - 기타,화물,남,63세,상해없음,승용,남,35세,경상
2017071800100171,2017년 7월 18일 10시,화요일,부산광역시 연제구 연산동,경상사고,0,0,1,0,차대차 - 측면충돌,안전운전불이행,기타,기타,교차로 - 교차로부근,승용,여,35세,상해없음,이륜,남,37세,경상
2017071800100172,2017년 7월 18일 10시,화요일,부산광역시 사상구 학장동,경상사고,0,0,1,0,차대차 - 측면충돌,신호위반,건조,맑음,단일로 - 기타,승용,남,57세,상해없음,이륜,여,30세,경상
2017071800100212,2017년 7월 18일 12시,화요일,부산광역시 동구 초량동,중상사고,0,1,1,0,차대차 - 기타,차로위반,건조,맑음,단일로 - 기타,승합,남,76세,중상,특수,남,62세,경상
2017071800100213,2017년 7월 18일 12시,화요일,부산광역시 해운대구 우동,경상사고,0,0,1,0,차대사람 - 기타,보행자보호의무위반,건조,맑음,단일로 - 기타,승용,남,67세,상해없음,보행자,여,62세,경상
2017071800100214,2017년 7월 18일 12시,화요일,부산광역시 강서구 생곡동,경상사고,0,0,2,0,차대차 - 기타,안전운전불이행,건조,맑음,단일로 - 기타,승용,남,67세,상해없음,승용,여,22세,경상
2017071800100215,2017년 7월 18일 12시,화요일,부산광역시 사상구 모라동,중상사고,0,1,0,0,차대사람 - 횡단중,보행자보호의무위반,건조,맑음,교차로 - 교차로횡단보도내,화물,남,50세,상해없음,보행자,남,48세,중상
2017071800100216,2017년 7월 18일 12시,화요일,부산광역시 사상구 괘법동,경상사고,0,0,2,0,차대차 - 측면충돌,신호위반,건조,맑음,교차로 - 교차로안,승용,남,37세,경상,승용,남,51세,경상
2017071800100269,2017년 7월 18일 14시,화요일,부산광역시 중구 중앙동2가,경상사고,0,0,2,0,차대차 - 기타,안전운전불이행,건조,맑음,단일로 - 기타,승용,남,57세,상해없음,승용,남,34세,경상
2017071800100298,2017년 7월 18일 15시,화요일,부산광역시 부산진구 양정동,중상사고,0,1,0,0,차대차 - 기타,안전운전불이행,건조,맑음,단일로 - 기타,승합,남,51세,상해없음,이륜,여,56세,중상
2017071800100299,2017년 7월 18일 15시,화요일,부산광역시 사상구 주례동,중상사고,0,1,0,0,차대사람 - 횡단중,안전운전불이행,건조,맑음,단일로 - 기타,승용,남,27세,상해없음,보행자,남,24세,중상
2017071800100338,2017년 7월 18일 16시,화요일,부산광역시 남구 대연동,부상신고사고,0,0,0,1,차대사람 - 기타,안전운전불이행,건조,맑음,단일로 - 기타,승용,여,32세,상해없음,보행자,남,54세,부상신고
2017071800100398,2017년 7월 18일 18시,화요일,부산광역시 중구 보수동1가,경상사고,0,0,1,0,차대차 - 정면충돌,차로위반,건조,맑음,단일로 - 기타,이륜,남,77세,상해없음,승합,남,55세,경상
2017071800100399,2017년 7월 18일 18시,화요일,부산광역시 금정구 서동,중상사고,0,1,1,0,차대차 - 기타,안전운전불이행,건조,맑음,교차로 - 교차로부근,승용,여,39세,상해없음,승용,남,56세,경상
2017071800100441,2017년 7월 18일 19시,화요일,부산광역시 남구 대연동,중상사고,0,1,0,0,차량단독 - 공작물충돌,안전운전불이행,건조,맑음,단일로 - 기타,승용,여,39세,중상,,,,
2017071800100442,2017년 7월 18일 19시,화요일,부산광역시 수영구 광안동,경상사고,0,0,1,0,차대사람 - 기타,안전운전불이행,건조,맑음,단일로 - 기타,승용,남,26세,상해없음,보행자,여,47세,경상
2017071800100466,2017년 7월 18일 20시,화요일,부산광역시 강서구 대저2동,중상사고,0,1,1,0,차대차 - 측면충돌,안전거리미확보,건조,맑음,단일로 - 기타,승용,여,63세,중상,화물,남,54세,경상
2017071800100500,2017년 7월 18일 21시,화요일,부산광역시 중구 중앙동4가,중상사고,0,1,0,0,차대차 - 정면충돌,신호위반,건조,맑음,교차로 - 교차로안,승용,여,47세,상해없음,승용,남,39세,중상
2017071800100501,2017년 7월 18일 21시,화요일,부산광역시 동구 좌천동,경상사고,0,0,1,0,차대차 - 기타,안전운전불이행,건조,맑음,교차로 - 교차로부근,승용,남,56세,상해없음,승용,여,55세,경상
2017071800100502,2017년 7월 18일 21시,화요일,부산광역시 부산진구 당감동,경상사고,0,0,1,0,차대차 - 정면충돌,차로위반,건조,맑음,단일로 - 기타,승용,남,36세,상해없음,승용,남,57세,상해없음
2017071800100503,2017년 7월 18일 21시,화요일,부산광역시 부산진구 부전동,중상사고,0,1,0,0,차대사람 - 횡단중,안전운전불이행,건조,맑음,단일로 - 기타,승용,남,25세,상해없음,보행자,여,33세,중상
2017071900100034,2017년 7월 19일 00시,수요일,부산광역시 남구 대연동,중상사고,0,1,1,0,차대차 - 기타,안전운전불이행,건조,맑음,단일로 - 기타,승용,남,30세,상해없음,승용,남,31세,경상
2017071900100035,2017년 7월 19일 00시,수요일,부산광역시 사상구 감전동,중상사고,0,2,1,0,차대차 - 측면충돌,안전거리미확보,건조,맑음,단일로 - 기타,특수,남,44세,상해없음,승용,남,56세,경상
2017071900100068,2017년 7월 19일 03시,수요일,부산광역시 부산진구 부전동,경상사고,0,0,1,0,차대사람 - 기타,안전운전불이행,건조,맑음,교차로 - 교차로안,승용,남,54세,상해없음,보행자,남,52세,경상
2017071900100103,2017년 7월 19일 07시,수요일,부산광역시 동구 범일동,중상사고,0,2,0,0,차대차 - 측면충돌,안전거리미확보,건조,맑음,단일로 - 기타,승용,남,69세,상해없음,이륜,남,40세,중상
2017071900100116,2017년 7월 19일 08시,수요일,부산광역시 해운대구 우동,중상사고,0,1,0,0,차대사람 - 기타,안전운전불이행,건조,맑음,단일로 - 기타,승용,남,46세,상해없음,보행자,남,55세,중상
2017071900100117,2017년 7월 19일 08시,수요일,부산광역시 강서구 범방동,경상사고,0,0,1,0,차대차 - 정면충돌,중앙선침범,건조,맑음,단일로 - 기타,승용,남,53세,상해없음,승용,남,36세,경상
2017071900100118,2017년 7월 19일 08시,수요일,부산광역시 사상구 주례동,경상사고,0,0,2,0,차대차 - 추돌,안전운전불이행,건조,맑음,교차로 - 교차로안,승용,남,53세,상해없음,승용,남,68세,경상
2017071900100153,2017년 7월 19일 09시,수요일,부산광역시 해운대구 우동,중상사고,0,1,0,0,차대차 - 측면충돌,신호위반,건조,맑음,교차로 - 교차로안,승용,여,50세,상해없음,승용,여,30세,중상
2017071900100154,2017년 7월 19일 09시,수요일,부산광역시 사상구 삼락동,중상사고,0,1,0,0,차대차 - 측면충돌,신호위반,건조,맑음,교차로 - 교차로안,이륜,남,20세,중상,화물,남,46세,상해없음
2017071900100195,2017년 7월 19일 10시,수요일,부산광역시 서구 암남동,경상사고,0,0,1,0,차대차 - 추돌,안전거리미확보,건조,맑음,단일로 - 기타,건설기계,남,37세,상해없음,승용,여,60세,경상
2017071900100196,2017년 7월 19일 10시,수요일,부산광역시 금정구 남산동,중상사고,0,1,0,0,차대차 - 측면충돌,중앙선침범,건조,맑음,단일로 - 기타,화물,남,32세,상해없음,특수,남,42세,중상
2017071900100197,2017년 7월 19일 10시,수요일,부산광역시 사상구 학장동,중상사고,0,1,0,0,차대사람 - 보도통행중,기타,건조,맑음,교차로 - 교차로안,화물,남,54세,상해없음,보행자,여,68세,중상
2017071900100239,2017년 7월 19일 12시,수요일,부산광역시 동구 초량동,경상사고,0,0,1,0,차대사람 - 기타,안전운전불이행,건조,맑음,단일로 - 기타,기타불명,기타불명,미분류,기타불명,보행자,여,32세,경상
2017071900100240,2017년 7월 19일 12시,수요일,부산광역시 동래구 수안동,중상사고,0,1,0,0,차대차 - 측면충돌,안전운전불이행,건조,맑음,교차로 - 교차로안,승용,남,26세,상해없음,원동기,남,20세,중상
2017071900100241,2017년 7월 19일 12시,수요일,부산광역시 영도구 신선동3가,중상사고,0,1,0,0,차대사람 - 차도통행중,안전운전불이행,건조,맑음,단일로 - 기타,승용,여,65세,상해없음,보행자,여,56세,중상
2017071900100291,2017년 7월 19일 14시,수요일,부산광역시 부산진구 부전동,경상사고,0,0,1,0,차대차 - 기타,안전거리미확보,건조,맑음,단일로 - 기타,승용,남,49세,상해없음,자전거,남,61세,경상
2017071900100364,2017년 7월 19일 16시,수요일,부산광역시 해운대구 우동,중상사고,0,1,0,0,차대사람 - 횡단중,보행자보호의무위반,건조,맑음,단일로 - 기타,승용,여,37세,상해없음,보행자,남,7세,중상
2017071900100365,2017년 7월 19일 16시,수요일,부산광역시 부산진구 부전동,중상사고,0,1,2,0,차대차 - 기타,불법유턴,건조,맑음,단일로 - 기타,자전거,남,73세,상해없음,승합,남,53세,상해없음
2017071900100366,2017년 7월 19일 16시,수요일,부산광역시 사하구 다대동,경상사고,0,0,1,0,차대차 - 기타,안전운전불이행,건조,맑음,단일로 - 기타,기타불명,기타불명,미분류,기타불명,이륜,남,16세,상해없음
2017071900100367,2017년 7월 19일 16시,수요일,부산광역시 강서구 대저1동,중상사고,0,1,0,0,차대차 - 측면충돌,차로위반,건조,맑음,단일로 - 기타,화물,남,55세,상해없음,승용,남,33세,중상
2017071900100409,2017년 7월 19일 17시,수요일,부산광역시 중구 보수동2가,경상사고,0,0,2,0,차대차 - 기타,교차로운행방법위반,건조,맑음,교차로 - 교차로안,승용,여,48세,상해없음,승용,남,57세,경상
2017071900100453,2017년 7월 19일 18시,수요일,부산광역시 동구 초량동,중상사고,0,1,0,0,차대사람 - 기타,보행자보호의무위반,건조,맑음,교차로 - 교차로부근,승용,남,61세,상해없음,보행자,여,22세,중상
2017071900100454,2017년 7월 19일 18시,수요일,부산광역시 서구 아미동2가,경상사고,0,0,1,0,차대차 - 추돌,안전거리미확보,건조,맑음,단일로 - 기타,승용,남,53세,상해없음,승용,남,29세,경상
2017071900100455,2017년 7월 19일 18시,수요일,부산광역시 남구 감만동,부상신고사고,0,0,0,1,차대차 - 기타,안전운전불이행,건조,맑음,교차로 - 교차로안,특수,남,60세,상해없음,승용,남,46세,부상신고
2017071900100456,2017년 7월 19일 18시,수요일,부산광역시 북구 덕천동,경상사고,0,0,1,0,차대차 - 측면충돌,신호위반,건조,맑음,교차로 - 교차로안,승용,여,30세,상해없음,이륜,남,32세,경상
2017071900100457,2017년 7월 19일 18시,수요일,부산광역시 북구 덕천동,경상사고,0,0,1,0,차대사람 - 횡단중,안전운전불이행,건조,맑음,단일로 - 기타,이륜,남,34세,상해없음,보행자,여,28세,경상
2017071900100458,2017년 7월 19일 18시,수요일,부산광역시 금정구 청룡동,중상사고,0,1,0,0,차대사람 - 기타,신호위반,건조,맑음,교차로 - 교차로부근,화물,여,50세,상해없음,보행자,남,59세,중상
2017071900100494,2017년 7월 19일 19시,수요일,부산광역시 동구 초량동,중상사고,0,1,0,0,차대차 - 기타,안전거리미확보,건조,맑음,단일로 - 기타,자전거,남,47세,중상,승합,남,55세,상해없음
2017071900100495,2017년 7월 19일 19시,수요일,부산광역시 동구 수정동,부상신고사고,0,0,0,1,차대차 - 기타,안전운전불이행,건조,맑음,단일로 - 기타,원동기,남,42세,부상신고,승용,여,43세,상해없음
2017071900100496,2017년 7월 19일 19시,수요일,부산광역시 연제구 연산동,경상사고,0,0,1,0,차대차 - 측면충돌,기타,건조,맑음,단일로 - 기타,승용,남,68세,상해없음,원동기,여,20세,경상
2017071900100533,2017년 7월 19일 20시,수요일,부산광역시 북구 구포동,경상사고,0,0,1,0,차대사람 - 길가장자리구역통행중,안전운전불이행,건조,맑음,단일로 - 기타,승용,남,22세,상해없음,보행자,남,19세,경상
2017071900100534,2017년 7월 19일 20시,수요일,부산광역시 북구 구포동,중상사고,0,1,1,0,차대차 - 기타,안전운전불이행,건조,맑음,단일로 - 기타,자전거,여,51세,경상,자전거,남,56세,중상
2017071900100535,2017년 7월 19일 20시,수요일,부산광역시 금정구 부곡동,중상사고,0,1,1,0,차대차 - 측면충돌,신호위반,건조,맑음,단일로 - 기타,승용,남,46세,상해없음,원동기,남,21세,중상
2017071900100536,2017년 7월 19일 20시,수요일,부산광역시 사하구 괴정동,중상사고,0,1,1,0,차대차 - 측면충돌,교차로운행방법위반,건조,맑음,교차로 - 교차로안,승용,남,38세,경상,승용,남,42세,중상
2017071900100537,2017년 7월 19일 20시,수요일,부산광역시 수영구 망미동,경상사고,0,0,1,0,차대차 - 기타,기타,건조,맑음,기타 - 기타,원동기,남,43세,상해없음,자전거,남,51세,경상
2017071900100567,2017년 7월 19일 21시,수요일,부산광역시 해운대구 우동,경상사고,0,0,2,0,차대차 - 기타,안전거리미확보,기타,맑음,단일로 - 기타,승용,여,28세,상해없음,승용,남,58세,경상
2017071900100595,2017년 7월 19일 22시,수요일,부산광역시 서구 충무동3가,경상사고,0,0,1,0,차대사람 - 기타,안전운전불이행,건조,맑음,단일로 - 기타,승용,남,36세,상해없음,보행자,남,44세,경상
2017071900100610,2017년 7월 19일 23시,수요일,부산광역시 북구 화명동,경상사고,0,0,1,0,차대차 - 기타,신호위반,건조,맑음,교차로 - 교차로안,이륜,남,16세,상해없음,자전거,여,17세,경상
2017071900100611,2017년 7월 19일 23시,수요일,부산광역시 동래구 안락동,중상사고,0,1,0,0,차대사람 - 횡단중,신호위반,건조,맑음,단일로 - 기타,승용,여,60세,상해없음,보행자,남,32세,중상
2017071900100612,2017년 7월 19일 23시,수요일,부산광역시 동래구 수안동,중상사고,0,1,0,0,차대사람 - 횡단중,안전운전불이행,건조,맑음,교차로 - 교차로안,승용,남,70세,상해없음,보행자,여,30세,중상
2017071900100613,2017년 7월 19일 23시,수요일,부산광역시 금정구 부곡동,경상사고,0,0,5,0,차대차 - 추돌,안전운전불이행,건조,맑음,단일로 - 기타,승용,남,52세,상해없음,승용,남,59세,경상
2017072000100025,2017년 7월 20일 00시,목요일,부산광역시 동구 초량동,경상사고,0,0,1,0,차대차 - 추돌,안전운전불이행,건조,맑음,단일로 - 기타,승용,남,67세,상해없음,승용,남,18세,경상
2017072000100026,2017년 7월 20일 00시,목요일,부산광역시 동래구 명륜동,경상사고,0,0,2,0,차대차 - 추돌,안전거리미확보,건조,맑음,교차로 - 교차로안,승합,남,33세,상해없음,승용,남,59세,경상
2017072000100027,2017년 7월 20일 00시,목요일,부산광역시 사하구 감천동,중상사고,0,1,0,0,차대차 - 측면충돌,안전거리미확보,건조,맑음,단일로 - 기타,승용,남,70세,상해없음,이륜,남,19세,중상
2017072000100041,2017년 7월 20일 01시,목요일,부산광역시 사하구 하단동,중상사고,0,1,2,0,차대차 - 측면충돌,직진우회전진행방해,건조,맑음,단일로 - 기타,승용,남,55세,상해없음,승용,남,31세,상해없음
2017072000100056,2017년 7월 20일 03시,목요일,부산광역시 강서구 송정동,경상사고,0,0,2,0,차대차 - 측면충돌,교차로운행방법위반,건조,맑음,교차로 - 교차로안,승용,남,39세,경상,승용,남,43세,경상
2017072000100065,2017년 7월 20일 04시,목요일,부산광역시 해운대구 반송동,중상사고,0,1,0,0,차대사람 - 횡단중,보행자보호의무위반,건조,맑음,교차로 - 교차로횡단보도내,화물,남,57세,상해없음,보행자,남,80세,중상
2017072000100072,2017년 7월 20일 05시,목요일,부산광역시 중구 중앙동2가,경상사고,0,0,1,0,차대차 - 기타,안전운전불이행,건조,맑음,단일로 - 기타,승용,남,28세,상해없음,승용,남,56세,경상
2017072000100081,2017년 7월 20일 06시,목요일,부산광역시 해운대구 중동,중상사고,0,1,1,0,차대차 - 기타,신호위반,건조,맑음,교차로 - 교차로안,화물,남,73세,경상,승용,남,19세,중상
2017072000100101,2017년 7월 20일 07시,목요일,부산광역시 북구 덕천동,경상사고,0,0,1,0,차량단독 - 기타,기타,건조,맑음,단일로 - 기타,승합,남,57세,상해없음,,,,
2017072000100102,2017년 7월 20일 07시,목요일,부산광역시 사하구 장림동,중상사고,0,1,0,0,차대사람 - 보도통행중,기타,건조,맑음,교차로 - 교차로부근,건설기계,남,64세,상해없음,보행자,남,77세,중상
2017072000100127,2017년 7월 20일 08시,목요일,부산광역시 남구 감만동,경상사고,0,0,1,0,차대사람 - 차도통행중,안전운전불이행,건조,맑음,단일로 - 기타,승용,여,55세,상해없음,보행자,여,14세,경상
2017072000100128,2017년 7월 20일 08시,목요일,부산광역시 남구 문현동,경상사고,0,0,1,0,차대차 - 기타,안전운전불이행,건조,맑음,단일로 - 기타,자전거,남,25세,경상,승합,남,55세,상해없음
2017072000100129,2017년 7월 20일 08시,목요일,부산광역시 부산진구 범천동,중상사고,0,1,0,0,차대사람 - 횡단중,안전운전불이행,건조,맑음,교차로 - 교차로안,승용,여,41세,상해없음,보행자,남,29세,중상
2017072000100130,2017년 7월 20일 08시,목요일,부산광역시 금정구 장전동,중상사고,0,1,0,0,차대사람 - 횡단중,안전운전불이행,건조,맑음,기타 - 기타,자전거,남,53세,상해없음,보행자,여,57세,중상
2017072000100131,2017년 7월 20일 08시,목요일,부산광역시 사하구 장림동,경상사고,0,0,1,0,차대차 - 측면충돌,직진우회전진행방해,건조,맑음,교차로 - 교차로안,승용,여,22세,상해없음,승용,여,29세,경상
2017072000100166,2017년 7월 20일 09시,목요일,부산광역시 서구 남부민동,중상사고,0,1,0,0,차대차 - 기타,안전운전불이행,건조,맑음,단일로 - 기타,화물,남,55세,상해없음,승용,남,67세,중상
2017072000100167,2017년 7월 20일 09시,목요일,부산광역시 동래구 명륜동,중상사고,0,1,2,0,차대차 - 측면충돌,안전거리미확보,건조,맑음,단일로 - 기타,이륜,남,67세,경상,승용,남,31세,경상
2017072000100168,2017년 7월 20일 09시,목요일,부산광역시 기장군 일광면,중상사고,0,1,1,0,차대차 - 추돌,안전운전불이행,건조,맑음,단일로 - 기타,승합,남,39세,상해없음,화물,남,31세,경상
2017072000100260,2017년 7월 20일 12시,목요일,부산광역시 강서구 구랑동,경상사고,0,0,1,0,차대차 - 추돌,안전거리미확보,건조,맑음,교차로 - 교차로부근,승용,남,64세,상해없음,승용,여,50세,경상
2017072000100295,2017년 7월 20일 13시,목요일,부산광역시 금정구 부곡동,경상사고,0,0,1,0,차대사람 - 기타,안전운전불이행,건조,맑음,단일로 - 기타,승용,여,44세,상해없음,보행자,여,25세,경상
2017072000100319,2017년 7월 20일 14시,목요일,부산광역시 사상구 엄궁동,경상사고,0,0,1,0,차대차 - 후진중충돌,안전운전불이행,건조,맑음,단일로 - 기타,승용,여,56세,상해없음,화물,남,30세,경상
2017072000100336,2017년 7월 20일 15시,목요일,부산광역시 동구 초량동,중상사고,0,1,0,0,차대차 - 측면충돌,교차로운행방법위반,건조,맑음,교차로 - 교차로안,승용,여,56세,상해없음,승용,남,74세,상해없음
2017072000100337,2017년 7월 20일 15시,목요일,부산광역시 북구 덕천동,중상사고,0,1,1,0,차대차 - 추돌,안전운전불이행,건조,맑음,단일로 - 고가도로위,승용,남,43세,중상,화물,남,34세,경상
2017072000100338,2017년 7월 20일 15시,목요일,부산광역시 해운대구 중동,중상사고,0,1,0,0,차대차 - 정면충돌,교차로운행방법위반,건조,맑음,교차로 - 교차로안,승합,남,73세,상해없음,이륜,남,68세,중상
2017072000100339,2017년 7월 20일 15시,목요일,부산광역시 부산진구 가야동,경상사고,0,0,3,0,차대차 - 기타,차로위반,건조,맑음,단일로 - 기타,승용,남,58세,상해없음,승용,여,50세,경상
2017072000100366,2017년 7월 20일 16시,목요일,부산광역시 동래구 사직동,경상사고,0,0,1,0,차대차 - 측면충돌,안전운전불이행,건조,맑음,단일로 - 기타,승용,남,32세,상해없음,승용,남,63세,경상
2017072000100395,2017년 7월 20일 17시,목요일,부산광역시 북구 화명동,부상신고사고,0,0,0,1,차대차 - 측면충돌,안전거리미확보,건조,맑음,단일로 - 기타,승용,여,43세,상해없음,승합,남,40세,상해없음
2017072000100396,2017년 7월 20일 17시,목요일,부산광역시 영도구 청학동,경상사고,0,0,1,0,차대사람 - 기타,안전운전불이행,건조,맑음,단일로 - 기타,승용,여,56세,상해없음,보행자,여,48세,경상
2017072000100397,2017년 7월 20일 17시,목요일,부산광역시 부산진구 부전동,중상사고,0,1,1,0,차대차 - 기타,신호위반,건조,맑음,교차로 - 교차로안,이륜,남,30세,중상,승용,여,24세,경상
2017072000100442,2017년 7월 20일 18시,목요일,부산광역시 동래구 명륜동,경상사고,0,0,1,0,차대차 - 추돌,안전운전불이행,건조,맑음,단일로 - 기타,승용,남,55세,상해없음,원동기,여,25세,경상
2017072000100443,2017년 7월 20일 18시,목요일,부산광역시 금정구 금사동,부상신고사고,0,0,0,1,차대차 - 측면충돌,교차로운행방법위반,건조,맑음,교차로 - 교차로안,자전거,남,43세,부상신고,승용,여,55세,상해없음
2017072000100444,2017년 7월 20일 18시,목요일,부산광역시 금정구 부곡동,경상사고,0,0,1,0,차대차 - 측면충돌,교차로운행방법위반,건조,맑음,교차로 - 교차로안,승용,여,29세,상해없음,승용,남,66세,경상
2017072000100445,2017년 7월 20일 18시,목요일,부산광역시 사상구 모라동,경상사고,0,0,1,0,차대차 - 측면충돌,차로위반,건조,맑음,단일로 - 기타,승용,남,46세,상해없음,승용,여,46세,경상
2017072000100488,2017년 7월 20일 19시,목요일,부산광역시 중구 부평동4가,경상사고,0,0,1,0,차대차 - 측면충돌,신호위반,건조,맑음,교차로 - 교차로안,승용,남,36세,상해없음,이륜,남,51세,경상
2017072000100489,2017년 7월 20일 19시,목요일,부산광역시 해운대구 반여동,경상사고,0,0,1,0,차대차 - 기타,차로위반,기타,맑음,단일로 - 기타,승용,여,57세,상해없음,승용,여,51세,경상
2017072000100521,2017년 7월 20일 20시,목요일,부산광역시 수영구 광안동,부상신고사고,0,0,0,1,차대차 - 측면충돌,교차로운행방법위반,건조,맑음,교차로 - 교차로안,원동기,남,21세,상해없음,원동기,남,30세,부상신고
2017072000100522,2017년 7월 20일 20시,목요일,부산광역시 연제구 연산동,경상사고,0,0,2,0,차대차 - 측면충돌,신호위반,건조,맑음,교차로 - 교차로안,승용,여,23세,상해없음,승용,남,33세,경상
2017072000100549,2017년 7월 20일 21시,목요일,부산광역시 해운대구 반송동,중상사고,0,1,1,0,차대차 - 정면충돌,신호위반,건조,맑음,교차로 - 교차로안,승용,여,55세,상해없음,화물,남,67세,중상
2017072000100550,2017년 7월 20일 21시,목요일,부산광역시 연제구 연산동,중상사고,0,2,0,0,차대차 - 추돌,안전거리미확보,건조,맑음,교차로 - 교차로안,승용,남,65세,상해없음,승합,남,59세,상해없음
2017072000100581,2017년 7월 20일 22시,목요일,부산광역시 수영구 광안동,경상사고,0,0,3,2,차대차 - 측면충돌,중앙선침범,건조,맑음,교차로 - 교차로안,승용,남,32세,상해없음,승용,남,56세,경상
2017072100100023,2017년 7월 21일 00시,금요일,부산광역시 수영구 남천동,중상사고,0,1,1,0,차대차 - 추돌,안전운전불이행,건조,맑음,단일로 - 기타,승용,남,35세,상해없음,승용,남,65세,경상
2017072100100038,2017년 7월 21일 01시,금요일,부산광역시 사하구 감천동,부상신고사고,0,0,0,1,차대차 - 기타,안전운전불이행,건조,맑음,교차로 - 교차로부근,이륜,남,16세,부상신고,승용,남,59세,상해없음
2017072100100058,2017년 7월 21일 05시,금요일,부산광역시 강서구 명지동,경상사고,0,0,1,0,차대차 - 기타,신호위반,건조,맑음,교차로 - 교차로안,승용,여,67세,상해없음,승합,남,42세,경상
2017072100100104,2017년 7월 21일 08시,금요일,부산광역시 사하구 하단동,경상사고,0,0,1,0,차대차 - 추돌,안전운전불이행,건조,맑음,단일로 - 기타,승용,남,24세,상해없음,승용,남,62세,경상
2017072100100105,2017년 7월 21일 08시,금요일,부산광역시 사하구 하단동,경상사고,0,0,1,0,차대차 - 측면충돌,신호위반,건조,맑음,교차로 - 교차로안,승용,남,73세,상해없음,승용,여,46세,경상