사고번호,사고일시,요일,시군구,사고내용,사망자수,중상자수,경상자수,부상신고자수,사고유형,법규위반,노면상태,기상상태,도로형태,가해운전자 차종,가해운전자 성별,가해운전자 연령,가해운전자 상해정도,피해운전자 차종,피해운전자 성별,피해운전자 연령,피해운전자 상해정도
2017072100100106,2017년 7월 21일 08시,금요일,부산광역시 수영구 망미동,중상사고,0,1,0,0,차대차 - 추돌,안전거리미확보,건조,맑음,단일로 - 기타,승용,여,27세,상해없음,승용,남,28세,중상
2017072100100107,2017년 7월 21일 08시,금요일,부산광역시 기장군 기장읍,경상사고,0,0,1,0,차대차 - 측면충돌,안전운전불이행,건조,맑음,교차로 - 교차로부근,승용,여,34세,상해없음,화물,남,42세,상해없음
2017072100100142,2017년 7월 21일 09시,금요일,부산광역시 남구 대연동,경상사고,0,0,1,0,차대차 - 측면충돌,안전운전불이행,건조,맑음,교차로 - 교차로안,승용,여,31세,상해없음,이륜,남,55세,경상
2017072100100143,2017년 7월 21일 09시,금요일,부산광역시 기장군 기장읍,경상사고,0,0,1,0,차대차 - 정면충돌,중앙선침범,건조,맑음,단일로 - 기타,승용,남,42세,상해없음,원동기,남,25세,경상
2017072100100178,2017년 7월 21일 10시,금요일,부산광역시 중구 대청동2가,중상사고,0,1,1,0,차대차 - 측면충돌,차로위반,건조,맑음,단일로 - 기타,이륜,남,46세,상해없음,승용,여,25세,상해없음
2017072100100179,2017년 7월 21일 10시,금요일,부산광역시 부산진구 부전동,중상사고,0,1,0,0,차대차 - 정면충돌,신호위반,건조,맑음,교차로 - 교차로안,승용,여,48세,상해없음,이륜,남,61세,중상
2017072100100210,2017년 7월 21일 11시,금요일,부산광역시 동구 초량동,경상사고,0,0,5,0,차대차 - 측면충돌,교차로운행방법위반,건조,맑음,교차로 - 교차로안,승용,여,37세,경상,승용,여,56세,경상
2017072100100211,2017년 7월 21일 11시,금요일,부산광역시 남구 대연동,경상사고,0,0,2,0,차대차 - 추돌,안전운전불이행,건조,맑음,단일로 - 기타,승용,여,24세,상해없음,승용,여,57세,경상
2017072100100212,2017년 7월 21일 11시,금요일,부산광역시 남구 대연동,경상사고,0,0,1,0,차대차 - 기타,안전운전불이행,건조,맑음,교차로 - 교차로안,건설기계,남,62세,상해없음,승용,여,55세,경상
2017072100100213,2017년 7월 21일 11시,금요일,부산광역시 북구 화명동,경상사고,0,0,1,0,차대차 - 측면충돌,안전거리미확보,건조,맑음,단일로 - 기타,승용,남,41세,상해없음,승용,남,19세,경상
2017072100100214,2017년 7월 21일 11시,금요일,부산광역시 영도구 동삼동,경상사고,0,0,1,0,차대사람 - 차도통행중,안전운전불이행,건조,맑음,단일로 - 기타,기타불명,기타불명,미분류,기타불명,보행자,여,80세,경상
2017072100100215,2017년 7월 21일 11시,금요일,부산광역시 사상구 모라동,경상사고,0,0,1,0,차대사람 - 횡단중,보행자보호의무위반,건조,맑음,교차로 - 교차로횡단보도내,화물,남,42세,상해없음,보행자,남,36세,경상
2017072100100241,2017년 7월 21일 12시,금요일,부산광역시 동래구 온천동,경상사고,0,0,1,0,차대차 - 측면충돌,안전거리미확보,건조,맑음,단일로 - 기타,승용,여,38세,상해없음,승용,여,22세,경상
2017072100100242,2017년 7월 21일 12시,금요일,부산광역시 부산진구 양정동,경상사고,0,0,1,0,차대사람 - 기타,안전운전불이행,건조,맑음,단일로 - 기타,기타불명,기타불명,미분류,기타불명,보행자,여,52세,경상
2017072100100243,2017년 7월 21일 12시,금요일,부산광역시 금정구 서동,부상신고사고,0,0,0,1,차대사람 - 횡단중,안전운전불이행,건조,맑음,교차로 - 교차로안,승용,남,36세,상해없음,보행자,남,76세,부상신고
2017072100100270,2017년 7월 21일 13시,금요일,부산광역시 서구 남부민동,경상사고,0,0,1,0,차대차 - 정면충돌,신호위반,건조,맑음,교차로 - 교차로부근,승용,여,35세,상해없음,승용,남,54세,경상
2017072100100271,2017년 7월 21일 13시,금요일,부산광역시 해운대구 우동,중상사고,0,1,3,0,차대차 - 정면충돌,안전운전불이행,건조,맑음,교차로 - 교차로부근,승용,여,21세,상해없음,승용,남,42세,중상
2017072100100272,2017년 7월 21일 13시,금요일,부산광역시 부산진구 전포동,경상사고,0,0,1,0,차대사람 - 횡단중,보행자보호의무위반,건조,맑음,교차로 - 교차로횡단보도내,자전거,남,60세,상해없음,보행자,여,7세,경상
2017072100100309,2017년 7월 21일 14시,금요일,부산광역시 동래구 수안동,중상사고,0,1,0,0,차대사람 - 횡단중,안전운전불이행,건조,맑음,교차로 - 교차로안,승합,남,58세,상해없음,보행자,여,80세,중상
2017072100100310,2017년 7월 21일 14시,금요일,부산광역시 부산진구 양정동,중상사고,0,1,0,0,차대사람 - 횡단중,신호위반,건조,맑음,단일로 - 기타,승용,남,50세,상해없음,보행자,여,66세,중상
2017072100100311,2017년 7월 21일 14시,금요일,부산광역시 연제구 연산동,경상사고,0,0,1,0,차대차 - 추돌,안전거리미확보,건조,맑음,단일로 - 기타,승용,남,42세,상해없음,승용,여,51세,경상
2017072100100338,2017년 7월 21일 15시,금요일,부산광역시 금정구 부곡동,부상신고사고,0,0,0,1,차대차 - 측면충돌,안전운전불이행,건조,맑음,단일로 - 기타,원동기,남,28세,상해없음,승용,남,43세,상해없음
2017072100100377,2017년 7월 21일 16시,금요일,부산광역시 사하구 감천동,경상사고,0,0,1,0,차대차 - 측면충돌,안전운전불이행,건조,맑음,단일로 - 기타,승용,남,58세,상해없음,화물,남,36세,경상
2017072100100466,2017년 7월 21일 18시,금요일,부산광역시 금정구 구서동,경상사고,0,0,1,0,차대차 - 추돌,안전운전불이행,건조,맑음,교차로 - 교차로부근,승용,남,30세,상해없음,승용,남,55세,경상
2017072100100511,2017년 7월 21일 19시,금요일,부산광역시 부산진구 가야동,중상사고,0,1,0,0,차대사람 - 횡단중,보행자보호의무위반,건조,맑음,단일로 - 기타,화물,남,50세,상해없음,보행자,남,68세,중상
2017072100100542,2017년 7월 21일 20시,금요일,부산광역시 수영구 남천동,경상사고,0,0,1,0,차대차 - 기타,안전운전불이행,건조,맑음,단일로 - 기타,승용,남,63세,상해없음,이륜,남,31세,경상
2017072100100579,2017년 7월 21일 21시,금요일,부산광역시 부산진구 양정동,경상사고,0,0,4,0,차대차 - 추돌,안전운전불이행,건조,맑음,교차로 - 교차로부근,승용,남,42세,상해없음,승용,여,58세,경상
2017072100100580,2017년 7월 21일 21시,금요일,부산광역시 수영구 광안동,중상사고,0,1,3,0,차대차 - 추돌,안전운전불이행,건조,맑음,단일로 - 기타,승용,여,56세,상해없음,승용,여,44세,경상
2017072100100641,2017년 7월 21일 23시,금요일,부산광역시 동래구 사직동,경상사고,0,0,1,0,차대차 - 추돌,안전거리미확보,건조,맑음,단일로 - 기타,자전거,남,28세,경상,승용,남,39세,상해없음
2017072100100642,2017년 7월 21일 23시,금요일,부산광역시 사하구 신평동,경상사고,0,0,1,0,차대차 - 정면충돌,신호위반,건조,맑음,교차로 - 교차로안,승용,남,45세,상해없음,이륜,남,23세,경상
2017072200100079,2017년 7월 22일 03시,토요일,부산광역시 강서구 명지동,경상사고,0,0,3,0,차대차 - 추돌,안전운전불이행,건조,맑음,교차로 - 교차로부근,승용,남,31세,상해없음,승용,여,52세,경상
2017072200100091,2017년 7월 22일 04시,토요일,부산광역시 연제구 연산동,경상사고,0,0,1,0,차대차 - 측면충돌,안전운전불이행,건조,맑음,단일로 - 기타,승용,남,25세,상해없음,승용,남,52세,경상
2017072200100132,2017년 7월 22일 07시,토요일,부산광역시 강서구 명지동,중상사고,0,1,1,0,차대차 - 측면충돌,신호위반,건조,맑음,교차로 - 교차로안,화물,남,72세,상해없음,승용,여,37세,중상
2017072200100133,2017년 7월 22일 07시,토요일,부산광역시 사상구 학장동,중상사고,0,1,0,0,차대차 - 측면충돌,신호위반,건조,맑음,단일로 - 기타,승용,남,58세,상해없음,자전거,남,43세,중상
2017072200100153,2017년 7월 22일 08시,토요일,부산광역시 부산진구 양정동,중상사고,0,1,0,0,차대차 - 정면충돌,안전운전불이행,건조,맑음,교차로 - 교차로부근,이륜,남,55세,상해없음,이륜,남,27세,중상
2017072200100154,2017년 7월 22일 08시,토요일,부산광역시 강서구 명지동,경상사고,0,0,1,0,차대차 - 측면충돌,안전거리미확보,건조,맑음,단일로 - 기타,화물,남,50세,상해없음,승용,남,29세,경상
2017072200100188,2017년 7월 22일 10시,토요일,부산광역시 해운대구 재송동,경상사고,0,0,2,0,차대차 - 측면충돌,안전거리미확보,건조,맑음,단일로 - 기타,승용,남,45세,상해없음,승용,남,36세,경상
2017072200100221,2017년 7월 22일 11시,토요일,부산광역시 해운대구 재송동,경상사고,0,0,1,0,차대사람 - 횡단중,안전운전불이행,건조,맑음,단일로 - 기타,이륜,남,37세,상해없음,보행자,남,5세,경상
2017072200100258,2017년 7월 22일 12시,토요일,부산광역시 북구 금곡동,경상사고,0,0,1,0,차대차 - 측면충돌,안전운전불이행,건조,맑음,단일로 - 기타,승용,남,58세,상해없음,승용,남,39세,경상
2017072200100259,2017년 7월 22일 12시,토요일,부산광역시 동래구 안락동,중상사고,0,1,0,0,차대차 - 측면충돌,신호위반,건조,맑음,교차로 - 교차로안,화물,남,45세,상해없음,화물,남,35세,중상
2017072200100260,2017년 7월 22일 12시,토요일,부산광역시 부산진구 부전동,경상사고,0,0,1,0,차대사람 - 기타,기타,건조,맑음,단일로 - 기타,승용,남,41세,상해없음,보행자,여,9세,경상
2017072200100261,2017년 7월 22일 12시,토요일,부산광역시 사하구 당리동,중상사고,0,1,0,0,차대차 - 기타,안전운전불이행,건조,맑음,단일로 - 기타,승용,남,37세,상해없음,자전거,여,57세,중상
2017072200100262,2017년 7월 22일 12시,토요일,부산광역시 사하구 하단동,경상사고,0,0,1,0,차대차 - 측면충돌,안전운전불이행,건조,맑음,단일로 - 기타,승용,남,29세,상해없음,승용,남,59세,경상
2017072200100307,2017년 7월 22일 13시,토요일,부산광역시 북구 덕천동,중상사고,0,1,0,0,차대차 - 기타,신호위반,건조,맑음,단일로 - 기타,승용,남,28세,상해없음,이륜,남,53세,중상
2017072200100308,2017년 7월 22일 13시,토요일,부산광역시 금정구 구서동,중상사고,0,1,0,0,차대사람 - 횡단중,중앙선침범,건조,맑음,단일로 - 기타,승용,여,52세,상해없음,보행자,여,32세,중상
2017072200100349,2017년 7월 22일 14시,토요일,부산광역시 남구 용호동,경상사고,0,0,1,0,차대차 - 측면충돌,교차로운행방법위반,건조,맑음,교차로 - 교차로안,승용,남,55세,상해없음,승용,남,35세,경상
2017072200100350,2017년 7월 22일 14시,토요일,부산광역시 동래구 온천동,경상사고,0,0,1,0,차대차 - 기타,안전운전불이행,건조,맑음,교차로 - 교차로부근,기타불명,기타불명,미분류,기타불명,이륜,남,22세,경상
2017072200100351,2017년 7월 22일 14시,토요일,부산광역시 부산진구 당감동,경상사고,0,0,1,0,차대차 - 기타,안전거리미확보,건조,맑음,단일로 - 기타,승용,남,26세,상해없음,승용,남,52세,경상
2017072200100387,2017년 7월 22일 15시,토요일,부산광역시 남구 문현동,부상신고사고,0,0,0,2,차대차 - 측면충돌,교차로운행방법위반,건조,맑음,교차로 - 교차로안,승용,남,81세,상해없음,승용,남,37세,부상신고
2017072200100388,2017년 7월 22일 15시,토요일,부산광역시 금정구 남산동,중상사고,0,2,3,0,차대차 - 측면충돌,신호위반,건조,맑음,단일로 - 기타,승용,남,62세,상해없음,승용,여,36세,경상
2017072200100389,2017년 7월 22일 15시,토요일,부산광역시 사하구 괴정동,경상사고,0,0,4,0,차대차 - 측면충돌,교차로운행방법위반,건조,맑음,교차로 - 교차로안,승용,남,60세,상해없음,승용,남,46세,경상
2017072200100390,2017년 7월 22일 15시,토요일,부산광역시 사상구 감전동,경상사고,0,0,2,0,차대차 - 측면충돌,안전거리미확보,건조,맑음,단일로 - 기타,화물,남,47세,상해없음,승용,남,28세,상해없음
2017072200100457,2017년 7월 22일 17시,토요일,부산광역시 중구 중앙동4가,중상사고,0,1,1,0,차대차 - 추돌,안전거리미확보,건조,맑음,단일로 - 기타,승용,여,44세,상해없음,승용,남,48세,중상
2017072200100458,2017년 7월 22일 17시,토요일,부산광역시 서구 동대신동1가,경상사고,0,0,1,0,차대차 - 측면충돌,안전거리미확보,건조,맑음,단일로 - 기타,승용,여,64세,상해없음,승합,남,46세,상해없음
2017072200100459,2017년 7월 22일 17시,토요일,부산광역시 해운대구 반송동,중상사고,0,1,0,0,차대차 - 기타,안전운전불이행,건조,맑음,단일로 - 기타,승용,남,68세,상해없음,이륜,남,61세,중상
2017072200100491,2017년 7월 22일 18시,토요일,부산광역시 남구 대연동,경상사고,0,0,2,0,차대차 - 추돌,안전거리미확보,건조,맑음,단일로 - 기타,승용,남,66세,상해없음,화물,남,64세,경상
2017072200100492,2017년 7월 22일 18시,토요일,부산광역시 동래구 사직동,중상사고,0,1,0,0,차대차 - 측면충돌,안전운전불이행,건조,맑음,단일로 - 기타,승용,여,22세,기타불명,승용,여,36세,중상
2017072200100493,2017년 7월 22일 18시,토요일,부산광역시 영도구 청학동,경상사고,0,0,1,0,차대사람 - 기타,안전운전불이행,건조,맑음,교차로 - 교차로안,승용,남,42세,상해없음,보행자,남,55세,경상
2017072200100494,2017년 7월 22일 18시,토요일,부산광역시 부산진구 당감동,부상신고사고,0,0,0,1,차대차 - 측면충돌,안전운전불이행,건조,맑음,단일로 - 기타,이륜,남,19세,부상신고,승용,남,31세,상해없음
2017072200100540,2017년 7월 22일 19시,토요일,부산광역시 금정구 부곡동,경상사고,0,0,1,0,차대사람 - 횡단중,보행자보호의무위반,건조,맑음,교차로 - 교차로안,승용,남,58세,상해없음,보행자,여,84세,경상
2017072200100541,2017년 7월 22일 19시,토요일,부산광역시 사상구 괘법동,경상사고,0,0,1,0,차량단독 - 전도전복,기타,건조,맑음,단일로 - 기타,승합,남,56세,상해없음,미분류,미분류,미분류,미분류
2017072200100579,2017년 7월 22일 20시,토요일,부산광역시 사하구 다대동,중상사고,0,1,0,0,차대차 - 기타,신호위반,건조,맑음,교차로 - 교차로안,원동기,남,16세,상해없음,원동기,남,52세,중상
2017072200100645,2017년 7월 22일 23시,토요일,부산광역시 중구 부평동1가,경상사고,0,0,1,0,차대사람 - 기타,안전운전불이행,건조,맑음,단일로 - 기타,기타불명,기타불명,미분류,기타불명,보행자,여,55세,경상
2017072300100051,2017년 7월 23일 02시,일요일,부산광역시 금정구 부곡동,경상사고,0,0,2,1,차대차 - 측면충돌,직진우회전진행방해,건조,맑음,교차로 - 교차로안,승용,남,52세,부상신고,승용,남,60세,경상
2017072300100052,2017년 7월 23일 02시,일요일,부산광역시 사상구 감전동,중상사고,0,1,0,1,차대차 - 추돌,안전운전불이행,건조,맑음,교차로 - 교차로부근,화물,남,49세,부상신고,승용,남,42세,중상
2017072300100061,2017년 7월 23일 03시,일요일,부산광역시 부산진구 부전동,경상사고,0,0,1,0,차대사람 - 기타,안전운전불이행,건조,맑음,단일로 - 기타,승용,남,22세,상해없음,보행자,여,22세,경상
2017072300100075,2017년 7월 23일 04시,일요일,부산광역시 해운대구 우동,부상신고사고,0,0,0,1,차대차 - 측면충돌,안전거리미확보,건조,맑음,교차로 - 교차로부근,이륜,남,21세,부상신고,승용,남,64세,상해없음
2017072300100076,2017년 7월 23일 04시,일요일,부산광역시 부산진구 범천동,경상사고,0,0,4,0,차대차 - 측면충돌,안전운전불이행,건조,맑음,교차로 - 교차로부근,승용,남,38세,상해없음,승용,남,63세,경상
2017072300100093,2017년 7월 23일 06시,일요일,부산광역시 부산진구 부전동,부상신고사고,0,0,0,1,차대차 - 측면충돌,안전운전불이행,건조,맑음,교차로 - 교차로안,이륜,남,22세,부상신고,승용,남,59세,상해없음
2017072300100111,2017년 7월 23일 08시,일요일,부산광역시 해운대구 재송동,부상신고사고,0,0,0,2,차대차 - 추돌,안전운전불이행,건조,맑음,단일로 - 기타,승용,남,58세,상해없음,승용,남,35세,부상신고
2017072300100126,2017년 7월 23일 09시,일요일,부산광역시 연제구 연산동,경상사고,0,0,1,0,차대사람 - 횡단중,안전운전불이행,건조,맑음,교차로 - 교차로부근,승용,남,25세,상해없음,보행자,남,69세,경상
2017072300100168,2017년 7월 23일 11시,일요일,부산광역시 금정구 두구동,경상사고,0,0,1,0,차대사람 - 횡단중,안전운전불이행,건조,맑음,단일로 - 기타,승용,남,25세,상해없음,보행자,남,47세,경상
2017072300100214,2017년 7월 23일 13시,일요일,부산광역시 기장군 일광면,경상사고,0,0,1,0,차대사람 - 기타,안전운전불이행,건조,맑음,기타 - 기타,승용,남,55세,상해없음,보행자,여,6세,경상
2017072300100286,2017년 7월 23일 16시,일요일,부산광역시 연제구 연산동,경상사고,0,0,1,0,차대사람 - 횡단중,안전운전불이행,건조,맑음,단일로 - 기타,승용,남,71세,상해없음,보행자,여,58세,경상
2017072300100287,2017년 7월 23일 16시,일요일,부산광역시 기장군 일광면,경상사고,0,0,2,0,차대차 - 측면충돌,안전운전불이행,건조,맑음,단일로 - 기타,승용,남,62세,기타불명,승합,남,72세,경상
2017072300100369,2017년 7월 23일 19시,일요일,부산광역시 동래구 명륜동,부상신고사고,0,0,0,2,차대차 - 측면충돌,신호위반,건조,맑음,교차로 - 교차로안,이륜,남,28세,부상신고,이륜,남,24세,부상신고
2017072300100370,2017년 7월 23일 19시,일요일,부산광역시 해운대구 우동,경상사고,0,0,2,0,차대차 - 기타,차로위반,건조,맑음,교차로 - 교차로부근,승용,여,51세,상해없음,승용,여,40세,상해없음
2017072300100371,2017년 7월 23일 19시,일요일,부산광역시 부산진구 개금동,경상사고,0,0,1,0,차대차 - 기타,안전거리미확보,건조,맑음,단일로 - 기타,이륜,남,50세,상해없음,이륜,남,39세,경상
2017072300100372,2017년 7월 23일 19시,일요일,부산광역시 금정구 오륜동,경상사고,0,0,1,0,차대차 - 측면충돌,안전거리미확보,건조,맑음,단일로 - 기타,승용,남,37세,상해없음,승용,남,29세,경상
2017072300100448,2017년 7월 23일 22시,일요일,부산광역시 연제구 연산동,경상사고,0,0,1,0,차대차 - 측면충돌,중앙선침범,건조,맑음,단일로 - 기타,승용,여,33세,상해없음,이륜,남,17세,경상
2017072300100449,2017년 7월 23일 22시,일요일,부산광역시 사상구 삼락동,부상신고사고,0,0,0,1,차대사람 - 길가장자리구역통행중,안전운전불이행,건조,맑음,단일로 - 기타,승용,남,62세,상해없음,보행자,남,47세,부상신고
2017072300100466,2017년 7월 23일 23시,일요일,부산광역시 동래구 온천동,중상사고,0,1,0,0,차대사람 - 횡단중,보행자보호의무위반,건조,맑음,교차로 - 교차로횡단보도내,승용,남,57세,상해없음,보행자,여,64세,중상
2017072400100031,2017년 7월 24일 00시,월요일,부산광역시 북구 구포동,중상사고,0,1,0,0,차대사람 - 기타,안전운전불이행,건조,맑음,단일로 - 기타,승용,남,62세,상해없음,보행자,여,47세,중상
2017072400100032,2017년 7월 24일 00시,월요일,부산광역시 영도구 봉래동4가,중상사고,0,2,1,0,차대차 - 추돌,안전운전불이행,건조,맑음,교차로 - 교차로안,화물,남,65세,상해없음,승용,남,63세,경상
2017072400100043,2017년 7월 24일 01시,월요일,부산광역시 금정구 장전동,경상사고,0,0,1,0,차대사람 - 횡단중,안전운전불이행,건조,맑음,단일로 - 기타,승용,남,64세,상해없음,보행자,남,30세,경상
2017072400100057,2017년 7월 24일 03시,월요일,부산광역시 금정구 부곡동,중상사고,0,1,1,1,차대차 - 측면충돌,안전거리미확보,건조,맑음,단일로 - 기타,원동기,남,17세,부상신고,원동기,남,16세,중상
2017072400100058,2017년 7월 24일 03시,월요일,부산광역시 기장군 정관읍,부상신고사고,0,0,0,1,차량단독 - 공작물충돌,안전운전불이행,건조,맑음,단일로 - 기타,승용,남,28세,부상신고,,,,
2017072400100079,2017년 7월 24일 06시,월요일,부산광역시 동래구 온천동,경상사고,0,0,1,0,차량단독 - 기타,안전운전불이행,건조,맑음,단일로 - 기타,승합,남,49세,상해없음,,,,
2017072400100093,2017년 7월 24일 07시,월요일,부산광역시 부산진구 전포동,경상사고,0,0,2,0,차대차 - 정면충돌,신호위반,건조,맑음,교차로 - 교차로안,승용,남,34세,상해없음,이륜,남,24세,경상
2017072400100108,2017년 7월 24일 08시,월요일,부산광역시 동래구 사직동,경상사고,0,0,1,0,차대사람 - 차도통행중,안전운전불이행,건조,맑음,단일로 - 기타,원동기,남,70세,상해없음,보행자,남,60세,경상
2017072400100109,2017년 7월 24일 08시,월요일,부산광역시 금정구 구서동,경상사고,0,0,1,0,차대차 - 측면충돌,안전거리미확보,건조,맑음,단일로 - 기타,화물,남,25세,기타불명,승용,여,46세,경상
2017072400100110,2017년 7월 24일 08시,월요일,부산광역시 사하구 하단동,경상사고,0,0,2,0,차대차 - 추돌,교차로운행방법위반,건조,맑음,단일로 - 기타,승용,남,21세,경상,승용,남,61세,경상
2017072400100151,2017년 7월 24일 09시,월요일,부산광역시 해운대구 반여동,중상사고,0,1,0,0,차량단독 - 기타,안전운전불이행,건조,맑음,단일로 - 기타,승합,남,56세,상해없음,,,,
2017072400100184,2017년 7월 24일 10시,월요일,부산광역시 해운대구 중동,경상사고,0,0,1,0,차대사람 - 기타,안전운전불이행,건조,맑음,단일로 - 기타,승용,남,35세,상해없음,보행자,남,32세,경상
2017072400100185,2017년 7월 24일 10시,월요일,부산광역시 해운대구 좌동,중상사고,0,1,0,0,차대차 - 기타,신호위반,건조,맑음,교차로 - 교차로안,승용,여,37세,상해없음,승용,남,68세,상해없음
2017072400100186,2017년 7월 24일 10시,월요일,부산광역시 부산진구 전포동,경상사고,0,0,2,0,차대차 - 추돌,안전거리미확보,건조,맑음,교차로 - 교차로안,승용,여,51세,상해없음,승용,여,71세,경상
2017072400100187,2017년 7월 24일 10시,월요일,부산광역시 금정구 서동,경상사고,0,0,1,0,차대차 - 기타,안전운전불이행,건조,맑음,단일로 - 기타,화물,남,53세,상해없음,원동기,남,70세,경상
2017072400100188,2017년 7월 24일 10시,월요일,부산광역시 사하구 하단동,경상사고,0,0,1,0,차대차 - 측면충돌,교차로운행방법위반,건조,맑음,교차로 - 교차로부근,화물,남,42세,경상,화물,남,27세,상해없음
2017072400100189,2017년 7월 24일 10시,월요일,부산광역시 사상구 삼락동,경상사고,0,0,2,0,차대차 - 추돌,안전운전불이행,건조,맑음,단일로 - 기타,승용,남,42세,상해없음,화물,남,58세,경상
2017072400100208,2017년 7월 24일 11시,월요일,부산광역시 남구 용호동,경상사고,0,0,1,0,차대차 - 기타,신호위반,건조,맑음,교차로 - 교차로안,승용,여,50세,상해없음,승용,남,29세,경상
2017072400100209,2017년 7월 24일 11시,월요일,부산광역시 강서구 대저1동,중상사고,0,1,0,0,차대사람 - 횡단중,안전운전불이행,건조,맑음,교차로 - 교차로안,승용,남,73세,상해없음,보행자,남,14세,중상
2017072400100245,2017년 7월 24일 12시,월요일,부산광역시 부산진구 연지동,경상사고,0,0,1,0,차대차 - 측면충돌,안전거리미확보,건조,맑음,단일로 - 기타,승용,여,54세,상해없음,승용,남,32세,경상
2017072400100246,2017년 7월 24일 12시,월요일,부산광역시 강서구 녹산동,중상사고,0,1,0,0,차대차 - 정면충돌,안전운전불이행,건조,맑음,단일로 - 기타,승용,남,27세,상해없음,원동기,남,46세,중상
2017072400100295,2017년 7월 24일 14시,월요일,부산광역시 강서구 구랑동,경상사고,0,0,1,0,차대차 - 정면충돌,안전운전불이행,건조,맑음,교차로 - 교차로부근,화물,남,49세,상해없음,화물,남,39세,경상
2017072400100329,2017년 7월 24일 15시,월요일,부산광역시 동구 수정동,중상사고,0,1,1,0,차대차 - 기타,안전운전불이행,건조,맑음,단일로 - 기타,승용,남,63세,중상,화물,남,61세,상해없음
2017072400100330,2017년 7월 24일 15시,월요일,부산광역시 금정구 부곡동,중상사고,0,1,0,1,차대차 - 측면충돌,중앙선침범,건조,맑음,교차로 - 교차로안,승용,남,67세,상해없음,승용,남,57세,상해없음
2017072400100331,2017년 7월 24일 15시,월요일,부산광역시 연제구 거제동,경상사고,0,0,1,0,차대차 - 측면충돌,교차로운행방법위반,건조,맑음,교차로 - 교차로안,승합,여,68세,상해없음,승용,여,33세,경상
2017072400100372,2017년 7월 24일 16시,월요일,부산광역시 동구 초량동,부상신고사고,0,0,0,1,차대차 - 기타,차로위반,건조,흐림,단일로 - 기타,승용,여,49세,상해없음,화물,여,57세,부상신고
2017072400100373,2017년 7월 24일 16시,월요일,부산광역시 동구 초량동,부상신고사고,0,0,0,1,차대차 - 추돌,안전운전불이행,건조,맑음,단일로 - 기타,화물,남,64세,상해없음,승용,남,50세,부상신고
2017072400100374,2017년 7월 24일 16시,월요일,부산광역시 연제구 연산동,경상사고,0,0,1,0,차대차 - 후진중충돌,안전운전불이행,건조,흐림,주차장 - 주차장,승용,남,58세,상해없음,승용,여,46세,경상
2017072400100375,2017년 7월 24일 16시,월요일,부산광역시 연제구 연산동,중상사고,0,1,0,0,차대차 - 측면충돌,교차로운행방법위반,젖음/습기,비,교차로 - 교차로안,승용,남,69세,상해없음,이륜,남,44세,중상
2017072400100376,2017년 7월 24일 16시,월요일,부산광역시 사상구 삼락동,사망사고,1,0,0,0,차대사람 - 횡단중,안전운전불이행,젖음/습기,비,교차로 - 교차로부근,화물,남,67세,상해없음,보행자,여,48세,사망
2017072400100409,2017년 7월 24일 17시,월요일,부산광역시 남구 용당동,경상사고,0,0,2,0,차대차 - 측면충돌,안전운전불이행,젖음/습기,비,교차로 - 교차로안,승용,남,31세,상해없음,화물,남,61세,경상
2017072400100410,2017년 7월 24일 17시,월요일,부산광역시 동래구 낙민동,경상사고,0,0,3,0,차대차 - 측면충돌,안전운전불이행,건조,맑음,단일로 - 기타,화물,남,61세,상해없음,승용,남,21세,경상
2017072400100411,2017년 7월 24일 17시,월요일,부산광역시 부산진구 양정동,중상사고,0,1,0,0,차대차 - 기타,불법유턴,젖음/습기,비,단일로 - 기타,승용,여,48세,상해없음,이륜,남,34세,중상
2017072400100412,2017년 7월 24일 17시,월요일,부산광역시 사상구 괘법동,경상사고,0,0,1,0,차대사람 - 기타,안전운전불이행,건조,맑음,교차로 - 교차로부근,승용,남,58세,상해없음,보행자,남,25세,경상
2017072400100446,2017년 7월 24일 18시,월요일,부산광역시 서구 서대신동2가,경상사고,0,0,3,0,차대차 - 측면충돌,교차로운행방법위반,건조,맑음,교차로 - 교차로안,승용,남,61세,경상,승용,남,23세,경상
2017072400100447,2017년 7월 24일 18시,월요일,부산광역시 동래구 사직동,경상사고,0,0,1,0,차대사람 - 기타,안전운전불이행,젖음/습기,흐림,단일로 - 기타,원동기,남,19세,상해없음,보행자,남,13세,경상
2017072400100448,2017년 7월 24일 18시,월요일,부산광역시 부산진구 개금동,중상사고,0,1,0,0,차대사람 - 기타,안전운전불이행,건조,맑음,단일로 - 기타,승합,남,26세,상해없음,보행자,여,55세,중상
2017072400100449,2017년 7월 24일 18시,월요일,부산광역시 사하구 감천동,경상사고,0,0,1,0,차대차 - 측면충돌,신호위반,건조,맑음,단일로 - 기타,승합,남,60세,상해없음,이륜,남,19세,경상
2017072400100450,2017년 7월 24일 18시,월요일,부산광역시 연제구 거제동,경상사고,0,0,1,0,차대차 - 측면충돌,안전운전불이행,젖음/습기,비,단일로 - 기타,화물,남,64세,상해없음,자전거,남,14세,경상
2017072400100451,2017년 7월 24일 18시,월요일,부산광역시 기장군 정관읍,경상사고,0,0,1,0,차대차 - 후진중충돌,안전운전불이행,젖음/습기,비,단일로 - 기타,승용,남,52세,상해없음,승용,남,37세,경상