사고번호,사고일시,요일,시군구,사고내용,사망자수,중상자수,경상자수,부상신고자수,사고유형,법규위반,노면상태,기상상태,도로형태,가해운전자 차종,가해운전자 성별,가해운전자 연령,가해운전자 상해정도,피해운전자 차종,피해운전자 성별,피해운전자 연령,피해운전자 상해정도
2017072400100477,2017년 7월 24일 19시,월요일,부산광역시 동래구 사직동,경상사고,0,0,1,0,차대차 - 측면충돌,안전운전불이행,건조,맑음,단일로 - 기타,승용,남,49세,상해없음,승용,남,35세,경상
2017072400100526,2017년 7월 24일 21시,월요일,부산광역시 서구 암남동,중상사고,0,3,1,0,차대차 - 측면충돌,신호위반,건조,맑음,단일로 - 기타,승용,남,73세,상해없음,승용,남,23세,중상
2017072400100527,2017년 7월 24일 21시,월요일,부산광역시 북구 구포동,중상사고,0,1,0,0,차대차 - 측면충돌,과속,건조,맑음,교차로 - 교차로안,승용,남,58세,상해없음,자전거,남,52세,중상
2017072400100528,2017년 7월 24일 21시,월요일,부산광역시 영도구 동삼동,경상사고,0,0,1,0,차대차 - 측면충돌,중앙선침범,건조,맑음,단일로 - 기타,승합,남,59세,상해없음,이륜,남,18세,경상
2017072400100529,2017년 7월 24일 21시,월요일,부산광역시 사하구 하단동,경상사고,0,0,1,0,차대차 - 기타,안전운전불이행,건조,맑음,교차로 - 교차로부근,이륜,남,27세,경상,승용,남,41세,상해없음
2017072400100560,2017년 7월 24일 22시,월요일,부산광역시 동구 범일동,경상사고,0,0,2,0,차대차 - 기타,안전운전불이행,건조,맑음,교차로 - 교차로부근,승용,남,34세,상해없음,승용,남,61세,경상
2017072400100561,2017년 7월 24일 22시,월요일,부산광역시 사하구 구평동,중상사고,0,1,0,0,차대차 - 기타,안전운전불이행,건조,맑음,단일로 - 기타,화물,남,66세,상해없음,이륜,남,39세,중상
2017072500100025,2017년 7월 25일 00시,화요일,부산광역시 부산진구 부전동,부상신고사고,0,0,0,1,차대차 - 정면충돌,신호위반,젖음/습기,맑음,교차로 - 교차로안,이륜,남,23세,부상신고,승용,남,58세,상해없음
2017072500100065,2017년 7월 25일 05시,화요일,부산광역시 부산진구 전포동,경상사고,0,0,1,0,차대차 - 측면충돌,신호위반,건조,맑음,교차로 - 교차로안,이륜,남,18세,상해없음,승용,남,64세,상해없음
2017072500100066,2017년 7월 25일 05시,화요일,부산광역시 사상구 모라동,사망사고,1,1,0,0,차대차 - 측면충돌,중앙선침범,건조,맑음,단일로 - 기타,이륜,남,75세,중상,승용,남,47세,상해없음
2017072500100078,2017년 7월 25일 06시,화요일,부산광역시 부산진구 부전동,경상사고,0,0,1,1,차대차 - 기타,안전운전불이행,건조,맑음,단일로 - 기타,승용,여,35세,부상신고,승용,남,32세,경상
2017072500100094,2017년 7월 25일 07시,화요일,부산광역시 동래구 명장동,중상사고,0,1,0,0,차대사람 - 차도통행중,신호위반,건조,맑음,교차로 - 교차로안,승용,남,56세,상해없음,보행자,여,18세,중상
2017072500100126,2017년 7월 25일 08시,화요일,부산광역시 중구 남포동5가,경상사고,0,0,2,0,차대차 - 측면충돌,교차로운행방법위반,건조,맑음,교차로 - 교차로안,화물,남,49세,상해없음,이륜,남,33세,경상
2017072500100127,2017년 7월 25일 08시,화요일,부산광역시 남구 용호동,경상사고,0,0,1,0,차대차 - 측면충돌,교차로운행방법위반,건조,맑음,교차로 - 교차로안,승용,여,47세,상해없음,승용,여,35세,경상
2017072500100128,2017년 7월 25일 08시,화요일,부산광역시 부산진구 양정동,경상사고,0,0,1,0,차대사람 - 기타,안전운전불이행,건조,맑음,교차로 - 교차로안,승용,남,45세,상해없음,보행자,남,27세,경상
2017072500100165,2017년 7월 25일 09시,화요일,부산광역시 해운대구 좌동,경상사고,0,0,1,0,차대사람 - 기타,안전운전불이행,건조,흐림,기타 - 기타,승용,남,76세,상해없음,보행자,남,38세,경상
2017072500100247,2017년 7월 25일 12시,화요일,부산광역시 해운대구 우동,경상사고,0,0,1,0,차대사람 - 횡단중,기타,젖음/습기,비,교차로 - 교차로안,승용,남,62세,상해없음,보행자,여,54세,경상
2017072500100248,2017년 7월 25일 12시,화요일,부산광역시 부산진구 부전동,경상사고,0,0,3,0,차대차 - 측면충돌,신호위반,건조,맑음,교차로 - 교차로안,승용,여,48세,상해없음,승용,남,53세,경상
2017072500100282,2017년 7월 25일 13시,화요일,부산광역시 동래구 안락동,경상사고,0,0,1,0,차대차 - 기타,차로위반,건조,맑음,단일로 - 기타,화물,남,63세,상해없음,승용,여,34세,경상
2017072500100315,2017년 7월 25일 14시,화요일,부산광역시 북구 덕천동,경상사고,0,0,1,0,차대차 - 측면충돌,신호위반,건조,맑음,교차로 - 교차로안,승용,남,61세,상해없음,이륜,남,29세,경상
2017072500100353,2017년 7월 25일 15시,화요일,부산광역시 사상구 모라동,중상사고,0,1,2,0,차대차 - 추돌,안전운전불이행,젖음/습기,비,단일로 - 기타,승용,남,46세,상해없음,승용,남,40세,경상
2017072500100354,2017년 7월 25일 15시,화요일,부산광역시 사상구 주례동,부상신고사고,0,0,0,1,차대차 - 측면충돌,안전운전불이행,건조,맑음,교차로 - 교차로안,이륜,남,65세,부상신고,승합,여,52세,상해없음
2017072500100399,2017년 7월 25일 16시,화요일,부산광역시 동구 범일동,경상사고,0,0,1,0,차대차 - 측면충돌,안전운전불이행,건조,맑음,단일로 - 기타,화물,남,69세,상해없음,승용,남,37세,상해없음
2017072500100400,2017년 7월 25일 16시,화요일,부산광역시 해운대구 재송동,경상사고,0,0,1,0,차대차 - 측면충돌,교차로운행방법위반,젖음/습기,비,교차로 - 교차로안,승용,남,76세,경상,이륜,남,25세,상해없음
2017072500100401,2017년 7월 25일 16시,화요일,부산광역시 해운대구 우동,경상사고,0,0,1,0,차대차 - 추돌,안전거리미확보,기타,맑음,단일로 - 기타,승용,남,23세,상해없음,승용,남,69세,상해없음
2017072500100402,2017년 7월 25일 16시,화요일,부산광역시 강서구 대저2동,중상사고,0,2,0,0,차대차 - 측면충돌,교차로운행방법위반,건조,맑음,교차로 - 교차로안,건설기계,남,47세,상해없음,화물,남,69세,중상
2017072500100403,2017년 7월 25일 16시,화요일,부산광역시 기장군 정관읍,경상사고,0,0,2,1,차대차 - 정면충돌,안전운전불이행,건조,맑음,교차로 - 교차로안,승용,남,46세,부상신고,승용,여,37세,경상
2017072500100437,2017년 7월 25일 17시,화요일,부산광역시 동래구 온천동,경상사고,0,0,1,0,차대차 - 추돌,안전운전불이행,건조,맑음,단일로 - 기타,승용,남,54세,상해없음,승용,남,55세,경상
2017072500100438,2017년 7월 25일 17시,화요일,부산광역시 부산진구 범천동,중상사고,0,2,0,0,차대차 - 추돌,안전거리미확보,젖음/습기,비,단일로 - 기타,승용,남,21세,기타불명,승용,남,29세,중상
2017072500100439,2017년 7월 25일 17시,화요일,부산광역시 연제구 연산동,경상사고,0,0,1,0,차대사람 - 횡단중,안전운전불이행,젖음/습기,비,단일로 - 기타,승용,남,54세,상해없음,보행자,남,52세,경상
2017072500100478,2017년 7월 25일 18시,화요일,부산광역시 남구 문현동,부상신고사고,0,0,0,5,차대차 - 측면충돌,교차로운행방법위반,젖음/습기,비,교차로 - 교차로안,승합,남,55세,상해없음,승용,남,19세,부상신고
2017072500100479,2017년 7월 25일 18시,화요일,부산광역시 해운대구 반여동,부상신고사고,0,0,0,1,차대차 - 추돌,안전운전불이행,젖음/습기,흐림,단일로 - 기타,이륜,남,17세,부상신고,승용,여,38세,상해없음
2017072500100480,2017년 7월 25일 18시,화요일,부산광역시 사상구 모라동,경상사고,0,0,1,0,차대차 - 기타,기타,건조,맑음,단일로 - 기타,특수,남,57세,상해없음,승용,남,42세,경상
2017072500100517,2017년 7월 25일 19시,화요일,부산광역시 수영구 남천동,경상사고,0,0,2,0,차대차 - 기타,안전거리미확보,건조,흐림,단일로 - 교량,승용,남,27세,상해없음,승용,남,23세,경상
2017072500100518,2017년 7월 25일 19시,화요일,부산광역시 해운대구 우동,중상사고,0,2,0,0,차대차 - 측면충돌,차로위반,젖음/습기,비,교차로 - 교차로안,승용,여,34세,상해없음,승용,남,62세,중상
2017072500100519,2017년 7월 25일 19시,화요일,부산광역시 연제구 연산동,경상사고,0,0,2,0,차대차 - 기타,안전운전불이행,젖음/습기,흐림,단일로 - 기타,승용,여,38세,상해없음,승용,여,39세,경상
2017072500100572,2017년 7월 25일 21시,화요일,부산광역시 북구 구포동,부상신고사고,0,0,0,1,차대사람 - 기타,안전운전불이행,건조,맑음,단일로 - 기타,승합,남,36세,상해없음,보행자,남,54세,부상신고
2017072500100601,2017년 7월 25일 22시,화요일,부산광역시 서구 동대신동3가,경상사고,0,0,1,0,차대사람 - 기타,안전운전불이행,건조,맑음,단일로 - 기타,승용,남,60세,상해없음,보행자,남,30세,경상
2017072500100602,2017년 7월 25일 22시,화요일,부산광역시 동래구 명장동,경상사고,0,0,1,0,차대차 - 측면충돌,안전운전불이행,건조,맑음,단일로 - 기타,승용,남,38세,상해없음,원동기,남,18세,경상
2017072500100635,2017년 7월 25일 23시,화요일,부산광역시 연제구 연산동,경상사고,0,0,1,0,차대사람 - 횡단중,신호위반,건조,맑음,단일로 - 기타,승용,여,35세,상해없음,보행자,여,36세,경상
2017072600100034,2017년 7월 26일 01시,수요일,부산광역시 사하구 하단동,경상사고,0,0,4,0,차대차 - 추돌,안전운전불이행,건조,맑음,교차로 - 교차로부근,승용,여,41세,상해없음,승용,남,53세,경상
2017072600100035,2017년 7월 26일 01시,수요일,부산광역시 기장군 정관읍,경상사고,0,0,1,0,차대차 - 추돌,안전운전불이행,건조,맑음,단일로 - 기타,화물,남,42세,상해없음,승용,남,31세,경상
2017072600100102,2017년 7월 26일 07시,수요일,부산광역시 중구 남포동6가,중상사고,0,1,1,0,차대차 - 측면충돌,불법유턴,건조,맑음,교차로 - 교차로안,이륜,남,36세,경상,승용,남,72세,상해없음
2017072600100103,2017년 7월 26일 07시,수요일,부산광역시 남구 용호동,경상사고,0,0,2,0,차대차 - 기타,안전운전불이행,건조,맑음,교차로 - 교차로부근,승용,남,67세,경상,승용,남,33세,경상
2017072600100104,2017년 7월 26일 07시,수요일,부산광역시 부산진구 양정동,중상사고,0,1,1,0,차대차 - 측면충돌,교차로운행방법위반,건조,맑음,교차로 - 교차로안,승용,남,63세,상해없음,이륜,남,25세,중상
2017072600100105,2017년 7월 26일 07시,수요일,부산광역시 금정구 금사동,경상사고,0,0,1,0,차대차 - 측면충돌,신호위반,건조,맑음,교차로 - 교차로안,화물,남,25세,상해없음,승용,남,39세,경상
2017072600100122,2017년 7월 26일 08시,수요일,부산광역시 해운대구 재송동,경상사고,0,0,2,0,차대차 - 측면충돌,안전운전불이행,건조,맑음,단일로 - 기타,승용,여,46세,경상,승용,남,33세,경상
2017072600100123,2017년 7월 26일 08시,수요일,부산광역시 금정구 부곡동,부상신고사고,0,0,0,1,차대사람 - 길가장자리구역통행중,안전운전불이행,건조,맑음,단일로 - 기타,기타불명,기타불명,미분류,기타불명,보행자,남,28세,부상신고
2017072600100124,2017년 7월 26일 08시,수요일,부산광역시 사하구 하단동,중상사고,0,1,0,0,차대차 - 추돌,안전거리미확보,건조,맑음,단일로 - 기타,이륜,남,33세,중상,승용,남,57세,상해없음
2017072600100164,2017년 7월 26일 09시,수요일,부산광역시 부산진구 전포동,경상사고,0,0,1,0,차대사람 - 횡단중,보행자보호의무위반,건조,맑음,단일로 - 기타,화물,남,56세,상해없음,보행자,여,26세,경상
2017072600100198,2017년 7월 26일 10시,수요일,부산광역시 북구 화명동,경상사고,0,0,1,0,차대차 - 기타,신호위반,건조,맑음,교차로 - 교차로부근,승합,남,66세,상해없음,승용,여,63세,상해없음
2017072600100199,2017년 7월 26일 10시,수요일,부산광역시 연제구 거제동,경상사고,0,0,1,0,차대사람 - 기타,안전운전불이행,기타,기타,기타 - 기타,승용,여,39세,상해없음,보행자,남,31세,경상
2017072600100229,2017년 7월 26일 11시,수요일,부산광역시 부산진구 가야동,중상사고,0,1,1,0,차대차 - 정면충돌,안전거리미확보,건조,맑음,단일로 - 기타,화물,남,49세,상해없음,승용,남,27세,중상
2017072600100230,2017년 7월 26일 11시,수요일,부산광역시 부산진구 범천동,경상사고,0,0,1,0,차대차 - 측면충돌,신호위반,건조,맑음,교차로 - 교차로안,승용,남,64세,상해없음,승용,남,45세,경상
2017072600100266,2017년 7월 26일 12시,수요일,부산광역시 수영구 민락동,중상사고,0,1,0,0,차대차 - 기타,안전운전불이행,건조,맑음,교차로 - 교차로부근,승합,남,42세,상해없음,승용,남,69세,중상
2017072600100267,2017년 7월 26일 12시,수요일,부산광역시 사하구 감천동,중상사고,0,1,6,0,차대차 - 기타,안전거리미확보,건조,맑음,교차로 - 교차로부근,승용,남,77세,상해없음,승합,남,44세,상해없음
2017072600100403,2017년 7월 26일 16시,수요일,부산광역시 동래구 낙민동,중상사고,0,1,0,0,차대차 - 추돌,안전거리미확보,건조,맑음,단일로 - 지하차도(도로)내,이륜,남,58세,중상,승용,남,57세,상해없음
2017072600100442,2017년 7월 26일 17시,수요일,부산광역시 동구 수정동,경상사고,0,0,1,0,차대차 - 기타,안전운전불이행,건조,맑음,단일로 - 기타,승용,남,58세,상해없음,이륜,남,54세,경상
2017072600100443,2017년 7월 26일 17시,수요일,부산광역시 남구 용호동,경상사고,0,0,2,0,차대차 - 기타,신호위반,건조,맑음,단일로 - 기타,승용,남,51세,경상,화물,남,55세,경상
2017072600100444,2017년 7월 26일 17시,수요일,부산광역시 부산진구 초읍동,경상사고,0,0,1,0,차량단독 - 기타,안전운전불이행,건조,맑음,단일로 - 기타,승합,남,44세,상해없음,,,,
2017072600100489,2017년 7월 26일 18시,수요일,부산광역시 남구 문현동,중상사고,0,1,0,0,차대사람 - 횡단중,보행자보호의무위반,건조,맑음,교차로 - 교차로횡단보도내,승용,남,67세,상해없음,보행자,여,75세,중상
2017072600100490,2017년 7월 26일 18시,수요일,부산광역시 금정구 부곡동,경상사고,0,0,1,0,차대차 - 측면충돌,신호위반,건조,맑음,교차로 - 교차로안,승용,여,55세,상해없음,승용,남,67세,경상
2017072600100561,2017년 7월 26일 20시,수요일,부산광역시 수영구 남천동,경상사고,0,0,3,0,차대차 - 기타,안전거리미확보,건조,맑음,단일로 - 기타,승용,남,63세,상해없음,승용,남,38세,경상
2017072600100562,2017년 7월 26일 20시,수요일,부산광역시 북구 화명동,중상사고,0,1,1,0,차대차 - 기타,안전운전불이행,건조,맑음,단일로 - 기타,이륜,남,17세,경상,승용,남,25세,상해없음
2017072600100563,2017년 7월 26일 20시,수요일,부산광역시 해운대구 중동,중상사고,0,1,0,0,차대차 - 정면충돌,안전거리미확보,기타,맑음,단일로 - 기타,이륜,남,74세,중상,승용,남,29세,상해없음
2017072600100564,2017년 7월 26일 20시,수요일,부산광역시 부산진구 가야동,경상사고,0,0,1,0,차대사람 - 횡단중,안전운전불이행,건조,맑음,단일로 - 기타,승용,남,62세,상해없음,보행자,여,27세,경상
2017072600100565,2017년 7월 26일 20시,수요일,부산광역시 금정구 남산동,중상사고,0,1,0,0,차대차 - 측면충돌,안전운전불이행,건조,맑음,교차로 - 교차로부근,승용,남,63세,상해없음,원동기,남,56세,중상
2017072600100595,2017년 7월 26일 21시,수요일,부산광역시 부산진구 개금동,경상사고,0,0,1,0,차대차 - 측면충돌,신호위반,건조,맑음,단일로 - 기타,승용,남,62세,기타불명,이륜,남,26세,경상
2017072600100596,2017년 7월 26일 21시,수요일,부산광역시 연제구 거제동,중상사고,0,1,0,0,차대차 - 측면충돌,안전거리미확보,건조,맑음,단일로 - 기타,승용,남,59세,상해없음,승용,남,19세,중상
2017072600100628,2017년 7월 26일 22시,수요일,부산광역시 중구 보수동3가,중상사고,0,1,0,0,차대사람 - 횡단중,안전운전불이행,건조,맑음,단일로 - 기타,승용,남,73세,상해없음,보행자,남,50세,중상
2017072600100629,2017년 7월 26일 22시,수요일,부산광역시 부산진구 개금동,부상신고사고,0,0,0,1,차대차 - 측면충돌,신호위반,건조,맑음,단일로 - 기타,이륜,남,64세,부상신고,승용,여,29세,상해없음
2017072600100630,2017년 7월 26일 22시,수요일,부산광역시 사하구 장림동,경상사고,0,0,1,0,차대사람 - 횡단중,안전운전불이행,건조,맑음,단일로 - 기타,승용,남,50세,상해없음,보행자,남,59세,경상
2017072600100631,2017년 7월 26일 22시,수요일,부산광역시 강서구 대저2동,경상사고,0,0,1,0,차대차 - 기타,안전운전불이행,건조,맑음,단일로 - 기타,승용,여,59세,경상,승용,남,55세,상해없음
2017072600100632,2017년 7월 26일 22시,수요일,부산광역시 기장군 정관읍,경상사고,0,0,1,0,차대차 - 측면충돌,신호위반,건조,맑음,교차로 - 교차로안,승용,여,46세,상해없음,승용,여,46세,경상
2017072600100658,2017년 7월 26일 23시,수요일,부산광역시 해운대구 반여동,중상사고,0,2,0,0,차대차 - 측면충돌,교차로운행방법위반,건조,맑음,교차로 - 교차로안,승용,남,62세,상해없음,원동기,남,17세,중상
2017072600100659,2017년 7월 26일 23시,수요일,부산광역시 연제구 거제동,경상사고,0,0,2,0,차대차 - 측면충돌,교차로운행방법위반,건조,맑음,교차로 - 교차로안,승용,남,58세,상해없음,승용,남,56세,경상
2017072700100073,2017년 7월 27일 03시,목요일,부산광역시 해운대구 중동,중상사고,0,1,0,0,차대차 - 기타,안전운전불이행,건조,맑음,단일로 - 기타,승용,남,43세,상해없음,승용,남,65세,중상
2017072700100077,2017년 7월 27일 04시,목요일,부산광역시 사상구 학장동,사망사고,1,0,0,0,차량단독 - 주/정차차량 충돌,안전운전불이행,건조,맑음,단일로 - 기타,승용,남,65세,사망,,,,
2017072700100134,2017년 7월 27일 08시,목요일,부산광역시 연제구 연산동,경상사고,0,0,1,0,차대차 - 측면충돌,안전거리미확보,건조,맑음,단일로 - 기타,승용,여,25세,상해없음,승용,여,49세,경상
2017072700100171,2017년 7월 27일 09시,목요일,부산광역시 동래구 명장동,경상사고,0,0,1,0,차대사람 - 횡단중,안전운전불이행,건조,맑음,단일로 - 기타,승용,여,44세,기타불명,보행자,여,7세,경상
2017072700100172,2017년 7월 27일 09시,목요일,부산광역시 해운대구 반송동,중상사고,0,1,0,0,차대차 - 기타,기타,건조,맑음,단일로 - 기타,화물,남,49세,상해없음,승용,남,70세,중상
2017072700100173,2017년 7월 27일 09시,목요일,부산광역시 부산진구 범천동,경상사고,0,0,2,0,차대차 - 기타,안전거리미확보,건조,맑음,단일로 - 기타,승용,여,38세,상해없음,특수,남,33세,경상
2017072700100174,2017년 7월 27일 09시,목요일,부산광역시 금정구 부곡동,부상신고사고,0,0,0,1,차대사람 - 횡단중,안전운전불이행,건조,맑음,단일로 - 기타,승용,기타불명,미분류,기타불명,보행자,여,66세,부상신고
2017072700100175,2017년 7월 27일 09시,목요일,부산광역시 금정구 청룡동,경상사고,0,0,2,0,차대차 - 측면충돌,기타,건조,맑음,단일로 - 기타,승용,남,38세,상해없음,승용,여,46세,경상
2017072700100176,2017년 7월 27일 09시,목요일,부산광역시 연제구 연산동,경상사고,0,0,1,0,차대사람 - 기타,안전운전불이행,건조,맑음,단일로 - 기타,화물,남,31세,상해없음,보행자,남,62세,경상
2017072700100204,2017년 7월 27일 10시,목요일,부산광역시 중구 부평동4가,경상사고,0,0,1,0,차대차 - 기타,교차로운행방법위반,건조,맑음,교차로 - 교차로안,승용,남,30세,상해없음,승합,남,48세,상해없음
2017072700100205,2017년 7월 27일 10시,목요일,부산광역시 수영구 남천동,경상사고,0,0,1,0,차대차 - 기타,안전운전불이행,건조,맑음,단일로 - 기타,승합,남,57세,상해없음,승용,남,45세,경상
2017072700100287,2017년 7월 27일 13시,목요일,부산광역시 해운대구 석대동,경상사고,0,0,1,0,차대차 - 기타,안전거리미확보,건조,맑음,단일로 - 기타,승용,남,57세,상해없음,이륜,남,21세,경상
2017072700100288,2017년 7월 27일 13시,목요일,부산광역시 부산진구 연지동,부상신고사고,0,0,0,1,차대차 - 추돌,안전운전불이행,건조,맑음,단일로 - 기타,이륜,남,37세,부상신고,승용,남,48세,상해없음
2017072700100356,2017년 7월 27일 15시,목요일,부산광역시 부산진구 개금동,경상사고,0,0,1,0,차대차 - 측면충돌,안전거리미확보,건조,맑음,단일로 - 기타,승용,남,60세,상해없음,승용,남,54세,경상
2017072700100357,2017년 7월 27일 15시,목요일,부산광역시 부산진구 연지동,중상사고,0,1,0,0,차대사람 - 길가장자리구역통행중,안전운전불이행,건조,맑음,교차로 - 교차로부근,자전거,여,6세,상해없음,보행자,여,49세,중상
2017072700100398,2017년 7월 27일 16시,목요일,부산광역시 수영구 광안동,경상사고,0,0,1,0,차대사람 - 횡단중,보행자보호의무위반,건조,맑음,단일로 - 기타,승용,남,56세,상해없음,보행자,남,8세,경상
2017072700100399,2017년 7월 27일 16시,목요일,부산광역시 북구 만덕동,중상사고,0,1,0,0,차대사람 - 횡단중,안전운전불이행,건조,맑음,교차로 - 교차로안,승용,남,65세,상해없음,보행자,남,80세,중상
2017072700100400,2017년 7월 27일 16시,목요일,부산광역시 부산진구 범천동,중상사고,0,1,0,0,차량단독 - 기타,기타,건조,맑음,단일로 - 기타,승합,남,48세,상해없음,,,,
2017072700100401,2017년 7월 27일 16시,목요일,부산광역시 사상구 모라동,중상사고,0,1,0,0,차량단독 - 전도전복 - 전도,안전운전불이행,건조,맑음,단일로 - 기타,승용,남,64세,상해없음,,,,
2017072700100402,2017년 7월 27일 16시,목요일,부산광역시 사상구 학장동,경상사고,0,0,1,0,차대차 - 측면충돌,직진우회전진행방해,건조,맑음,교차로 - 교차로안,승합,남,29세,상해없음,이륜,남,61세,경상
2017072700100438,2017년 7월 27일 17시,목요일,부산광역시 남구 문현동,경상사고,0,0,1,0,차대사람 - 횡단중,안전운전불이행,건조,맑음,단일로 - 기타,승용,남,54세,상해없음,보행자,여,59세,경상
2017072700100439,2017년 7월 27일 17시,목요일,부산광역시 수영구 민락동,중상사고,0,1,0,0,차대차 - 측면충돌,안전운전불이행,건조,맑음,단일로 - 기타,승용,여,46세,상해없음,승용,여,49세,중상
2017072700100486,2017년 7월 27일 18시,목요일,부산광역시 수영구 광안동,중상사고,0,1,0,0,차대사람 - 횡단중,안전운전불이행,건조,맑음,단일로 - 기타,승용,남,60세,상해없음,보행자,남,62세,중상
2017072700100487,2017년 7월 27일 18시,목요일,부산광역시 강서구 녹산동,경상사고,0,0,1,0,차대차 - 측면충돌,안전운전불이행,건조,맑음,단일로 - 기타,승용,남,22세,상해없음,승용,남,32세,경상
2017072700100530,2017년 7월 27일 19시,목요일,부산광역시 사상구 엄궁동,경상사고,0,0,1,0,차대사람 - 횡단중,신호위반,건조,맑음,단일로 - 기타,승용,여,46세,상해없음,보행자,남,12세,경상
2017072700100549,2017년 7월 27일 20시,목요일,부산광역시 동구 초량동,중상사고,0,1,0,0,차대차 - 추돌,차로위반,건조,맑음,단일로 - 기타,승용,남,62세,상해없음,이륜,남,35세,중상
2017072700100550,2017년 7월 27일 20시,목요일,부산광역시 동래구 낙민동,중상사고,0,1,0,0,차대차 - 측면충돌,안전거리미확보,건조,맑음,단일로 - 기타,승용,여,54세,상해없음,승용,남,28세,중상
2017072700100574,2017년 7월 27일 21시,목요일,부산광역시 사상구 학장동,경상사고,0,0,1,0,차대사람 - 횡단중,신호위반,건조,맑음,단일로 - 기타,승용,남,58세,상해없음,보행자,남,20세,경상
2017072700100611,2017년 7월 27일 22시,목요일,부산광역시 서구 서대신동3가,경상사고,0,0,1,0,차대차 - 후진중충돌,안전운전불이행,건조,맑음,단일로 - 기타,승용,남,56세,상해없음,승용,남,51세,상해없음
2017072700100612,2017년 7월 27일 22시,목요일,부산광역시 해운대구 좌동,경상사고,0,0,1,0,차대차 - 기타,안전거리미확보,기타,맑음,단일로 - 기타,승용,남,68세,상해없음,이륜,남,17세,경상
2017072700100637,2017년 7월 27일 23시,목요일,부산광역시 부산진구 개금동,부상신고사고,0,0,0,1,차대차 - 측면충돌,교차로운행방법위반,건조,맑음,교차로 - 교차로부근,원동기,여,32세,부상신고,승용,남,24세,상해없음
2017072700100638,2017년 7월 27일 23시,목요일,부산광역시 연제구 연산동,경상사고,0,0,1,0,차대사람 - 기타,안전운전불이행,건조,맑음,단일로 - 기타,승용,남,63세,상해없음,보행자,남,21세,경상
2017072800100066,2017년 7월 28일 02시,금요일,부산광역시 수영구 망미동,경상사고,0,0,1,0,차대차 - 측면충돌,중앙선침범,건조,맑음,교차로 - 교차로부근,화물,남,62세,상해없음,승합,남,42세,경상
2017072800100074,2017년 7월 28일 03시,금요일,부산광역시 중구 중앙동6가,경상사고,0,0,2,0,차대차 - 측면충돌,차로위반,건조,맑음,단일로 - 기타,승용,남,73세,상해없음,화물,남,37세,경상
2017072800100093,2017년 7월 28일 05시,금요일,부산광역시 북구 구포동,경상사고,0,0,2,1,차대차 - 측면충돌,신호위반,건조,맑음,교차로 - 교차로안,이륜,남,24세,부상신고,승용,남,56세,경상
2017072800100108,2017년 7월 28일 06시,금요일,부산광역시 강서구 생곡동,경상사고,0,0,1,0,차대차 - 기타,안전운전불이행,건조,맑음,단일로 - 기타,승용,남,37세,상해없음,승용,남,23세,경상
2017072800100119,2017년 7월 28일 07시,금요일,부산광역시 동구 좌천동,경상사고,0,0,1,0,차대차 - 기타,안전운전불이행,건조,맑음,기타 - 기타,이륜,남,44세,상해없음,승용,남,65세,경상
2017072800100120,2017년 7월 28일 07시,금요일,부산광역시 연제구 연산동,경상사고,0,0,3,0,차대차 - 추돌,안전거리미확보,기타,기타,기타 - 기타,승용,남,23세,상해없음,승용,남,60세,경상
2017072800100149,2017년 7월 28일 08시,금요일,부산광역시 동구 범일동,부상신고사고,0,0,0,1,차대사람 - 기타,안전운전불이행,건조,맑음,교차로 - 교차로안,승용,남,70세,상해없음,보행자,여,14세,부상신고
2017072800100150,2017년 7월 28일 08시,금요일,부산광역시 서구 동대신동3가,중상사고,0,1,0,0,차대차 - 추돌,안전운전불이행,건조,맑음,단일로 - 기타,원동기,남,37세,중상,화물,남,47세,상해없음
2017072800100151,2017년 7월 28일 08시,금요일,부산광역시 강서구 녹산동,중상사고,0,1,0,0,차대차 - 측면충돌,차로위반,건조,맑음,단일로 - 기타,건설기계,남,59세,상해없음,승용,여,40세,중상
2017072800100206,2017년 7월 28일 10시,금요일,부산광역시 사하구 하단동,경상사고,0,0,1,0,차대차 - 측면충돌,중앙선침범,건조,맑음,단일로 - 기타,승용,남,75세,상해없음,승용,여,32세,경상
2017072800100207,2017년 7월 28일 10시,금요일,부산광역시 사상구 감전동,중상사고,0,1,4,2,차대차 - 추돌,안전운전불이행,건조,맑음,교차로 - 교차로부근,승용,남,56세,중상,승합,남,49세,상해없음
2017072800100236,2017년 7월 28일 11시,금요일,부산광역시 부산진구 가야동,경상사고,0,0,1,0,차대차 - 추돌,신호위반,건조,맑음,단일로 - 기타,화물,남,48세,상해없음,자전거,남,72세,경상
2017072800100237,2017년 7월 28일 11시,금요일,부산광역시 금정구 금사동,경상사고,0,0,2,0,차대차 - 측면충돌,교차로운행방법위반,건조,맑음,교차로 - 교차로안,승용,남,30세,상해없음,승용,여,61세,경상
2017072800100261,2017년 7월 28일 12시,금요일,부산광역시 동구 수정동,경상사고,0,0,1,0,차대차 - 기타,안전거리미확보,건조,맑음,단일로 - 기타,승용,여,59세,상해없음,승합,남,47세,상해없음
2017072800100262,2017년 7월 28일 12시,금요일,부산광역시 해운대구 우동,경상사고,0,0,1,0,차대차 - 측면충돌,안전거리미확보,건조,맑음,단일로 - 기타,승용,여,42세,상해없음,승용,남,30세,상해없음