사고번호,사고일시,요일,시군구,사고내용,사망자수,중상자수,경상자수,부상신고자수,사고유형,법규위반,노면상태,기상상태,도로형태,가해운전자 차종,가해운전자 성별,가해운전자 연령,가해운전자 상해정도,피해운전자 차종,피해운전자 성별,피해운전자 연령,피해운전자 상해정도
2017072800100297,2017년 7월 28일 13시,금요일,부산광역시 동구 초량동,경상사고,0,0,1,0,차대사람 - 기타,안전운전불이행,건조,맑음,단일로 - 기타,이륜,남,43세,상해없음,보행자,여,48세,경상
2017072800100298,2017년 7월 28일 13시,금요일,부산광역시 남구 문현동,중상사고,0,1,0,0,차대사람 - 횡단중,중앙선침범,건조,맑음,단일로 - 기타,승용,여,40세,상해없음,보행자,여,83세,중상
2017072800100359,2017년 7월 28일 15시,금요일,부산광역시 중구 남포동6가,경상사고,0,0,2,0,차대차 - 기타,교차로운행방법위반,건조,맑음,교차로 - 교차로안,화물,남,28세,상해없음,승용,남,81세,경상
2017072800100360,2017년 7월 28일 15시,금요일,부산광역시 동래구 온천동,부상신고사고,0,0,0,1,차대차 - 기타,안전운전불이행,건조,맑음,기타 - 기타,승용,남,69세,상해없음,자전거,여,12세,부상신고
2017072800100361,2017년 7월 28일 15시,금요일,부산광역시 강서구 강동동,중상사고,0,1,0,0,차대차 - 측면충돌,중앙선침범,건조,맑음,단일로 - 기타,승용,남,74세,상해없음,건설기계,남,56세,중상
2017072800100398,2017년 7월 28일 16시,금요일,부산광역시 부산진구 전포동,경상사고,0,0,1,0,차대차 - 추돌,안전거리미확보,건조,맑음,단일로 - 기타,화물,남,69세,상해없음,승용,남,33세,경상
2017072800100399,2017년 7월 28일 16시,금요일,부산광역시 연제구 연산동,중상사고,0,1,0,0,차대사람 - 횡단중,안전운전불이행,건조,맑음,단일로 - 기타,승용,여,40세,상해없음,보행자,여,75세,중상
2017072800100430,2017년 7월 28일 17시,금요일,부산광역시 영도구 봉래동1가,경상사고,0,0,1,0,차량단독 - 기타,기타,건조,맑음,단일로 - 기타,승합,남,51세,기타불명,,,,
2017072800100431,2017년 7월 28일 17시,금요일,부산광역시 부산진구 범천동,중상사고,0,1,0,0,차대차 - 측면충돌,신호위반,건조,맑음,교차로 - 교차로안,화물,남,63세,상해없음,자전거,남,75세,중상
2017072800100432,2017년 7월 28일 17시,금요일,부산광역시 부산진구 개금동,중상사고,0,1,0,0,차대사람 - 횡단중,보행자보호의무위반,건조,맑음,단일로 - 기타,기타불명,기타불명,미분류,기타불명,보행자,남,29세,중상
2017072800100433,2017년 7월 28일 17시,금요일,부산광역시 강서구 명지동,부상신고사고,0,0,0,1,차대사람 - 길가장자리구역통행중,안전운전불이행,건조,맑음,단일로 - 기타,화물,남,65세,상해없음,보행자,남,57세,부상신고
2017072800100471,2017년 7월 28일 18시,금요일,부산광역시 중구 영주동,부상신고사고,0,0,0,1,차대차 - 측면충돌,안전운전불이행,건조,맑음,단일로 - 기타,승용,남,50세,상해없음,이륜,남,17세,부상신고
2017072800100472,2017년 7월 28일 18시,금요일,부산광역시 서구 동대신동1가,중상사고,0,1,0,0,차대차 - 추돌,안전운전불이행,건조,맑음,단일로 - 기타,승용,남,59세,상해없음,화물,남,64세,중상
2017072800100473,2017년 7월 28일 18시,금요일,부산광역시 사상구 학장동,경상사고,0,0,1,0,차대차 - 측면충돌,안전운전불이행,건조,맑음,단일로 - 기타,특수,남,58세,상해없음,승용,여,45세,경상
2017072800100539,2017년 7월 28일 20시,금요일,부산광역시 동구 범일동,중상사고,0,1,0,0,차대차 - 기타,안전운전불이행,건조,맑음,교차로 - 교차로부근,승용,여,56세,상해없음,승용,여,28세,중상
2017072800100593,2017년 7월 28일 21시,금요일,부산광역시 남구 우암동,중상사고,0,1,0,0,차대사람 - 횡단중,안전운전불이행,건조,맑음,단일로 - 기타,승용,남,29세,상해없음,보행자,남,66세,중상
2017072800100594,2017년 7월 28일 21시,금요일,부산광역시 사하구 신평동,중상사고,0,1,0,0,차대차 - 기타,기타,건조,맑음,단일로 - 기타,승용,남,58세,상해없음,승합,남,61세,상해없음
2017072800100595,2017년 7월 28일 21시,금요일,부산광역시 연제구 거제동,중상사고,0,1,0,0,차대사람 - 횡단중,중앙선침범,건조,맑음,단일로 - 기타,승용,여,32세,상해없음,보행자,여,49세,중상
2017072800100596,2017년 7월 28일 21시,금요일,부산광역시 사상구 덕포동,부상신고사고,0,0,0,1,차량단독 - 전도전복 - 전도,안전운전불이행,건조,맑음,단일로 - 기타,이륜,남,18세,부상신고,,,,
2017072800100628,2017년 7월 28일 22시,금요일,부산광역시 사하구 다대동,경상사고,0,0,3,0,차대차 - 추돌,안전운전불이행,건조,맑음,단일로 - 기타,승용,남,40세,상해없음,승용,여,42세,경상
2017072800100662,2017년 7월 28일 23시,금요일,부산광역시 동래구 온천동,중상사고,0,1,0,0,차대사람 - 횡단중,안전운전불이행,건조,맑음,단일로 - 기타,승용,남,48세,상해없음,보행자,남,49세,중상
2017072900100044,2017년 7월 29일 01시,토요일,부산광역시 중구 부평동3가,경상사고,0,0,1,0,차대차 - 기타,신호위반,건조,맑음,교차로 - 교차로안,승용,남,36세,상해없음,승용,남,60세,경상
2017072900100063,2017년 7월 29일 02시,토요일,부산광역시 영도구 영선동2가,중상사고,0,1,0,0,차대사람 - 길가장자리구역통행중,안전운전불이행,건조,맑음,단일로 - 기타,승용,남,35세,상해없음,보행자,남,59세,중상
2017072900100064,2017년 7월 29일 02시,토요일,부산광역시 강서구 구랑동,중상사고,0,1,1,0,차대차 - 추돌,안전운전불이행,건조,맑음,단일로 - 기타,특수,남,57세,상해없음,승용,여,51세,경상
2017072900100082,2017년 7월 29일 03시,토요일,부산광역시 부산진구 부전동,중상사고,0,1,0,0,차대사람 - 횡단중,안전운전불이행,건조,맑음,단일로 - 기타,원동기,남,30세,상해없음,보행자,여,72세,중상
2017072900100083,2017년 7월 29일 03시,토요일,부산광역시 금정구 구서동,경상사고,0,0,1,0,차대차 - 측면충돌,신호위반,건조,맑음,교차로 - 교차로안,승용,남,48세,상해없음,승용,남,57세,경상
2017072900100099,2017년 7월 29일 04시,토요일,부산광역시 남구 용호동,중상사고,0,1,0,0,차대사람 - 기타,안전운전불이행,건조,맑음,단일로 - 기타,승용,여,48세,상해없음,보행자,남,29세,중상
2017072900100115,2017년 7월 29일 05시,토요일,부산광역시 금정구 금사동,경상사고,0,0,1,0,차대차 - 측면충돌,차로위반,건조,맑음,단일로 - 기타,승용,남,60세,상해없음,이륜,남,69세,경상
2017072900100116,2017년 7월 29일 05시,토요일,부산광역시 연제구 연산동,중상사고,0,1,0,0,차대사람 - 차도통행중,안전운전불이행,건조,맑음,단일로 - 기타,이륜,남,64세,상해없음,보행자,여,72세,중상
2017072900100128,2017년 7월 29일 06시,토요일,부산광역시 해운대구 반송동,부상신고사고,0,0,0,1,차량단독 - 전도전복 - 전도,안전운전불이행,건조,맑음,단일로 - 기타,승용,남,64세,부상신고,,,,
2017072900100161,2017년 7월 29일 08시,토요일,부산광역시 해운대구 반여동,경상사고,0,0,1,0,차대사람 - 기타,안전운전불이행,건조,맑음,단일로 - 기타,이륜,남,34세,상해없음,보행자,남,61세,경상
2017072900100183,2017년 7월 29일 09시,토요일,부산광역시 남구 대연동,경상사고,0,0,2,0,차대차 - 측면충돌,안전운전불이행,건조,맑음,교차로 - 교차로안,승용,여,59세,경상,승용,여,37세,경상
2017072900100184,2017년 7월 29일 09시,토요일,부산광역시 금정구 노포동,중상사고,0,2,0,0,차대차 - 기타,안전운전불이행,건조,맑음,단일로 - 기타,건설기계,남,52세,상해없음,승용,여,44세,중상
2017072900100204,2017년 7월 29일 10시,토요일,부산광역시 사상구 주례동,경상사고,0,0,1,0,차대차 - 측면충돌,안전거리미확보,건조,맑음,단일로 - 기타,승용,남,19세,상해없음,승용,남,23세,경상
2017072900100264,2017년 7월 29일 12시,토요일,부산광역시 서구 서대신동1가,중상사고,0,1,0,0,차대차 - 추돌,안전운전불이행,건조,맑음,교차로 - 교차로부근,승용,여,53세,상해없음,화물,여,56세,중상
2017072900100265,2017년 7월 29일 12시,토요일,부산광역시 사상구 괘법동,부상신고사고,0,0,0,1,차대차 - 측면충돌,안전운전불이행,건조,흐림,교차로 - 교차로안,이륜,남,64세,부상신고,승용,남,50세,상해없음
2017072900100266,2017년 7월 29일 12시,토요일,부산광역시 사상구 삼락동,부상신고사고,0,0,0,1,차량단독 - 공작물충돌,안전운전불이행,건조,흐림,단일로 - 기타,승용,남,55세,부상신고,,,,
2017072900100306,2017년 7월 29일 13시,토요일,부산광역시 북구 금곡동,경상사고,0,0,3,0,차대차 - 기타,안전운전불이행,건조,맑음,단일로 - 기타,이륜,남,40세,상해없음,승용,여,32세,경상
2017072900100307,2017년 7월 29일 13시,토요일,부산광역시 북구 구포동,중상사고,0,1,0,0,차대차 - 기타,안전거리미확보,건조,맑음,단일로 - 기타,승용,남,21세,상해없음,승용,남,46세,상해없음
2017072900100370,2017년 7월 29일 15시,토요일,부산광역시 동구 초량동,경상사고,0,0,1,0,차대차 - 기타,안전거리미확보,건조,맑음,단일로 - 기타,승용,남,33세,상해없음,승합,남,60세,상해없음
2017072900100403,2017년 7월 29일 16시,토요일,부산광역시 수영구 수영동,중상사고,0,1,0,0,차대차 - 측면충돌,안전운전불이행,건조,맑음,교차로 - 교차로안,승용,남,55세,상해없음,자전거,남,76세,중상
2017072900100476,2017년 7월 29일 18시,토요일,부산광역시 남구 대연동,경상사고,0,0,1,0,차대차 - 기타,안전운전불이행,건조,맑음,단일로 - 기타,개인형이동수단(PM),여,38세,상해없음,자전거,남,35세,상해없음
2017072900100477,2017년 7월 29일 18시,토요일,부산광역시 연제구 연산동,부상신고사고,0,0,0,1,차대차 - 측면충돌,신호위반,건조,맑음,교차로 - 교차로안,승용,여,28세,상해없음,이륜,남,33세,부상신고
2017072900100521,2017년 7월 29일 19시,토요일,부산광역시 연제구 거제동,경상사고,0,0,1,0,차대차 - 측면충돌,안전거리미확보,건조,맑음,단일로 - 기타,승용,남,21세,기타불명,원동기,남,32세,경상
2017072900100547,2017년 7월 29일 20시,토요일,부산광역시 사하구 하단동,중상사고,0,1,0,0,차대사람 - 횡단중,보행자보호의무위반,건조,맑음,단일로 - 기타,승용,남,51세,상해없음,보행자,여,13세,중상
2017072900100548,2017년 7월 29일 20시,토요일,부산광역시 연제구 연산동,경상사고,0,0,1,0,차대사람 - 횡단중,신호위반,건조,맑음,교차로 - 교차로횡단보도내,승용,남,74세,상해없음,보행자,남,25세,경상
2017072900100566,2017년 7월 29일 21시,토요일,부산광역시 동래구 낙민동,경상사고,0,0,1,0,차대사람 - 횡단중,보행자보호의무위반,건조,맑음,단일로 - 기타,승용,남,54세,상해없음,보행자,여,72세,경상
2017072900100590,2017년 7월 29일 22시,토요일,부산광역시 중구 남포동5가,중상사고,0,1,0,0,차대사람 - 횡단중,안전운전불이행,건조,맑음,단일로 - 기타,승용,여,51세,상해없음,보행자,여,50세,중상
2017072900100591,2017년 7월 29일 22시,토요일,부산광역시 중구 중앙동6가,중상사고,0,1,0,0,차대사람 - 횡단중,안전운전불이행,건조,맑음,단일로 - 기타,승용,남,55세,상해없음,보행자,남,54세,중상
2017072900100592,2017년 7월 29일 22시,토요일,부산광역시 부산진구 부암동,중상사고,0,1,0,0,차대사람 - 횡단중,안전운전불이행,건조,맑음,단일로 - 기타,승용,남,22세,상해없음,보행자,여,54세,중상
2017073000100040,2017년 7월 30일 01시,일요일,부산광역시 해운대구 우동,중상사고,0,2,1,0,차대차 - 측면충돌,신호위반,건조,맑음,교차로 - 교차로안,승용,남,24세,상해없음,승용,남,58세,경상
2017073000100055,2017년 7월 30일 02시,일요일,부산광역시 부산진구 부전동,경상사고,0,0,1,0,차대사람 - 기타,안전운전불이행,건조,맑음,교차로 - 교차로안,승용,남,60세,상해없음,보행자,남,26세,경상
2017073000100130,2017년 7월 30일 09시,일요일,부산광역시 북구 만덕동,경상사고,0,0,1,0,차대차 - 기타,안전운전불이행,건조,맑음,교차로 - 교차로안,승용,여,40세,상해없음,승용,남,54세,상해없음
2017073000100147,2017년 7월 30일 10시,일요일,부산광역시 부산진구 양정동,부상신고사고,0,0,0,1,차대차 - 추돌,안전거리미확보,건조,맑음,교차로 - 교차로부근,이륜,남,30세,부상신고,화물,남,53세,상해없음
2017073000100169,2017년 7월 30일 11시,일요일,부산광역시 동구 초량동,경상사고,0,0,1,0,차대차 - 기타,안전거리미확보,젖음/습기,맑음,단일로 - 기타,승용,남,69세,상해없음,승합,남,44세,상해없음
2017073000100170,2017년 7월 30일 11시,일요일,부산광역시 서구 충무동1가,경상사고,0,0,1,0,차대차 - 추돌,안전운전불이행,건조,맑음,교차로 - 교차로부근,승용,남,70세,상해없음,승용,남,32세,경상
2017073000100171,2017년 7월 30일 11시,일요일,부산광역시 영도구 청학동,중상사고,0,1,1,0,차대차 - 측면충돌,신호위반,건조,맑음,교차로 - 교차로안,승용,여,45세,상해없음,승용,남,47세,경상
2017073000100172,2017년 7월 30일 11시,일요일,부산광역시 해운대구 우동,경상사고,0,0,1,0,차대차 - 기타,차로위반,건조,맑음,교차로 - 교차로부근,승용,여,76세,상해없음,승용,남,62세,경상
2017073000100173,2017년 7월 30일 11시,일요일,부산광역시 기장군 기장읍,경상사고,0,0,1,0,차대차 - 추돌,안전운전불이행,건조,맑음,단일로 - 기타,승용,여,53세,상해없음,승용,남,33세,경상
2017073000100184,2017년 7월 30일 12시,일요일,부산광역시 수영구 광안동,중상사고,0,2,5,2,차대차 - 측면충돌,신호위반,건조,맑음,교차로 - 교차로안,자전거,남,62세,경상,승합,남,59세,상해없음
2017073000100223,2017년 7월 30일 14시,일요일,부산광역시 중구 보수동3가,경상사고,0,0,1,1,차대차 - 측면충돌,차로위반,건조,맑음,단일로 - 기타,이륜,남,28세,부상신고,승용,남,32세,상해없음
2017073000100224,2017년 7월 30일 14시,일요일,부산광역시 남구 문현동,경상사고,0,0,1,0,차대차 - 기타,차로위반,건조,맑음,단일로 - 기타,승용,남,37세,상해없음,승용,남,24세,경상
2017073000100225,2017년 7월 30일 14시,일요일,부산광역시 금정구 금사동,중상사고,0,2,0,0,차대차 - 기타,안전운전불이행,건조,맑음,교차로 - 교차로안,승용,여,57세,상해없음,승용,남,81세,중상
2017073000100252,2017년 7월 30일 15시,일요일,부산광역시 해운대구 송정동,중상사고,0,1,1,0,차대차 - 측면충돌,안전거리미확보,건조,맑음,교차로 - 교차로안,승용,남,53세,상해없음,승용,남,35세,중상
2017073000100274,2017년 7월 30일 16시,일요일,부산광역시 북구 만덕동,중상사고,0,2,0,0,차대차 - 측면충돌,신호위반,건조,맑음,교차로 - 교차로안,승용,남,57세,상해없음,이륜,남,35세,중상
2017073000100275,2017년 7월 30일 16시,일요일,부산광역시 해운대구 송정동,중상사고,0,1,1,0,차대차 - 측면충돌,안전운전불이행,건조,맑음,단일로 - 기타,승용,여,53세,상해없음,승용,남,35세,중상
2017073000100276,2017년 7월 30일 16시,일요일,부산광역시 부산진구 전포동,경상사고,0,0,2,0,차대차 - 측면충돌,안전운전불이행,건조,맑음,교차로 - 교차로안,화물,남,72세,상해없음,이륜,여,50세,경상
2017073000100277,2017년 7월 30일 16시,일요일,부산광역시 부산진구 양정동,경상사고,0,0,1,0,차대사람 - 횡단중,기타,건조,맑음,단일로 - 기타,이륜,남,26세,상해없음,보행자,여,48세,경상
2017073000100302,2017년 7월 30일 17시,일요일,부산광역시 해운대구 반여동,중상사고,0,1,1,0,차대사람 - 기타,안전운전불이행,건조,맑음,교차로 - 교차로횡단보도내,화물,남,54세,상해없음,보행자,여,26세,경상
2017073000100303,2017년 7월 30일 17시,일요일,부산광역시 기장군 기장읍,경상사고,0,0,1,0,차대차 - 기타,안전운전불이행,건조,맑음,교차로 - 교차로안,승용,남,51세,상해없음,승용,남,64세,상해없음
2017073000100327,2017년 7월 30일 18시,일요일,부산광역시 북구 덕천동,경상사고,0,0,1,0,차대차 - 추돌,안전운전불이행,건조,맑음,단일로 - 기타,이륜,남,16세,상해없음,승용,남,48세,상해없음
2017073000100328,2017년 7월 30일 18시,일요일,부산광역시 북구 만덕동,경상사고,0,0,1,0,차대차 - 기타,기타,건조,맑음,단일로 - 기타,승용,남,33세,상해없음,원동기,남,42세,경상
2017073000100359,2017년 7월 30일 19시,일요일,부산광역시 기장군 기장읍,경상사고,0,0,1,0,차대차 - 측면충돌,안전운전불이행,건조,맑음,교차로 - 교차로부근,승용,남,28세,상해없음,자전거,남,66세,경상
2017073000100388,2017년 7월 30일 20시,일요일,부산광역시 강서구 대저2동,경상사고,0,0,2,0,차량단독 - 기타,안전운전불이행,건조,맑음,교차로 - 교차로부근,승용,남,65세,상해없음,,,,
2017073000100413,2017년 7월 30일 21시,일요일,부산광역시 영도구 영선동1가,중상사고,0,1,0,0,차량단독 - 기타,안전운전불이행,건조,맑음,단일로 - 교량,승용,남,44세,상해없음,,,,
2017073000100414,2017년 7월 30일 21시,일요일,부산광역시 사하구 다대동,중상사고,0,1,1,0,차대사람 - 기타,안전운전불이행,건조,기타,기타 - 기타,승합,남,65세,상해없음,보행자,남,5세,경상
2017073000100434,2017년 7월 30일 22시,일요일,부산광역시 연제구 연산동,경상사고,0,0,1,0,차대사람 - 횡단중,안전운전불이행,건조,맑음,교차로 - 교차로부근,승용,남,63세,상해없음,보행자,여,83세,경상
2017073100100023,2017년 7월 31일 00시,월요일,부산광역시 기장군 정관읍,경상사고,0,0,1,0,차대사람 - 횡단중,보행자보호의무위반,건조,맑음,교차로 - 교차로안,승용,남,32세,상해없음,보행자,남,44세,경상
2017073100100051,2017년 7월 31일 04시,월요일,부산광역시 사하구 괴정동,경상사고,0,0,1,0,차대사람 - 기타,안전운전불이행,건조,기타,단일로 - 기타,승용,남,22세,상해없음,보행자,여,59세,경상
2017073100100076,2017년 7월 31일 07시,월요일,부산광역시 강서구 생곡동,중상사고,0,1,0,0,차대사람 - 횡단중,안전운전불이행,건조,맑음,단일로 - 기타,화물,남,26세,상해없음,보행자,남,43세,중상
2017073100100092,2017년 7월 31일 08시,월요일,부산광역시 동구 수정동,경상사고,0,0,1,0,차대사람 - 횡단중,안전운전불이행,건조,맑음,단일로 - 기타,승용,남,59세,상해없음,보행자,여,21세,경상
2017073100100093,2017년 7월 31일 08시,월요일,부산광역시 사하구 하단동,중상사고,0,1,0,0,차대사람 - 횡단중,기타,건조,맑음,단일로 - 기타,승용,남,28세,상해없음,보행자,여,76세,중상
2017073100100123,2017년 7월 31일 09시,월요일,부산광역시 해운대구 재송동,부상신고사고,0,0,0,2,차대차 - 기타,안전운전불이행,건조,맑음,단일로 - 기타,승용,여,66세,상해없음,승용,남,34세,상해없음
2017073100100124,2017년 7월 31일 09시,월요일,부산광역시 부산진구 범전동,경상사고,0,0,1,0,차대차 - 기타,안전운전불이행,젖음/습기,비,단일로 - 기타,화물,남,64세,상해없음,승용,남,27세,경상
2017073100100125,2017년 7월 31일 09시,월요일,부산광역시 사하구 괴정동,부상신고사고,0,0,0,1,차대차 - 기타,안전운전불이행,건조,맑음,단일로 - 기타,승용,남,32세,상해없음,화물,남,63세,상해없음
2017073100100126,2017년 7월 31일 09시,월요일,부산광역시 연제구 연산동,중상사고,0,1,0,0,차대차 - 측면충돌,중앙선침범,건조,맑음,교차로 - 교차로부근,승용,여,63세,상해없음,화물,남,48세,중상
2017073100100146,2017년 7월 31일 10시,월요일,부산광역시 동래구 온천동,부상신고사고,0,0,0,1,차대차 - 측면충돌,차로위반,건조,맑음,단일로 - 기타,이륜,남,29세,부상신고,화물,남,52세,상해없음
2017073100100147,2017년 7월 31일 10시,월요일,부산광역시 사하구 신평동,경상사고,0,0,1,0,차대차 - 기타,안전운전불이행,건조,맑음,교차로 - 교차로부근,자전거,남,61세,경상,승용,남,61세,상해없음
2017073100100182,2017년 7월 31일 11시,월요일,부산광역시 남구 대연동,중상사고,0,1,0,0,차량단독 - 기타,기타,건조,맑음,단일로 - 기타,승용,남,71세,중상,,,,
2017073100100183,2017년 7월 31일 11시,월요일,부산광역시 부산진구 부전동,중상사고,0,1,0,0,차대차 - 기타,신호위반,건조,맑음,교차로 - 교차로안,자전거,남,74세,중상,승용,여,57세,상해없음
2017073100100184,2017년 7월 31일 11시,월요일,부산광역시 부산진구 당감동,중상사고,0,1,0,0,차대사람 - 기타,안전운전불이행,건조,맑음,단일로 - 기타,승용,여,52세,상해없음,보행자,남,40세,중상
2017073100100185,2017년 7월 31일 11시,월요일,부산광역시 강서구 대저1동,경상사고,0,0,1,0,차대차 - 추돌,안전운전불이행,건조,맑음,교차로 - 교차로부근,승합,남,62세,상해없음,화물,남,71세,경상
2017073100100223,2017년 7월 31일 12시,월요일,부산광역시 수영구 남천동,경상사고,0,0,1,0,차대차 - 기타,안전운전불이행,건조,맑음,교차로 - 교차로안,승용,남,43세,상해없음,승용,여,36세,경상
2017073100100224,2017년 7월 31일 12시,월요일,부산광역시 남구 우암동,경상사고,0,0,2,0,차대차 - 측면충돌,안전운전불이행,건조,맑음,단일로 - 고가도로위,화물,남,64세,경상,특수,남,43세,경상
2017073100100225,2017년 7월 31일 12시,월요일,부산광역시 북구 구포동,중상사고,0,1,0,0,차대차 - 기타,안전운전불이행,건조,맑음,교차로 - 교차로안,화물,남,77세,상해없음,이륜,남,59세,중상
2017073100100226,2017년 7월 31일 12시,월요일,부산광역시 북구 만덕동,경상사고,0,0,1,0,차대차 - 추돌,안전운전불이행,건조,맑음,단일로 - 기타,승용,남,69세,상해없음,승용,남,57세,경상
2017073100100227,2017년 7월 31일 12시,월요일,부산광역시 동래구 명륜동,경상사고,0,0,1,0,차대차 - 추돌,안전거리미확보,건조,맑음,단일로 - 기타,승용,남,27세,상해없음,승용,여,60세,상해없음
2017073100100228,2017년 7월 31일 12시,월요일,부산광역시 금정구 부곡동,경상사고,0,0,1,0,차대차 - 기타,안전운전불이행,건조,맑음,교차로 - 교차로안,승용,여,62세,상해없음,승용,여,57세,경상
2017073100100229,2017년 7월 31일 12시,월요일,부산광역시 금정구 구서동,부상신고사고,0,0,0,1,차대사람 - 횡단중,안전운전불이행,건조,맑음,단일로 - 기타,승용,여,55세,상해없음,보행자,여,18세,부상신고
2017073100100258,2017년 7월 31일 13시,월요일,부산광역시 사상구 감전동,경상사고,0,0,1,0,차대차 - 기타,안전운전불이행,건조,맑음,단일로 - 교량,기타불명,기타불명,미분류,기타불명,승합,남,55세,상해없음
2017073100100283,2017년 7월 31일 14시,월요일,부산광역시 서구 암남동,경상사고,0,0,1,0,차대사람 - 횡단중,보행자보호의무위반,건조,맑음,단일로 - 기타,화물,남,43세,상해없음,보행자,남,40세,경상
2017073100100284,2017년 7월 31일 14시,월요일,부산광역시 부산진구 가야동,중상사고,0,1,0,0,차대차 - 정면충돌,안전거리미확보,건조,맑음,단일로 - 기타,이륜,남,27세,중상,승용,남,55세,상해없음
2017073100100318,2017년 7월 31일 15시,월요일,부산광역시 연제구 연산동,중상사고,0,1,0,0,차대사람 - 횡단중,안전운전불이행,건조,맑음,단일로 - 기타,승용,남,36세,상해없음,보행자,여,72세,중상
2017073100100356,2017년 7월 31일 16시,월요일,부산광역시 서구 서대신동1가,경상사고,0,0,3,0,차대차 - 측면충돌,안전운전불이행,건조,맑음,교차로 - 교차로안,특수,남,45세,상해없음,승용,남,31세,경상
2017073100100393,2017년 7월 31일 17시,월요일,부산광역시 수영구 광안동,경상사고,0,0,1,0,차대차 - 추돌,안전운전불이행,건조,맑음,단일로 - 기타,승용,남,59세,상해없음,승용,여,63세,경상
2017073100100394,2017년 7월 31일 17시,월요일,부산광역시 수영구 남천동,경상사고,0,0,1,0,차대차 - 측면충돌,안전운전불이행,건조,맑음,교차로 - 교차로안,승용,남,64세,상해없음,화물,남,35세,경상
2017073100100395,2017년 7월 31일 17시,월요일,부산광역시 영도구 영선동1가,중상사고,0,1,0,0,차대사람 - 길가장자리구역통행중,안전운전불이행,건조,맑음,단일로 - 기타,화물,남,43세,상해없음,보행자,남,79세,중상
2017073100100396,2017년 7월 31일 17시,월요일,부산광역시 사하구 신평동,경상사고,0,0,2,0,차대차 - 기타,안전운전불이행,건조,맑음,단일로 - 기타,승용,여,33세,경상,승용,여,36세,경상
2017073100100429,2017년 7월 31일 18시,월요일,부산광역시 해운대구 재송동,경상사고,0,0,1,0,차대차 - 측면충돌,안전운전불이행,건조,맑음,교차로 - 교차로안,승용,남,60세,상해없음,이륜,남,19세,경상
2017073100100460,2017년 7월 31일 19시,월요일,부산광역시 부산진구 개금동,경상사고,0,0,1,0,차대차 - 정면충돌,안전거리미확보,젖음/습기,비,단일로 - 기타,승용,남,53세,상해없음,원동기,남,60세,경상
2017073100100461,2017년 7월 31일 19시,월요일,부산광역시 금정구 장전동,중상사고,0,1,0,0,차대차 - 측면충돌,안전운전불이행,건조,맑음,교차로 - 교차로부근,화물,남,55세,상해없음,승용,여,56세,중상
2017073100100489,2017년 7월 31일 20시,월요일,부산광역시 동구 초량동,경상사고,0,0,1,0,차량단독 - 기타,기타,건조,맑음,단일로 - 기타,승합,남,64세,상해없음,,,,
2017073100100490,2017년 7월 31일 20시,월요일,부산광역시 동구 범일동,경상사고,0,0,1,0,차대차 - 추돌,안전운전불이행,젖음/습기,비,단일로 - 기타,승용,남,58세,상해없음,이륜,남,65세,경상
2017073100100491,2017년 7월 31일 20시,월요일,부산광역시 수영구 남천동,경상사고,0,0,1,0,차대차 - 측면충돌,교차로운행방법위반,젖음/습기,비,교차로 - 교차로안,승용,남,62세,상해없음,이륜,남,50세,경상
2017073100100492,2017년 7월 31일 20시,월요일,부산광역시 해운대구 좌동,경상사고,0,0,1,0,차대차 - 기타,안전운전불이행,젖음/습기,비,단일로 - 기타,승합,남,57세,상해없음,승용,남,27세,경상
2017073100100493,2017년 7월 31일 20시,월요일,부산광역시 사하구 장림동,경상사고,0,0,1,0,차대차 - 측면충돌,안전거리미확보,젖음/습기,비,단일로 - 기타,이륜,남,45세,경상,승용,남,35세,상해없음
2017073100100494,2017년 7월 31일 20시,월요일,부산광역시 연제구 연산동,경상사고,0,0,1,0,차대차 - 기타,안전거리미확보,젖음/습기,비,기타 - 기타,승용,남,52세,상해없음,이륜,남,54세,경상
2017073100100529,2017년 7월 31일 21시,월요일,부산광역시 금정구 부곡동,중상사고,0,1,0,0,차대사람 - 횡단중,보행자보호의무위반,젖음/습기,비,교차로 - 교차로부근,승용,남,24세,상해없음,보행자,남,18세,중상
2017073100100530,2017년 7월 31일 21시,월요일,부산광역시 강서구 명지동,중상사고,0,1,1,0,차대차 - 측면충돌,신호위반,젖음/습기,비,교차로 - 교차로안,건설기계,남,49세,상해없음,승합,남,45세,중상
2017073100100559,2017년 7월 31일 22시,월요일,부산광역시 남구 대연동,부상신고사고,0,0,0,1,차대차 - 기타,안전운전불이행,젖음/습기,맑음,교차로 - 교차로부근,이륜,남,32세,부상신고,화물,남,48세,상해없음
2017073100100583,2017년 7월 31일 23시,월요일,부산광역시 해운대구 중동,중상사고,0,3,1,0,차대사람 - 보도통행중,안전운전불이행,건조,맑음,단일로 - 기타,승용,남,47세,상해없음,보행자,남,31세,중상
2017073100100584,2017년 7월 31일 23시,월요일,부산광역시 해운대구 좌동,부상신고사고,0,0,0,1,차대사람 - 차도통행중,안전운전불이행,건조,맑음,교차로 - 교차로안,승용,남,55세,상해없음,보행자,남,77세,부상신고
2017080100100039,2017년 8월 1일 01시,화요일,부산광역시 사하구 당리동,중상사고,0,1,0,0,차대차 - 정면충돌,신호위반,건조,맑음,교차로 - 교차로안,이륜,남,24세,상해없음,승용,남,58세,상해없음