사고번호,사고일시,요일,시군구,사고내용,사망자수,중상자수,경상자수,부상신고자수,사고유형,법규위반,노면상태,기상상태,도로형태,가해운전자 차종,가해운전자 성별,가해운전자 연령,가해운전자 상해정도,피해운전자 차종,피해운전자 성별,피해운전자 연령,피해운전자 상해정도
2017080400100545,2017년 8월 4일 19시,금요일,부산광역시 부산진구 부전동,경상사고,0,0,1,0,차대사람 - 길가장자리구역통행중,안전운전불이행,건조,맑음,교차로 - 교차로안,승용,남,56세,상해없음,보행자,여,37세,경상
2017080400100546,2017년 8월 4일 19시,금요일,부산광역시 사상구 감전동,경상사고,0,0,2,0,차대차 - 측면충돌,안전운전불이행,건조,맑음,교차로 - 교차로안,화물,남,47세,상해없음,화물,남,27세,경상
2017080400100547,2017년 8월 4일 19시,금요일,부산광역시 강서구 대저1동,경상사고,0,0,2,0,차대차 - 추돌,안전거리미확보,건조,맑음,단일로 - 교량,승용,남,56세,상해없음,승용,남,60세,경상
2017080400100579,2017년 8월 4일 20시,금요일,부산광역시 중구 부평동4가,경상사고,0,0,1,0,차대차 - 추돌,안전운전불이행,건조,맑음,교차로 - 교차로안,화물,남,61세,상해없음,승용,남,34세,경상
2017080400100580,2017년 8월 4일 20시,금요일,부산광역시 수영구 민락동,경상사고,0,0,1,0,차대사람 - 횡단중,안전운전불이행,건조,맑음,교차로 - 교차로안,기타불명,기타불명,미분류,기타불명,보행자,여,18세,경상
2017080400100581,2017년 8월 4일 20시,금요일,부산광역시 부산진구 범전동,중상사고,0,1,0,0,차대차 - 측면충돌,신호위반,건조,맑음,단일로 - 기타,이륜,남,57세,상해없음,자전거,남,58세,중상
2017080400100582,2017년 8월 4일 20시,금요일,부산광역시 강서구 봉림동,경상사고,0,0,3,0,차대차 - 기타,안전거리미확보,건조,맑음,단일로 - 기타,승용,남,36세,상해없음,승용,여,49세,상해없음
2017080400100615,2017년 8월 4일 21시,금요일,부산광역시 북구 덕천동,중상사고,0,1,1,0,차대차 - 기타,안전거리미확보,건조,맑음,단일로 - 기타,이륜,남,21세,중상,승용,남,57세,경상
2017080400100616,2017년 8월 4일 21시,금요일,부산광역시 해운대구 반여동,중상사고,0,1,0,0,차대차 - 측면충돌,안전운전불이행,건조,맑음,교차로 - 교차로안,승용,여,44세,상해없음,자전거,남,58세,중상
2017080400100664,2017년 8월 4일 23시,금요일,부산광역시 북구 구포동,사망사고,1,0,0,0,차대차 - 측면충돌,중앙선침범,건조,맑음,단일로 - 기타,자전거,여,26세,사망,승용,남,21세,상해없음
2017080500100115,2017년 8월 5일 08시,토요일,부산광역시 수영구 수영동,경상사고,0,0,1,0,차대차 - 측면충돌,안전운전불이행,건조,맑음,단일로 - 기타,승용,여,61세,상해없음,승용,남,60세,경상
2017080500100169,2017년 8월 5일 10시,토요일,부산광역시 중구 중앙동6가,중상사고,0,1,0,0,차대차 - 기타,안전운전불이행,건조,맑음,단일로 - 기타,승용,남,28세,상해없음,승용,남,52세,중상
2017080500100170,2017년 8월 5일 10시,토요일,부산광역시 부산진구 부전동,경상사고,0,0,1,0,차대차 - 측면충돌,신호위반,건조,맑음,교차로 - 교차로안,승용,남,23세,상해없음,승용,여,32세,경상
2017080500100171,2017년 8월 5일 10시,토요일,부산광역시 금정구 부곡동,중상사고,0,1,0,0,차대차 - 측면충돌,직진우회전진행방해,건조,맑음,교차로 - 교차로안,승용,남,60세,상해없음,승용,남,64세,상해없음
2017080500100172,2017년 8월 5일 10시,토요일,부산광역시 강서구 명지동,경상사고,0,0,1,0,차대사람 - 횡단중,신호위반,건조,맑음,교차로 - 교차로횡단보도내,이륜,남,29세,상해없음,보행자,여,6세,경상
2017080500100173,2017년 8월 5일 10시,토요일,부산광역시 기장군 기장읍,경상사고,0,0,1,0,차대차 - 측면충돌,안전운전불이행,건조,맑음,교차로 - 교차로부근,승용,여,57세,상해없음,승용,남,27세,경상
2017080500100205,2017년 8월 5일 11시,토요일,부산광역시 연제구 연산동,중상사고,0,1,0,0,차대사람 - 차도통행중,안전운전불이행,건조,맑음,단일로 - 기타,승용,남,69세,상해없음,보행자,남,65세,중상
2017080500100244,2017년 8월 5일 12시,토요일,부산광역시 강서구 송정동,중상사고,0,1,0,0,차대차 - 측면충돌,직진우회전진행방해,건조,맑음,교차로 - 교차로안,승용,남,57세,상해없음,화물,남,34세,중상
2017080500100245,2017년 8월 5일 12시,토요일,부산광역시 강서구 대저1동,경상사고,0,0,1,0,차대차 - 추돌,안전운전불이행,건조,맑음,교차로 - 교차로부근,승용,남,65세,상해없음,승용,여,38세,경상
2017080500100272,2017년 8월 5일 13시,토요일,부산광역시 동래구 안락동,중상사고,0,1,0,0,차대차 - 측면충돌,기타,건조,맑음,교차로 - 교차로부근,승용,남,57세,상해없음,원동기,남,63세,중상
2017080500100273,2017년 8월 5일 13시,토요일,부산광역시 사하구 신평동,중상사고,0,1,0,0,차대사람 - 횡단중,안전운전불이행,건조,맑음,단일로 - 기타,승용,남,59세,상해없음,보행자,여,46세,중상
2017080500100317,2017년 8월 5일 14시,토요일,부산광역시 동구 초량동,경상사고,0,0,1,0,차대사람 - 기타,안전운전불이행,건조,맑음,단일로 - 기타,승용,남,63세,상해없음,보행자,남,66세,경상
2017080500100318,2017년 8월 5일 14시,토요일,부산광역시 남구 문현동,경상사고,0,0,1,0,차대차 - 추돌,안전거리미확보,건조,맑음,단일로 - 기타,승용,남,50세,상해없음,이륜,남,57세,경상
2017080500100345,2017년 8월 5일 15시,토요일,부산광역시 동구 초량동,경상사고,0,0,1,0,차대차 - 측면충돌,안전거리미확보,건조,맑음,단일로 - 기타,승용,남,35세,상해없음,승용,남,38세,경상
2017080500100346,2017년 8월 5일 15시,토요일,부산광역시 북구 화명동,경상사고,0,0,1,0,차대차 - 측면충돌,신호위반,건조,맑음,교차로 - 교차로안,승용,여,27세,상해없음,이륜,남,57세,경상
2017080500100347,2017년 8월 5일 15시,토요일,부산광역시 동래구 사직동,경상사고,0,0,2,0,차대차 - 추돌,안전운전불이행,건조,맑음,교차로 - 교차로부근,화물,남,51세,경상,승용,남,34세,경상
2017080500100381,2017년 8월 5일 16시,토요일,부산광역시 부산진구 부암동,경상사고,0,0,4,0,차대차 - 측면충돌,안전거리미확보,건조,맑음,교차로 - 교차로부근,승용,남,35세,기타불명,승용,여,35세,경상
2017080500100382,2017년 8월 5일 16시,토요일,부산광역시 연제구 연산동,경상사고,0,0,1,0,차대차 - 측면충돌,안전운전불이행,건조,맑음,단일로 - 기타,승용,남,51세,상해없음,자전거,남,61세,경상
2017080500100383,2017년 8월 5일 16시,토요일,부산광역시 사상구 엄궁동,경상사고,0,0,2,0,차대차 - 추돌,안전거리미확보,건조,맑음,단일로 - 기타,건설기계,남,62세,상해없음,승용,여,39세,경상
2017080500100384,2017년 8월 5일 16시,토요일,부산광역시 사상구 괘법동,경상사고,0,0,1,0,차대차 - 측면충돌,안전거리미확보,건조,맑음,교차로 - 교차로안,승용,남,63세,상해없음,승용,남,33세,상해없음
2017080500100419,2017년 8월 5일 17시,토요일,부산광역시 서구 충무동2가,중상사고,0,1,0,0,차대차 - 측면충돌,안전운전불이행,건조,맑음,단일로 - 기타,이륜,남,28세,중상,승용,남,30세,상해없음
2017080500100420,2017년 8월 5일 17시,토요일,부산광역시 남구 용호동,중상사고,0,1,0,0,차대사람 - 차도통행중,교차로운행방법위반,건조,맑음,교차로 - 교차로안,승용,남,43세,상해없음,보행자,여,78세,중상
2017080500100421,2017년 8월 5일 17시,토요일,부산광역시 북구 덕천동,경상사고,0,0,3,0,차대차 - 측면충돌,신호위반,건조,맑음,교차로 - 교차로안,화물,남,57세,상해없음,승용,남,49세,경상
2017080500100422,2017년 8월 5일 17시,토요일,부산광역시 동래구 온천동,경상사고,0,0,2,0,차대차 - 측면충돌,차로위반,건조,맑음,단일로 - 기타,승용,여,52세,상해없음,승용,남,33세,경상
2017080500100423,2017년 8월 5일 17시,토요일,부산광역시 해운대구 우동,경상사고,0,0,1,0,차대사람 - 기타,안전운전불이행,건조,맑음,단일로 - 기타,승용,남,19세,상해없음,보행자,남,32세,경상
2017080500100424,2017년 8월 5일 17시,토요일,부산광역시 부산진구 개금동,경상사고,0,0,2,0,차대사람 - 기타,안전운전불이행,건조,맑음,단일로 - 기타,승용,남,37세,상해없음,보행자,여,82세,경상
2017080500100425,2017년 8월 5일 17시,토요일,부산광역시 사하구 장림동,경상사고,0,0,1,0,차대차 - 기타,안전운전불이행,건조,맑음,단일로 - 기타,승용,남,29세,상해없음,승용,남,63세,경상
2017080500100462,2017년 8월 5일 18시,토요일,부산광역시 중구 남포동6가,경상사고,0,0,2,0,차대차 - 후진중충돌,안전운전불이행,건조,맑음,주차장 - 주차장,승용,남,52세,상해없음,승용,남,36세,경상
2017080500100463,2017년 8월 5일 18시,토요일,부산광역시 부산진구 양정동,중상사고,0,1,3,0,차대차 - 측면충돌,안전운전불이행,건조,맑음,교차로 - 교차로안,승용,남,65세,상해없음,승용,남,43세,상해없음
2017080500100526,2017년 8월 5일 20시,토요일,부산광역시 기장군 기장읍,경상사고,0,0,1,0,차대차 - 추돌,안전운전불이행,건조,맑음,단일로 - 기타,승용,남,49세,상해없음,이륜,남,22세,경상
2017080500100587,2017년 8월 5일 22시,토요일,부산광역시 금정구 청룡동,중상사고,0,1,0,0,차대사람 - 횡단중,안전운전불이행,건조,맑음,단일로 - 기타,이륜,남,44세,기타불명,보행자,여,75세,중상
2017080500100613,2017년 8월 5일 23시,토요일,부산광역시 북구 만덕동,중상사고,0,1,0,0,차대차 - 기타,안전운전불이행,건조,맑음,단일로 - 기타,승용,남,30세,상해없음,이륜,남,36세,중상
2017080600100044,2017년 8월 6일 02시,일요일,부산광역시 서구 암남동,중상사고,0,1,1,0,차대차 - 정면충돌,신호위반,건조,맑음,교차로 - 교차로안,이륜,남,18세,경상,승용,남,58세,상해없음
2017080600100058,2017년 8월 6일 03시,일요일,부산광역시 부산진구 당감동,경상사고,0,0,2,0,차대차 - 측면충돌,안전운전불이행,건조,맑음,단일로 - 기타,승용,여,23세,상해없음,승용,남,64세,경상
2017080600100103,2017년 8월 6일 08시,일요일,부산광역시 사하구 장림동,중상사고,0,2,1,0,차대차 - 측면충돌,신호위반,건조,맑음,교차로 - 교차로부근,이륜,남,55세,경상,승용,남,57세,중상
2017080600100104,2017년 8월 6일 08시,일요일,부산광역시 기장군 장안읍,경상사고,0,0,1,0,차대차 - 추돌,안전운전불이행,건조,맑음,교차로 - 교차로부근,승용,남,38세,상해없음,승용,남,27세,경상
2017080600100112,2017년 8월 6일 09시,일요일,부산광역시 영도구 동삼동,경상사고,0,0,1,0,차대차 - 측면충돌,안전거리미확보,건조,맑음,단일로 - 기타,승용,남,65세,상해없음,이륜,남,36세,경상
2017080600100132,2017년 8월 6일 10시,일요일,부산광역시 동래구 온천동,경상사고,0,0,2,0,차대차 - 추돌,안전운전불이행,건조,맑음,단일로 - 기타,승용,남,62세,상해없음,승용,남,64세,경상
2017080600100133,2017년 8월 6일 10시,일요일,부산광역시 연제구 연산동,경상사고,0,0,1,2,차대차 - 추돌,안전운전불이행,건조,맑음,단일로 - 기타,승용,남,23세,상해없음,승용,남,73세,부상신고
2017080600100161,2017년 8월 6일 11시,일요일,부산광역시 서구 암남동,경상사고,0,0,2,0,차대차 - 추돌,안전운전불이행,건조,맑음,기타 - 기타,승용,남,26세,상해없음,승용,남,68세,상해없음
2017080600100179,2017년 8월 6일 12시,일요일,부산광역시 해운대구 송정동,중상사고,0,1,0,0,차대사람 - 횡단중,안전운전불이행,건조,맑음,단일로 - 기타,승합,남,51세,상해없음,보행자,남,61세,중상
2017080600100180,2017년 8월 6일 12시,일요일,부산광역시 기장군 기장읍,경상사고,0,0,1,0,차대차 - 측면충돌,안전운전불이행,건조,맑음,단일로 - 기타,건설기계,남,60세,상해없음,이륜,남,31세,경상
2017080600100203,2017년 8월 6일 13시,일요일,부산광역시 해운대구 우동,중상사고,0,1,0,0,차대사람 - 횡단중,안전운전불이행,기타,맑음,단일로 - 기타,승용,여,41세,상해없음,보행자,여,20세,중상
2017080600100222,2017년 8월 6일 14시,일요일,부산광역시 남구 대연동,경상사고,0,0,1,0,차대차 - 기타,신호위반,건조,맑음,단일로 - 기타,승용,남,56세,상해없음,이륜,남,18세,경상
2017080600100250,2017년 8월 6일 15시,일요일,부산광역시 연제구 연산동,경상사고,0,0,1,0,차대차 - 측면충돌,안전운전불이행,건조,맑음,단일로 - 기타,이륜,남,19세,상해없음,승용,여,52세,경상
2017080600100371,2017년 8월 6일 19시,일요일,부산광역시 연제구 연산동,경상사고,0,0,1,0,차대차 - 측면충돌,직진우회전진행방해,건조,맑음,교차로 - 교차로안,승용,남,53세,상해없음,이륜,남,46세,경상
2017080600100398,2017년 8월 6일 20시,일요일,부산광역시 부산진구 양정동,경상사고,0,0,1,0,차대차 - 정면충돌,신호위반,건조,맑음,교차로 - 교차로안,승용,여,31세,상해없음,이륜,남,22세,경상
2017080600100445,2017년 8월 6일 22시,일요일,부산광역시 남구 문현동,중상사고,0,1,0,0,차대차 - 측면충돌,신호위반,건조,맑음,교차로 - 교차로안,승용,여,45세,상해없음,이륜,남,43세,중상
2017080600100446,2017년 8월 6일 22시,일요일,부산광역시 동래구 명장동,경상사고,0,0,3,0,차대차 - 측면충돌,안전거리미확보,건조,맑음,단일로 - 기타,승용,남,44세,상해없음,승용,여,47세,경상
2017080600100447,2017년 8월 6일 22시,일요일,부산광역시 부산진구 전포동,경상사고,0,0,1,0,차대차 - 기타,안전운전불이행,건조,맑음,교차로 - 교차로안,승용,여,56세,상해없음,이륜,남,21세,경상
2017080600100448,2017년 8월 6일 22시,일요일,부산광역시 강서구 송정동,경상사고,0,0,1,0,차량단독 - 전도전복 - 전도,안전운전불이행,기타,맑음,기타 - 기타,이륜,남,48세,경상,,,,
2017080600100449,2017년 8월 6일 22시,일요일,부산광역시 기장군 정관읍,경상사고,0,0,1,0,차대차 - 정면충돌,신호위반,건조,맑음,교차로 - 교차로안,이륜,남,54세,경상,승용,남,27세,상해없음
2017080600100469,2017년 8월 6일 23시,일요일,부산광역시 해운대구 우동,경상사고,0,0,1,0,차대차 - 측면충돌,안전운전불이행,건조,맑음,단일로 - 기타,승용,남,30세,상해없음,이륜,남,31세,경상
2017080700100028,2017년 8월 7일 00시,월요일,부산광역시 동래구 온천동,경상사고,0,0,1,0,차량단독 - 전도전복 - 전도,안전운전불이행,건조,맑음,단일로 - 기타,이륜,남,48세,경상,,,,
2017080700100051,2017년 8월 7일 03시,월요일,부산광역시 북구 금곡동,중상사고,0,2,0,0,차량단독 - 전도전복 - 전도,안전운전불이행,건조,맑음,단일로 - 기타,이륜,남,20세,중상,,,,
2017080700100065,2017년 8월 7일 05시,월요일,부산광역시 영도구 동삼동,경상사고,0,0,1,0,차대사람 - 기타,안전운전불이행,건조,맑음,교차로 - 교차로안,승용,여,57세,상해없음,보행자,여,56세,경상
2017080700100080,2017년 8월 7일 06시,월요일,부산광역시 부산진구 부전동,중상사고,0,1,0,0,차대차 - 측면충돌,안전운전불이행,건조,맑음,교차로 - 교차로안,화물,남,63세,상해없음,원동기,남,60세,중상
2017080700100081,2017년 8월 7일 06시,월요일,부산광역시 사상구 학장동,경상사고,0,0,1,0,차대사람 - 횡단중,안전운전불이행,건조,맑음,교차로 - 교차로안,화물,남,35세,상해없음,보행자,여,63세,경상
2017080700100123,2017년 8월 7일 08시,월요일,부산광역시 수영구 남천동,경상사고,0,0,2,0,차대차 - 측면충돌,신호위반,건조,맑음,교차로 - 교차로안,이륜,남,18세,경상,승용,남,44세,경상
2017080700100124,2017년 8월 7일 08시,월요일,부산광역시 북구 만덕동,경상사고,0,0,1,0,차대차 - 추돌,안전운전불이행,건조,맑음,단일로 - 기타,건설기계,남,60세,상해없음,승용,여,45세,경상
2017080700100125,2017년 8월 7일 08시,월요일,부산광역시 영도구 대교동1가,중상사고,0,1,9,0,차대차 - 추돌,안전운전불이행,건조,맑음,단일로 - 기타,화물,남,57세,경상,승합,남,51세,경상
2017080700100126,2017년 8월 7일 08시,월요일,부산광역시 금정구 노포동,중상사고,0,1,6,1,차대차 - 추돌,안전거리미확보,건조,맑음,단일로 - 기타,승용,남,65세,중상,승용,남,56세,경상
2017080700100156,2017년 8월 7일 09시,월요일,부산광역시 동래구 안락동,부상신고사고,0,0,0,1,차대차 - 기타,안전운전불이행,건조,맑음,교차로 - 교차로안,승용,남,36세,상해없음,자전거,남,58세,부상신고
2017080700100157,2017년 8월 7일 09시,월요일,부산광역시 해운대구 우동,경상사고,0,0,1,0,차대차 - 기타,안전운전불이행,건조,맑음,단일로 - 기타,자전거,남,54세,경상,승용,여,62세,상해없음
2017080700100158,2017년 8월 7일 09시,월요일,부산광역시 사하구 신평동,중상사고,0,1,0,0,차대사람 - 횡단중,안전운전불이행,건조,맑음,단일로 - 기타,승용,여,42세,상해없음,보행자,남,44세,중상
2017080700100182,2017년 8월 7일 10시,월요일,부산광역시 해운대구 좌동,경상사고,0,0,1,0,차대차 - 추돌,안전운전불이행,건조,맑음,단일로 - 기타,승용,여,52세,상해없음,승용,남,39세,경상
2017080700100183,2017년 8월 7일 10시,월요일,부산광역시 사하구 하단동,경상사고,0,0,1,0,차대사람 - 횡단중,안전운전불이행,건조,맑음,단일로 - 기타,승용,남,30세,상해없음,보행자,여,79세,경상
2017080700100205,2017년 8월 7일 11시,월요일,부산광역시 서구 암남동,중상사고,0,1,0,0,차대사람 - 횡단중,보행자보호의무위반,건조,맑음,단일로 - 기타,이륜,남,67세,상해없음,보행자,남,45세,중상
2017080700100206,2017년 8월 7일 11시,월요일,부산광역시 동래구 명륜동,중상사고,0,1,0,0,차대차 - 기타,교차로운행방법위반,건조,맑음,단일로 - 기타,승용,남,67세,상해없음,승합,남,56세,상해없음
2017080700100207,2017년 8월 7일 11시,월요일,부산광역시 사상구 감전동,경상사고,0,0,1,0,차대차 - 측면충돌,신호위반,건조,맑음,교차로 - 교차로안,화물,남,36세,상해없음,승용,남,42세,경상
2017080700100239,2017년 8월 7일 12시,월요일,부산광역시 금정구 회동동,중상사고,0,1,3,0,차대차 - 측면충돌,교차로운행방법위반,건조,맑음,교차로 - 교차로안,승용,남,64세,경상,승용,여,35세,경상
2017080700100276,2017년 8월 7일 13시,월요일,부산광역시 수영구 민락동,중상사고,0,1,0,0,차대사람 - 기타,안전운전불이행,건조,맑음,단일로 - 기타,승용,남,48세,상해없음,보행자,남,31세,중상
2017080700100306,2017년 8월 7일 14시,월요일,부산광역시 해운대구 중동,경상사고,0,0,1,0,차대차 - 기타,기타,건조,맑음,교차로 - 교차로안,승용,여,40세,상해없음,승용,남,50세,경상
2017080700100374,2017년 8월 7일 16시,월요일,부산광역시 연제구 연산동,중상사고,0,1,0,0,차대사람 - 횡단중,안전운전불이행,건조,기타,기타 - 기타,승합,여,48세,상해없음,보행자,여,69세,중상
2017080700100410,2017년 8월 7일 17시,월요일,부산광역시 북구 구포동,중상사고,0,1,0,0,차대차 - 기타,중앙선침범,건조,맑음,단일로 - 기타,이륜,남,67세,상해없음,승합,남,57세,상해없음
2017080700100411,2017년 8월 7일 17시,월요일,부산광역시 북구 구포동,경상사고,0,0,1,0,차대사람 - 횡단중,신호위반,건조,맑음,교차로 - 교차로횡단보도내,승합,남,58세,상해없음,보행자,남,6세,경상
2017080700100412,2017년 8월 7일 17시,월요일,부산광역시 영도구 봉래동1가,경상사고,0,0,1,0,차대사람 - 횡단중,안전운전불이행,젖음/습기,비,단일로 - 기타,사륜오토바이(ATV),여,65세,상해없음,보행자,남,70세,경상
2017080700100452,2017년 8월 7일 18시,월요일,부산광역시 수영구 망미동,중상사고,0,1,2,0,차대차 - 측면충돌,안전거리미확보,건조,맑음,기타 - 기타,승용,남,26세,상해없음,이륜,남,17세,중상
2017080700100549,2017년 8월 7일 21시,월요일,부산광역시 동래구 사직동,중상사고,0,2,0,0,차대사람 - 차도통행중,안전운전불이행,건조,맑음,단일로 - 기타,승용,남,67세,상해없음,보행자,여,65세,중상
2017080700100575,2017년 8월 7일 22시,월요일,부산광역시 중구 남포동1가,경상사고,0,0,2,0,차대차 - 추돌,안전운전불이행,건조,맑음,단일로 - 기타,승용,남,43세,상해없음,승용,남,28세,경상
2017080700100576,2017년 8월 7일 22시,월요일,부산광역시 동구 좌천동,중상사고,0,1,0,0,차대사람 - 기타,안전운전불이행,건조,맑음,기타 - 기타,승용,여,43세,상해없음,보행자,남,60세,중상
2017080700100577,2017년 8월 7일 22시,월요일,부산광역시 서구 남부민동,경상사고,0,0,1,0,차대차 - 측면충돌,신호위반,건조,맑음,교차로 - 교차로안,승용,남,64세,상해없음,승용,남,18세,상해없음
2017080700100578,2017년 8월 7일 22시,월요일,부산광역시 사하구 괴정동,경상사고,0,0,2,0,차대차 - 측면충돌,신호위반,건조,맑음,교차로 - 교차로안,승용,남,64세,상해없음,승용,남,67세,경상
2017080700100600,2017년 8월 7일 23시,월요일,부산광역시 북구 구포동,중상사고,0,1,0,0,차대차 - 기타,안전운전불이행,건조,맑음,단일로 - 기타,승용,남,60세,상해없음,이륜,남,54세,중상
2017080700100601,2017년 8월 7일 23시,월요일,부산광역시 해운대구 우동,경상사고,0,0,2,0,차대차 - 정면충돌,교차로운행방법위반,기타,맑음,교차로 - 교차로안,승용,남,39세,상해없음,이륜,남,21세,경상
2017080800100020,2017년 8월 8일 00시,화요일,부산광역시 동래구 온천동,사망사고,1,0,0,0,차대사람 - 횡단중,안전운전불이행,건조,맑음,단일로 - 기타,승용,남,56세,상해없음,보행자,남,75세,사망
2017080800100030,2017년 8월 8일 01시,화요일,부산광역시 연제구 연산동,경상사고,0,0,2,1,차대차 - 정면충돌,안전운전불이행,건조,맑음,교차로 - 교차로부근,이륜,남,26세,부상신고,승용,여,28세,경상
2017080800100034,2017년 8월 8일 02시,화요일,부산광역시 수영구 광안동,중상사고,0,1,0,0,차대차 - 기타,신호위반,건조,맑음,교차로 - 교차로부근,승용,남,21세,상해없음,자전거,남,49세,중상
2017080800100047,2017년 8월 8일 05시,화요일,부산광역시 해운대구 중동,경상사고,0,0,3,0,차대차 - 추돌,안전운전불이행,건조,맑음,교차로 - 교차로안,승용,남,37세,상해없음,승용,남,48세,경상
2017080800100058,2017년 8월 8일 06시,화요일,부산광역시 금정구 금사동,중상사고,0,1,0,0,차대차 - 측면충돌,안전운전불이행,건조,맑음,단일로 - 기타,승용,여,23세,상해없음,자전거,남,50세,중상
2017080800100069,2017년 8월 8일 07시,화요일,부산광역시 동래구 명장동,경상사고,0,0,1,0,차대사람 - 길가장자리구역통행중,안전운전불이행,건조,맑음,단일로 - 기타,승용,여,53세,상해없음,보행자,여,58세,경상
2017080800100070,2017년 8월 8일 07시,화요일,부산광역시 사상구 학장동,부상신고사고,0,0,0,2,차대차 - 정면충돌,중앙선침범,건조,맑음,단일로 - 기타,승용,남,22세,상해없음,승용,여,56세,부상신고
2017080800100089,2017년 8월 8일 08시,화요일,부산광역시 동구 수정동,중상사고,0,1,0,0,차대사람 - 기타,안전운전불이행,건조,맑음,단일로 - 기타,승용,여,31세,상해없음,보행자,여,50세,중상
2017080800100090,2017년 8월 8일 08시,화요일,부산광역시 부산진구 양정동,경상사고,0,0,1,0,차대차 - 기타,안전운전불이행,건조,맑음,교차로 - 교차로부근,승용,남,69세,기타불명,승용,남,38세,경상
2017080800100120,2017년 8월 8일 09시,화요일,부산광역시 남구 대연동,중상사고,0,1,0,0,차대차 - 측면충돌,교차로운행방법위반,건조,맑음,단일로 - 기타,승용,남,63세,상해없음,자전거,남,16세,중상
2017080800100121,2017년 8월 8일 09시,화요일,부산광역시 남구 대연동,경상사고,0,0,1,0,차대사람 - 길가장자리구역통행중,안전운전불이행,건조,맑음,단일로 - 기타,승용,여,38세,상해없음,보행자,남,63세,경상
2017080800100122,2017년 8월 8일 09시,화요일,부산광역시 동래구 온천동,경상사고,0,0,1,0,차대사람 - 횡단중,보행자보호의무위반,건조,맑음,단일로 - 기타,승용,남,69세,상해없음,보행자,여,44세,경상
2017080800100162,2017년 8월 8일 10시,화요일,부산광역시 금정구 부곡동,경상사고,0,0,1,0,차대차 - 측면충돌,안전거리미확보,건조,맑음,단일로 - 기타,승용,남,52세,상해없음,승용,남,62세,경상
2017080800100198,2017년 8월 8일 11시,화요일,부산광역시 금정구 부곡동,경상사고,0,0,1,0,차대사람 - 횡단중,보행자보호의무위반,건조,맑음,교차로 - 교차로횡단보도내,승용,남,65세,상해없음,보행자,남,53세,경상
2017080800100199,2017년 8월 8일 11시,화요일,부산광역시 연제구 거제동,경상사고,0,0,1,1,차대차 - 추돌,안전운전불이행,건조,맑음,단일로 - 기타,승용,남,41세,상해없음,원동기,남,59세,부상신고
2017080800100236,2017년 8월 8일 12시,화요일,부산광역시 수영구 광안동,부상신고사고,0,0,0,2,차대차 - 측면충돌,교차로운행방법위반,건조,맑음,교차로 - 교차로안,승용,남,45세,상해없음,화물,남,24세,부상신고
2017080800100264,2017년 8월 8일 13시,화요일,부산광역시 영도구 남항동2가,중상사고,0,1,0,0,차대차 - 기타,안전운전불이행,건조,맑음,단일로 - 기타,화물,남,32세,상해없음,기타불명,여,80세,중상
2017080800100265,2017년 8월 8일 13시,화요일,부산광역시 부산진구 부전동,경상사고,0,0,1,0,차대사람 - 기타,안전운전불이행,건조,맑음,단일로 - 기타,기타불명,기타불명,미분류,기타불명,보행자,여,58세,경상
2017080800100310,2017년 8월 8일 14시,화요일,부산광역시 동구 수정동,중상사고,0,1,0,0,차대사람 - 기타,안전운전불이행,건조,맑음,단일로 - 기타,승용,남,69세,상해없음,보행자,남,69세,중상
2017080800100311,2017년 8월 8일 14시,화요일,부산광역시 수영구 남천동,경상사고,0,0,1,0,차대차 - 측면충돌,안전거리미확보,건조,맑음,단일로 - 기타,건설기계,남,51세,상해없음,승용,여,33세,경상
2017080800100312,2017년 8월 8일 14시,화요일,부산광역시 해운대구 좌동,경상사고,0,0,1,0,차대차 - 측면충돌,교차로운행방법위반,건조,맑음,교차로 - 교차로안,승용,남,70세,상해없음,승용,여,57세,경상
2017080800100342,2017년 8월 8일 15시,화요일,부산광역시 사하구 하단동,경상사고,0,0,1,0,차대차 - 측면충돌,신호위반,건조,맑음,교차로 - 교차로안,승용,남,46세,상해없음,승용,남,58세,경상
2017080800100343,2017년 8월 8일 15시,화요일,부산광역시 사하구 장림동,중상사고,0,1,0,0,차대사람 - 횡단중,보행자보호의무위반,건조,맑음,단일로 - 기타,승합,남,57세,상해없음,보행자,여,8세,중상
2017080800100369,2017년 8월 8일 16시,화요일,부산광역시 서구 충무동1가,경상사고,0,0,1,0,차대차 - 정면충돌,신호위반,건조,맑음,교차로 - 교차로안,승용,남,62세,상해없음,승용,남,69세,경상
2017080800100394,2017년 8월 8일 17시,화요일,부산광역시 연제구 연산동,경상사고,0,0,1,0,차대차 - 기타,안전거리미확보,건조,맑음,단일로 - 기타,승합,남,52세,상해없음,이륜,여,63세,경상
2017080800100424,2017년 8월 8일 18시,화요일,부산광역시 동래구 명륜동,경상사고,0,0,1,0,차대차 - 측면충돌,안전운전불이행,건조,맑음,교차로 - 교차로안,승용,남,62세,상해없음,승용,남,29세,경상
2017080800100467,2017년 8월 8일 19시,화요일,부산광역시 북구 덕천동,경상사고,0,0,1,0,차대차 - 측면충돌,안전운전불이행,건조,맑음,단일로 - 기타,승용,여,38세,상해없음,이륜,남,20세,경상
2017080800100468,2017년 8월 8일 19시,화요일,부산광역시 사상구 주례동,중상사고,0,1,0,0,차대사람 - 횡단중,안전운전불이행,건조,맑음,교차로 - 교차로안,승용,여,28세,상해없음,보행자,여,61세,중상