사고번호,사고일시,요일,시군구,사고내용,사망자수,중상자수,경상자수,부상신고자수,사고유형,법규위반,노면상태,기상상태,도로형태,가해운전자 차종,가해운전자 성별,가해운전자 연령,가해운전자 상해정도,피해운전자 차종,피해운전자 성별,피해운전자 연령,피해운전자 상해정도
2017080800100469,2017년 8월 8일 19시,화요일,부산광역시 사상구 괘법동,경상사고,0,0,1,0,차대사람 - 횡단중,보행자보호의무위반,건조,맑음,교차로 - 교차로횡단보도내,승용,남,51세,상해없음,보행자,여,56세,경상
2017080800100470,2017년 8월 8일 19시,화요일,부산광역시 사상구 학장동,경상사고,0,0,2,0,차대차 - 측면충돌,직진우회전진행방해,건조,맑음,교차로 - 교차로안,승용,남,27세,상해없음,승용,남,66세,경상
2017080800100496,2017년 8월 8일 20시,화요일,부산광역시 해운대구 중동,중상사고,0,1,1,0,차대차 - 기타,신호위반,건조,맑음,교차로 - 교차로안,이륜,남,32세,경상,승용,남,28세,중상
2017080800100531,2017년 8월 8일 21시,화요일,부산광역시 사하구 하단동,경상사고,0,0,1,0,차대차 - 측면충돌,신호위반,건조,맑음,교차로 - 교차로안,승용,여,59세,상해없음,승용,남,25세,상해없음
2017080800100532,2017년 8월 8일 21시,화요일,부산광역시 연제구 연산동,중상사고,0,1,0,0,차대차 - 정면충돌,안전운전불이행,건조,맑음,단일로 - 기타,승용,남,56세,상해없음,원동기,남,43세,중상
2017080800100562,2017년 8월 8일 22시,화요일,부산광역시 서구 동대신동2가,경상사고,0,0,1,0,차대차 - 측면충돌,신호위반,건조,맑음,단일로 - 기타,승용,남,22세,상해없음,이륜,남,75세,경상
2017080800100563,2017년 8월 8일 22시,화요일,부산광역시 동래구 온천동,중상사고,0,1,0,0,차대사람 - 횡단중,안전운전불이행,건조,맑음,단일로 - 기타,승용,남,42세,상해없음,보행자,남,45세,중상
2017080800100583,2017년 8월 8일 23시,화요일,부산광역시 동래구 안락동,경상사고,0,0,1,0,차대차 - 측면충돌,신호위반,건조,맑음,교차로 - 교차로안,승용,남,53세,상해없음,승용,남,66세,경상
2017080900100024,2017년 8월 9일 00시,수요일,부산광역시 연제구 연산동,경상사고,0,0,2,0,차대차 - 추돌,안전운전불이행,건조,맑음,교차로 - 교차로부근,승용,남,39세,상해없음,승용,남,38세,경상
2017080900100043,2017년 8월 9일 01시,수요일,부산광역시 연제구 거제동,중상사고,0,1,0,0,차대사람 - 횡단중,안전운전불이행,건조,흐림,단일로 - 기타,승용,남,64세,상해없음,보행자,남,52세,중상
2017080900100059,2017년 8월 9일 03시,수요일,부산광역시 동래구 온천동,경상사고,0,0,1,0,차대차 - 측면충돌,신호위반,건조,맑음,교차로 - 교차로안,승용,남,66세,상해없음,승용,남,34세,경상
2017080900100121,2017년 8월 9일 08시,수요일,부산광역시 중구 남포동6가,경상사고,0,0,1,0,차대차 - 측면충돌,안전운전불이행,젖음/습기,비,단일로 - 기타,기타불명,기타불명,미분류,기타불명,이륜,남,81세,경상
2017080900100122,2017년 8월 9일 08시,수요일,부산광역시 수영구 광안동,중상사고,0,1,1,0,차대차 - 측면충돌,안전운전불이행,젖음/습기,비,단일로 - 기타,승용,남,56세,상해없음,건설기계,남,44세,상해없음
2017080900100123,2017년 8월 9일 08시,수요일,부산광역시 북구 덕천동,경상사고,0,0,2,0,차량단독 - 전도전복,안전운전불이행,젖음/습기,맑음,단일로 - 교량,화물,남,64세,경상,미분류,미분류,미분류,미분류
2017080900100124,2017년 8월 9일 08시,수요일,부산광역시 동래구 안락동,경상사고,0,0,2,0,차대차 - 측면충돌,안전거리미확보,건조,흐림,교차로 - 교차로안,원동기,남,23세,경상,승합,남,60세,상해없음
2017080900100125,2017년 8월 9일 08시,수요일,부산광역시 연제구 연산동,중상사고,0,1,1,0,차대차 - 측면충돌,안전거리미확보,젖음/습기,비,단일로 - 기타,건설기계,남,56세,상해없음,승용,여,29세,경상
2017080900100126,2017년 8월 9일 08시,수요일,부산광역시 사상구 괘법동,경상사고,0,0,1,0,차대차 - 추돌,안전운전불이행,젖음/습기,비,교차로 - 교차로부근,화물,남,24세,상해없음,승용,남,27세,경상
2017080900100127,2017년 8월 9일 08시,수요일,부산광역시 사상구 주례동,중상사고,0,1,0,0,차대차 - 측면충돌,불법유턴,젖음/습기,비,단일로 - 기타,건설기계,남,24세,상해없음,승용,남,33세,중상
2017080900100157,2017년 8월 9일 09시,수요일,부산광역시 수영구 남천동,경상사고,0,0,3,0,차대차 - 측면충돌,안전운전불이행,젖음/습기,비,교차로 - 교차로안,승용,여,62세,상해없음,승용,남,53세,경상
2017080900100195,2017년 8월 9일 10시,수요일,부산광역시 부산진구 전포동,경상사고,0,0,1,0,차대차 - 측면충돌,차로위반,건조,맑음,단일로 - 기타,특수,남,48세,상해없음,승용,남,52세,상해없음
2017080900100196,2017년 8월 9일 10시,수요일,부산광역시 연제구 연산동,중상사고,0,1,0,0,차대사람 - 횡단중,안전운전불이행,건조,맑음,교차로 - 교차로부근,승용,남,63세,상해없음,보행자,남,79세,중상
2017080900100197,2017년 8월 9일 10시,수요일,부산광역시 연제구 연산동,중상사고,0,1,1,0,차대차 - 추돌,안전운전불이행,젖음/습기,비,단일로 - 기타,화물,남,52세,상해없음,승용,여,34세,경상
2017080900100224,2017년 8월 9일 11시,수요일,부산광역시 강서구 명지동,경상사고,0,0,1,1,차대사람 - 기타,신호위반,젖음/습기,비,단일로 - 기타,승용,여,45세,상해없음,보행자,남,7세,경상
2017080900100259,2017년 8월 9일 12시,수요일,부산광역시 부산진구 범천동,경상사고,0,0,2,0,차대차 - 측면충돌,교차로운행방법위반,건조,맑음,교차로 - 교차로안,승용,여,46세,상해없음,승용,남,57세,경상
2017080900100260,2017년 8월 9일 12시,수요일,부산광역시 강서구 화전동,경상사고,0,0,1,0,차대차 - 측면충돌,신호위반,젖음/습기,비,교차로 - 교차로안,화물,남,62세,상해없음,화물,남,47세,경상
2017080900100261,2017년 8월 9일 12시,수요일,부산광역시 사상구 학장동,경상사고,0,0,1,0,차대차 - 측면충돌,교차로운행방법위반,젖음/습기,비,교차로 - 교차로안,화물,남,31세,상해없음,이륜,남,19세,경상
2017080900100290,2017년 8월 9일 13시,수요일,부산광역시 서구 아미동2가,경상사고,0,0,1,0,차대사람 - 차도통행중,안전운전불이행,젖음/습기,비,기타 - 기타,화물,남,57세,상해없음,보행자,남,65세,경상
2017080900100291,2017년 8월 9일 13시,수요일,부산광역시 금정구 서동,경상사고,0,0,1,0,차대사람 - 기타,안전운전불이행,건조,맑음,교차로 - 교차로부근,이륜,남,37세,상해없음,보행자,여,17세,경상
2017080900100329,2017년 8월 9일 14시,수요일,부산광역시 수영구 남천동,경상사고,0,0,1,0,차대차 - 기타,안전운전불이행,건조,맑음,교차로 - 교차로안,승용,남,63세,상해없음,자전거,여,24세,경상
2017080900100386,2017년 8월 9일 16시,수요일,부산광역시 금정구 서동,경상사고,0,0,1,0,차대사람 - 횡단중,기타,젖음/습기,흐림,단일로 - 기타,승용,남,52세,상해없음,보행자,여,12세,경상
2017080900100427,2017년 8월 9일 17시,수요일,부산광역시 동구 좌천동,중상사고,0,1,0,0,차대차 - 기타,안전운전불이행,건조,맑음,기타 - 기타,승합,남,62세,상해없음,승합,남,34세,상해없음
2017080900100457,2017년 8월 9일 18시,수요일,부산광역시 해운대구 좌동,중상사고,0,1,0,0,차대차 - 측면충돌,중앙선침범,건조,맑음,단일로 - 기타,승용,여,42세,상해없음,자전거,남,15세,중상
2017080900100458,2017년 8월 9일 18시,수요일,부산광역시 해운대구 우동,경상사고,0,0,1,0,차대사람 - 보도통행중,기타,건조,맑음,단일로 - 기타,승용,여,47세,상해없음,보행자,여,22세,경상
2017080900100494,2017년 8월 9일 19시,수요일,부산광역시 남구 대연동,경상사고,0,0,3,0,차대차 - 기타,안전운전불이행,건조,맑음,단일로 - 기타,승용,여,24세,상해없음,승용,여,37세,경상
2017080900100534,2017년 8월 9일 20시,수요일,부산광역시 부산진구 부전동,중상사고,0,1,0,0,차대사람 - 기타,안전운전불이행,건조,맑음,단일로 - 기타,화물,남,37세,상해없음,보행자,여,62세,중상
2017080900100535,2017년 8월 9일 20시,수요일,부산광역시 연제구 연산동,중상사고,0,1,0,2,차대차 - 정면충돌,교차로운행방법위반,건조,맑음,교차로 - 교차로안,승용,남,53세,상해없음,승용,남,51세,부상신고
2017081000100062,2017년 8월 10일 02시,목요일,부산광역시 동래구 안락동,중상사고,0,1,1,0,차대차 - 측면충돌,신호위반,건조,맑음,교차로 - 교차로안,승용,남,56세,상해없음,승용,남,39세,중상
2017081000100087,2017년 8월 10일 05시,목요일,부산광역시 부산진구 전포동,경상사고,0,0,1,0,차대차 - 측면충돌,안전거리미확보,건조,맑음,단일로 - 기타,승용,여,34세,상해없음,승용,남,48세,경상
2017081000100088,2017년 8월 10일 05시,목요일,부산광역시 사상구 감전동,경상사고,0,0,2,0,차대차 - 정면충돌,신호위반,건조,맑음,교차로 - 교차로안,승용,남,60세,경상,승용,남,46세,경상
2017081000100101,2017년 8월 10일 06시,목요일,부산광역시 해운대구 우동,중상사고,0,1,0,0,차대차 - 측면충돌,신호위반,건조,맑음,교차로 - 교차로안,승용,남,72세,중상,승합,남,59세,상해없음
2017081000100136,2017년 8월 10일 08시,목요일,부산광역시 부산진구 초읍동,중상사고,0,1,0,0,차대차 - 측면충돌,중앙선침범,건조,맑음,단일로 - 기타,승용,남,43세,상해없음,이륜,남,57세,중상
2017081000100137,2017년 8월 10일 08시,목요일,부산광역시 강서구 녹산동,경상사고,0,0,1,0,차대차 - 측면충돌,안전운전불이행,건조,맑음,단일로 - 기타,기타불명,기타불명,미분류,기타불명,승용,여,24세,경상
2017081000100217,2017년 8월 10일 10시,목요일,부산광역시 중구 중앙동4가,경상사고,0,0,1,0,차대사람 - 기타,안전운전불이행,건조,맑음,교차로 - 교차로부근,화물,남,60세,상해없음,보행자,남,65세,경상
2017081000100218,2017년 8월 10일 10시,목요일,부산광역시 부산진구 개금동,경상사고,0,0,1,1,차대차 - 정면충돌,안전운전불이행,건조,맑음,교차로 - 교차로부근,승용,남,61세,상해없음,승용,남,36세,경상
2017081000100219,2017년 8월 10일 10시,목요일,부산광역시 강서구 송정동,경상사고,0,0,2,0,차대차 - 추돌,안전운전불이행,젖음/습기,흐림,단일로 - 기타,화물,남,59세,상해없음,승용,남,63세,경상
2017081000100220,2017년 8월 10일 10시,목요일,부산광역시 사상구 학장동,경상사고,0,0,1,0,차대차 - 측면충돌,안전운전불이행,건조,맑음,단일로 - 기타,화물,남,55세,경상,승합,남,26세,상해없음
2017081000100221,2017년 8월 10일 10시,목요일,부산광역시 사상구 엄궁동,경상사고,0,0,1,0,차대사람 - 횡단중,안전운전불이행,건조,맑음,단일로 - 기타,화물,남,34세,상해없음,보행자,남,61세,경상
2017081000100249,2017년 8월 10일 11시,목요일,부산광역시 금정구 금성동,중상사고,0,1,0,0,차량단독 - 공작물충돌,안전운전불이행,건조,맑음,단일로 - 기타,화물,남,69세,상해없음,,,,
2017081000100271,2017년 8월 10일 12시,목요일,부산광역시 중구 중앙동4가,경상사고,0,0,2,0,차대차 - 측면충돌,안전운전불이행,건조,맑음,단일로 - 기타,승용,여,28세,상해없음,승용,남,56세,경상
2017081000100272,2017년 8월 10일 12시,목요일,부산광역시 서구 서대신동2가,경상사고,0,0,2,0,차대차 - 측면충돌,안전운전불이행,건조,맑음,교차로 - 교차로안,이륜,남,22세,경상,이륜,남,19세,경상
2017081000100273,2017년 8월 10일 12시,목요일,부산광역시 강서구 송정동,중상사고,0,1,2,0,차대차 - 측면충돌,신호위반,건조,맑음,교차로 - 교차로안,화물,남,58세,상해없음,승용,남,60세,중상
2017081000100307,2017년 8월 10일 13시,목요일,부산광역시 서구 암남동,중상사고,0,1,1,0,차대차 - 측면충돌,신호위반,건조,맑음,교차로 - 교차로안,승용,남,39세,경상,승용,남,65세,상해없음
2017081000100308,2017년 8월 10일 13시,목요일,부산광역시 동래구 안락동,중상사고,0,1,0,0,차대사람 - 보도통행중,안전운전불이행,건조,맑음,단일로 - 기타,승합,남,54세,상해없음,보행자,남,61세,중상
2017081000100369,2017년 8월 10일 15시,목요일,부산광역시 부산진구 양정동,경상사고,0,0,1,0,차대차 - 측면충돌,안전거리미확보,건조,맑음,단일로 - 기타,화물,남,46세,상해없음,승용,남,64세,경상
2017081000100400,2017년 8월 10일 16시,목요일,부산광역시 서구 부용동1가,경상사고,0,0,1,0,차대사람 - 기타,안전운전불이행,건조,맑음,단일로 - 기타,승용,남,50세,상해없음,보행자,남,64세,경상
2017081000100401,2017년 8월 10일 16시,목요일,부산광역시 부산진구 부암동,경상사고,0,0,1,0,차대차 - 측면충돌,신호위반,건조,맑음,교차로 - 교차로안,승용,남,60세,상해없음,승용,남,64세,경상
2017081000100402,2017년 8월 10일 16시,목요일,부산광역시 사하구 하단동,경상사고,0,0,1,0,차대차 - 기타,안전운전불이행,건조,맑음,단일로 - 기타,이륜,기타불명,미분류,기타불명,승합,남,35세,상해없음
2017081000100449,2017년 8월 10일 17시,목요일,부산광역시 동래구 명장동,경상사고,0,0,1,0,차대차 - 측면충돌,안전거리미확보,건조,맑음,단일로 - 기타,승용,남,77세,상해없음,승용,남,76세,경상
2017081000100450,2017년 8월 10일 17시,목요일,부산광역시 해운대구 재송동,부상신고사고,0,0,0,1,차대차 - 정면충돌,안전운전불이행,기타,맑음,단일로 - 기타,자전거,남,13세,부상신고,승용,여,60세,상해없음
2017081000100488,2017년 8월 10일 18시,목요일,부산광역시 동래구 온천동,경상사고,0,0,1,0,차대차 - 측면충돌,안전거리미확보,건조,맑음,단일로 - 기타,승용,남,64세,상해없음,승용,남,43세,경상
2017081000100489,2017년 8월 10일 18시,목요일,부산광역시 해운대구 우동,경상사고,0,0,4,0,차대차 - 측면충돌,교차로운행방법위반,건조,맑음,교차로 - 교차로안,승용,남,36세,상해없음,승용,여,27세,경상
2017081000100490,2017년 8월 10일 18시,목요일,부산광역시 강서구 명지동,경상사고,0,0,1,0,차대차 - 기타,신호위반,건조,맑음,교차로 - 교차로부근,원동기,남,16세,경상,승용,남,55세,상해없음
2017081000100522,2017년 8월 10일 19시,목요일,부산광역시 동래구 온천동,경상사고,0,0,1,0,차대사람 - 차도통행중,안전운전불이행,건조,맑음,단일로 - 기타,승용,남,82세,상해없음,보행자,남,62세,경상
2017081000100555,2017년 8월 10일 20시,목요일,부산광역시 강서구 강동동,중상사고,0,1,0,0,차대차 - 측면충돌,교차로운행방법위반,건조,맑음,교차로 - 교차로안,승용,여,59세,상해없음,승용,남,30세,중상
2017081000100556,2017년 8월 10일 20시,목요일,부산광역시 사상구 덕포동,중상사고,0,1,1,0,차대차 - 측면충돌,안전거리미확보,건조,맑음,단일로 - 기타,승용,남,65세,상해없음,승합,남,62세,경상
2017081000100624,2017년 8월 10일 22시,목요일,부산광역시 동래구 사직동,중상사고,0,1,0,0,차대차 - 기타,차로위반,건조,맑음,단일로 - 기타,승용,남,59세,상해없음,원동기,남,15세,중상
2017081100100023,2017년 8월 11일 00시,금요일,부산광역시 영도구 동삼동,경상사고,0,0,1,0,차대사람 - 기타,안전운전불이행,건조,맑음,단일로 - 기타,승용,남,35세,상해없음,보행자,남,49세,경상
2017081100100043,2017년 8월 11일 01시,금요일,부산광역시 북구 구포동,경상사고,0,0,1,0,차대차 - 추돌,안전거리미확보,건조,맑음,교차로 - 교차로안,승용,남,63세,상해없음,승용,남,49세,경상
2017081100100044,2017년 8월 11일 01시,금요일,부산광역시 영도구 대교동1가,경상사고,0,0,3,0,차대차 - 추돌,안전운전불이행,건조,맑음,교차로 - 교차로부근,승용,남,31세,상해없음,승용,남,56세,경상
2017081100100045,2017년 8월 11일 01시,금요일,부산광역시 부산진구 부전동,경상사고,0,0,1,0,차대차 - 측면충돌,안전거리미확보,건조,맑음,교차로 - 교차로부근,원동기,남,48세,경상,승용,남,61세,상해없음
2017081100100074,2017년 8월 11일 04시,금요일,부산광역시 중구 보수동1가,경상사고,0,0,1,0,차대차 - 측면충돌,교차로운행방법위반,건조,맑음,기타 - 기타,승용,남,61세,상해없음,이륜,남,68세,경상
2017081100100075,2017년 8월 11일 04시,금요일,부산광역시 북구 구포동,중상사고,0,1,0,0,차대차 - 정면충돌,안전운전불이행,건조,맑음,교차로 - 교차로안,승용,남,49세,상해없음,이륜,남,53세,중상
2017081100100092,2017년 8월 11일 06시,금요일,부산광역시 수영구 광안동,부상신고사고,0,0,0,1,차대사람 - 길가장자리구역통행중,안전운전불이행,건조,맑음,단일로 - 기타,승용,남,35세,상해없음,보행자,남,26세,부상신고
2017081100100093,2017년 8월 11일 06시,금요일,부산광역시 해운대구 우동,경상사고,0,0,1,0,차대차 - 측면충돌,신호위반,건조,맑음,교차로 - 교차로안,화물,남,63세,상해없음,화물,남,35세,경상
2017081100100101,2017년 8월 11일 07시,금요일,부산광역시 해운대구 재송동,중상사고,0,1,0,0,차대차 - 측면충돌,중앙선침범,건조,맑음,교차로 - 교차로부근,승합,여,38세,상해없음,승용,남,36세,중상
2017081100100102,2017년 8월 11일 07시,금요일,부산광역시 사하구 괴정동,경상사고,0,0,1,0,차대차 - 기타,안전거리미확보,건조,맑음,단일로 - 기타,승용,남,49세,상해없음,승용,남,68세,상해없음
2017081100100129,2017년 8월 11일 08시,금요일,부산광역시 남구 대연동,경상사고,0,0,1,0,차대차 - 추돌,안전운전불이행,건조,맑음,단일로 - 기타,승용,남,69세,상해없음,승용,여,42세,경상
2017081100100130,2017년 8월 11일 08시,금요일,부산광역시 연제구 연산동,경상사고,0,0,1,0,차대차 - 추돌,안전거리미확보,건조,맑음,교차로 - 교차로부근,승용,여,49세,상해없음,승용,남,35세,경상
2017081100100131,2017년 8월 11일 08시,금요일,부산광역시 강서구 강동동,중상사고,0,1,0,0,차대차 - 정면충돌,안전운전불이행,건조,맑음,단일로 - 기타,건설기계,남,56세,상해없음,승용,여,50세,중상
2017081100100132,2017년 8월 11일 08시,금요일,부산광역시 기장군 기장읍,경상사고,0,0,1,0,차대차 - 측면충돌,안전운전불이행,건조,맑음,교차로 - 교차로부근,화물,남,52세,상해없음,이륜,남,65세,경상
2017081100100158,2017년 8월 11일 09시,금요일,부산광역시 남구 대연동,경상사고,0,0,1,1,차대차 - 측면충돌,안전운전불이행,건조,맑음,단일로 - 기타,승용,남,86세,부상신고,승용,여,32세,상해없음
2017081100100159,2017년 8월 11일 09시,금요일,부산광역시 연제구 연산동,경상사고,0,0,1,0,차대사람 - 횡단중,안전운전불이행,기타,기타,미분류 - 미분류,승용,남,28세,상해없음,보행자,여,71세,경상
2017081100100188,2017년 8월 11일 10시,금요일,부산광역시 부산진구 가야동,경상사고,0,0,1,0,차대차 - 측면충돌,안전운전불이행,건조,맑음,교차로 - 교차로안,승용,남,52세,상해없음,특수,남,34세,경상
2017081100100189,2017년 8월 11일 10시,금요일,부산광역시 사상구 감전동,중상사고,0,1,0,0,차대차 - 측면충돌,안전운전불이행,건조,맑음,단일로 - 기타,승용,남,48세,상해없음,이륜,남,37세,중상
2017081100100220,2017년 8월 11일 11시,금요일,부산광역시 부산진구 전포동,중상사고,0,1,0,0,차대사람 - 횡단중,보행자보호의무위반,건조,맑음,단일로 - 기타,승용,여,47세,상해없음,보행자,남,51세,중상
2017081100100261,2017년 8월 11일 12시,금요일,부산광역시 사하구 하단동,부상신고사고,0,0,0,2,차대차 - 측면충돌,교차로운행방법위반,건조,맑음,교차로 - 교차로안,기타불명,기타불명,미분류,기타불명,승용,남,30세,부상신고
2017081100100296,2017년 8월 11일 13시,금요일,부산광역시 북구 덕천동,중상사고,0,1,0,0,차량단독 - 기타,기타,건조,맑음,단일로 - 기타,승합,남,32세,상해없음,,,,
2017081100100331,2017년 8월 11일 14시,금요일,부산광역시 북구 화명동,중상사고,0,1,0,0,차대차 - 기타,안전운전불이행,건조,맑음,단일로 - 기타,승합,남,64세,상해없음,승용,여,24세,중상
2017081100100332,2017년 8월 11일 14시,금요일,부산광역시 해운대구 반여동,경상사고,0,0,1,0,차대차 - 기타,안전운전불이행,젖음/습기,비,단일로 - 기타,승용,여,39세,상해없음,원동기,남,21세,경상
2017081100100424,2017년 8월 11일 16시,금요일,부산광역시 서구 토성동4가,부상신고사고,0,0,0,1,차대차 - 측면충돌,안전운전불이행,건조,맑음,단일로 - 기타,원동기,남,65세,부상신고,승용,남,72세,상해없음
2017081100100425,2017년 8월 11일 16시,금요일,부산광역시 북구 만덕동,중상사고,0,1,0,1,차대차 - 기타,안전거리미확보,젖음/습기,비,단일로 - 기타,화물,남,67세,상해없음,승용,남,53세,중상
2017081100100426,2017년 8월 11일 16시,금요일,부산광역시 동래구 사직동,경상사고,0,0,1,0,차대차 - 추돌,안전운전불이행,건조,맑음,단일로 - 기타,승용,남,42세,상해없음,이륜,남,19세,경상
2017081100100427,2017년 8월 11일 16시,금요일,부산광역시 연제구 연산동,중상사고,0,1,0,0,차대차 - 측면충돌,신호위반,건조,맑음,교차로 - 교차로안,승용,여,56세,상해없음,이륜,남,26세,중상
2017081100100428,2017년 8월 11일 16시,금요일,부산광역시 강서구 봉림동,중상사고,0,1,0,0,차량단독 - 전도전복,안전운전불이행,건조,맑음,단일로 - 기타,이륜,남,67세,중상,미분류,미분류,미분류,미분류
2017081100100429,2017년 8월 11일 16시,금요일,부산광역시 강서구 녹산동,경상사고,0,0,1,0,차대차 - 기타,중앙선침범,건조,맑음,단일로 - 기타,승용,여,44세,상해없음,승용,여,25세,경상
2017081100100468,2017년 8월 11일 17시,금요일,부산광역시 부산진구 가야동,경상사고,0,0,2,0,차대차 - 기타,안전운전불이행,건조,맑음,단일로 - 기타,승합,여,47세,기타불명,승용,남,50세,경상
2017081100100469,2017년 8월 11일 17시,금요일,부산광역시 사하구 하단동,중상사고,0,1,0,0,차대차 - 정면충돌,신호위반,건조,맑음,교차로 - 교차로안,승용,남,40세,상해없음,이륜,남,23세,중상
2017081100100514,2017년 8월 11일 18시,금요일,부산광역시 해운대구 우동,경상사고,0,0,1,0,차대차 - 추돌,안전운전불이행,건조,맑음,단일로 - 기타,승용,남,60세,상해없음,승용,남,24세,경상
2017081100100515,2017년 8월 11일 18시,금요일,부산광역시 사하구 다대동,경상사고,0,0,1,0,차대차 - 측면충돌,차로위반,건조,맑음,교차로 - 교차로부근,화물,남,33세,상해없음,이륜,남,19세,경상
2017081100100556,2017년 8월 11일 19시,금요일,부산광역시 해운대구 재송동,중상사고,0,1,0,0,차대사람 - 횡단중,신호위반,건조,맑음,교차로 - 교차로안,화물,남,35세,상해없음,보행자,여,74세,중상
2017081100100598,2017년 8월 11일 20시,금요일,부산광역시 남구 대연동,중상사고,0,1,5,0,차대차 - 추돌,안전거리미확보,건조,맑음,단일로 - 기타,승용,남,46세,상해없음,승용,여,54세,경상
2017081100100599,2017년 8월 11일 20시,금요일,부산광역시 남구 용호동,경상사고,0,0,1,0,차대사람 - 횡단중,보행자보호의무위반,건조,맑음,단일로 - 기타,이륜,남,18세,상해없음,보행자,여,44세,경상
2017081100100600,2017년 8월 11일 20시,금요일,부산광역시 해운대구 송정동,경상사고,0,0,1,0,차대사람 - 횡단중,신호위반,건조,맑음,교차로 - 교차로횡단보도내,승용,남,47세,상해없음,보행자,여,22세,경상
2017081100100601,2017년 8월 11일 20시,금요일,부산광역시 수영구 망미동,부상신고사고,0,0,0,1,차대사람 - 기타,안전운전불이행,건조,맑음,교차로 - 교차로안,화물,남,28세,상해없음,보행자,여,52세,부상신고
2017081100100649,2017년 8월 11일 21시,금요일,부산광역시 동래구 명륜동,중상사고,0,1,0,0,차대사람 - 횡단중,안전운전불이행,건조,맑음,단일로 - 기타,승용,남,25세,상해없음,보행자,남,22세,중상
2017081100100673,2017년 8월 11일 22시,금요일,부산광역시 남구 대연동,경상사고,0,0,1,0,차량단독 - 기타,안전운전불이행,건조,맑음,단일로 - 기타,승합,남,44세,상해없음,,,,
2017081100100701,2017년 8월 11일 23시,금요일,부산광역시 동구 초량동,중상사고,0,1,0,0,차대사람 - 횡단중,안전운전불이행,건조,맑음,단일로 - 기타,승용,남,33세,상해없음,보행자,남,66세,중상
2017081100100702,2017년 8월 11일 23시,금요일,부산광역시 동구 범일동,경상사고,0,0,1,0,차량단독 - 기타,안전운전불이행,건조,맑음,교차로 - 교차로부근,승합,남,57세,상해없음,,,,
2017081100100703,2017년 8월 11일 23시,금요일,부산광역시 서구 토성동3가,경상사고,0,0,1,0,차대차 - 기타,안전운전불이행,건조,맑음,단일로 - 기타,승용,남,73세,상해없음,승용,남,55세,경상
2017081200100033,2017년 8월 12일 00시,토요일,부산광역시 북구 구포동,중상사고,0,1,0,0,차대차 - 추돌,안전운전불이행,건조,맑음,단일로 - 기타,승용,남,64세,상해없음,승용,남,46세,중상
2017081200100034,2017년 8월 12일 00시,토요일,부산광역시 기장군 기장읍,경상사고,0,0,1,0,차대차 - 추돌,신호위반,건조,맑음,교차로 - 교차로안,승용,남,45세,상해없음,화물,여,60세,경상
2017081200100046,2017년 8월 12일 01시,토요일,부산광역시 동래구 낙민동,중상사고,0,1,3,0,차대차 - 추돌,안전운전불이행,건조,맑음,단일로 - 기타,승용,남,63세,상해없음,승용,남,48세,경상
2017081200100047,2017년 8월 12일 01시,토요일,부산광역시 부산진구 가야동,경상사고,0,0,3,0,차대차 - 추돌,안전운전불이행,건조,맑음,단일로 - 기타,승용,남,57세,상해없음,승용,여,24세,경상
2017081200100068,2017년 8월 12일 02시,토요일,부산광역시 북구 덕천동,경상사고,0,0,1,0,차대사람 - 횡단중,안전운전불이행,건조,맑음,단일로 - 기타,원동기,남,20세,상해없음,보행자,여,24세,경상
2017081200100069,2017년 8월 12일 02시,토요일,부산광역시 동래구 사직동,경상사고,0,0,2,0,차대차 - 기타,안전거리미확보,건조,맑음,단일로 - 기타,승용,남,41세,상해없음,승용,남,55세,경상
2017081200100079,2017년 8월 12일 03시,토요일,부산광역시 동구 좌천동,중상사고,0,1,0,0,차대차 - 기타,안전운전불이행,건조,맑음,단일로 - 기타,승용,남,59세,중상,승용,남,68세,기타불명
2017081200100080,2017년 8월 12일 03시,토요일,부산광역시 해운대구 우동,경상사고,0,0,1,0,차대차 - 측면충돌,안전운전불이행,건조,맑음,단일로 - 기타,승용,남,28세,상해없음,승용,남,22세,경상
2017081200100115,2017년 8월 12일 06시,토요일,부산광역시 중구 남포동5가,경상사고,0,0,1,0,차대사람 - 기타,안전운전불이행,건조,맑음,단일로 - 기타,승용,남,61세,상해없음,보행자,남,17세,경상
2017081200100134,2017년 8월 12일 07시,토요일,부산광역시 사상구 주례동,경상사고,0,0,1,0,차대차 - 추돌,안전거리미확보,건조,맑음,단일로 - 기타,승용,남,43세,상해없음,승합,남,53세,경상
2017081200100155,2017년 8월 12일 08시,토요일,부산광역시 수영구 광안동,경상사고,0,0,1,0,차대사람 - 기타,안전운전불이행,건조,맑음,교차로 - 교차로안,승용,남,27세,상해없음,보행자,여,71세,경상
2017081200100209,2017년 8월 12일 10시,토요일,부산광역시 기장군 일광면,중상사고,0,2,4,6,차대차 - 측면충돌,신호위반,건조,맑음,교차로 - 교차로안,승합,남,40세,상해없음,건설기계,남,32세,상해없음
2017081200100236,2017년 8월 12일 11시,토요일,부산광역시 해운대구 석대동,경상사고,0,0,1,0,차대차 - 기타,안전거리미확보,건조,맑음,교차로 - 교차로부근,승용,남,43세,상해없음,승용,남,33세,경상
2017081200100272,2017년 8월 12일 12시,토요일,부산광역시 북구 덕천동,중상사고,0,1,0,0,차대차 - 기타,안전운전불이행,건조,맑음,단일로 - 기타,화물,남,64세,상해없음,이륜,남,27세,중상