사고번호,사고일시,요일,시군구,사고내용,사망자수,중상자수,경상자수,부상신고자수,사고유형,법규위반,노면상태,기상상태,도로형태,가해운전자 차종,가해운전자 성별,가해운전자 연령,가해운전자 상해정도,피해운전자 차종,피해운전자 성별,피해운전자 연령,피해운전자 상해정도
2017081200100273,2017년 8월 12일 12시,토요일,부산광역시 부산진구 전포동,중상사고,0,1,0,0,차대차 - 측면충돌,안전운전불이행,건조,맑음,단일로 - 기타,승용,남,75세,상해없음,이륜,남,40세,중상
2017081200100274,2017년 8월 12일 12시,토요일,부산광역시 사상구 괘법동,경상사고,0,0,3,0,차대차 - 측면충돌,교차로운행방법위반,건조,맑음,교차로 - 교차로안,승용,여,56세,경상,승용,남,23세,경상
2017081200100275,2017년 8월 12일 12시,토요일,부산광역시 사상구 괘법동,경상사고,0,0,3,0,차대차 - 추돌,안전운전불이행,건조,맑음,단일로 - 기타,승용,여,37세,경상,승용,여,56세,경상
2017081200100339,2017년 8월 12일 14시,토요일,부산광역시 수영구 남천동,중상사고,0,1,1,0,차대차 - 측면충돌,안전운전불이행,건조,맑음,단일로 - 기타,승용,남,55세,상해없음,승용,여,38세,중상
2017081200100340,2017년 8월 12일 14시,토요일,부산광역시 부산진구 개금동,중상사고,0,1,0,0,차대사람 - 기타,안전운전불이행,건조,기타,단일로 - 기타,승용,남,54세,상해없음,보행자,남,81세,중상
2017081200100372,2017년 8월 12일 15시,토요일,부산광역시 남구 용호동,경상사고,0,0,2,0,차대차 - 기타,차로위반,건조,맑음,기타 - 기타,건설기계,남,72세,상해없음,승용,남,48세,경상
2017081200100373,2017년 8월 12일 15시,토요일,부산광역시 금정구 청룡동,경상사고,0,0,1,0,차대차 - 정면충돌,신호위반,건조,맑음,단일로 - 기타,승용,남,25세,상해없음,승용,여,46세,경상
2017081200100374,2017년 8월 12일 15시,토요일,부산광역시 기장군 정관읍,경상사고,0,0,1,0,차대차 - 측면충돌,안전운전불이행,건조,맑음,교차로 - 교차로안,승용,남,62세,상해없음,이륜,남,33세,경상
2017081200100419,2017년 8월 12일 17시,토요일,부산광역시 부산진구 전포동,부상신고사고,0,0,0,1,차대차 - 기타,안전운전불이행,건조,맑음,교차로 - 교차로안,이륜,남,39세,부상신고,승용,남,52세,상해없음
2017081200100420,2017년 8월 12일 17시,토요일,부산광역시 부산진구 전포동,중상사고,0,2,0,0,차대차 - 기타,차로위반,건조,맑음,단일로 - 기타,승용,여,45세,상해없음,이륜,남,72세,중상
2017081200100449,2017년 8월 12일 18시,토요일,부산광역시 영도구 신선동1가,경상사고,0,0,1,0,차대차 - 정면충돌,중앙선침범,건조,맑음,단일로 - 기타,이륜,남,46세,상해없음,승용,남,60세,상해없음
2017081200100483,2017년 8월 12일 19시,토요일,부산광역시 부산진구 개금동,부상신고사고,0,0,0,1,차대차 - 기타,교차로운행방법위반,건조,맑음,교차로 - 교차로안,원동기,남,21세,부상신고,승합,남,66세,상해없음
2017081200100506,2017년 8월 12일 20시,토요일,부산광역시 동구 초량동,중상사고,0,1,0,0,차대차 - 측면충돌,교차로운행방법위반,건조,맑음,교차로 - 교차로안,승용,남,67세,상해없음,이륜,남,34세,중상
2017081200100507,2017년 8월 12일 20시,토요일,부산광역시 부산진구 부전동,경상사고,0,0,1,0,차대차 - 정면충돌,신호위반,건조,맑음,교차로 - 교차로횡단보도내,승용,남,20세,상해없음,이륜,남,20세,경상
2017081200100508,2017년 8월 12일 20시,토요일,부산광역시 부산진구 당감동,경상사고,0,0,1,0,차대차 - 추돌,안전거리미확보,건조,맑음,단일로 - 기타,승용,남,50세,상해없음,승용,남,57세,경상
2017081200100539,2017년 8월 12일 21시,토요일,부산광역시 수영구 민락동,경상사고,0,0,1,0,차대차 - 측면충돌,중앙선침범,건조,맑음,단일로 - 기타,승용,남,57세,상해없음,승용,남,64세,경상
2017081200100540,2017년 8월 12일 21시,토요일,부산광역시 부산진구 부전동,부상신고사고,0,0,0,3,차대차 - 추돌,안전운전불이행,건조,맑음,단일로 - 기타,승용,남,24세,상해없음,승용,여,29세,상해없음
2017081200100584,2017년 8월 12일 23시,토요일,부산광역시 동래구 안락동,중상사고,0,1,0,0,차대사람 - 횡단중,보행자보호의무위반,건조,맑음,교차로 - 교차로횡단보도내,승용,여,32세,상해없음,보행자,여,70세,중상
2017081200100585,2017년 8월 12일 23시,토요일,부산광역시 해운대구 중동,경상사고,0,0,2,0,차대사람 - 횡단중,안전운전불이행,건조,맑음,교차로 - 교차로안,승용,남,25세,상해없음,보행자,남,20세,경상
2017081200100586,2017년 8월 12일 23시,토요일,부산광역시 연제구 연산동,경상사고,0,0,1,0,차대사람 - 횡단중,기타,기타,기타,단일로 - 기타,승용,남,22세,상해없음,보행자,남,57세,경상
2017081300100016,2017년 8월 13일 00시,일요일,부산광역시 사상구 엄궁동,중상사고,0,1,0,0,차대사람 - 횡단중,안전운전불이행,건조,맑음,단일로 - 기타,승용,남,22세,상해없음,보행자,남,51세,중상
2017081300100017,2017년 8월 13일 00시,일요일,부산광역시 금정구 두구동,중상사고,0,1,0,0,차대사람 - 기타,안전운전불이행,건조,맑음,단일로 - 기타,승용,여,48세,상해없음,보행자,남,53세,중상
2017081300100048,2017년 8월 13일 02시,일요일,부산광역시 부산진구 부전동,경상사고,0,0,1,0,차대사람 - 횡단중,안전운전불이행,건조,맑음,단일로 - 기타,승합,남,46세,상해없음,보행자,남,20세,경상
2017081300100049,2017년 8월 13일 02시,일요일,부산광역시 기장군 일광면,중상사고,0,1,0,0,차대사람 - 기타,안전운전불이행,건조,맑음,단일로 - 기타,승용,남,40세,상해없음,보행자,남,26세,중상
2017081300100060,2017년 8월 13일 03시,일요일,부산광역시 사상구 괘법동,경상사고,0,0,1,0,차대사람 - 길가장자리구역통행중,안전운전불이행,건조,맑음,단일로 - 기타,승용,남,33세,상해없음,보행자,여,19세,경상
2017081300100074,2017년 8월 13일 04시,일요일,부산광역시 부산진구 전포동,경상사고,0,0,1,0,차대사람 - 횡단중,안전운전불이행,건조,맑음,단일로 - 기타,승용,남,56세,상해없음,보행자,남,46세,경상
2017081300100096,2017년 8월 13일 07시,일요일,부산광역시 부산진구 범전동,경상사고,0,0,2,0,차대차 - 정면충돌,안전거리미확보,건조,맑음,단일로 - 기타,승용,여,25세,상해없음,승용,남,57세,경상
2017081300100100,2017년 8월 13일 08시,일요일,부산광역시 해운대구 반여동,부상신고사고,0,0,0,1,차대차 - 기타,안전운전불이행,건조,맑음,교차로 - 교차로안,이륜,남,30세,부상신고,승용,남,41세,상해없음
2017081300100115,2017년 8월 13일 09시,일요일,부산광역시 동구 초량동,경상사고,0,0,4,0,차대차 - 측면충돌,안전운전불이행,건조,맑음,단일로 - 기타,승용,여,19세,상해없음,승용,여,56세,경상
2017081300100157,2017년 8월 13일 11시,일요일,부산광역시 영도구 신선동1가,경상사고,0,0,1,0,차대사람 - 길가장자리구역통행중,안전운전불이행,건조,맑음,단일로 - 기타,승용,남,30세,상해없음,보행자,남,58세,경상
2017081300100179,2017년 8월 13일 12시,일요일,부산광역시 해운대구 반여동,경상사고,0,0,1,0,차대사람 - 기타,안전운전불이행,건조,맑음,단일로 - 기타,화물,남,58세,상해없음,보행자,여,75세,경상
2017081300100180,2017년 8월 13일 12시,일요일,부산광역시 사상구 삼락동,경상사고,0,0,1,0,차대차 - 기타,안전운전불이행,건조,맑음,단일로 - 기타,승용,남,53세,상해없음,자전거,남,55세,경상
2017081300100197,2017년 8월 13일 13시,일요일,부산광역시 북구 덕천동,경상사고,0,0,1,0,차대차 - 정면충돌,신호위반,건조,맑음,교차로 - 교차로횡단보도내,승용,여,30세,상해없음,이륜,남,24세,경상
2017081300100220,2017년 8월 13일 14시,일요일,부산광역시 북구 화명동,경상사고,0,0,3,0,차대차 - 측면충돌,안전운전불이행,건조,맑음,교차로 - 교차로안,승용,남,58세,경상,승용,남,46세,경상
2017081300100221,2017년 8월 13일 14시,일요일,부산광역시 해운대구 중동,경상사고,0,0,1,0,차대차 - 측면충돌,안전운전불이행,건조,맑음,교차로 - 교차로안,승용,남,83세,상해없음,승용,남,30세,경상
2017081300100222,2017년 8월 13일 14시,일요일,부산광역시 사하구 다대동,중상사고,0,1,0,0,차대차 - 측면충돌,안전운전불이행,건조,맑음,교차로 - 교차로안,승용,여,35세,상해없음,이륜,남,21세,중상
2017081300100223,2017년 8월 13일 14시,일요일,부산광역시 사상구 모라동,경상사고,0,0,3,0,차대차 - 측면충돌,안전거리미확보,건조,맑음,단일로 - 기타,승용,남,50세,상해없음,승용,남,47세,경상
2017081300100318,2017년 8월 13일 18시,일요일,부산광역시 동래구 명장동,부상신고사고,0,0,0,1,차대차 - 측면충돌,교차로운행방법위반,건조,맑음,교차로 - 교차로안,승용,여,32세,상해없음,원동기,남,18세,부상신고
2017081300100342,2017년 8월 13일 19시,일요일,부산광역시 해운대구 중동,경상사고,0,0,1,0,차대사람 - 기타,안전운전불이행,건조,맑음,단일로 - 기타,승용,남,28세,상해없음,보행자,남,33세,경상
2017081300100373,2017년 8월 13일 20시,일요일,부산광역시 영도구 봉래동1가,경상사고,0,0,1,0,차대차 - 후진중충돌,안전운전불이행,건조,맑음,교차로 - 교차로부근,승용,여,64세,상해없음,승용,남,47세,경상
2017081300100407,2017년 8월 13일 21시,일요일,부산광역시 연제구 연산동,경상사고,0,0,1,0,차대차 - 추돌,안전거리미확보,건조,맑음,교차로 - 교차로부근,화물,남,54세,상해없음,이륜,남,22세,경상
2017081300100408,2017년 8월 13일 21시,일요일,부산광역시 사상구 감전동,경상사고,0,0,2,0,차대차 - 측면충돌,안전거리미확보,건조,맑음,단일로 - 기타,승용,남,58세,상해없음,승용,남,26세,경상
2017081300100433,2017년 8월 13일 22시,일요일,부산광역시 남구 용호동,부상신고사고,0,0,0,1,차량단독 - 전도전복 - 전도,안전운전불이행,건조,맑음,단일로 - 기타,원동기,남,44세,부상신고,,,,
2017081400100021,2017년 8월 14일 00시,월요일,부산광역시 동구 초량동,경상사고,0,0,1,0,차대차 - 기타,안전거리미확보,건조,맑음,단일로 - 기타,화물,남,61세,상해없음,화물,남,40세,경상
2017081400100039,2017년 8월 14일 01시,월요일,부산광역시 부산진구 개금동,사망사고,1,0,0,0,차대차 - 기타,과속,건조,기타,단일로 - 고가도로위,승용,남,24세,상해없음,이륜,남,37세,사망
2017081400100057,2017년 8월 14일 04시,월요일,부산광역시 사상구 감전동,중상사고,0,2,5,0,차대차 - 추돌,안전운전불이행,젖음/습기,비,단일로 - 고가도로위,특수,남,38세,상해없음,승용,남,66세,중상
2017081400100058,2017년 8월 14일 04시,월요일,부산광역시 사상구 주례동,경상사고,0,0,2,0,차대차 - 측면충돌,안전운전불이행,젖음/습기,비,단일로 - 기타,특수,남,27세,상해없음,승용,남,24세,경상
2017081400100079,2017년 8월 14일 06시,월요일,부산광역시 수영구 민락동,중상사고,0,1,0,0,차대차 - 측면충돌,안전운전불이행,건조,흐림,단일로 - 기타,화물,남,39세,상해없음,자전거,여,54세,중상
2017081400100080,2017년 8월 14일 06시,월요일,부산광역시 사상구 주례동,경상사고,0,0,1,0,차대사람 - 횡단중,보행자보호의무위반,젖음/습기,흐림,교차로 - 교차로안,승용,남,52세,상해없음,보행자,여,24세,경상
2017081400100112,2017년 8월 14일 08시,월요일,부산광역시 동구 수정동,중상사고,0,1,1,0,차대차 - 기타,안전운전불이행,건조,맑음,단일로 - 기타,승용,여,43세,상해없음,승용,남,59세,중상
2017081400100113,2017년 8월 14일 08시,월요일,부산광역시 서구 암남동,경상사고,0,0,1,1,차대차 - 측면충돌,안전운전불이행,젖음/습기,비,교차로 - 교차로안,승용,여,32세,부상신고,건설기계,남,29세,경상
2017081400100114,2017년 8월 14일 08시,월요일,부산광역시 서구 서대신동1가,중상사고,0,1,0,0,차대사람 - 횡단중,안전운전불이행,젖음/습기,비,교차로 - 교차로부근,화물,남,53세,상해없음,보행자,남,57세,중상
2017081400100115,2017년 8월 14일 08시,월요일,부산광역시 동래구 온천동,중상사고,0,1,2,0,차대차 - 측면충돌,안전거리미확보,젖음/습기,비,단일로 - 기타,승용,남,65세,상해없음,승용,여,42세,중상
2017081400100116,2017년 8월 14일 08시,월요일,부산광역시 해운대구 우동,부상신고사고,0,0,0,1,차대차 - 측면충돌,신호위반,젖음/습기,비,교차로 - 교차로안,화물,남,53세,상해없음,이륜,여,27세,부상신고
2017081400100117,2017년 8월 14일 08시,월요일,부산광역시 기장군 기장읍,경상사고,0,0,1,0,차대사람 - 횡단중,신호위반,젖음/습기,비,교차로 - 교차로안,화물,남,61세,상해없음,보행자,여,37세,경상
2017081400100151,2017년 8월 14일 09시,월요일,부산광역시 부산진구 당감동,경상사고,0,0,2,0,차대차 - 기타,안전운전불이행,건조,맑음,단일로 - 터널,승용,남,32세,상해없음,승용,남,33세,경상
2017081400100178,2017년 8월 14일 10시,월요일,부산광역시 북구 덕천동,부상신고사고,0,0,0,1,차대차 - 정면충돌,신호위반,건조,맑음,단일로 - 기타,승용,남,32세,상해없음,원동기,남,27세,부상신고
2017081400100216,2017년 8월 14일 11시,월요일,부산광역시 동구 범일동,중상사고,0,1,5,0,차대차 - 추돌,안전운전불이행,젖음/습기,비,단일로 - 기타,승용,남,60세,상해없음,승용,남,47세,경상
2017081400100217,2017년 8월 14일 11시,월요일,부산광역시 남구 용당동,경상사고,0,0,3,0,차대차 - 추돌,안전거리미확보,젖음/습기,비,단일로 - 터널,승용,남,32세,상해없음,승용,남,34세,경상
2017081400100218,2017년 8월 14일 11시,월요일,부산광역시 동래구 사직동,경상사고,0,0,1,0,차대사람 - 차도통행중,안전운전불이행,젖음/습기,비,단일로 - 기타,화물,남,72세,상해없음,보행자,여,61세,경상
2017081400100258,2017년 8월 14일 12시,월요일,부산광역시 해운대구 반여동,중상사고,0,1,0,0,차대사람 - 기타,불법유턴,건조,맑음,단일로 - 기타,승용,여,39세,상해없음,보행자,남,37세,중상
2017081400100295,2017년 8월 14일 13시,월요일,부산광역시 동래구 명륜동,중상사고,0,1,0,0,차대차 - 측면충돌,신호위반,젖음/습기,비,단일로 - 기타,화물,남,73세,상해없음,이륜,남,45세,중상
2017081400100296,2017년 8월 14일 13시,월요일,부산광역시 동래구 안락동,경상사고,0,0,1,0,차대사람 - 차도통행중,안전운전불이행,젖음/습기,비,단일로 - 기타,승용,남,68세,상해없음,보행자,남,26세,경상
2017081400100297,2017년 8월 14일 13시,월요일,부산광역시 사하구 괴정동,중상사고,0,1,0,0,차대차 - 기타,안전운전불이행,젖음/습기,비,단일로 - 기타,승용,남,43세,상해없음,이륜,남,18세,중상
2017081400100298,2017년 8월 14일 13시,월요일,부산광역시 기장군 정관읍,경상사고,0,0,1,0,차대차 - 정면충돌,안전운전불이행,젖음/습기,맑음,교차로 - 교차로부근,화물,남,59세,상해없음,승용,여,46세,경상
2017081400100349,2017년 8월 14일 14시,월요일,부산광역시 남구 용호동,중상사고,0,1,0,0,차대차 - 측면충돌,안전운전불이행,젖음/습기,비,단일로 - 기타,승용,남,39세,상해없음,이륜,남,62세,중상
2017081400100350,2017년 8월 14일 14시,월요일,부산광역시 해운대구 우동,경상사고,0,0,1,0,차대차 - 추돌,직진우회전진행방해,건조,흐림,교차로 - 교차로안,승용,남,57세,상해없음,승용,남,23세,경상
2017081400100399,2017년 8월 14일 15시,월요일,부산광역시 부산진구 범천동,경상사고,0,0,1,0,차대차 - 측면충돌,안전거리미확보,건조,맑음,단일로 - 기타,화물,남,59세,상해없음,승용,남,37세,경상
2017081400100428,2017년 8월 14일 16시,월요일,부산광역시 수영구 광안동,경상사고,0,0,4,0,차대차 - 기타,안전운전불이행,건조,맑음,교차로 - 교차로부근,승용,남,71세,상해없음,화물,남,42세,기타불명
2017081400100429,2017년 8월 14일 16시,월요일,부산광역시 남구 문현동,경상사고,0,0,1,0,차량단독 - 기타,안전운전불이행,젖음/습기,흐림,단일로 - 기타,승합,남,59세,기타불명,,,,
2017081400100462,2017년 8월 14일 17시,월요일,부산광역시 사하구 다대동,중상사고,0,1,0,0,차대사람 - 횡단중,기타,건조,맑음,단일로 - 기타,승용,여,35세,상해없음,보행자,여,65세,중상
2017081400100463,2017년 8월 14일 17시,월요일,부산광역시 사하구 신평동,경상사고,0,0,3,0,차대차 - 측면충돌,신호위반,건조,맑음,교차로 - 교차로안,화물,남,51세,상해없음,승용,남,22세,경상
2017081400100505,2017년 8월 14일 18시,월요일,부산광역시 남구 용호동,중상사고,0,1,0,0,차대차 - 기타,안전운전불이행,건조,맑음,단일로 - 기타,승용,남,75세,상해없음,승용,여,46세,중상
2017081400100506,2017년 8월 14일 18시,월요일,부산광역시 사하구 하단동,경상사고,0,0,1,0,차대차 - 기타,안전거리미확보,젖음/습기,비,단일로 - 기타,승용,남,59세,상해없음,승합,남,41세,상해없음
2017081400100507,2017년 8월 14일 18시,월요일,부산광역시 사상구 주례동,경상사고,0,0,1,0,차대차 - 기타,안전운전불이행,젖음/습기,비,단일로 - 기타,승합,남,64세,상해없음,원동기,남,18세,경상
2017081400100553,2017년 8월 14일 19시,월요일,부산광역시 금정구 남산동,경상사고,0,0,1,0,차대차 - 측면충돌,직진우회전진행방해,건조,맑음,교차로 - 교차로안,화물,남,64세,상해없음,승용,남,42세,경상
2017081400100554,2017년 8월 14일 19시,월요일,부산광역시 기장군 정관읍,중상사고,0,1,1,0,차대차 - 측면충돌,신호위반,젖음/습기,비,교차로 - 교차로안,이륜,남,41세,중상,승용,남,35세,경상
2017081400100593,2017년 8월 14일 20시,월요일,부산광역시 해운대구 좌동,중상사고,0,1,0,0,차대차 - 기타,안전거리미확보,젖음/습기,흐림,교차로 - 교차로부근,승용,남,33세,상해없음,이륜,남,37세,중상
2017081400100594,2017년 8월 14일 20시,월요일,부산광역시 해운대구 중동,중상사고,0,2,1,0,차대차 - 측면충돌,안전운전불이행,젖음/습기,비,교차로 - 교차로안,승용,남,51세,상해없음,승용,여,52세,중상
2017081400100595,2017년 8월 14일 20시,월요일,부산광역시 해운대구 우동,경상사고,0,0,1,0,차대사람 - 횡단중,신호위반,젖음/습기,비,교차로 - 교차로부근,이륜,남,23세,기타불명,보행자,여,25세,경상
2017081400100596,2017년 8월 14일 20시,월요일,부산광역시 금정구 부곡동,경상사고,0,0,1,0,차대차 - 측면충돌,직진우회전진행방해,건조,맑음,교차로 - 교차로안,승용,남,34세,상해없음,승용,남,66세,상해없음
2017081400100632,2017년 8월 14일 21시,월요일,부산광역시 수영구 남천동,경상사고,0,0,1,0,차대차 - 측면충돌,안전거리미확보,젖음/습기,비,단일로 - 기타,승용,남,58세,상해없음,이륜,남,31세,경상
2017081400100633,2017년 8월 14일 21시,월요일,부산광역시 해운대구 좌동,중상사고,0,2,0,0,차대차 - 측면충돌,교차로운행방법위반,건조,맑음,교차로 - 교차로안,승합,남,62세,상해없음,승용,남,38세,중상
2017081400100634,2017년 8월 14일 21시,월요일,부산광역시 사상구 학장동,중상사고,0,1,0,0,차대사람 - 횡단중,신호위반,젖음/습기,비,교차로 - 교차로안,승용,남,47세,상해없음,보행자,여,15세,중상
2017081400100635,2017년 8월 14일 21시,월요일,부산광역시 사상구 괘법동,중상사고,0,1,0,1,차대차 - 측면충돌,교차로운행방법위반,젖음/습기,비,교차로 - 교차로안,승용,남,30세,상해없음,승용,여,50세,중상
2017081400100673,2017년 8월 14일 22시,월요일,부산광역시 해운대구 재송동,경상사고,0,0,2,0,차대차 - 추돌,안전운전불이행,젖음/습기,비,단일로 - 기타,승용,남,49세,상해없음,승용,남,50세,경상
2017081400100702,2017년 8월 14일 23시,월요일,부산광역시 부산진구 연지동,경상사고,0,0,3,0,차대차 - 정면충돌,중앙선침범,젖음/습기,흐림,교차로 - 교차로부근,승용,남,72세,상해없음,승용,남,56세,경상
2017081400100703,2017년 8월 14일 23시,월요일,부산광역시 사하구 하단동,중상사고,0,1,0,0,차대사람 - 횡단중,안전운전불이행,젖음/습기,비,단일로 - 기타,승용,여,34세,상해없음,보행자,남,49세,중상
2017081400100704,2017년 8월 14일 23시,월요일,부산광역시 사상구 괘법동,경상사고,0,0,1,0,차대차 - 측면충돌,신호위반,젖음/습기,비,교차로 - 교차로안,승합,남,36세,상해없음,승용,여,37세,경상
2017081500100021,2017년 8월 15일 00시,화요일,부산광역시 해운대구 우동,경상사고,0,0,1,0,차대사람 - 횡단중,신호위반,젖음/습기,비,단일로 - 기타,이륜,남,30세,상해없음,보행자,여,49세,경상
2017081500100042,2017년 8월 15일 01시,화요일,부산광역시 동구 범일동,경상사고,0,0,2,0,차대차 - 기타,신호위반,젖음/습기,비,교차로 - 교차로안,기타불명,기타불명,미분류,기타불명,승용,남,58세,경상
2017081500100043,2017년 8월 15일 01시,화요일,부산광역시 동래구 낙민동,부상신고사고,0,0,0,2,차대차 - 기타,안전운전불이행,건조,맑음,단일로 - 기타,승용,남,55세,상해없음,기타불명,기타불명,미분류,기타불명
2017081500100044,2017년 8월 15일 01시,화요일,부산광역시 연제구 연산동,중상사고,0,1,2,0,차대차 - 정면충돌,안전운전불이행,젖음/습기,비,교차로 - 교차로부근,승용,남,58세,상해없음,승용,남,49세,경상
2017081500100059,2017년 8월 15일 02시,화요일,부산광역시 사하구 장림동,중상사고,0,1,0,0,차대사람 - 횡단중,안전운전불이행,젖음/습기,비,단일로 - 기타,승용,남,25세,상해없음,보행자,남,66세,중상
2017081500100072,2017년 8월 15일 03시,화요일,부산광역시 해운대구 중동,경상사고,0,0,1,0,차대사람 - 기타,안전운전불이행,젖음/습기,흐림,단일로 - 기타,승용,남,25세,상해없음,보행자,남,34세,경상
2017081500100106,2017년 8월 15일 05시,화요일,부산광역시 중구 보수동3가,경상사고,0,0,1,0,차대차 - 측면충돌,교차로운행방법위반,젖음/습기,흐림,교차로 - 교차로안,승용,남,45세,상해없음,이륜,남,25세,경상
2017081500100107,2017년 8월 15일 05시,화요일,부산광역시 동래구 명장동,중상사고,0,1,1,0,차대차 - 정면충돌,중앙선침범,젖음/습기,비,단일로 - 기타,승용,남,46세,상해없음,승용,남,61세,경상
2017081500100135,2017년 8월 15일 07시,화요일,부산광역시 해운대구 반여동,경상사고,0,0,2,0,차대차 - 추돌,안전운전불이행,젖음/습기,비,단일로 - 기타,승용,남,65세,상해없음,화물,남,55세,상해없음
2017081500100142,2017년 8월 15일 08시,화요일,부산광역시 금정구 부곡동,경상사고,0,0,2,0,차대차 - 측면충돌,안전거리미확보,건조,맑음,단일로 - 기타,건설기계,남,54세,상해없음,승용,여,55세,경상
2017081500100172,2017년 8월 15일 10시,화요일,부산광역시 남구 용호동,경상사고,0,0,2,0,차대차 - 추돌,안전운전불이행,건조,맑음,단일로 - 기타,승용,남,41세,상해없음,승용,남,55세,경상
2017081500100245,2017년 8월 15일 14시,화요일,부산광역시 서구 암남동,경상사고,0,0,1,0,차대차 - 측면충돌,안전운전불이행,건조,맑음,교차로 - 교차로안,원동기,남,26세,경상,승용,남,60세,상해없음
2017081500100246,2017년 8월 15일 14시,화요일,부산광역시 연제구 연산동,중상사고,0,1,0,0,차대사람 - 길가장자리구역통행중,안전운전불이행,건조,맑음,단일로 - 기타,승용,남,24세,상해없음,보행자,여,54세,중상
2017081500100277,2017년 8월 15일 15시,화요일,부산광역시 동구 초량동,경상사고,0,0,1,0,차대차 - 추돌,차로위반,건조,맑음,단일로 - 기타,승용,여,51세,상해없음,자전거,남,38세,경상
2017081500100278,2017년 8월 15일 15시,화요일,부산광역시 해운대구 좌동,경상사고,0,0,1,0,차대차 - 기타,기타,건조,맑음,단일로 - 기타,승용,여,43세,상해없음,이륜,남,29세,경상
2017081500100300,2017년 8월 15일 16시,화요일,부산광역시 해운대구 반여동,경상사고,0,0,1,1,차대차 - 측면충돌,안전운전불이행,건조,맑음,교차로 - 교차로안,이륜,남,22세,부상신고,승용,남,32세,경상
2017081500100321,2017년 8월 15일 17시,화요일,부산광역시 부산진구 당감동,경상사고,0,0,3,0,차대차 - 측면충돌,신호위반,건조,맑음,교차로 - 교차로안,승용,남,33세,상해없음,승용,여,33세,경상
2017081500100351,2017년 8월 15일 18시,화요일,부산광역시 사하구 다대동,경상사고,0,0,6,0,차대차 - 측면충돌,안전운전불이행,건조,맑음,단일로 - 기타,승용,남,25세,상해없음,승용,남,42세,경상
2017081500100352,2017년 8월 15일 18시,화요일,부산광역시 사하구 신평동,경상사고,0,0,1,0,차대차 - 측면충돌,안전운전불이행,건조,맑음,교차로 - 교차로안,승용,남,56세,상해없음,원동기,남,41세,경상
2017081500100353,2017년 8월 15일 18시,화요일,부산광역시 사하구 괴정동,중상사고,0,1,0,0,차대차 - 측면충돌,안전운전불이행,건조,맑음,단일로 - 기타,승용,남,72세,상해없음,원동기,남,46세,중상
2017081500100387,2017년 8월 15일 19시,화요일,부산광역시 해운대구 반송동,중상사고,0,1,0,0,차대차 - 측면충돌,신호위반,건조,맑음,교차로 - 교차로안,승용,남,74세,상해없음,이륜,남,35세,중상
2017081500100388,2017년 8월 15일 19시,화요일,부산광역시 금정구 구서동,중상사고,0,1,0,0,차대사람 - 기타,신호위반,건조,맑음,교차로 - 교차로안,승용,남,79세,상해없음,보행자,여,78세,중상
2017081500100421,2017년 8월 15일 20시,화요일,부산광역시 남구 대연동,중상사고,0,1,0,0,차대차 - 기타,안전운전불이행,건조,흐림,단일로 - 기타,승용,남,43세,상해없음,이륜,남,43세,중상
2017081500100422,2017년 8월 15일 20시,화요일,부산광역시 사하구 괴정동,부상신고사고,0,0,0,1,차대사람 - 기타,불법유턴,건조,맑음,교차로 - 교차로부근,승용,남,36세,상해없음,보행자,남,55세,부상신고
2017081500100423,2017년 8월 15일 20시,화요일,부산광역시 강서구 신호동,중상사고,0,2,0,0,차대사람 - 횡단중,안전운전불이행,건조,맑음,단일로 - 기타,승용,여,31세,상해없음,보행자,남,50세,중상
2017081500100458,2017년 8월 15일 21시,화요일,부산광역시 강서구 명지동,중상사고,0,1,0,0,차대차 - 기타,신호위반,건조,맑음,교차로 - 교차로안,승용,남,37세,상해없음,승용,남,29세,중상
2017081500100515,2017년 8월 15일 23시,화요일,부산광역시 동구 범일동,중상사고,0,1,0,0,차대사람 - 횡단중,안전운전불이행,건조,맑음,교차로 - 교차로안,승용,남,64세,상해없음,보행자,남,57세,중상
2017081500100516,2017년 8월 15일 23시,화요일,부산광역시 수영구 민락동,경상사고,0,0,1,0,차대사람 - 기타,안전운전불이행,건조,맑음,단일로 - 기타,자전거,남,18세,상해없음,보행자,여,18세,경상
2017081600100023,2017년 8월 16일 00시,수요일,부산광역시 수영구 광안동,경상사고,0,0,2,0,차대차 - 기타,안전운전불이행,건조,맑음,단일로 - 기타,승용,남,35세,상해없음,승용,남,46세,상해없음
2017081600100024,2017년 8월 16일 00시,수요일,부산광역시 사상구 덕포동,경상사고,0,0,1,0,차대사람 - 횡단중,안전운전불이행,젖음/습기,흐림,단일로 - 기타,승용,남,66세,상해없음,보행자,여,42세,경상
2017081600100044,2017년 8월 16일 01시,수요일,부산광역시 해운대구 중동,경상사고,0,0,1,0,차대차 - 측면충돌,안전운전불이행,젖음/습기,비,교차로 - 교차로부근,승용,여,46세,상해없음,이륜,남,22세,경상
2017081600100045,2017년 8월 16일 01시,수요일,부산광역시 강서구 대저2동,중상사고,0,1,0,0,차량단독 - 공작물충돌,안전운전불이행,건조,맑음,교차로 - 교차로부근,이륜,남,15세,상해없음,,,,