사고번호,사고일시,요일,시군구,사고내용,사망자수,중상자수,경상자수,부상신고자수,사고유형,법규위반,노면상태,기상상태,도로형태,가해운전자 차종,가해운전자 성별,가해운전자 연령,가해운전자 상해정도,피해운전자 차종,피해운전자 성별,피해운전자 연령,피해운전자 상해정도
2017082600100162,2017년 8월 26일 08시,토요일,부산광역시 동래구 안락동,경상사고,0,0,4,0,차대차 - 추돌,안전운전불이행,건조,맑음,단일로 - 기타,승합,남,40세,상해없음,승용,남,37세,경상
2017082600100180,2017년 8월 26일 09시,토요일,부산광역시 연제구 연산동,중상사고,0,1,0,0,차대차 - 측면충돌,안전거리미확보,건조,맑음,단일로 - 기타,승용,남,60세,상해없음,승용,남,33세,중상
2017082600100210,2017년 8월 26일 10시,토요일,부산광역시 중구 부평동1가,중상사고,0,1,0,0,차대사람 - 차도통행중,안전운전불이행,건조,맑음,단일로 - 기타,화물,남,49세,상해없음,보행자,여,75세,중상
2017082600100211,2017년 8월 26일 10시,토요일,부산광역시 북구 덕천동,경상사고,0,0,1,0,차대사람 - 기타,안전운전불이행,건조,맑음,단일로 - 기타,화물,남,54세,상해없음,보행자,남,42세,경상
2017082600100212,2017년 8월 26일 10시,토요일,부산광역시 동래구 온천동,경상사고,0,0,1,0,차대차 - 추돌,안전거리미확보,건조,맑음,교차로 - 교차로안,승용,여,47세,상해없음,승용,여,44세,경상
2017082600100213,2017년 8월 26일 10시,토요일,부산광역시 영도구 청학동,중상사고,0,1,0,0,차대사람 - 횡단중,안전운전불이행,건조,맑음,교차로 - 교차로부근,승용,남,70세,상해없음,보행자,여,69세,중상
2017082600100241,2017년 8월 26일 11시,토요일,부산광역시 서구 서대신동2가,경상사고,0,0,1,0,차대차 - 측면충돌,교차로운행방법위반,건조,맑음,교차로 - 교차로안,승용,남,46세,상해없음,승합,여,47세,경상
2017082600100242,2017년 8월 26일 11시,토요일,부산광역시 북구 화명동,중상사고,0,1,0,0,차대차 - 측면충돌,안전운전불이행,건조,맑음,단일로 - 기타,승용,남,64세,상해없음,자전거,남,13세,중상
2017082600100243,2017년 8월 26일 11시,토요일,부산광역시 동래구 온천동,중상사고,0,1,0,0,차대차 - 측면충돌,안전운전불이행,건조,맑음,단일로 - 기타,승용,남,22세,상해없음,자전거,남,75세,중상
2017082600100244,2017년 8월 26일 11시,토요일,부산광역시 동래구 안락동,중상사고,0,2,2,0,차대차 - 추돌,안전운전불이행,건조,맑음,단일로 - 기타,승용,남,29세,상해없음,승용,남,40세,중상
2017082600100280,2017년 8월 26일 12시,토요일,부산광역시 북구 만덕동,중상사고,0,1,0,0,차대차 - 측면충돌,안전거리미확보,건조,맑음,단일로 - 기타,승용,남,58세,상해없음,승용,여,35세,중상
2017082600100281,2017년 8월 26일 12시,토요일,부산광역시 연제구 연산동,경상사고,0,0,1,0,차대차 - 측면충돌,안전거리미확보,건조,맑음,단일로 - 기타,건설기계,남,47세,상해없음,승용,여,56세,경상
2017082600100325,2017년 8월 26일 13시,토요일,부산광역시 영도구 남항동1가,중상사고,0,1,0,0,차대사람 - 횡단중,보행자보호의무위반,건조,맑음,교차로 - 교차로횡단보도내,화물,남,59세,상해없음,보행자,여,62세,중상
2017082600100326,2017년 8월 26일 13시,토요일,부산광역시 해운대구 우동,경상사고,0,0,2,0,차대차 - 추돌,안전운전불이행,건조,맑음,단일로 - 기타,승용,여,48세,상해없음,승용,남,60세,경상
2017082600100367,2017년 8월 26일 14시,토요일,부산광역시 연제구 연산동,부상신고사고,0,0,0,1,차대차 - 측면충돌,안전운전불이행,건조,맑음,단일로 - 기타,승용,여,50세,상해없음,승용,남,33세,상해없음
2017082600100410,2017년 8월 26일 15시,토요일,부산광역시 중구 남포동5가,중상사고,0,1,0,0,차대사람 - 횡단중,안전운전불이행,건조,맑음,교차로 - 교차로안,화물,남,76세,상해없음,보행자,남,57세,중상
2017082600100411,2017년 8월 26일 15시,토요일,부산광역시 금정구 구서동,경상사고,0,0,1,0,차대차 - 측면충돌,직진우회전진행방해,건조,맑음,교차로 - 교차로안,승용,여,28세,상해없음,승용,남,24세,경상
2017082600100447,2017년 8월 26일 16시,토요일,부산광역시 서구 서대신동3가,부상신고사고,0,0,0,1,차대차 - 측면충돌,안전운전불이행,건조,맑음,교차로 - 교차로부근,이륜,남,19세,부상신고,승용,남,48세,상해없음
2017082600100535,2017년 8월 26일 18시,토요일,부산광역시 부산진구 초읍동,중상사고,0,1,1,0,차대차 - 측면충돌,안전운전불이행,건조,맑음,단일로 - 기타,승용,여,51세,상해없음,승합,남,49세,상해없음
2017082600100576,2017년 8월 26일 19시,토요일,부산광역시 해운대구 반송동,경상사고,0,0,1,0,차대차 - 측면충돌,안전운전불이행,건조,맑음,단일로 - 기타,승용,남,53세,상해없음,이륜,남,72세,경상
2017082600100577,2017년 8월 26일 19시,토요일,부산광역시 부산진구 개금동,경상사고,0,0,1,0,차대사람 - 길가장자리구역통행중,안전운전불이행,건조,맑음,단일로 - 기타,이륜,남,52세,상해없음,보행자,여,20세,경상
2017082600100578,2017년 8월 26일 19시,토요일,부산광역시 수영구 수영동,경상사고,0,0,1,0,차대차 - 측면충돌,안전거리미확보,건조,맑음,단일로 - 기타,승용,남,55세,상해없음,이륜,남,29세,경상
2017082600100643,2017년 8월 26일 21시,토요일,부산광역시 수영구 광안동,중상사고,0,1,2,0,차대차 - 기타,기타,건조,맑음,단일로 - 기타,이륜,남,52세,상해없음,승용,여,30세,중상
2017082600100661,2017년 8월 26일 22시,토요일,부산광역시 영도구 대교동2가,경상사고,0,0,1,0,차대차 - 측면충돌,교차로운행방법위반,건조,맑음,교차로 - 교차로안,승용,남,40세,상해없음,승용,남,62세,경상
2017082600100684,2017년 8월 26일 23시,토요일,부산광역시 수영구 민락동,경상사고,0,0,1,0,차대차 - 측면충돌,신호위반,건조,맑음,교차로 - 교차로안,승용,남,60세,상해없음,승용,남,22세,상해없음
2017082600100685,2017년 8월 26일 23시,토요일,부산광역시 부산진구 전포동,중상사고,0,1,0,0,차대차 - 기타,안전운전불이행,건조,맑음,단일로 - 기타,이륜,남,33세,상해없음,이륜,남,29세,중상
2017082700100014,2017년 8월 27일 00시,일요일,부산광역시 영도구 대교동2가,중상사고,0,1,0,0,차대사람 - 기타,안전운전불이행,건조,맑음,단일로 - 기타,승합,남,55세,상해없음,보행자,남,58세,중상
2017082700100045,2017년 8월 27일 02시,일요일,부산광역시 수영구 광안동,경상사고,0,0,1,0,차대차 - 측면충돌,신호위반,건조,맑음,단일로 - 기타,승용,여,27세,상해없음,이륜,남,46세,경상
2017082700100046,2017년 8월 27일 02시,일요일,부산광역시 금정구 부곡동,경상사고,0,0,2,0,차대차 - 추돌,안전거리미확보,건조,맑음,단일로 - 기타,승용,남,25세,상해없음,승용,남,49세,경상
2017082700100065,2017년 8월 27일 03시,일요일,부산광역시 해운대구 우동,경상사고,0,0,1,0,차대사람 - 기타,신호위반,건조,맑음,교차로 - 교차로안,승용,남,64세,상해없음,보행자,남,32세,경상
2017082700100084,2017년 8월 27일 05시,일요일,부산광역시 수영구 민락동,경상사고,0,0,1,0,차대차 - 측면충돌,중앙선침범,건조,맑음,단일로 - 기타,승용,남,23세,상해없음,승용,남,40세,경상
2017082700100097,2017년 8월 27일 07시,일요일,부산광역시 동래구 명륜동,경상사고,0,0,1,0,차대사람 - 기타,안전운전불이행,건조,맑음,단일로 - 기타,자전거,남,38세,상해없음,보행자,여,58세,경상
2017082700100098,2017년 8월 27일 07시,일요일,부산광역시 부산진구 전포동,중상사고,0,1,2,0,차대차 - 기타,신호위반,건조,맑음,교차로 - 교차로안,승용,남,26세,상해없음,승용,남,58세,경상
2017082700100114,2017년 8월 27일 08시,일요일,부산광역시 해운대구 반송동,경상사고,0,0,2,0,차대차 - 후진중충돌,불법유턴,건조,맑음,단일로 - 교량,화물,남,52세,기타불명,승용,남,66세,경상
2017082700100161,2017년 8월 27일 11시,일요일,부산광역시 부산진구 가야동,부상신고사고,0,0,0,1,차대차 - 측면충돌,안전운전불이행,건조,맑음,교차로 - 교차로안,이륜,남,21세,부상신고,승용,남,54세,상해없음
2017082700100187,2017년 8월 27일 12시,일요일,부산광역시 북구 덕천동,경상사고,0,0,1,0,차대차 - 측면충돌,안전운전불이행,건조,맑음,단일로 - 기타,이륜,남,25세,경상,승용,남,46세,상해없음
2017082700100188,2017년 8월 27일 12시,일요일,부산광역시 강서구 송정동,중상사고,0,1,1,0,차대차 - 측면충돌,신호위반,건조,맑음,교차로 - 교차로안,승용,여,44세,기타불명,승용,여,39세,중상
2017082700100214,2017년 8월 27일 13시,일요일,부산광역시 사상구 엄궁동,경상사고,0,0,1,0,차량단독 - 기타,안전운전불이행,건조,맑음,단일로 - 기타,승합,남,47세,상해없음,,,,
2017082700100242,2017년 8월 27일 14시,일요일,부산광역시 해운대구 우동,경상사고,0,0,7,0,차대차 - 측면충돌,안전거리미확보,건조,맑음,단일로 - 기타,승용,여,56세,상해없음,승용,남,25세,경상
2017082700100265,2017년 8월 27일 15시,일요일,부산광역시 동래구 안락동,경상사고,0,0,1,0,차대차 - 측면충돌,안전운전불이행,건조,맑음,교차로 - 교차로안,승용,남,68세,상해없음,승용,여,42세,경상
2017082700100296,2017년 8월 27일 16시,일요일,부산광역시 해운대구 우동,경상사고,0,0,1,0,차대차 - 기타,안전운전불이행,건조,맑음,단일로 - 기타,승용,여,41세,상해없음,승용,남,27세,경상
2017082700100297,2017년 8월 27일 16시,일요일,부산광역시 부산진구 전포동,경상사고,0,0,1,0,차대차 - 기타,안전거리미확보,건조,맑음,교차로 - 교차로부근,승용,남,70세,상해없음,승용,남,58세,상해없음
2017082700100329,2017년 8월 27일 17시,일요일,부산광역시 북구 덕천동,경상사고,0,0,1,0,차대차 - 추돌,안전운전불이행,건조,맑음,단일로 - 기타,화물,남,51세,상해없음,승용,남,43세,상해없음
2017082700100330,2017년 8월 27일 17시,일요일,부산광역시 사상구 주례동,중상사고,0,1,0,0,차대사람 - 차도통행중,안전운전불이행,건조,맑음,단일로 - 기타,승용,남,52세,기타불명,보행자,남,11세,중상
2017082700100408,2017년 8월 27일 20시,일요일,부산광역시 기장군 기장읍,중상사고,0,1,0,0,차대차 - 측면충돌,교차로운행방법위반,건조,맑음,교차로 - 교차로안,원동기,남,17세,중상,승용,남,45세,상해없음
2017082700100429,2017년 8월 27일 21시,일요일,부산광역시 남구 대연동,경상사고,0,0,1,0,차대사람 - 차도통행중,안전운전불이행,건조,맑음,단일로 - 기타,승용,남,50세,상해없음,보행자,남,32세,경상
2017082700100470,2017년 8월 27일 23시,일요일,부산광역시 남구 용호동,경상사고,0,0,6,0,차대차 - 측면충돌,안전운전불이행,건조,맑음,단일로 - 기타,승용,남,18세,상해없음,승합,남,46세,경상
2017082800100018,2017년 8월 28일 00시,월요일,부산광역시 연제구 연산동,경상사고,0,0,1,0,차대차 - 기타,안전운전불이행,건조,맑음,단일로 - 기타,이륜,남,17세,상해없음,승용,남,27세,경상
2017082800100064,2017년 8월 28일 06시,월요일,부산광역시 부산진구 양정동,중상사고,0,1,0,0,차대차 - 측면충돌,신호위반,건조,맑음,교차로 - 교차로안,승용,남,41세,상해없음,원동기,남,45세,중상
2017082800100076,2017년 8월 28일 07시,월요일,부산광역시 부산진구 부전동,중상사고,0,1,0,0,차대차 - 측면충돌,신호위반,건조,맑음,교차로 - 교차로안,승합,남,66세,상해없음,이륜,남,56세,중상
2017082800100077,2017년 8월 28일 07시,월요일,부산광역시 연제구 연산동,경상사고,0,0,2,0,차대차 - 추돌,안전운전불이행,건조,맑음,단일로 - 기타,승용,여,47세,상해없음,승합,남,56세,경상
2017082800100113,2017년 8월 28일 08시,월요일,부산광역시 동구 초량동,경상사고,0,0,1,0,차대차 - 측면충돌,안전운전불이행,건조,맑음,교차로 - 교차로부근,승용,남,26세,상해없음,승용,남,34세,경상
2017082800100114,2017년 8월 28일 08시,월요일,부산광역시 서구 암남동,경상사고,0,0,1,0,차대차 - 정면충돌,안전운전불이행,건조,맑음,단일로 - 기타,승용,여,44세,상해없음,승용,여,54세,경상
2017082800100115,2017년 8월 28일 08시,월요일,부산광역시 수영구 광안동,중상사고,0,1,0,0,차대차 - 측면충돌,교차로운행방법위반,건조,맑음,교차로 - 교차로안,승용,남,58세,상해없음,원동기,남,28세,중상
2017082800100116,2017년 8월 28일 08시,월요일,부산광역시 영도구 동삼동,중상사고,0,1,0,0,차대사람 - 길가장자리구역통행중,안전운전불이행,건조,맑음,단일로 - 기타,승용,남,54세,상해없음,보행자,여,51세,중상
2017082800100117,2017년 8월 28일 08시,월요일,부산광역시 강서구 명지동,중상사고,0,1,0,0,차대차 - 측면충돌,신호위반,건조,맑음,교차로 - 교차로안,승용,여,41세,상해없음,이륜,여,68세,중상
2017082800100155,2017년 8월 28일 09시,월요일,부산광역시 남구 대연동,경상사고,0,0,1,0,차대차 - 추돌,안전운전불이행,건조,맑음,교차로 - 교차로부근,화물,남,29세,상해없음,승용,남,55세,경상
2017082800100156,2017년 8월 28일 09시,월요일,부산광역시 강서구 미음동,부상신고사고,0,0,0,1,차대차 - 측면충돌,직진우회전진행방해,건조,맑음,교차로 - 교차로안,승용,남,47세,상해없음,승용,남,27세,부상신고
2017082800100208,2017년 8월 28일 11시,월요일,부산광역시 북구 덕천동,경상사고,0,0,2,0,차대차 - 추돌,안전운전불이행,건조,맑음,단일로 - 기타,승용,여,42세,상해없음,승용,남,30세,경상
2017082800100268,2017년 8월 28일 13시,월요일,부산광역시 사하구 다대동,경상사고,0,0,1,0,차대차 - 측면충돌,중앙선침범,건조,맑음,단일로 - 기타,승용,여,43세,상해없음,이륜,남,54세,경상
2017082800100306,2017년 8월 28일 14시,월요일,부산광역시 동구 초량동,경상사고,0,0,1,0,차대차 - 추돌,안전거리미확보,건조,맑음,교차로 - 교차로부근,승용,남,57세,상해없음,승용,남,61세,경상
2017082800100339,2017년 8월 28일 15시,월요일,부산광역시 남구 감만동,경상사고,0,0,1,0,차대차 - 측면충돌,교차로운행방법위반,건조,맑음,교차로 - 교차로안,승용,여,21세,상해없음,승용,여,31세,경상
2017082800100340,2017년 8월 28일 15시,월요일,부산광역시 해운대구 좌동,경상사고,0,0,1,0,차대차 - 추돌,안전운전불이행,건조,맑음,단일로 - 기타,화물,남,54세,상해없음,승용,남,71세,경상
2017082800100377,2017년 8월 28일 16시,월요일,부산광역시 동래구 명륜동,경상사고,0,0,2,0,차대차 - 측면충돌,불법유턴,건조,맑음,단일로 - 기타,승용,남,38세,상해없음,승용,남,66세,경상
2017082800100378,2017년 8월 28일 16시,월요일,부산광역시 부산진구 개금동,부상신고사고,0,0,0,1,차대차 - 측면충돌,교차로운행방법위반,건조,맑음,교차로 - 교차로안,원동기,남,16세,부상신고,승용,남,56세,상해없음
2017082800100379,2017년 8월 28일 16시,월요일,부산광역시 사하구 당리동,경상사고,0,0,1,0,차대차 - 기타,불법유턴,건조,맑음,단일로 - 기타,승합,남,70세,상해없음,승용,남,32세,경상
2017082800100425,2017년 8월 28일 17시,월요일,부산광역시 동래구 명장동,경상사고,0,0,1,0,차대사람 - 기타,안전운전불이행,건조,맑음,단일로 - 기타,승용,남,24세,상해없음,보행자,여,5세,경상
2017082800100426,2017년 8월 28일 17시,월요일,부산광역시 사하구 장림동,경상사고,0,0,1,0,차대사람 - 기타,안전운전불이행,건조,맑음,단일로 - 기타,화물,여,52세,상해없음,보행자,여,13세,경상
2017082800100464,2017년 8월 28일 18시,월요일,부산광역시 서구 서대신동3가,경상사고,0,0,1,0,차대사람 - 보도통행중,보행자보호의무위반,건조,맑음,교차로 - 교차로횡단보도내,승용,여,38세,상해없음,보행자,여,71세,경상
2017082800100518,2017년 8월 28일 19시,월요일,부산광역시 서구 초장동,중상사고,0,1,0,0,차대사람 - 횡단중,보행자보호의무위반,건조,맑음,교차로 - 교차로안,승합,남,68세,상해없음,보행자,남,67세,중상
2017082800100519,2017년 8월 28일 19시,월요일,부산광역시 부산진구 개금동,경상사고,0,0,3,0,차대차 - 기타,안전운전불이행,건조,맑음,단일로 - 기타,승용,여,57세,상해없음,승용,여,33세,경상
2017082800100520,2017년 8월 28일 19시,월요일,부산광역시 연제구 거제동,중상사고,0,1,0,0,차대사람 - 차도통행중,안전운전불이행,건조,맑음,교차로 - 교차로부근,승용,남,29세,상해없음,보행자,여,74세,중상
2017082800100552,2017년 8월 28일 20시,월요일,부산광역시 북구 구포동,경상사고,0,0,1,0,차대차 - 기타,안전거리미확보,건조,맑음,단일로 - 기타,이륜,남,51세,경상,승합,남,42세,상해없음
2017082800100553,2017년 8월 28일 20시,월요일,부산광역시 기장군 정관읍,중상사고,0,1,0,0,차대차 - 기타,안전운전불이행,건조,맑음,기타 - 기타,승용,남,64세,상해없음,이륜,남,44세,중상
2017082800100581,2017년 8월 28일 21시,월요일,부산광역시 남구 용호동,중상사고,0,1,0,0,차대차 - 측면충돌,신호위반,건조,맑음,교차로 - 교차로횡단보도내,승용,남,47세,상해없음,개인형이동수단(PM),여,23세,중상
2017082800100582,2017년 8월 28일 21시,월요일,부산광역시 영도구 봉래동1가,경상사고,0,0,1,0,차대사람 - 횡단중,안전운전불이행,건조,맑음,교차로 - 교차로부근,승용,남,65세,상해없음,보행자,남,33세,경상
2017082800100601,2017년 8월 28일 22시,월요일,부산광역시 해운대구 중동,경상사고,0,0,1,0,차대차 - 추돌,안전운전불이행,건조,맑음,단일로 - 기타,승용,남,23세,상해없음,승용,남,55세,상해없음
2017082800100602,2017년 8월 28일 22시,월요일,부산광역시 기장군 일광면,중상사고,0,1,0,0,차대차 - 정면충돌,신호위반,건조,맑음,교차로 - 교차로안,승용,남,27세,상해없음,승용,남,35세,중상
2017082800100633,2017년 8월 28일 23시,월요일,부산광역시 중구 영주동,경상사고,0,0,1,0,차대차 - 추돌,안전운전불이행,건조,맑음,단일로 - 기타,승용,남,64세,상해없음,승용,남,75세,경상
2017082800100634,2017년 8월 28일 23시,월요일,부산광역시 서구 암남동,경상사고,0,0,1,0,차량단독 - 기타,안전운전불이행,건조,맑음,단일로 - 기타,승합,남,53세,상해없음,,,,
2017082800100635,2017년 8월 28일 23시,월요일,부산광역시 해운대구 반여동,중상사고,0,2,0,0,차대차 - 기타,안전운전불이행,건조,맑음,교차로 - 교차로부근,승용,여,60세,상해없음,승용,여,60세,중상
2017082900100025,2017년 8월 29일 00시,화요일,부산광역시 중구 보수동1가,경상사고,0,0,1,0,차대사람 - 차도통행중,안전운전불이행,건조,맑음,단일로 - 기타,이륜,남,21세,상해없음,보행자,남,51세,경상
2017082900100069,2017년 8월 29일 05시,화요일,부산광역시 사상구 덕포동,경상사고,0,0,1,0,차대사람 - 횡단중,신호위반,건조,맑음,교차로 - 교차로안,승용,남,40세,상해없음,보행자,여,69세,경상
2017082900100078,2017년 8월 29일 06시,화요일,부산광역시 부산진구 부암동,경상사고,0,0,1,0,차대차 - 측면충돌,안전거리미확보,건조,맑음,교차로 - 교차로안,승합,남,50세,상해없음,화물,남,34세,경상
2017082900100095,2017년 8월 29일 07시,화요일,부산광역시 부산진구 부전동,경상사고,0,0,1,0,차대사람 - 길가장자리구역통행중,안전운전불이행,건조,맑음,단일로 - 기타,기타불명,기타불명,미분류,기타불명,보행자,여,33세,경상
2017082900100118,2017년 8월 29일 08시,화요일,부산광역시 수영구 광안동,경상사고,0,0,1,0,차대차 - 기타,안전운전불이행,건조,흐림,단일로 - 기타,승용,남,61세,상해없음,이륜,남,61세,경상
2017082900100119,2017년 8월 29일 08시,화요일,부산광역시 부산진구 부전동,중상사고,0,1,4,1,차대차 - 측면충돌,안전거리미확보,건조,맑음,단일로 - 기타,승용,여,35세,부상신고,승합,남,60세,상해없음
2017082900100120,2017년 8월 29일 08시,화요일,부산광역시 사하구 다대동,부상신고사고,0,0,0,1,차대차 - 측면충돌,신호위반,건조,맑음,교차로 - 교차로안,이륜,남,68세,부상신고,승용,남,62세,상해없음
2017082900100164,2017년 8월 29일 09시,화요일,부산광역시 부산진구 전포동,경상사고,0,0,1,0,차대사람 - 기타,안전운전불이행,건조,맑음,단일로 - 기타,승용,여,58세,상해없음,보행자,여,20세,경상
2017082900100165,2017년 8월 29일 09시,화요일,부산광역시 강서구 명지동,중상사고,0,1,0,0,차대차 - 측면충돌,교차로운행방법위반,건조,맑음,교차로 - 교차로안,승합,남,67세,상해없음,자전거,남,6세,중상
2017082900100206,2017년 8월 29일 10시,화요일,부산광역시 남구 용호동,경상사고,0,0,1,0,차대차 - 후진중충돌,안전운전불이행,건조,맑음,교차로 - 교차로안,원동기,여,57세,경상,승용,남,62세,상해없음
2017082900100228,2017년 8월 29일 11시,화요일,부산광역시 북구 구포동,경상사고,0,0,2,0,차대사람 - 횡단중,보행자보호의무위반,건조,맑음,단일로 - 기타,승용,여,34세,상해없음,보행자,남,70세,경상
2017082900100253,2017년 8월 29일 12시,화요일,부산광역시 동래구 온천동,경상사고,0,0,1,0,차대사람 - 횡단중,신호위반,젖음/습기,맑음,교차로 - 교차로횡단보도내,승용,남,58세,상해없음,보행자,남,7세,경상
2017082900100254,2017년 8월 29일 12시,화요일,부산광역시 부산진구 부전동,중상사고,0,1,0,0,차대차 - 기타,신호위반,건조,맑음,교차로 - 교차로안,승용,여,64세,상해없음,이륜,남,26세,중상
2017082900100255,2017년 8월 29일 12시,화요일,부산광역시 사하구 괴정동,중상사고,0,1,0,0,차대차 - 기타,신호위반,건조,맑음,교차로 - 교차로안,승용,남,61세,상해없음,승용,여,29세,중상
2017082900100256,2017년 8월 29일 12시,화요일,부산광역시 강서구 녹산동,중상사고,0,1,0,0,차대차 - 정면충돌,안전운전불이행,건조,맑음,단일로 - 기타,화물,남,51세,상해없음,화물,남,51세,중상
2017082900100289,2017년 8월 29일 13시,화요일,부산광역시 부산진구 부전동,경상사고,0,0,2,0,차대차 - 측면충돌,안전운전불이행,건조,맑음,단일로 - 기타,승용,남,35세,경상,승용,남,28세,경상
2017082900100290,2017년 8월 29일 13시,화요일,부산광역시 금정구 노포동,경상사고,0,0,1,0,차대차 - 측면충돌,교차로운행방법위반,건조,맑음,단일로 - 기타,건설기계,남,48세,상해없음,승용,여,50세,경상
2017082900100323,2017년 8월 29일 14시,화요일,부산광역시 남구 대연동,경상사고,0,0,2,0,차대차 - 측면충돌,안전거리미확보,건조,맑음,단일로 - 기타,특수,남,52세,상해없음,승용,남,46세,경상
2017082900100324,2017년 8월 29일 14시,화요일,부산광역시 동래구 안락동,중상사고,0,1,0,0,차대사람 - 횡단중,신호위반,건조,맑음,교차로 - 교차로횡단보도내,이륜,남,36세,상해없음,보행자,여,69세,중상
2017082900100350,2017년 8월 29일 15시,화요일,부산광역시 남구 문현동,중상사고,0,1,0,0,차대사람 - 차도통행중,안전운전불이행,건조,맑음,단일로 - 기타,승용,남,61세,상해없음,보행자,여,76세,중상
2017082900100351,2017년 8월 29일 15시,화요일,부산광역시 해운대구 좌동,경상사고,0,0,4,0,차대차 - 기타,교차로운행방법위반,건조,맑음,교차로 - 교차로안,승용,여,63세,경상,승용,여,37세,경상
2017082900100394,2017년 8월 29일 16시,화요일,부산광역시 서구 동대신동3가,경상사고,0,0,1,0,차대차 - 측면충돌,중앙선침범,건조,맑음,교차로 - 교차로안,승용,남,52세,상해없음,승용,여,46세,경상
2017082900100395,2017년 8월 29일 16시,화요일,부산광역시 금정구 서동,경상사고,0,0,1,0,차대사람 - 보도통행중,기타,건조,맑음,단일로 - 기타,승용,남,51세,상해없음,보행자,남,15세,경상
2017082900100396,2017년 8월 29일 16시,화요일,부산광역시 사상구 모라동,중상사고,0,1,0,0,차대사람 - 횡단중,보행자보호의무위반,건조,맑음,교차로 - 교차로횡단보도내,승용,여,58세,상해없음,보행자,남,13세,중상
2017082900100474,2017년 8월 29일 18시,화요일,부산광역시 해운대구 반여동,경상사고,0,0,1,0,차대차 - 측면충돌,차로위반,건조,맑음,단일로 - 기타,승용,남,33세,상해없음,승용,여,39세,경상
2017082900100475,2017년 8월 29일 18시,화요일,부산광역시 부산진구 부전동,경상사고,0,0,1,0,차대차 - 기타,중앙선침범,건조,맑음,단일로 - 기타,승용,남,21세,상해없음,승합,남,53세,상해없음
2017082900100561,2017년 8월 29일 20시,화요일,부산광역시 중구 영주동,경상사고,0,0,2,0,차대차 - 측면충돌,안전운전불이행,건조,맑음,교차로 - 교차로부근,승용,남,61세,상해없음,이륜,남,23세,경상
2017082900100562,2017년 8월 29일 20시,화요일,부산광역시 금정구 서동,중상사고,0,1,2,0,차대차 - 추돌,안전거리미확보,건조,맑음,교차로 - 교차로안,승용,남,57세,상해없음,승용,남,32세,중상
2017082900100619,2017년 8월 29일 22시,화요일,부산광역시 강서구 범방동,중상사고,0,2,0,0,차대차 - 추돌,안전운전불이행,건조,맑음,교차로 - 교차로부근,승용,남,56세,상해없음,화물,남,23세,중상
2017082900100640,2017년 8월 29일 23시,화요일,부산광역시 부산진구 부전동,부상신고사고,0,0,0,1,차대차 - 측면충돌,안전운전불이행,건조,맑음,단일로 - 기타,이륜,남,19세,부상신고,승용,남,39세,상해없음
2017083000100023,2017년 8월 30일 00시,수요일,부산광역시 부산진구 부전동,경상사고,0,0,1,0,차대사람 - 기타,안전운전불이행,건조,맑음,단일로 - 기타,승용,남,31세,상해없음,보행자,여,61세,경상
2017083000100051,2017년 8월 30일 03시,수요일,부산광역시 수영구 수영동,중상사고,0,1,0,0,차량단독 - 전도전복,안전운전불이행,건조,맑음,단일로 - 기타,이륜,남,19세,상해없음,미분류,미분류,미분류,미분류
2017083000100070,2017년 8월 30일 06시,수요일,부산광역시 해운대구 우동,중상사고,0,2,0,0,차대차 - 추돌,안전운전불이행,건조,맑음,단일로 - 기타,승합,남,58세,상해없음,화물,남,68세,중상
2017083000100071,2017년 8월 30일 06시,수요일,부산광역시 사상구 덕포동,경상사고,0,0,1,0,차대차 - 기타,중앙선침범,건조,맑음,단일로 - 기타,승용,남,53세,상해없음,화물,남,50세,경상
2017083000100088,2017년 8월 30일 07시,수요일,부산광역시 연제구 연산동,경상사고,0,0,1,0,차대사람 - 횡단중,보행자보호의무위반,건조,맑음,단일로 - 기타,화물,남,44세,상해없음,보행자,남,17세,경상
2017083000100114,2017년 8월 30일 08시,수요일,부산광역시 북구 금곡동,경상사고,0,0,1,0,차대차 - 기타,안전거리미확보,건조,맑음,단일로 - 기타,화물,남,59세,상해없음,승용,남,35세,경상
2017083000100148,2017년 8월 30일 09시,수요일,부산광역시 부산진구 양정동,경상사고,0,0,1,0,차대사람 - 차도통행중,기타,건조,맑음,단일로 - 기타,승용,남,57세,상해없음,보행자,남,63세,경상
2017083000100182,2017년 8월 30일 10시,수요일,부산광역시 동구 초량동,중상사고,0,1,0,0,차대사람 - 횡단중,안전운전불이행,건조,맑음,교차로 - 교차로부근,화물,남,37세,상해없음,보행자,남,56세,중상
2017083000100207,2017년 8월 30일 11시,수요일,부산광역시 수영구 민락동,경상사고,0,0,1,0,차대차 - 측면충돌,안전운전불이행,건조,맑음,단일로 - 기타,승용,여,45세,상해없음,자전거,남,50세,경상
2017083000100258,2017년 8월 30일 13시,수요일,부산광역시 동래구 온천동,경상사고,0,0,1,0,차대차 - 측면충돌,안전거리미확보,건조,맑음,단일로 - 기타,승용,남,55세,상해없음,승용,여,48세,경상
2017083000100259,2017년 8월 30일 13시,수요일,부산광역시 해운대구 반여동,경상사고,0,0,1,0,차대차 - 기타,안전운전불이행,건조,맑음,교차로 - 교차로안,자전거,남,82세,경상,승용,여,36세,상해없음