사고번호,사고일시,요일,시군구,사고내용,사망자수,중상자수,경상자수,부상신고자수,사고유형,법규위반,노면상태,기상상태,도로형태,가해운전자 차종,가해운전자 성별,가해운전자 연령,가해운전자 상해정도,피해운전자 차종,피해운전자 성별,피해운전자 연령,피해운전자 상해정도
2017090200100508,2017년 9월 2일 18시,토요일,부산광역시 해운대구 송정동,경상사고,0,0,1,0,차대차 - 측면충돌,교차로운행방법위반,건조,맑음,교차로 - 교차로안,승용,남,40세,상해없음,승용,남,32세,경상
2017090200100509,2017년 9월 2일 18시,토요일,부산광역시 연제구 연산동,경상사고,0,0,1,0,차대차 - 측면충돌,안전거리미확보,건조,맑음,단일로 - 기타,승용,남,36세,상해없음,화물,남,25세,경상
2017090200100545,2017년 9월 2일 19시,토요일,부산광역시 남구 대연동,경상사고,0,0,1,0,차대차 - 기타,차로위반,건조,맑음,단일로 - 기타,승용,남,62세,상해없음,승용,여,67세,경상
2017090200100578,2017년 9월 2일 20시,토요일,부산광역시 동래구 온천동,중상사고,0,1,0,0,차대사람 - 차도통행중,안전운전불이행,건조,맑음,단일로 - 기타,승용,남,26세,상해없음,보행자,남,76세,중상
2017090200100579,2017년 9월 2일 20시,토요일,부산광역시 부산진구 양정동,경상사고,0,0,2,0,차대차 - 추돌,안전운전불이행,건조,맑음,단일로 - 기타,승용,남,67세,상해없음,이륜,남,24세,경상
2017090200100580,2017년 9월 2일 20시,토요일,부산광역시 연제구 거제동,경상사고,0,0,1,0,차대차 - 측면충돌,안전운전불이행,건조,맑음,교차로 - 교차로안,승용,여,62세,상해없음,승용,남,51세,경상
2017090200100581,2017년 9월 2일 20시,토요일,부산광역시 기장군 정관읍,경상사고,0,0,1,0,차대사람 - 기타,안전운전불이행,건조,맑음,단일로 - 기타,승용,남,53세,상해없음,보행자,여,59세,경상
2017090200100638,2017년 9월 2일 22시,토요일,부산광역시 동구 초량동,경상사고,0,0,1,0,차대차 - 측면충돌,중앙선침범,건조,흐림,교차로 - 교차로부근,승용,남,22세,상해없음,승용,여,42세,경상
2017090200100639,2017년 9월 2일 22시,토요일,부산광역시 남구 용호동,중상사고,0,1,0,0,차대차 - 측면충돌,안전운전불이행,건조,맑음,교차로 - 교차로횡단보도내,승용,남,22세,상해없음,원동기,남,47세,중상
2017090200100640,2017년 9월 2일 22시,토요일,부산광역시 해운대구 우동,경상사고,0,0,1,0,차대사람 - 횡단중,안전운전불이행,건조,맑음,단일로 - 기타,승용,여,35세,상해없음,보행자,남,37세,경상
2017090200100641,2017년 9월 2일 22시,토요일,부산광역시 기장군 기장읍,중상사고,0,1,0,0,차대차 - 정면충돌,안전운전불이행,건조,맑음,교차로 - 교차로안,승용,남,69세,상해없음,원동기,남,60세,중상
2017090200100666,2017년 9월 2일 23시,토요일,부산광역시 수영구 광안동,경상사고,0,0,2,0,차대차 - 추돌,안전거리미확보,건조,맑음,단일로 - 기타,승용,남,67세,상해없음,승용,남,33세,경상
2017090300100037,2017년 9월 3일 01시,일요일,부산광역시 수영구 남천동,중상사고,0,1,0,0,차대차 - 측면충돌,안전거리미확보,건조,맑음,단일로 - 기타,원동기,남,17세,중상,승용,남,34세,상해없음
2017090300100063,2017년 9월 3일 04시,일요일,부산광역시 사상구 모라동,중상사고,0,1,0,0,차량단독 - 기타,안전운전불이행,건조,맑음,단일로 - 기타,이륜,남,22세,중상,,,,
2017090300100075,2017년 9월 3일 05시,일요일,부산광역시 중구 보수동1가,사망사고,1,0,0,0,차대사람 - 횡단중,신호위반,건조,맑음,단일로 - 기타,승용,남,80세,상해없음,보행자,여,80세,사망
2017090300100076,2017년 9월 3일 05시,일요일,부산광역시 강서구 성북동,경상사고,0,0,1,0,차대차 - 측면충돌,신호위반,건조,맑음,교차로 - 교차로안,특수,남,52세,상해없음,승용,남,61세,경상
2017090300100113,2017년 9월 3일 09시,일요일,부산광역시 사하구 괴정동,경상사고,0,0,2,0,차대차 - 측면충돌,안전운전불이행,건조,맑음,단일로 - 기타,승용,남,42세,경상,승용,여,34세,경상
2017090300100157,2017년 9월 3일 11시,일요일,부산광역시 동구 초량동,중상사고,0,1,2,0,차대차 - 측면충돌,안전운전불이행,건조,맑음,교차로 - 교차로안,승용,남,75세,상해없음,승용,남,66세,경상
2017090300100158,2017년 9월 3일 11시,일요일,부산광역시 동래구 명장동,중상사고,0,1,0,0,차대사람 - 기타,안전운전불이행,건조,맑음,단일로 - 기타,승용,여,27세,상해없음,보행자,여,37세,중상
2017090300100194,2017년 9월 3일 12시,일요일,부산광역시 사하구 감천동,경상사고,0,0,1,0,차대차 - 추돌,안전운전불이행,건조,맑음,교차로 - 교차로부근,승용,여,48세,상해없음,승용,남,49세,상해없음
2017090300100252,2017년 9월 3일 14시,일요일,부산광역시 연제구 연산동,중상사고,0,2,0,0,차대차 - 정면충돌,교차로운행방법위반,건조,맑음,교차로 - 교차로안,승합,남,63세,상해없음,승용,여,45세,중상
2017090300100275,2017년 9월 3일 15시,일요일,부산광역시 수영구 민락동,경상사고,0,0,1,0,차대차 - 측면충돌,안전운전불이행,건조,맑음,단일로 - 기타,승용,여,25세,상해없음,자전거,남,42세,경상
2017090300100299,2017년 9월 3일 16시,일요일,부산광역시 북구 덕천동,경상사고,0,0,1,0,차대차 - 기타,교차로운행방법위반,건조,맑음,교차로 - 교차로안,승용,여,48세,상해없음,승용,남,67세,경상
2017090300100300,2017년 9월 3일 16시,일요일,부산광역시 기장군 기장읍,중상사고,0,2,2,0,차대차 - 측면충돌,신호위반,건조,맑음,교차로 - 교차로안,원동기,남,56세,중상,승용,남,28세,경상
2017090300100337,2017년 9월 3일 17시,일요일,부산광역시 사상구 감전동,부상신고사고,0,0,0,1,차대차 - 측면충돌,안전운전불이행,건조,맑음,단일로 - 기타,자전거,남,15세,부상신고,승용,남,31세,상해없음
2017090300100338,2017년 9월 3일 17시,일요일,부산광역시 사상구 모라동,경상사고,0,0,1,0,차대차 - 측면충돌,안전운전불이행,건조,맑음,단일로 - 기타,승용,남,58세,상해없음,승용,남,59세,경상
2017090300100371,2017년 9월 3일 18시,일요일,부산광역시 남구 대연동,중상사고,0,1,0,0,차대차 - 기타,안전운전불이행,건조,맑음,교차로 - 교차로안,승용,남,24세,상해없음,자전거,남,56세,중상
2017090300100372,2017년 9월 3일 18시,일요일,부산광역시 부산진구 가야동,경상사고,0,0,1,0,차대차 - 기타,안전거리미확보,건조,맑음,단일로 - 기타,승용,남,49세,상해없음,원동기,남,26세,경상
2017090300100396,2017년 9월 3일 19시,일요일,부산광역시 남구 대연동,경상사고,0,0,1,0,차대차 - 측면충돌,안전운전불이행,건조,맑음,교차로 - 교차로부근,승용,남,77세,상해없음,승용,남,28세,경상
2017090300100503,2017년 9월 3일 23시,일요일,부산광역시 수영구 광안동,경상사고,0,0,3,0,차대차 - 추돌,안전운전불이행,건조,맑음,단일로 - 기타,승용,여,53세,상해없음,승용,남,22세,경상
2017090400100046,2017년 9월 4일 04시,월요일,부산광역시 부산진구 초읍동,경상사고,0,0,1,0,차대사람 - 기타,안전운전불이행,건조,맑음,단일로 - 기타,승합,남,57세,상해없음,보행자,남,24세,경상
2017090400100114,2017년 9월 4일 08시,월요일,부산광역시 동구 좌천동,중상사고,0,1,0,0,차대차 - 기타,안전거리미확보,건조,맑음,단일로 - 기타,승용,여,61세,상해없음,승용,여,50세,중상
2017090400100115,2017년 9월 4일 08시,월요일,부산광역시 해운대구 우동,경상사고,0,0,2,0,차대차 - 기타,안전운전불이행,건조,맑음,교차로 - 교차로안,승용,여,53세,상해없음,승용,남,33세,경상
2017090400100155,2017년 9월 4일 09시,월요일,부산광역시 부산진구 연지동,경상사고,0,0,1,0,차대차 - 정면충돌,안전거리미확보,건조,맑음,단일로 - 기타,이륜,남,25세,경상,승용,여,46세,상해없음
2017090400100184,2017년 9월 4일 10시,월요일,부산광역시 사하구 감천동,중상사고,0,1,1,0,차대차 - 측면충돌,불법유턴,건조,맑음,교차로 - 교차로횡단보도내,이륜,남,73세,중상,승용,남,74세,경상
2017090400100211,2017년 9월 4일 11시,월요일,부산광역시 영도구 대평동1가,경상사고,0,0,1,0,차대차 - 기타,안전운전불이행,건조,맑음,단일로 - 기타,승용,남,57세,상해없음,이륜,남,56세,경상
2017090400100267,2017년 9월 4일 13시,월요일,부산광역시 금정구 장전동,경상사고,0,0,1,0,차대차 - 측면충돌,직진우회전진행방해,건조,맑음,교차로 - 교차로안,승용,여,49세,상해없음,승용,여,33세,경상
2017090400100268,2017년 9월 4일 13시,월요일,부산광역시 사상구 주례동,경상사고,0,0,1,0,차대차 - 측면충돌,교차로운행방법위반,건조,맑음,교차로 - 교차로안,원동기,남,53세,경상,승용,남,26세,상해없음
2017090400100298,2017년 9월 4일 14시,월요일,부산광역시 부산진구 범천동,중상사고,0,1,0,0,차대사람 - 차도통행중,안전운전불이행,건조,맑음,단일로 - 기타,원동기,남,78세,상해없음,보행자,여,78세,중상
2017090400100299,2017년 9월 4일 14시,월요일,부산광역시 사하구 다대동,중상사고,0,3,1,0,차대차 - 추돌,안전운전불이행,건조,맑음,교차로 - 교차로부근,승용,남,59세,상해없음,승용,남,61세,경상
2017090400100360,2017년 9월 4일 16시,월요일,부산광역시 서구 동대신동1가,경상사고,0,0,2,0,차대차 - 추돌,안전거리미확보,건조,맑음,교차로 - 교차로안,승용,남,21세,상해없음,승용,여,31세,경상
2017090400100361,2017년 9월 4일 16시,월요일,부산광역시 남구 대연동,경상사고,0,0,2,0,차대차 - 측면충돌,안전거리미확보,건조,맑음,단일로 - 기타,건설기계,남,57세,상해없음,승용,남,41세,경상
2017090400100362,2017년 9월 4일 16시,월요일,부산광역시 해운대구 좌동,경상사고,0,0,1,0,차대사람 - 보도통행중,기타,기타,맑음,단일로 - 기타,개인형이동수단(PM),남,32세,상해없음,보행자,여,16세,경상
2017090400100363,2017년 9월 4일 16시,월요일,부산광역시 수영구 망미동,경상사고,0,0,1,0,차대사람 - 기타,보행자보호의무위반,건조,맑음,단일로 - 기타,승용,여,51세,상해없음,보행자,여,37세,경상
2017090400100411,2017년 9월 4일 17시,월요일,부산광역시 남구 대연동,중상사고,0,1,0,0,차대차 - 기타,안전운전불이행,건조,맑음,교차로 - 교차로안,승용,여,52세,상해없음,이륜,남,61세,중상
2017090400100446,2017년 9월 4일 18시,월요일,부산광역시 남구 대연동,부상신고사고,0,0,0,1,차대사람 - 기타,안전운전불이행,건조,맑음,단일로 - 기타,승용,남,21세,상해없음,보행자,여,67세,부상신고
2017090400100447,2017년 9월 4일 18시,월요일,부산광역시 남구 대연동,경상사고,0,0,4,0,차대차 - 추돌,안전거리미확보,건조,맑음,단일로 - 기타,승용,여,48세,상해없음,승용,여,41세,경상
2017090400100448,2017년 9월 4일 18시,월요일,부산광역시 부산진구 전포동,중상사고,0,1,0,0,차대차 - 정면충돌,중앙선침범,건조,맑음,단일로 - 기타,자전거,남,68세,중상,이륜,남,42세,상해없음
2017090400100483,2017년 9월 4일 19시,월요일,부산광역시 중구 중앙동6가,경상사고,0,0,1,0,차대차 - 측면충돌,안전운전불이행,건조,맑음,단일로 - 기타,승용,여,46세,상해없음,이륜,남,65세,경상
2017090400100484,2017년 9월 4일 19시,월요일,부산광역시 동래구 온천동,중상사고,0,1,0,0,차대사람 - 차도통행중,안전운전불이행,건조,맑음,교차로 - 교차로횡단보도내,승용,여,57세,상해없음,보행자,남,62세,중상
2017090400100519,2017년 9월 4일 20시,월요일,부산광역시 중구 영주동,경상사고,0,0,1,0,차대차 - 추돌,안전운전불이행,건조,맑음,단일로 - 기타,승용,남,56세,상해없음,승용,남,27세,경상
2017090400100520,2017년 9월 4일 20시,월요일,부산광역시 사하구 다대동,경상사고,0,0,1,0,차대사람 - 횡단중,안전운전불이행,건조,기타,단일로 - 기타,이륜,남,24세,상해없음,보행자,남,65세,경상
2017090400100551,2017년 9월 4일 21시,월요일,부산광역시 북구 덕천동,경상사고,0,0,1,0,차대차 - 측면충돌,안전운전불이행,건조,맑음,교차로 - 교차로안,승용,여,55세,상해없음,원동기,남,21세,경상
2017090400100569,2017년 9월 4일 22시,월요일,부산광역시 강서구 대저1동,중상사고,0,1,0,0,차대차 - 추돌,안전운전불이행,건조,맑음,단일로 - 기타,승용,남,43세,중상,화물,남,61세,상해없음
2017090400100592,2017년 9월 4일 23시,월요일,부산광역시 수영구 광안동,중상사고,0,1,0,0,차대사람 - 기타,안전운전불이행,건조,맑음,교차로 - 교차로부근,승용,남,53세,상해없음,보행자,남,20세,중상
2017090400100593,2017년 9월 4일 23시,월요일,부산광역시 남구 대연동,부상신고사고,0,0,0,1,차대차 - 추돌,안전운전불이행,건조,흐림,단일로 - 기타,승용,남,39세,상해없음,승용,남,56세,부상신고
2017090400100594,2017년 9월 4일 23시,월요일,부산광역시 사하구 하단동,경상사고,0,0,1,0,차대사람 - 횡단중,안전운전불이행,건조,맑음,단일로 - 기타,승합,남,51세,상해없음,보행자,여,19세,경상
2017090500100046,2017년 9월 5일 03시,화요일,부산광역시 금정구 부곡동,중상사고,0,1,0,0,차대사람 - 횡단중,보행자보호의무위반,건조,맑음,교차로 - 교차로안,승용,남,68세,상해없음,보행자,남,59세,중상
2017090500100049,2017년 9월 5일 04시,화요일,부산광역시 서구 남부민동,사망사고,1,0,0,0,차대사람 - 횡단중,안전운전불이행,건조,맑음,단일로 - 기타,승용,여,48세,상해없음,보행자,남,71세,사망
2017090500100050,2017년 9월 5일 04시,화요일,부산광역시 사상구 학장동,중상사고,0,1,0,0,차대사람 - 차도통행중,안전운전불이행,건조,맑음,단일로 - 기타,승용,남,46세,상해없음,보행자,여,53세,중상
2017090500100051,2017년 9월 5일 04시,화요일,부산광역시 기장군 정관읍,사망사고,1,0,0,0,차대사람 - 기타,안전운전불이행,건조,맑음,교차로 - 교차로부근,승용,여,41세,상해없음,보행자,남,40세,사망
2017090500100090,2017년 9월 5일 07시,화요일,부산광역시 동래구 명륜동,경상사고,0,0,1,0,차대사람 - 횡단중,안전운전불이행,건조,맑음,단일로 - 기타,승합,남,60세,상해없음,보행자,남,26세,경상
2017090500100112,2017년 9월 5일 08시,화요일,부산광역시 동래구 낙민동,경상사고,0,0,1,0,차대차 - 추돌,안전거리미확보,건조,맑음,단일로 - 기타,화물,남,33세,상해없음,승용,여,47세,경상
2017090500100113,2017년 9월 5일 08시,화요일,부산광역시 사상구 덕포동,중상사고,0,1,0,0,차량단독 - 전도전복,신호위반,건조,맑음,교차로 - 교차로안,이륜,남,62세,중상,미분류,미분류,미분류,미분류
2017090500100154,2017년 9월 5일 09시,화요일,부산광역시 동래구 안락동,중상사고,0,1,0,0,차대사람 - 횡단중,안전운전불이행,건조,맑음,단일로 - 기타,승용,여,44세,상해없음,보행자,여,86세,중상
2017090500100155,2017년 9월 5일 09시,화요일,부산광역시 동래구 온천동,중상사고,0,2,0,0,차대차 - 측면충돌,차로위반,건조,맑음,단일로 - 기타,승합,남,61세,상해없음,승용,남,36세,중상
2017090500100156,2017년 9월 5일 09시,화요일,부산광역시 부산진구 전포동,경상사고,0,0,3,0,차대차 - 기타,신호위반,건조,맑음,교차로 - 교차로안,승용,여,38세,경상,승용,여,44세,경상
2017090500100157,2017년 9월 5일 09시,화요일,부산광역시 사하구 괴정동,중상사고,0,1,0,0,차대사람 - 기타,기타,건조,맑음,단일로 - 기타,화물,남,34세,기타불명,보행자,여,75세,중상
2017090500100253,2017년 9월 5일 12시,화요일,부산광역시 강서구 대저1동,경상사고,0,0,1,0,차대차 - 추돌,안전운전불이행,건조,맑음,단일로 - 기타,특수,남,43세,상해없음,승용,남,63세,경상
2017090500100282,2017년 9월 5일 13시,화요일,부산광역시 사상구 모라동,경상사고,0,0,1,0,차대차 - 측면충돌,교차로운행방법위반,건조,맑음,교차로 - 교차로안,승용,남,58세,상해없음,승용,남,62세,경상
2017090500100335,2017년 9월 5일 15시,화요일,부산광역시 부산진구 개금동,중상사고,0,1,0,0,차량단독 - 기타,안전운전불이행,건조,맑음,단일로 - 기타,승합,남,60세,상해없음,,,,
2017090500100336,2017년 9월 5일 15시,화요일,부산광역시 사상구 감전동,중상사고,0,1,0,0,차대사람 - 기타,안전운전불이행,건조,맑음,단일로 - 기타,화물,남,71세,상해없음,보행자,남,18세,중상
2017090500100337,2017년 9월 5일 15시,화요일,부산광역시 기장군 장안읍,중상사고,0,1,0,0,차대차 - 정면충돌,중앙선침범,건조,맑음,단일로 - 기타,승용,남,45세,상해없음,자전거,남,49세,중상
2017090500100369,2017년 9월 5일 16시,화요일,부산광역시 북구 덕천동,경상사고,0,0,1,0,차대사람 - 기타,안전운전불이행,건조,맑음,단일로 - 기타,승용,여,33세,상해없음,보행자,여,76세,경상
2017090500100407,2017년 9월 5일 17시,화요일,부산광역시 사하구 다대동,중상사고,0,1,0,0,차대차 - 측면충돌,중앙선침범,건조,맑음,교차로 - 교차로안,자전거,남,67세,중상,화물,여,56세,상해없음
2017090500100440,2017년 9월 5일 18시,화요일,부산광역시 서구 암남동,중상사고,0,1,1,0,차대차 - 측면충돌,교차로운행방법위반,건조,맑음,교차로 - 교차로안,이륜,남,39세,경상,승용,남,36세,상해없음
2017090500100441,2017년 9월 5일 18시,화요일,부산광역시 영도구 신선동2가,중상사고,0,1,1,0,차대차 - 기타,안전운전불이행,건조,맑음,교차로 - 교차로안,승용,남,70세,상해없음,승용,여,41세,중상
2017090500100442,2017년 9월 5일 18시,화요일,부산광역시 해운대구 우동,부상신고사고,0,0,0,1,차대차 - 측면충돌,신호위반,건조,맑음,교차로 - 교차로부근,이륜,남,30세,부상신고,승용,남,62세,상해없음
2017090500100443,2017년 9월 5일 18시,화요일,부산광역시 금정구 장전동,중상사고,0,2,0,0,차대사람 - 횡단중,보행자보호의무위반,건조,맑음,교차로 - 교차로횡단보도내,승용,여,46세,상해없음,보행자,여,49세,중상
2017090500100471,2017년 9월 5일 19시,화요일,부산광역시 동래구 사직동,경상사고,0,0,1,0,차대차 - 추돌,차로위반,건조,맑음,단일로 - 기타,화물,남,56세,상해없음,승용,남,19세,경상
2017090500100472,2017년 9월 5일 19시,화요일,부산광역시 사하구 감천동,경상사고,0,0,2,0,차대차 - 측면충돌,안전운전불이행,건조,맑음,단일로 - 기타,이륜,남,21세,경상,화물,남,55세,상해없음
2017090500100473,2017년 9월 5일 19시,화요일,부산광역시 사하구 다대동,중상사고,0,1,0,0,차대사람 - 횡단중,안전운전불이행,건조,맑음,교차로 - 교차로안,승용,여,49세,상해없음,보행자,여,60세,중상
2017090500100474,2017년 9월 5일 19시,화요일,부산광역시 사하구 당리동,경상사고,0,0,2,0,차대차 - 측면충돌,교차로운행방법위반,건조,맑음,교차로 - 교차로안,승용,남,56세,상해없음,승용,여,39세,경상
2017090500100475,2017년 9월 5일 19시,화요일,부산광역시 기장군 기장읍,중상사고,0,1,0,0,차대사람 - 횡단중,보행자보호의무위반,젖음/습기,비,교차로 - 교차로횡단보도내,승용,남,29세,상해없음,보행자,남,18세,중상
2017090500100562,2017년 9월 5일 22시,화요일,부산광역시 동구 초량동,중상사고,0,1,0,0,차대차 - 측면충돌,안전거리미확보,젖음/습기,흐림,단일로 - 기타,화물,남,41세,상해없음,승용,여,50세,중상
2017090500100563,2017년 9월 5일 22시,화요일,부산광역시 기장군 기장읍,경상사고,0,0,1,0,차대차 - 측면충돌,안전운전불이행,젖음/습기,비,기타 - 기타,승용,남,66세,상해없음,이륜,여,23세,경상
2017090600100024,2017년 9월 6일 00시,수요일,부산광역시 남구 대연동,중상사고,0,1,0,0,차대차 - 추돌,신호위반,건조,맑음,단일로 - 기타,승용,여,46세,상해없음,자전거,여,21세,중상
2017090600100025,2017년 9월 6일 00시,수요일,부산광역시 부산진구 부전동,경상사고,0,0,3,0,차대차 - 측면충돌,신호위반,건조,맑음,교차로 - 교차로안,승용,남,52세,상해없음,승용,남,68세,경상
2017090600100037,2017년 9월 6일 01시,수요일,부산광역시 부산진구 부전동,경상사고,0,0,2,0,차대차 - 기타,안전거리미확보,건조,맑음,단일로 - 기타,승용,남,33세,상해없음,승용,남,49세,경상
2017090600100043,2017년 9월 6일 02시,수요일,부산광역시 중구 중앙동3가,중상사고,0,1,2,0,차대차 - 측면충돌,신호위반,젖음/습기,비,교차로 - 교차로안,승용,남,62세,상해없음,승용,남,56세,경상
2017090600100049,2017년 9월 6일 03시,수요일,부산광역시 북구 만덕동,중상사고,0,1,0,0,차량단독 - 기타,안전운전불이행,건조,흐림,단일로 - 기타,원동기,남,16세,중상,,,,
2017090600100050,2017년 9월 6일 03시,수요일,부산광역시 연제구 거제동,중상사고,0,1,0,0,차대사람 - 횡단중,안전운전불이행,젖음/습기,비,교차로 - 교차로횡단보도내,승용,남,66세,상해없음,보행자,남,47세,중상
2017090600100083,2017년 9월 6일 07시,수요일,부산광역시 금정구 장전동,경상사고,0,0,1,0,차대사람 - 횡단중,안전운전불이행,건조,맑음,단일로 - 기타,승용,여,55세,상해없음,보행자,남,17세,경상
2017090600100084,2017년 9월 6일 07시,수요일,부산광역시 사하구 하단동,중상사고,0,1,0,0,차대차 - 정면충돌,신호위반,젖음/습기,비,교차로 - 교차로안,승용,여,47세,상해없음,승용,여,25세,중상
2017090600100108,2017년 9월 6일 08시,수요일,부산광역시 서구 아미동2가,경상사고,0,0,1,0,차대차 - 정면충돌,중앙선침범,젖음/습기,비,단일로 - 기타,승용,남,33세,상해없음,승합,남,44세,경상
2017090600100109,2017년 9월 6일 08시,수요일,부산광역시 사하구 신평동,경상사고,0,0,2,0,차대차 - 기타,신호위반,젖음/습기,흐림,단일로 - 기타,승용,남,74세,상해없음,승용,여,52세,경상
2017090600100110,2017년 9월 6일 08시,수요일,부산광역시 사하구 괴정동,중상사고,0,1,2,0,차대차 - 측면충돌,교차로운행방법위반,건조,흐림,교차로 - 교차로안,화물,남,20세,경상,승용,여,65세,중상
2017090600100143,2017년 9월 6일 09시,수요일,부산광역시 수영구 남천동,중상사고,0,1,0,0,차대사람 - 횡단중,중앙선침범,건조,맑음,교차로 - 교차로횡단보도내,승용,여,43세,상해없음,보행자,남,60세,중상
2017090600100144,2017년 9월 6일 09시,수요일,부산광역시 해운대구 재송동,경상사고,0,0,1,0,차대차 - 추돌,안전운전불이행,건조,맑음,교차로 - 교차로부근,승용,여,37세,상해없음,승용,남,34세,경상
2017090600100179,2017년 9월 6일 10시,수요일,부산광역시 사상구 주례동,중상사고,0,1,0,0,차대차 - 기타,신호위반,건조,흐림,교차로 - 교차로부근,승용,남,67세,상해없음,승용,남,66세,상해없음
2017090600100180,2017년 9월 6일 10시,수요일,부산광역시 사상구 감전동,경상사고,0,0,1,0,차대차 - 추돌,안전거리미확보,건조,맑음,교차로 - 교차로부근,승용,여,36세,경상,승용,남,60세,상해없음
2017090600100204,2017년 9월 6일 11시,수요일,부산광역시 동구 범일동,부상신고사고,0,0,0,1,차대사람 - 기타,안전운전불이행,건조,맑음,단일로 - 기타,화물,남,51세,상해없음,보행자,남,71세,부상신고
2017090600100235,2017년 9월 6일 12시,수요일,부산광역시 해운대구 재송동,중상사고,0,1,0,0,차대사람 - 횡단중,신호위반,건조,맑음,교차로 - 교차로횡단보도내,승합,남,46세,상해없음,보행자,여,68세,중상
2017090600100257,2017년 9월 6일 13시,수요일,부산광역시 사하구 장림동,경상사고,0,0,1,0,차대차 - 추돌,안전운전불이행,건조,흐림,단일로 - 기타,화물,남,43세,상해없음,화물,남,64세,경상
2017090600100286,2017년 9월 6일 14시,수요일,부산광역시 해운대구 우동,경상사고,0,0,1,0,차대차 - 측면충돌,안전거리미확보,건조,맑음,교차로 - 교차로부근,승용,여,57세,상해없음,원동기,남,21세,경상
2017090600100287,2017년 9월 6일 14시,수요일,부산광역시 부산진구 개금동,중상사고,0,1,0,0,차대사람 - 기타,안전운전불이행,건조,맑음,단일로 - 기타,승합,남,66세,상해없음,보행자,여,60세,중상
2017090600100288,2017년 9월 6일 14시,수요일,부산광역시 사하구 신평동,경상사고,0,0,1,0,차대차 - 측면충돌,안전운전불이행,건조,흐림,단일로 - 기타,화물,남,58세,상해없음,승용,여,52세,경상
2017090600100324,2017년 9월 6일 15시,수요일,부산광역시 연제구 연산동,경상사고,0,0,1,0,차대사람 - 기타,안전운전불이행,건조,흐림,단일로 - 기타,승용,남,65세,상해없음,보행자,여,63세,경상
2017090600100394,2017년 9월 6일 17시,수요일,부산광역시 남구 문현동,중상사고,0,1,0,0,차대사람 - 길가장자리구역통행중,안전운전불이행,젖음/습기,비,교차로 - 교차로안,승용,남,80세,상해없음,보행자,여,65세,중상
2017090600100395,2017년 9월 6일 17시,수요일,부산광역시 해운대구 좌동,경상사고,0,0,1,0,차대사람 - 횡단중,신호위반,젖음/습기,비,단일로 - 기타,화물,남,51세,상해없음,보행자,남,17세,경상
2017090600100396,2017년 9월 6일 17시,수요일,부산광역시 금정구 구서동,경상사고,0,0,1,0,차대사람 - 횡단중,보행자보호의무위반,건조,흐림,교차로 - 교차로안,승용,여,48세,상해없음,보행자,여,34세,경상
2017090600100439,2017년 9월 6일 18시,수요일,부산광역시 중구 남포동6가,중상사고,0,1,0,0,차대사람 - 횡단중,안전운전불이행,건조,맑음,단일로 - 기타,이륜,남,17세,상해없음,보행자,여,51세,중상
2017090600100440,2017년 9월 6일 18시,수요일,부산광역시 동래구 명륜동,중상사고,0,1,1,0,차대차 - 추돌,안전운전불이행,건조,맑음,단일로 - 기타,승용,남,44세,상해없음,승용,여,62세,중상
2017090600100441,2017년 9월 6일 18시,수요일,부산광역시 해운대구 송정동,경상사고,0,0,4,0,차대차 - 추돌,안전운전불이행,건조,맑음,교차로 - 교차로안,승용,남,50세,상해없음,승용,남,49세,경상
2017090600100491,2017년 9월 6일 19시,수요일,부산광역시 수영구 남천동,중상사고,0,1,0,0,차대차 - 측면충돌,중앙선침범,젖음/습기,비,단일로 - 기타,승용,여,53세,상해없음,이륜,남,46세,중상
2017090600100492,2017년 9월 6일 19시,수요일,부산광역시 영도구 동삼동,경상사고,0,0,1,0,차대차 - 추돌,안전운전불이행,건조,맑음,단일로 - 기타,승용,남,69세,상해없음,승용,남,28세,경상
2017090600100493,2017년 9월 6일 19시,수요일,부산광역시 해운대구 반송동,부상신고사고,0,0,0,1,차대사람 - 기타,안전운전불이행,젖음/습기,비,교차로 - 교차로횡단보도내,기타불명,기타불명,미분류,기타불명,보행자,여,12세,부상신고
2017090600100494,2017년 9월 6일 19시,수요일,부산광역시 사하구 하단동,부상신고사고,0,0,0,1,차대차 - 측면충돌,신호위반,건조,맑음,교차로 - 교차로안,승합,남,61세,상해없음,이륜,남,33세,부상신고
2017090600100495,2017년 9월 6일 19시,수요일,부산광역시 연제구 연산동,경상사고,0,0,1,0,차대차 - 기타,안전운전불이행,젖음/습기,비,교차로 - 교차로안,승용,남,42세,상해없음,화물,남,25세,경상
2017090600100546,2017년 9월 6일 20시,수요일,부산광역시 동래구 사직동,경상사고,0,0,1,0,차대차 - 측면충돌,교차로운행방법위반,젖음/습기,비,교차로 - 교차로안,승용,남,50세,상해없음,이륜,남,20세,경상
2017090600100547,2017년 9월 6일 20시,수요일,부산광역시 기장군 철마면,경상사고,0,0,3,0,차대차 - 기타,안전운전불이행,젖음/습기,비,단일로 - 기타,승용,남,46세,상해없음,승용,남,26세,경상
2017090600100583,2017년 9월 6일 21시,수요일,부산광역시 부산진구 가야동,중상사고,0,1,0,0,차대사람 - 횡단중,안전운전불이행,젖음/습기,비,단일로 - 기타,이륜,남,56세,상해없음,보행자,여,75세,중상
2017090600100584,2017년 9월 6일 21시,수요일,부산광역시 부산진구 가야동,경상사고,0,0,4,0,차대차 - 추돌,안전거리미확보,건조,맑음,단일로 - 기타,승용,남,33세,상해없음,승용,남,37세,경상