사고번호,사고일시,요일,시군구,사고내용,사망자수,중상자수,경상자수,부상신고자수,사고유형,법규위반,노면상태,기상상태,도로형태,가해운전자 차종,가해운전자 성별,가해운전자 연령,가해운전자 상해정도,피해운전자 차종,피해운전자 성별,피해운전자 연령,피해운전자 상해정도
2017091000100388,2017년 9월 10일 18시,일요일,부산광역시 동래구 온천동,경상사고,0,0,2,0,차대차 - 추돌,안전운전불이행,건조,맑음,단일로 - 기타,승용,남,21세,상해없음,승용,남,51세,경상
2017091000100413,2017년 9월 10일 19시,일요일,부산광역시 영도구 신선동2가,경상사고,0,0,1,0,차대사람 - 기타,안전운전불이행,건조,흐림,단일로 - 기타,승용,남,57세,상해없음,보행자,여,39세,경상
2017091000100414,2017년 9월 10일 19시,일요일,부산광역시 금정구 구서동,경상사고,0,0,3,0,차대차 - 측면충돌,안전거리미확보,건조,맑음,교차로 - 교차로부근,승용,남,51세,상해없음,화물,남,31세,경상
2017091000100455,2017년 9월 10일 20시,일요일,부산광역시 사하구 당리동,경상사고,0,0,1,0,차대차 - 기타,신호위반,건조,맑음,교차로 - 교차로안,이륜,남,47세,경상,승용,남,28세,상해없음
2017091000100481,2017년 9월 10일 21시,일요일,부산광역시 사상구 감전동,중상사고,0,1,0,0,차대사람 - 차도통행중,안전운전불이행,건조,맑음,단일로 - 기타,이륜,남,26세,상해없음,보행자,남,47세,중상
2017091000100527,2017년 9월 10일 23시,일요일,부산광역시 수영구 광안동,중상사고,0,1,0,0,차대사람 - 횡단중,보행자보호의무위반,건조,맑음,교차로 - 교차로횡단보도내,승용,남,65세,상해없음,보행자,여,30세,중상
2017091000100528,2017년 9월 10일 23시,일요일,부산광역시 사상구 학장동,중상사고,0,1,1,0,차대사람 - 횡단중,안전운전불이행,건조,맑음,단일로 - 기타,승용,남,60세,상해없음,보행자,남,66세,중상
2017091100100019,2017년 9월 11일 00시,월요일,부산광역시 연제구 연산동,중상사고,0,1,0,0,차대차 - 추돌,안전운전불이행,건조,맑음,교차로 - 교차로부근,승용,남,24세,상해없음,승용,남,66세,상해없음
2017091100100020,2017년 9월 11일 00시,월요일,부산광역시 기장군 정관읍,경상사고,0,0,1,0,차대차 - 정면충돌,교차로운행방법위반,건조,맑음,교차로 - 교차로안,승용,남,36세,상해없음,이륜,남,41세,경상
2017091100100064,2017년 9월 11일 04시,월요일,부산광역시 사상구 괘법동,경상사고,0,0,2,4,차대차 - 측면충돌,안전거리미확보,젖음/습기,비,단일로 - 기타,승용,남,49세,상해없음,승용,남,53세,부상신고
2017091100100082,2017년 9월 11일 05시,월요일,부산광역시 부산진구 범천동,중상사고,0,1,1,0,차대차 - 기타,교차로운행방법위반,젖음/습기,비,교차로 - 교차로안,승용,남,62세,상해없음,승용,남,57세,경상
2017091100100083,2017년 9월 11일 05시,월요일,부산광역시 연제구 연산동,중상사고,0,1,1,0,차대차 - 측면충돌,안전거리미확보,젖음/습기,비,단일로 - 기타,승용,남,72세,상해없음,승용,남,75세,중상
2017091100100103,2017년 9월 11일 06시,월요일,부산광역시 해운대구 좌동,부상신고사고,0,0,0,1,차대차 - 정면충돌,안전운전불이행,젖음/습기,비,단일로 - 기타,자전거,남,80세,부상신고,승용,남,51세,상해없음
2017091100100104,2017년 9월 11일 06시,월요일,부산광역시 부산진구 부암동,경상사고,0,0,1,0,차대차 - 추돌,안전거리미확보,젖음/습기,비,단일로 - 기타,승용,남,38세,상해없음,승용,남,50세,상해없음
2017091100100127,2017년 9월 11일 07시,월요일,부산광역시 해운대구 중동,중상사고,0,1,0,0,차대사람 - 기타,중앙선침범,젖음/습기,비,단일로 - 기타,화물,남,37세,상해없음,보행자,여,52세,중상
2017091100100128,2017년 9월 11일 07시,월요일,부산광역시 연제구 거제동,경상사고,0,0,1,0,차대차 - 추돌,안전거리미확보,젖음/습기,비,단일로 - 기타,승용,남,31세,상해없음,승용,여,29세,경상
2017091100100129,2017년 9월 11일 07시,월요일,부산광역시 사상구 학장동,경상사고,0,0,1,0,차대차 - 후진중충돌,안전운전불이행,젖음/습기,비,단일로 - 기타,승용,남,59세,상해없음,승용,여,25세,경상
2017091100100162,2017년 9월 11일 08시,월요일,부산광역시 서구 동대신동1가,경상사고,0,0,1,0,차대차 - 기타,안전운전불이행,젖음/습기,비,단일로 - 터널,승용,남,80세,상해없음,승용,남,29세,경상
2017091100100163,2017년 9월 11일 08시,월요일,부산광역시 영도구 영선동1가,경상사고,0,0,1,0,차대차 - 기타,안전운전불이행,젖음/습기,비,단일로 - 기타,승용,남,46세,상해없음,승용,여,29세,경상
2017091100100164,2017년 9월 11일 08시,월요일,부산광역시 금정구 장전동,중상사고,0,3,2,11,차대차 - 기타,중앙선침범,젖음/습기,비,단일로 - 기타,승합,남,62세,상해없음,승용,여,34세,부상신고
2017091100100209,2017년 9월 11일 09시,월요일,부산광역시 남구 대연동,중상사고,0,1,3,0,차대차 - 추돌,안전거리미확보,젖음/습기,비,단일로 - 교량,승용,여,33세,중상,승용,남,55세,경상
2017091100100210,2017년 9월 11일 09시,월요일,부산광역시 남구 대연동,중상사고,0,1,3,0,차대차 - 추돌,안전거리미확보,젖음/습기,비,단일로 - 교량,승용,남,21세,상해없음,승용,여,33세,중상
2017091100100255,2017년 9월 11일 10시,월요일,부산광역시 해운대구 송정동,중상사고,0,1,0,0,차대차 - 측면충돌,기타,젖음/습기,비,교차로 - 교차로안,승용,남,37세,상해없음,자전거,여,67세,중상
2017091100100256,2017년 9월 11일 10시,월요일,부산광역시 해운대구 좌동,경상사고,0,0,1,0,차대차 - 추돌,안전운전불이행,건조,맑음,단일로 - 기타,특수,남,48세,상해없음,승용,남,23세,경상
2017091100100257,2017년 9월 11일 10시,월요일,부산광역시 부산진구 연지동,경상사고,0,0,1,0,차대차 - 기타,차로위반,젖음/습기,비,교차로 - 교차로부근,화물,남,33세,상해없음,화물,남,43세,경상
2017091100100290,2017년 9월 11일 11시,월요일,부산광역시 수영구 광안동,중상사고,0,2,0,0,차대사람 - 횡단중,신호위반,젖음/습기,비,단일로 - 기타,승용,남,61세,상해없음,보행자,여,49세,중상
2017091100100373,2017년 9월 11일 14시,월요일,부산광역시 강서구 성북동,경상사고,0,0,1,0,차대차 - 측면충돌,안전거리미확보,건조,맑음,교차로 - 교차로안,승용,남,59세,상해없음,특수,남,50세,경상
2017091100100403,2017년 9월 11일 15시,월요일,부산광역시 금정구 회동동,중상사고,0,1,0,0,차대사람 - 횡단중,보행자보호의무위반,젖음/습기,비,교차로 - 교차로안,승합,남,56세,상해없음,보행자,남,66세,중상
2017091100100436,2017년 9월 11일 16시,월요일,부산광역시 수영구 민락동,경상사고,0,0,1,0,차대차 - 측면충돌,교차로운행방법위반,건조,맑음,교차로 - 교차로안,승용,남,72세,상해없음,승용,남,30세,경상
2017091100100437,2017년 9월 11일 16시,월요일,부산광역시 강서구 명지동,경상사고,0,0,1,0,차대차 - 측면충돌,안전운전불이행,건조,맑음,교차로 - 교차로안,승용,여,58세,상해없음,승용,남,42세,경상
2017091100100464,2017년 9월 11일 17시,월요일,부산광역시 동래구 온천동,경상사고,0,0,2,0,차대차 - 측면충돌,직진우회전진행방해,건조,맑음,교차로 - 교차로안,승용,남,32세,경상,승용,남,62세,경상
2017091100100465,2017년 9월 11일 17시,월요일,부산광역시 연제구 연산동,중상사고,0,1,0,0,차대사람 - 횡단중,신호위반,건조,맑음,교차로 - 교차로안,승용,남,51세,상해없음,보행자,여,66세,중상
2017091100100493,2017년 9월 11일 18시,월요일,부산광역시 서구 동대신동1가,경상사고,0,0,1,0,차량단독 - 기타,안전운전불이행,건조,맑음,단일로 - 기타,승합,남,57세,상해없음,,,,
2017091100100494,2017년 9월 11일 18시,월요일,부산광역시 남구 우암동,중상사고,0,1,0,0,차대사람 - 기타,안전운전불이행,젖음/습기,흐림,교차로 - 교차로안,승합,남,75세,상해없음,보행자,남,67세,중상
2017091100100495,2017년 9월 11일 18시,월요일,부산광역시 부산진구 부전동,중상사고,0,1,0,0,차대차 - 측면충돌,교차로운행방법위반,젖음/습기,흐림,교차로 - 교차로안,승용,남,60세,상해없음,이륜,남,26세,중상
2017091100100496,2017년 9월 11일 18시,월요일,부산광역시 금정구 서동,중상사고,0,1,0,0,차대사람 - 기타,안전운전불이행,젖음/습기,흐림,단일로 - 기타,승용,여,63세,상해없음,보행자,남,62세,중상
2017091100100531,2017년 9월 11일 19시,월요일,부산광역시 남구 문현동,경상사고,0,0,1,0,차대차 - 측면충돌,교차로운행방법위반,건조,맑음,교차로 - 교차로안,승용,남,44세,상해없음,승용,남,66세,경상
2017091100100532,2017년 9월 11일 19시,월요일,부산광역시 북구 구포동,경상사고,0,0,1,0,차대사람 - 횡단중,보행자보호의무위반,젖음/습기,비,교차로 - 교차로부근,승용,남,53세,상해없음,보행자,남,60세,경상
2017091100100533,2017년 9월 11일 19시,월요일,부산광역시 북구 화명동,경상사고,0,0,1,0,차대차 - 추돌,안전운전불이행,건조,맑음,단일로 - 기타,승용,남,56세,상해없음,승용,남,34세,경상
2017091100100534,2017년 9월 11일 19시,월요일,부산광역시 해운대구 좌동,경상사고,0,0,1,0,차대차 - 측면충돌,중앙선침범,건조,맑음,단일로 - 고가도로위,승용,남,34세,상해없음,승용,여,53세,상해없음
2017091100100535,2017년 9월 11일 19시,월요일,부산광역시 금정구 금사동,중상사고,0,1,0,0,차대사람 - 기타,안전운전불이행,건조,맑음,교차로 - 교차로안,화물,남,45세,상해없음,보행자,여,63세,중상
2017091100100536,2017년 9월 11일 19시,월요일,부산광역시 연제구 연산동,중상사고,0,1,0,0,차대사람 - 횡단중,안전운전불이행,젖음/습기,비,단일로 - 기타,승용,남,38세,기타불명,보행자,여,42세,중상
2017091100100537,2017년 9월 11일 19시,월요일,부산광역시 사상구 감전동,중상사고,0,1,0,0,차대사람 - 차도통행중,안전운전불이행,건조,맑음,단일로 - 기타,승용,남,24세,상해없음,보행자,여,58세,중상
2017091100100571,2017년 9월 11일 20시,월요일,부산광역시 해운대구 우동,경상사고,0,0,2,0,차대차 - 기타,안전거리미확보,건조,맑음,단일로 - 기타,승용,남,27세,상해없음,승합,남,46세,경상
2017091100100599,2017년 9월 11일 21시,월요일,부산광역시 북구 화명동,경상사고,0,0,1,0,차대차 - 측면충돌,신호위반,건조,맑음,교차로 - 교차로안,승용,남,59세,상해없음,이륜,남,17세,경상
2017091100100600,2017년 9월 11일 21시,월요일,부산광역시 동래구 사직동,부상신고사고,0,0,0,1,차대차 - 기타,중앙선침범,건조,맑음,단일로 - 기타,원동기,남,48세,부상신고,화물,남,47세,상해없음
2017091100100601,2017년 9월 11일 21시,월요일,부산광역시 강서구 명지동,중상사고,0,3,3,0,차대차 - 측면충돌,신호위반,건조,맑음,교차로 - 교차로안,승용,남,46세,상해없음,승용,여,35세,경상
2017091100100629,2017년 9월 11일 22시,월요일,부산광역시 북구 덕천동,경상사고,0,0,2,0,차대사람 - 횡단중,보행자보호의무위반,건조,맑음,단일로 - 기타,화물,남,24세,상해없음,보행자,남,19세,경상
2017091100100630,2017년 9월 11일 22시,월요일,부산광역시 해운대구 우동,중상사고,0,1,0,0,차대사람 - 횡단중,신호위반,젖음/습기,비,교차로 - 교차로부근,승용,남,60세,상해없음,보행자,여,30세,중상
2017091200100039,2017년 9월 12일 01시,화요일,부산광역시 사하구 하단동,중상사고,0,3,0,1,차대차 - 정면충돌,신호위반,건조,기타,교차로 - 교차로안,승용,남,59세,부상신고,승용,남,36세,중상
2017091200100040,2017년 9월 12일 01시,화요일,부산광역시 연제구 연산동,경상사고,0,0,1,0,차대사람 - 차도통행중,안전운전불이행,건조,맑음,단일로 - 기타,승용,남,65세,상해없음,보행자,남,35세,경상
2017091200100058,2017년 9월 12일 04시,화요일,부산광역시 동래구 온천동,경상사고,0,0,1,0,차대차 - 측면충돌,안전운전불이행,건조,맑음,단일로 - 기타,승용,남,61세,상해없음,원동기,남,27세,경상
2017091200100062,2017년 9월 12일 05시,화요일,부산광역시 동래구 수안동,중상사고,0,1,0,0,차대사람 - 횡단중,안전운전불이행,건조,맑음,단일로 - 기타,승용,여,46세,상해없음,보행자,남,51세,중상
2017091200100063,2017년 9월 12일 05시,화요일,부산광역시 사하구 하단동,중상사고,0,1,0,0,차대차 - 기타,안전거리미확보,건조,기타,단일로 - 기타,이륜,남,23세,중상,승용,남,23세,상해없음
2017091200100095,2017년 9월 12일 07시,화요일,부산광역시 영도구 동삼동,경상사고,0,0,1,0,차대차 - 추돌,안전운전불이행,건조,맑음,교차로 - 교차로부근,화물,남,44세,상해없음,승용,남,52세,경상
2017091200100096,2017년 9월 12일 07시,화요일,부산광역시 연제구 거제동,경상사고,0,0,1,0,차대차 - 측면충돌,교차로운행방법위반,건조,맑음,교차로 - 교차로안,승용,남,41세,기타불명,자전거,남,44세,경상
2017091200100097,2017년 9월 12일 07시,화요일,부산광역시 사상구 괘법동,경상사고,0,0,1,0,차대차 - 측면충돌,안전운전불이행,건조,맑음,단일로 - 기타,승용,남,35세,상해없음,승용,남,40세,경상
2017091200100126,2017년 9월 12일 08시,화요일,부산광역시 해운대구 반여동,경상사고,0,0,1,0,차대사람 - 기타,안전운전불이행,건조,맑음,단일로 - 기타,승용,남,51세,상해없음,보행자,여,18세,경상
2017091200100169,2017년 9월 12일 09시,화요일,부산광역시 수영구 민락동,경상사고,0,0,1,0,차대차 - 측면충돌,차로위반,건조,맑음,단일로 - 기타,승용,남,67세,상해없음,승용,남,57세,경상
2017091200100170,2017년 9월 12일 09시,화요일,부산광역시 북구 덕천동,경상사고,0,0,1,0,차대차 - 기타,안전거리미확보,건조,맑음,단일로 - 기타,승용,여,48세,상해없음,화물,남,34세,경상
2017091200100171,2017년 9월 12일 09시,화요일,부산광역시 해운대구 우동,경상사고,0,0,1,0,차대차 - 추돌,안전운전불이행,건조,맑음,단일로 - 기타,화물,남,23세,상해없음,승용,여,49세,경상
2017091200100232,2017년 9월 12일 11시,화요일,부산광역시 부산진구 범천동,중상사고,0,1,0,0,차대차 - 측면충돌,신호위반,건조,맑음,교차로 - 교차로안,승용,남,68세,상해없음,원동기,남,43세,중상
2017091200100233,2017년 9월 12일 11시,화요일,부산광역시 수영구 망미동,중상사고,0,1,0,0,차대차 - 측면충돌,신호위반,건조,맑음,교차로 - 교차로안,승용,여,62세,기타불명,승용,남,29세,중상
2017091200100258,2017년 9월 12일 12시,화요일,부산광역시 서구 서대신동2가,중상사고,0,1,1,0,차대차 - 추돌,안전거리미확보,건조,맑음,단일로 - 기타,특수,남,61세,상해없음,승용,남,75세,중상
2017091200100259,2017년 9월 12일 12시,화요일,부산광역시 사상구 감전동,부상신고사고,0,0,0,1,차대사람 - 차도통행중,안전운전불이행,건조,맑음,단일로 - 기타,승용,남,56세,상해없음,보행자,남,41세,부상신고
2017091200100280,2017년 9월 12일 13시,화요일,부산광역시 수영구 광안동,중상사고,0,1,0,0,차대사람 - 횡단중,보행자보호의무위반,건조,맑음,교차로 - 교차로부근,승용,남,54세,상해없음,보행자,여,75세,중상
2017091200100281,2017년 9월 12일 13시,화요일,부산광역시 수영구 남천동,경상사고,0,0,2,0,차대차 - 기타,안전운전불이행,건조,맑음,단일로 - 기타,승용,남,43세,상해없음,승용,남,37세,경상
2017091200100282,2017년 9월 12일 13시,화요일,부산광역시 북구 구포동,경상사고,0,0,1,0,차대사람 - 기타,안전운전불이행,건조,맑음,단일로 - 기타,화물,남,39세,상해없음,보행자,남,71세,경상
2017091200100310,2017년 9월 12일 14시,화요일,부산광역시 사하구 다대동,사망사고,1,1,0,0,차대사람 - 기타,안전운전불이행,건조,맑음,교차로 - 교차로안,승용,남,55세,중상,보행자,남,68세,사망
2017091200100311,2017년 9월 12일 14시,화요일,부산광역시 연제구 거제동,경상사고,0,0,1,0,차대차 - 기타,안전거리미확보,건조,맑음,단일로 - 기타,이륜,남,68세,경상,승용,여,46세,상해없음
2017091200100334,2017년 9월 12일 15시,화요일,부산광역시 수영구 남천동,부상신고사고,0,0,0,1,차대차 - 측면충돌,안전거리미확보,건조,맑음,단일로 - 교량,승용,남,70세,부상신고,화물,남,55세,상해없음
2017091200100371,2017년 9월 12일 16시,화요일,부산광역시 북구 만덕동,중상사고,0,1,0,0,차대사람 - 횡단중,신호위반,건조,맑음,단일로 - 기타,화물,남,41세,상해없음,보행자,남,9세,중상
2017091200100412,2017년 9월 12일 17시,화요일,부산광역시 동구 초량동,중상사고,0,1,0,0,차대차 - 측면충돌,차로위반,건조,맑음,단일로 - 기타,특수,남,59세,상해없음,승용,여,49세,중상
2017091200100413,2017년 9월 12일 17시,화요일,부산광역시 사상구 덕포동,경상사고,0,0,2,0,차대차 - 기타,교차로운행방법위반,건조,맑음,교차로 - 교차로안,이륜,남,24세,경상,승용,남,61세,상해없음
2017091200100450,2017년 9월 12일 18시,화요일,부산광역시 남구 용호동,경상사고,0,0,1,0,차대차 - 측면충돌,교차로운행방법위반,건조,맑음,교차로 - 교차로안,승용,남,67세,상해없음,승용,남,43세,경상
2017091200100451,2017년 9월 12일 18시,화요일,부산광역시 부산진구 당감동,중상사고,0,1,0,0,차대차 - 측면충돌,안전운전불이행,건조,맑음,단일로 - 기타,승용,남,28세,상해없음,이륜,남,59세,중상
2017091200100452,2017년 9월 12일 18시,화요일,부산광역시 사상구 주례동,중상사고,0,1,0,0,차대사람 - 횡단중,보행자보호의무위반,건조,맑음,교차로 - 교차로횡단보도내,승용,여,44세,상해없음,보행자,여,73세,중상
2017091200100489,2017년 9월 12일 19시,화요일,부산광역시 부산진구 초읍동,중상사고,0,2,0,0,차대차 - 측면충돌,교차로운행방법위반,건조,맑음,교차로 - 교차로안,화물,남,37세,상해없음,이륜,남,54세,중상
2017091200100490,2017년 9월 12일 19시,화요일,부산광역시 금정구 노포동,중상사고,0,1,1,0,차대차 - 추돌,안전운전불이행,건조,맑음,교차로 - 교차로안,승합,남,73세,상해없음,승용,남,83세,중상
2017091200100491,2017년 9월 12일 19시,화요일,부산광역시 연제구 연산동,중상사고,0,1,1,0,차대차 - 추돌,안전운전불이행,건조,맑음,단일로 - 기타,승용,여,32세,상해없음,화물,남,51세,경상
2017091200100530,2017년 9월 12일 20시,화요일,부산광역시 사하구 신평동,경상사고,0,0,1,1,차대차 - 기타,안전운전불이행,건조,맑음,단일로 - 기타,승용,남,60세,부상신고,승용,여,38세,경상
2017091200100531,2017년 9월 12일 20시,화요일,부산광역시 기장군 기장읍,중상사고,0,1,0,0,차대차 - 기타,안전운전불이행,건조,맑음,단일로 - 기타,승용,남,44세,상해없음,원동기,남,48세,중상
2017091200100555,2017년 9월 12일 21시,화요일,부산광역시 남구 용당동,경상사고,0,0,1,0,차대차 - 추돌,안전운전불이행,건조,맑음,단일로 - 기타,승용,여,37세,상해없음,이륜,남,40세,경상
2017091200100581,2017년 9월 12일 22시,화요일,부산광역시 사상구 덕포동,부상신고사고,0,0,0,1,차대차 - 기타,신호위반,건조,맑음,단일로 - 기타,기타불명,기타불명,미분류,기타불명,승용,남,59세,상해없음
2017091200100603,2017년 9월 12일 23시,화요일,부산광역시 영도구 동삼동,경상사고,0,0,3,0,차대차 - 추돌,안전운전불이행,건조,맑음,교차로 - 교차로부근,승용,남,49세,상해없음,승용,남,54세,경상
2017091200100604,2017년 9월 12일 23시,화요일,부산광역시 연제구 연산동,부상신고사고,0,0,0,1,차대차 - 측면충돌,중앙선침범,건조,맑음,교차로 - 교차로안,자전거,남,48세,부상신고,자전거,남,14세,상해없음
2017091300100027,2017년 9월 13일 00시,수요일,부산광역시 북구 구포동,중상사고,0,1,0,0,차대차 - 정면충돌,신호위반,건조,맑음,교차로 - 교차로안,원동기,남,31세,상해없음,승용,남,56세,상해없음
2017091300100028,2017년 9월 13일 00시,수요일,부산광역시 서구 암남동,중상사고,0,1,0,0,차대차 - 기타,신호위반,건조,맑음,교차로 - 교차로안,승용,남,42세,상해없음,승용,여,64세,중상
2017091300100120,2017년 9월 13일 08시,수요일,부산광역시 북구 덕천동,중상사고,0,1,1,0,차대차 - 기타,안전운전불이행,건조,맑음,단일로 - 기타,승용,여,54세,경상,승용,여,33세,중상
2017091300100121,2017년 9월 13일 08시,수요일,부산광역시 부산진구 범천동,경상사고,0,0,1,0,차대차 - 기타,안전운전불이행,건조,맑음,단일로 - 기타,승합,남,45세,상해없음,이륜,남,37세,경상
2017091300100166,2017년 9월 13일 09시,수요일,부산광역시 사상구 덕포동,중상사고,0,1,0,0,차대사람 - 기타,교차로운행방법위반,건조,맑음,단일로 - 기타,이륜,남,81세,상해없음,보행자,남,79세,중상
2017091300100203,2017년 9월 13일 10시,수요일,부산광역시 사하구 장림동,중상사고,0,1,1,0,차대차 - 기타,안전거리미확보,건조,맑음,기타 - 기타,승용,여,56세,중상,승용,남,27세,경상
2017091300100204,2017년 9월 13일 10시,수요일,부산광역시 사상구 감전동,경상사고,0,0,1,0,차대차 - 추돌,안전운전불이행,건조,맑음,단일로 - 기타,승용,남,30세,상해없음,승용,남,33세,경상
2017091300100236,2017년 9월 13일 11시,수요일,부산광역시 부산진구 부전동,중상사고,0,3,0,0,차대차 - 기타,안전운전불이행,건조,맑음,단일로 - 기타,승용,남,38세,상해없음,승용,여,55세,중상
2017091300100269,2017년 9월 13일 12시,수요일,부산광역시 금정구 장전동,경상사고,0,0,1,0,차대차 - 기타,신호위반,건조,맑음,교차로 - 교차로안,자전거,여,57세,상해없음,승합,남,48세,상해없음
2017091300100305,2017년 9월 13일 13시,수요일,부산광역시 중구 부평동4가,중상사고,0,1,0,0,차대차 - 기타,안전운전불이행,건조,맑음,단일로 - 기타,이륜,남,33세,중상,승용,남,49세,상해없음
2017091300100340,2017년 9월 13일 14시,수요일,부산광역시 남구 대연동,중상사고,0,1,0,0,차대사람 - 차도통행중,안전운전불이행,건조,맑음,교차로 - 교차로안,승용,여,45세,상해없음,보행자,여,63세,중상
2017091300100341,2017년 9월 13일 14시,수요일,부산광역시 사상구 주례동,중상사고,0,1,0,0,차대차 - 측면충돌,신호위반,건조,맑음,교차로 - 교차로안,화물,남,59세,상해없음,이륜,남,39세,중상
2017091300100383,2017년 9월 13일 15시,수요일,부산광역시 북구 화명동,경상사고,0,0,1,0,차대차 - 측면충돌,안전거리미확보,건조,맑음,단일로 - 기타,승용,남,58세,상해없음,이륜,남,17세,경상
2017091300100384,2017년 9월 13일 15시,수요일,부산광역시 해운대구 반여동,경상사고,0,0,1,0,차대사람 - 기타,안전운전불이행,건조,맑음,단일로 - 기타,원동기,남,54세,상해없음,보행자,남,1세,경상
2017091300100385,2017년 9월 13일 15시,수요일,부산광역시 강서구 구랑동,경상사고,0,0,1,0,차대차 - 추돌,안전운전불이행,건조,맑음,교차로 - 교차로부근,화물,남,52세,상해없음,화물,남,36세,경상
2017091300100413,2017년 9월 13일 16시,수요일,부산광역시 부산진구 부암동,중상사고,0,2,0,0,차대차 - 측면충돌,신호위반,건조,맑음,교차로 - 교차로안,승용,남,49세,상해없음,승용,남,61세,중상
2017091300100414,2017년 9월 13일 16시,수요일,부산광역시 사상구 삼락동,부상신고사고,0,0,0,2,차대차 - 측면충돌,안전운전불이행,건조,맑음,단일로 - 기타,자전거,남,61세,상해없음,자전거,남,45세,부상신고
2017091300100456,2017년 9월 13일 17시,수요일,부산광역시 동구 초량동,경상사고,0,0,1,0,차대차 - 측면충돌,안전운전불이행,건조,맑음,단일로 - 기타,승용,남,67세,상해없음,원동기,남,54세,경상
2017091300100457,2017년 9월 13일 17시,수요일,부산광역시 해운대구 우동,경상사고,0,0,1,0,차대차 - 기타,안전운전불이행,건조,맑음,단일로 - 기타,승합,남,60세,상해없음,승용,남,42세,경상
2017091300100458,2017년 9월 13일 17시,수요일,부산광역시 사상구 주례동,경상사고,0,0,1,0,차대차 - 측면충돌,기타,건조,맑음,교차로 - 교차로부근,승용,남,33세,상해없음,이륜,남,19세,경상
2017091300100507,2017년 9월 13일 18시,수요일,부산광역시 남구 문현동,경상사고,0,0,2,0,차대차 - 기타,안전거리미확보,건조,맑음,단일로 - 기타,승용,여,49세,상해없음,승용,남,34세,경상
2017091300100508,2017년 9월 13일 18시,수요일,부산광역시 금정구 장전동,부상신고사고,0,0,0,1,차대차 - 추돌,안전거리미확보,건조,맑음,교차로 - 교차로부근,원동기,남,26세,부상신고,승용,남,61세,상해없음
2017091300100509,2017년 9월 13일 18시,수요일,부산광역시 강서구 명지동,중상사고,0,1,0,0,차대차 - 기타,안전운전불이행,건조,맑음,기타 - 기타,승용,남,30세,상해없음,자전거,남,78세,중상
2017091300100559,2017년 9월 13일 19시,수요일,부산광역시 사하구 다대동,중상사고,0,1,0,0,차대차 - 측면충돌,교차로운행방법위반,건조,맑음,교차로 - 교차로안,승용,남,63세,상해없음,자전거,남,73세,중상
2017091300100560,2017년 9월 13일 19시,수요일,부산광역시 사하구 다대동,부상신고사고,0,0,0,1,차대사람 - 횡단중,안전운전불이행,건조,맑음,단일로 - 기타,승용,남,60세,상해없음,보행자,남,50세,부상신고
2017091300100561,2017년 9월 13일 19시,수요일,부산광역시 강서구 명지동,경상사고,0,0,1,0,차대차 - 측면충돌,신호위반,건조,맑음,교차로 - 교차로안,승용,여,24세,상해없음,승용,여,65세,경상
2017091300100604,2017년 9월 13일 20시,수요일,부산광역시 남구 우암동,중상사고,0,1,0,0,차대차 - 측면충돌,안전운전불이행,건조,맑음,교차로 - 교차로안,승용,여,50세,상해없음,이륜,남,17세,중상
2017091300100605,2017년 9월 13일 20시,수요일,부산광역시 해운대구 우동,경상사고,0,0,1,0,차대차 - 추돌,교차로운행방법위반,건조,맑음,교차로 - 교차로부근,승용,남,59세,상해없음,승용,남,34세,경상
2017091300100606,2017년 9월 13일 20시,수요일,부산광역시 금정구 오륜동,경상사고,0,0,1,0,차대차 - 측면충돌,안전거리미확보,건조,맑음,단일로 - 기타,승용,남,24세,상해없음,승용,여,44세,경상
2017091300100630,2017년 9월 13일 21시,수요일,부산광역시 부산진구 부전동,중상사고,0,1,0,0,차대사람 - 기타,안전운전불이행,건조,맑음,교차로 - 교차로부근,승용,남,48세,상해없음,보행자,남,64세,중상
2017091300100631,2017년 9월 13일 21시,수요일,부산광역시 강서구 대저1동,경상사고,0,0,1,0,차대차 - 측면충돌,중앙선침범,건조,맑음,교차로 - 교차로안,화물,남,51세,상해없음,승용,여,49세,경상
2017091300100660,2017년 9월 13일 22시,수요일,부산광역시 동래구 온천동,경상사고,0,0,1,0,차대차 - 측면충돌,중앙선침범,건조,맑음,단일로 - 기타,화물,남,56세,상해없음,이륜,남,28세,경상
2017091300100682,2017년 9월 13일 23시,수요일,부산광역시 동래구 낙민동,경상사고,0,0,1,0,차대차 - 측면충돌,안전운전불이행,건조,맑음,단일로 - 기타,승용,남,58세,상해없음,이륜,남,31세,경상
2017091400100056,2017년 9월 14일 03시,목요일,부산광역시 부산진구 부전동,경상사고,0,0,1,0,차대차 - 추돌,안전운전불이행,건조,맑음,단일로 - 기타,승용,남,61세,상해없음,이륜,남,26세,경상
2017091400100099,2017년 9월 14일 07시,목요일,부산광역시 금정구 구서동,중상사고,0,1,0,0,차대사람 - 기타,안전운전불이행,건조,맑음,단일로 - 기타,화물,남,45세,상해없음,보행자,남,72세,중상
2017091400100149,2017년 9월 14일 08시,목요일,부산광역시 동구 좌천동,경상사고,0,0,1,0,차대차 - 측면충돌,안전거리미확보,건조,맑음,단일로 - 교량,화물,남,62세,상해없음,승용,여,44세,경상