사고번호,사고일시,요일,시군구,사고내용,사망자수,중상자수,경상자수,부상신고자수,사고유형,법규위반,노면상태,기상상태,도로형태,가해운전자 차종,가해운전자 성별,가해운전자 연령,가해운전자 상해정도,피해운전자 차종,피해운전자 성별,피해운전자 연령,피해운전자 상해정도
2017091400100150,2017년 9월 14일 08시,목요일,부산광역시 기장군 일광면,중상사고,0,2,0,0,차대차 - 정면충돌,신호위반,건조,맑음,교차로 - 교차로부근,승용,남,30세,중상,승용,남,59세,중상
2017091400100198,2017년 9월 14일 09시,목요일,부산광역시 동래구 온천동,경상사고,0,0,2,0,차대차 - 측면충돌,안전거리미확보,건조,맑음,단일로 - 기타,승용,여,72세,상해없음,승용,남,71세,경상
2017091400100199,2017년 9월 14일 09시,목요일,부산광역시 영도구 남항동2가,경상사고,0,0,1,0,차대차 - 측면충돌,안전운전불이행,건조,맑음,단일로 - 기타,이륜,남,58세,상해없음,자전거,남,48세,경상
2017091400100200,2017년 9월 14일 09시,목요일,부산광역시 해운대구 우동,경상사고,0,0,1,0,차대차 - 추돌,안전거리미확보,건조,맑음,단일로 - 고가도로위,승용,남,42세,상해없음,승용,남,56세,경상
2017091400100201,2017년 9월 14일 09시,목요일,부산광역시 사하구 당리동,중상사고,0,1,0,0,차대차 - 추돌,안전운전불이행,건조,맑음,단일로 - 기타,승용,남,21세,상해없음,승용,여,52세,중상
2017091400100238,2017년 9월 14일 10시,목요일,부산광역시 서구 부용동2가,경상사고,0,0,1,0,차대사람 - 기타,안전운전불이행,건조,맑음,단일로 - 기타,건설기계,남,45세,상해없음,보행자,여,75세,경상
2017091400100239,2017년 9월 14일 10시,목요일,부산광역시 부산진구 개금동,경상사고,0,0,1,0,차대차 - 추돌,안전운전불이행,건조,맑음,단일로 - 기타,승용,여,60세,상해없음,승용,여,34세,경상
2017091400100297,2017년 9월 14일 12시,목요일,부산광역시 동구 범일동,중상사고,0,1,0,0,차대차 - 기타,차로위반,건조,맑음,단일로 - 기타,이륜,남,64세,중상,승용,남,57세,상해없음
2017091400100298,2017년 9월 14일 12시,목요일,부산광역시 기장군 일광면,경상사고,0,0,1,0,차대차 - 추돌,안전운전불이행,건조,맑음,단일로 - 기타,승용,남,54세,상해없음,승용,남,36세,경상
2017091400100332,2017년 9월 14일 13시,목요일,부산광역시 사상구 괘법동,중상사고,0,1,0,0,차대차 - 기타,안전운전불이행,건조,맑음,단일로 - 기타,이륜,남,36세,중상,승용,남,73세,상해없음
2017091400100366,2017년 9월 14일 14시,목요일,부산광역시 중구 부평동3가,중상사고,0,1,0,0,차대차 - 측면충돌,안전운전불이행,건조,맑음,단일로 - 기타,승용,여,57세,상해없음,이륜,남,25세,중상
2017091400100367,2017년 9월 14일 14시,목요일,부산광역시 북구 구포동,중상사고,0,1,0,0,차대차 - 추돌,중앙선침범,건조,맑음,단일로 - 기타,이륜,남,79세,중상,승용,남,64세,상해없음
2017091400100368,2017년 9월 14일 14시,목요일,부산광역시 북구 구포동,경상사고,0,0,1,0,차대차 - 추돌,안전운전불이행,건조,맑음,교차로 - 교차로안,승용,남,29세,상해없음,이륜,남,48세,경상
2017091400100369,2017년 9월 14일 14시,목요일,부산광역시 해운대구 중동,중상사고,0,1,0,0,차대사람 - 보도통행중,신호위반,건조,맑음,교차로 - 교차로안,승용,여,56세,상해없음,보행자,여,49세,중상
2017091400100409,2017년 9월 14일 15시,목요일,부산광역시 동구 초량동,중상사고,0,1,0,0,차대사람 - 기타,안전운전불이행,건조,맑음,단일로 - 기타,승용,남,41세,상해없음,보행자,여,7세,중상
2017091400100410,2017년 9월 14일 15시,목요일,부산광역시 금정구 선동,중상사고,0,1,0,0,차대사람 - 기타,안전운전불이행,건조,맑음,단일로 - 기타,승용,여,56세,상해없음,보행자,남,43세,중상
2017091400100440,2017년 9월 14일 16시,목요일,부산광역시 수영구 망미동,중상사고,0,1,0,0,차대차 - 측면충돌,신호위반,건조,맑음,교차로 - 교차로안,승용,남,74세,상해없음,승용,여,37세,중상
2017091400100441,2017년 9월 14일 16시,목요일,부산광역시 사상구 감전동,중상사고,0,1,0,0,차대사람 - 차도통행중,안전운전불이행,건조,맑음,단일로 - 기타,화물,남,54세,상해없음,보행자,여,73세,중상
2017091400100489,2017년 9월 14일 17시,목요일,부산광역시 중구 대청동3가,중상사고,0,1,0,0,차대차 - 측면충돌,신호위반,건조,맑음,교차로 - 교차로안,승용,남,34세,상해없음,이륜,남,66세,중상
2017091400100490,2017년 9월 14일 17시,목요일,부산광역시 동래구 사직동,경상사고,0,0,1,0,차대차 - 측면충돌,교차로운행방법위반,건조,맑음,교차로 - 교차로안,승용,여,47세,상해없음,승용,남,22세,경상
2017091400100548,2017년 9월 14일 18시,목요일,부산광역시 부산진구 부전동,중상사고,0,1,0,0,차대사람 - 횡단중,안전운전불이행,건조,맑음,단일로 - 기타,승용,남,46세,상해없음,보행자,남,78세,중상
2017091400100549,2017년 9월 14일 18시,목요일,부산광역시 사상구 모라동,부상신고사고,0,0,0,1,차대차 - 측면충돌,안전거리미확보,건조,맑음,단일로 - 기타,자전거,남,62세,부상신고,승용,여,43세,상해없음
2017091400100550,2017년 9월 14일 18시,목요일,부산광역시 사상구 주례동,부상신고사고,0,0,0,1,차대사람 - 기타,안전운전불이행,건조,맑음,기타 - 기타,승합,남,34세,상해없음,보행자,여,58세,부상신고
2017091400100602,2017년 9월 14일 19시,목요일,부산광역시 동구 좌천동,경상사고,0,0,1,0,차대사람 - 기타,안전운전불이행,건조,맑음,기타 - 기타,승용,남,51세,상해없음,보행자,여,48세,경상
2017091400100603,2017년 9월 14일 19시,목요일,부산광역시 해운대구 우동,경상사고,0,0,1,0,차대차 - 정면충돌,신호위반,건조,맑음,교차로 - 교차로안,승용,여,30세,상해없음,원동기,남,32세,경상
2017091400100604,2017년 9월 14일 19시,목요일,부산광역시 해운대구 중동,경상사고,0,0,1,0,차대차 - 기타,불법유턴,건조,맑음,교차로 - 교차로부근,승용,남,50세,상해없음,이륜,남,50세,경상
2017091400100605,2017년 9월 14일 19시,목요일,부산광역시 강서구 강동동,경상사고,0,0,1,0,차대차 - 기타,안전운전불이행,건조,맑음,단일로 - 기타,화물,남,61세,상해없음,승용,남,52세,경상
2017091400100606,2017년 9월 14일 19시,목요일,부산광역시 강서구 명지동,경상사고,0,0,3,0,차대차 - 기타,직진우회전진행방해,건조,맑음,교차로 - 교차로부근,승용,남,30세,상해없음,승용,여,35세,경상
2017091400100639,2017년 9월 14일 20시,목요일,부산광역시 남구 용호동,경상사고,0,0,1,0,차대사람 - 횡단중,신호위반,건조,맑음,교차로 - 교차로부근,승용,남,62세,상해없음,보행자,남,37세,경상
2017091400100691,2017년 9월 14일 22시,목요일,부산광역시 수영구 민락동,중상사고,0,1,0,0,차대사람 - 횡단중,안전운전불이행,건조,맑음,단일로 - 기타,승용,남,64세,상해없음,보행자,남,77세,중상
2017091400100692,2017년 9월 14일 22시,목요일,부산광역시 북구 덕천동,경상사고,0,0,1,0,차대차 - 기타,안전운전불이행,건조,맑음,단일로 - 기타,승용,남,31세,상해없음,승용,여,21세,경상
2017091400100693,2017년 9월 14일 22시,목요일,부산광역시 해운대구 송정동,경상사고,0,0,1,0,차대차 - 정면충돌,신호위반,건조,맑음,교차로 - 교차로안,승용,남,21세,상해없음,자전거,남,26세,경상
2017091400100694,2017년 9월 14일 22시,목요일,부산광역시 금정구 장전동,중상사고,0,1,0,0,차대사람 - 횡단중,안전운전불이행,건조,맑음,단일로 - 기타,승용,남,26세,상해없음,보행자,여,51세,중상
2017091400100695,2017년 9월 14일 22시,목요일,부산광역시 사상구 모라동,중상사고,0,1,0,0,차대사람 - 횡단중,안전운전불이행,건조,맑음,단일로 - 기타,승용,남,59세,상해없음,보행자,남,70세,중상
2017091400100721,2017년 9월 14일 23시,목요일,부산광역시 북구 만덕동,중상사고,0,1,0,0,차대사람 - 기타,안전운전불이행,건조,맑음,단일로 - 기타,승용,남,44세,상해없음,보행자,남,43세,중상
2017091500100020,2017년 9월 15일 00시,금요일,부산광역시 남구 대연동,경상사고,0,0,1,0,차대차 - 기타,교차로운행방법위반,건조,맑음,교차로 - 교차로안,승용,남,74세,상해없음,승용,남,31세,상해없음
2017091500100041,2017년 9월 15일 03시,금요일,부산광역시 강서구 명지동,중상사고,0,3,0,0,차대차 - 기타,안전운전불이행,건조,맑음,단일로 - 기타,이륜,남,20세,중상,이륜,남,65세,중상
2017091500100042,2017년 9월 15일 03시,금요일,부산광역시 사상구 주례동,경상사고,0,0,1,0,차대차 - 기타,교차로운행방법위반,건조,맑음,교차로 - 교차로안,승용,남,67세,상해없음,승용,남,54세,경상
2017091500100061,2017년 9월 15일 05시,금요일,부산광역시 강서구 죽동동,사망사고,1,2,0,0,차대차 - 측면충돌,신호위반,건조,맑음,교차로 - 교차로안,건설기계,남,33세,상해없음,화물,남,69세,중상
2017091500100083,2017년 9월 15일 07시,금요일,부산광역시 해운대구 반여동,경상사고,0,0,1,0,차대차 - 기타,안전운전불이행,기타,맑음,단일로 - 기타,승용,남,40세,상해없음,승용,남,44세,경상
2017091500100113,2017년 9월 15일 08시,금요일,부산광역시 해운대구 우동,경상사고,0,0,1,0,차대사람 - 기타,안전운전불이행,건조,맑음,단일로 - 기타,승합,남,68세,상해없음,보행자,여,17세,경상
2017091500100114,2017년 9월 15일 08시,금요일,부산광역시 부산진구 양정동,경상사고,0,0,1,0,차대차 - 기타,안전운전불이행,건조,맑음,단일로 - 기타,승용,남,64세,상해없음,승용,남,61세,경상
2017091500100115,2017년 9월 15일 08시,금요일,부산광역시 사하구 당리동,경상사고,0,0,1,0,차대차 - 기타,신호위반,건조,맑음,교차로 - 교차로부근,원동기,남,23세,경상,승용,여,57세,상해없음
2017091500100165,2017년 9월 15일 09시,금요일,부산광역시 서구 토성동3가,경상사고,0,0,1,0,차량단독 - 기타,기타,건조,맑음,단일로 - 기타,승합,남,56세,상해없음,,,,
2017091500100166,2017년 9월 15일 09시,금요일,부산광역시 남구 대연동,중상사고,0,1,0,0,차대사람 - 기타,안전운전불이행,건조,맑음,단일로 - 기타,승용,남,52세,상해없음,보행자,남,90세 이상,중상
2017091500100195,2017년 9월 15일 10시,금요일,부산광역시 동구 범일동,경상사고,0,0,1,0,차대차 - 측면충돌,신호위반,건조,맑음,교차로 - 교차로안,화물,남,62세,상해없음,건설기계,남,48세,경상
2017091500100196,2017년 9월 15일 10시,금요일,부산광역시 사상구 괘법동,부상신고사고,0,0,0,1,차대차 - 기타,안전운전불이행,건조,맑음,교차로 - 교차로안,자전거,남,72세,부상신고,이륜,남,51세,상해없음
2017091500100234,2017년 9월 15일 11시,금요일,부산광역시 북구 구포동,경상사고,0,0,1,0,차대사람 - 기타,안전운전불이행,건조,맑음,단일로 - 기타,승용,남,68세,상해없음,보행자,남,73세,경상
2017091500100235,2017년 9월 15일 11시,금요일,부산광역시 동래구 명륜동,경상사고,0,0,1,0,차대차 - 측면충돌,안전운전불이행,건조,맑음,교차로 - 교차로부근,승용,남,73세,상해없음,승용,여,46세,경상
2017091500100261,2017년 9월 15일 12시,금요일,부산광역시 영도구 동삼동,경상사고,0,0,1,0,차대차 - 기타,안전운전불이행,건조,맑음,단일로 - 기타,화물,남,64세,상해없음,자전거,남,44세,경상
2017091500100281,2017년 9월 15일 13시,금요일,부산광역시 사하구 괴정동,경상사고,0,0,1,0,차대차 - 기타,차로위반,건조,맑음,단일로 - 기타,건설기계,남,55세,상해없음,승합,남,60세,상해없음
2017091500100312,2017년 9월 15일 14시,금요일,부산광역시 서구 동대신동3가,경상사고,0,0,1,0,차대사람 - 길가장자리구역통행중,안전운전불이행,건조,맑음,기타 - 기타,승용,여,52세,상해없음,보행자,여,36세,경상
2017091500100313,2017년 9월 15일 14시,금요일,부산광역시 영도구 대평동2가,중상사고,0,1,0,0,차대사람 - 기타,안전운전불이행,건조,맑음,단일로 - 기타,화물,남,38세,상해없음,보행자,여,86세,중상
2017091500100314,2017년 9월 15일 14시,금요일,부산광역시 영도구 봉래동1가,경상사고,0,0,1,0,차대차 - 추돌,안전운전불이행,건조,맑음,단일로 - 교량,승용,남,54세,상해없음,승용,남,52세,상해없음
2017091500100315,2017년 9월 15일 14시,금요일,부산광역시 사하구 하단동,부상신고사고,0,0,0,1,차대차 - 측면충돌,불법유턴,건조,흐림,교차로 - 교차로횡단보도내,자전거,남,13세,부상신고,승용,남,63세,상해없음
2017091500100344,2017년 9월 15일 15시,금요일,부산광역시 부산진구 연지동,경상사고,0,0,1,0,차대사람 - 기타,안전운전불이행,건조,맑음,단일로 - 기타,승용,남,44세,상해없음,보행자,남,70세,경상
2017091500100345,2017년 9월 15일 15시,금요일,부산광역시 부산진구 양정동,중상사고,0,1,0,0,차대사람 - 보도통행중,기타,건조,맑음,단일로 - 기타,화물,여,59세,상해없음,보행자,남,21세,중상
2017091500100401,2017년 9월 15일 16시,금요일,부산광역시 동래구 온천동,경상사고,0,0,1,0,차대차 - 기타,교차로운행방법위반,건조,맑음,교차로 - 교차로안,승용,남,66세,상해없음,승용,남,59세,상해없음
2017091500100402,2017년 9월 15일 16시,금요일,부산광역시 해운대구 반송동,중상사고,0,1,0,0,차대차 - 측면충돌,안전운전불이행,건조,맑음,단일로 - 기타,승용,남,40세,상해없음,이륜,남,57세,중상
2017091500100403,2017년 9월 15일 16시,금요일,부산광역시 강서구 범방동,경상사고,0,0,1,0,차대차 - 측면충돌,안전거리미확보,건조,맑음,단일로 - 기타,화물,남,55세,상해없음,승용,남,34세,경상
2017091500100455,2017년 9월 15일 17시,금요일,부산광역시 해운대구 석대동,중상사고,0,1,0,0,차대차 - 추돌,안전운전불이행,기타,맑음,단일로 - 기타,화물,남,52세,상해없음,승합,남,36세,상해없음
2017091500100456,2017년 9월 15일 17시,금요일,부산광역시 사하구 장림동,경상사고,0,0,1,0,차대차 - 후진중충돌,안전운전불이행,건조,맑음,단일로 - 기타,승용,남,48세,상해없음,승용,여,54세,경상
2017091500100507,2017년 9월 15일 18시,금요일,부산광역시 동래구 사직동,경상사고,0,0,1,0,차대차 - 추돌,안전운전불이행,건조,맑음,단일로 - 기타,승용,여,44세,상해없음,승용,남,38세,경상
2017091500100508,2017년 9월 15일 18시,금요일,부산광역시 해운대구 송정동,경상사고,0,0,1,0,차대차 - 추돌,안전운전불이행,건조,맑음,단일로 - 터널,원동기,남,54세,기타불명,승용,남,28세,경상
2017091500100509,2017년 9월 15일 18시,금요일,부산광역시 금정구 회동동,경상사고,0,0,1,0,차대차 - 후진중충돌,기타,건조,맑음,단일로 - 기타,화물,남,38세,상해없음,승용,남,42세,경상
2017091500100551,2017년 9월 15일 19시,금요일,부산광역시 북구 구포동,중상사고,0,1,0,0,차대차 - 기타,안전거리미확보,건조,맑음,단일로 - 기타,승용,남,48세,상해없음,이륜,남,49세,중상
2017091500100552,2017년 9월 15일 19시,금요일,부산광역시 북구 덕천동,경상사고,0,0,1,0,차대사람 - 기타,보행자보호의무위반,건조,맑음,단일로 - 기타,승용,남,54세,상해없음,보행자,여,23세,경상
2017091500100553,2017년 9월 15일 19시,금요일,부산광역시 동래구 안락동,경상사고,0,0,2,0,차대차 - 측면충돌,안전운전불이행,건조,맑음,단일로 - 기타,원동기,남,69세,경상,승용,남,35세,상해없음
2017091500100554,2017년 9월 15일 19시,금요일,부산광역시 금정구 부곡동,중상사고,0,2,1,0,차대차 - 추돌,안전거리미확보,건조,맑음,기타 - 기타,승용,남,34세,상해없음,화물,남,36세,상해없음
2017091500100656,2017년 9월 15일 21시,금요일,부산광역시 남구 대연동,경상사고,0,0,1,0,차대사람 - 차도통행중,교차로운행방법위반,건조,맑음,단일로 - 기타,승용,남,64세,상해없음,보행자,남,25세,경상
2017091500100657,2017년 9월 15일 21시,금요일,부산광역시 부산진구 전포동,경상사고,0,0,3,0,차대차 - 기타,안전운전불이행,건조,맑음,교차로 - 교차로부근,화물,남,45세,상해없음,승용,남,41세,경상
2017091500100658,2017년 9월 15일 21시,금요일,부산광역시 사하구 하단동,경상사고,0,0,1,0,차대사람 - 기타,안전운전불이행,건조,기타,단일로 - 기타,승용,남,52세,상해없음,보행자,여,4세,경상
2017091500100692,2017년 9월 15일 22시,금요일,부산광역시 연제구 거제동,중상사고,0,1,0,0,차대사람 - 길가장자리구역통행중,안전운전불이행,건조,맑음,단일로 - 기타,승용,여,40세,상해없음,보행자,여,28세,중상
2017091500100717,2017년 9월 15일 23시,금요일,부산광역시 부산진구 전포동,경상사고,0,0,1,0,차대차 - 측면충돌,교차로운행방법위반,건조,맑음,교차로 - 교차로안,승용,남,57세,상해없음,이륜,남,24세,경상
2017091500100718,2017년 9월 15일 23시,금요일,부산광역시 부산진구 부전동,경상사고,0,0,2,0,차대차 - 측면충돌,안전거리미확보,건조,맑음,단일로 - 기타,승용,남,58세,경상,승용,남,27세,경상
2017091500100719,2017년 9월 15일 23시,금요일,부산광역시 금정구 구서동,중상사고,0,1,0,0,차대사람 - 기타,보행자보호의무위반,건조,맑음,교차로 - 교차로안,승용,남,45세,상해없음,보행자,남,36세,중상
2017091600100023,2017년 9월 16일 00시,토요일,부산광역시 해운대구 재송동,중상사고,0,1,0,0,차대사람 - 횡단중,과속,건조,맑음,단일로 - 기타,승용,남,34세,상해없음,보행자,여,26세,중상
2017091600100024,2017년 9월 16일 00시,토요일,부산광역시 해운대구 반송동,중상사고,0,2,0,0,차대차 - 기타,안전운전불이행,건조,맑음,단일로 - 기타,승용,남,59세,상해없음,화물,남,55세,기타불명
2017091600100057,2017년 9월 16일 02시,토요일,부산광역시 사하구 신평동,중상사고,0,2,2,0,차대차 - 정면충돌,중앙선침범,건조,맑음,단일로 - 기타,승용,남,25세,상해없음,승용,여,43세,중상
2017091600100065,2017년 9월 16일 03시,토요일,부산광역시 북구 덕천동,중상사고,0,1,0,0,차량단독 - 공작물충돌,안전운전불이행,건조,맑음,단일로 - 기타,승용,남,32세,중상,,,,
2017091600100074,2017년 9월 16일 04시,토요일,부산광역시 동래구 사직동,중상사고,0,1,0,0,차대차 - 측면충돌,과속,건조,맑음,교차로 - 교차로안,승용,남,37세,상해없음,자전거,남,65세,중상
2017091600100098,2017년 9월 16일 06시,토요일,부산광역시 사상구 엄궁동,중상사고,0,1,0,0,차대사람 - 기타,안전운전불이행,건조,맑음,교차로 - 교차로안,건설기계,남,57세,상해없음,보행자,여,70세,중상
2017091600100115,2017년 9월 16일 07시,토요일,부산광역시 동구 초량동,부상신고사고,0,0,0,1,차대차 - 측면충돌,교차로운행방법위반,건조,맑음,교차로 - 교차로안,승용,남,67세,상해없음,화물,남,47세,상해없음
2017091600100116,2017년 9월 16일 07시,토요일,부산광역시 서구 부용동2가,중상사고,0,1,0,0,차대차 - 정면충돌,신호위반,건조,맑음,교차로 - 교차로안,승용,남,42세,상해없음,승용,남,37세,중상
2017091600100117,2017년 9월 16일 07시,토요일,부산광역시 사상구 덕포동,경상사고,0,0,1,0,차대차 - 추돌,안전운전불이행,건조,맑음,단일로 - 기타,승용,남,25세,상해없음,승용,남,57세,경상
2017091600100135,2017년 9월 16일 08시,토요일,부산광역시 강서구 명지동,경상사고,0,0,1,0,차대차 - 추돌,안전운전불이행,건조,맑음,단일로 - 기타,화물,남,60세,상해없음,승용,남,70세,경상
2017091600100161,2017년 9월 16일 09시,토요일,부산광역시 동구 범일동,부상신고사고,0,0,0,1,차대사람 - 횡단중,안전운전불이행,건조,맑음,단일로 - 기타,승용,여,57세,상해없음,보행자,남,28세,부상신고
2017091600100162,2017년 9월 16일 09시,토요일,부산광역시 북구 덕천동,경상사고,0,0,1,0,차대차 - 측면충돌,교차로운행방법위반,건조,맑음,교차로 - 교차로안,화물,남,58세,상해없음,승용,남,54세,경상
2017091600100199,2017년 9월 16일 10시,토요일,부산광역시 해운대구 좌동,중상사고,0,1,0,0,차대사람 - 횡단중,안전운전불이행,건조,맑음,단일로 - 기타,이륜,남,27세,상해없음,보행자,남,65세,중상
2017091600100235,2017년 9월 16일 11시,토요일,부산광역시 북구 덕천동,중상사고,0,1,3,0,차대차 - 추돌,안전운전불이행,건조,맑음,단일로 - 기타,화물,남,61세,상해없음,승용,남,45세,중상
2017091600100236,2017년 9월 16일 11시,토요일,부산광역시 금정구 구서동,경상사고,0,0,3,0,차대차 - 기타,안전운전불이행,건조,맑음,단일로 - 기타,화물,남,45세,상해없음,승합,남,53세,상해없음
2017091600100275,2017년 9월 16일 12시,토요일,부산광역시 북구 구포동,중상사고,0,1,0,0,차량단독 - 전도전복,안전운전불이행,건조,맑음,단일로 - 교량,원동기,남,74세,중상,미분류,미분류,미분류,미분류
2017091600100276,2017년 9월 16일 12시,토요일,부산광역시 해운대구 우동,경상사고,0,0,1,0,차대차 - 기타,안전운전불이행,건조,맑음,교차로 - 교차로부근,승용,여,59세,상해없음,승용,남,34세,경상
2017091600100277,2017년 9월 16일 12시,토요일,부산광역시 부산진구 개금동,사망사고,1,0,0,0,차대사람 - 차도통행중,중앙선침범,건조,맑음,교차로 - 교차로부근,승용,남,46세,상해없음,보행자,여,69세,사망
2017091600100278,2017년 9월 16일 12시,토요일,부산광역시 사하구 괴정동,경상사고,0,0,1,0,차대차 - 기타,안전운전불이행,건조,맑음,기타 - 기타,승용,남,61세,경상,승합,남,56세,상해없음
2017091600100279,2017년 9월 16일 12시,토요일,부산광역시 사하구 하단동,경상사고,0,0,1,0,차대차 - 기타,교차로운행방법위반,건조,맑음,교차로 - 교차로안,승용,남,58세,상해없음,승용,여,45세,경상
2017091600100347,2017년 9월 16일 14시,토요일,부산광역시 강서구 녹산동,경상사고,0,0,2,0,차대차 - 측면충돌,차로위반,건조,맑음,교차로 - 교차로부근,화물,남,63세,상해없음,승용,여,35세,경상
2017091600100406,2017년 9월 16일 16시,토요일,부산광역시 서구 충무동1가,경상사고,0,0,3,0,차대차 - 측면충돌,안전거리미확보,건조,맑음,교차로 - 교차로안,승용,남,73세,상해없음,승용,남,33세,경상
2017091600100440,2017년 9월 16일 17시,토요일,부산광역시 해운대구 반여동,경상사고,0,0,1,0,차대차 - 기타,안전운전불이행,건조,맑음,단일로 - 기타,승용,여,54세,상해없음,이륜,남,22세,경상
2017091600100486,2017년 9월 16일 18시,토요일,부산광역시 북구 덕천동,중상사고,0,1,0,0,차대차 - 기타,신호위반,건조,맑음,교차로 - 교차로부근,승용,남,44세,상해없음,이륜,남,32세,중상
2017091600100516,2017년 9월 16일 19시,토요일,부산광역시 동래구 사직동,경상사고,0,0,8,0,차대차 - 추돌,안전운전불이행,건조,흐림,단일로 - 기타,승용,남,37세,상해없음,승용,남,46세,경상
2017091600100517,2017년 9월 16일 19시,토요일,부산광역시 기장군 일광면,경상사고,0,0,2,0,차대차 - 추돌,안전거리미확보,건조,맑음,기타 - 기타,승용,여,33세,상해없음,승용,여,47세,경상
2017091600100550,2017년 9월 16일 20시,토요일,부산광역시 사상구 학장동,부상신고사고,0,0,0,1,차대차 - 측면충돌,신호위반,젖음/습기,맑음,단일로 - 기타,이륜,남,68세,부상신고,기타불명,기타불명,미분류,기타불명
2017091600100576,2017년 9월 16일 21시,토요일,부산광역시 사하구 감천동,중상사고,0,1,0,0,차대사람 - 횡단중,안전운전불이행,건조,맑음,단일로 - 기타,승용,남,67세,상해없음,보행자,여,17세,중상
2017091600100603,2017년 9월 16일 22시,토요일,부산광역시 부산진구 당감동,중상사고,0,1,0,0,차량단독 - 공작물충돌,안전운전불이행,건조,맑음,단일로 - 기타,승용,남,58세,중상,,,,
2017091600100604,2017년 9월 16일 22시,토요일,부산광역시 금정구 청룡동,경상사고,0,0,1,0,차대차 - 측면충돌,안전운전불이행,건조,맑음,교차로 - 교차로안,승용,남,62세,상해없음,승합,남,47세,경상
2017091600100605,2017년 9월 16일 22시,토요일,부산광역시 강서구 지사동,중상사고,0,1,0,0,차대사람 - 차도통행중,안전운전불이행,건조,맑음,단일로 - 기타,승용,여,28세,상해없음,보행자,여,51세,중상
2017091600100631,2017년 9월 16일 23시,토요일,부산광역시 금정구 금사동,경상사고,0,0,1,0,차량단독 - 기타,안전운전불이행,건조,맑음,교차로 - 교차로부근,승용,남,51세,상해없음,,,,
2017091700100018,2017년 9월 17일 00시,일요일,부산광역시 동래구 온천동,경상사고,0,0,1,0,차대차 - 측면충돌,신호위반,젖음/습기,비,교차로 - 교차로안,승용,남,49세,상해없음,승용,남,61세,경상
2017091700100039,2017년 9월 17일 02시,일요일,부산광역시 부산진구 범천동,중상사고,0,1,3,0,차대차 - 측면충돌,신호위반,젖음/습기,흐림,교차로 - 교차로안,승용,여,61세,상해없음,승용,남,72세,중상
2017091700100040,2017년 9월 17일 02시,일요일,부산광역시 부산진구 부전동,경상사고,0,0,1,0,차대사람 - 기타,안전운전불이행,건조,맑음,단일로 - 기타,승용,남,63세,상해없음,보행자,남,25세,경상
2017091700100087,2017년 9월 17일 07시,일요일,부산광역시 강서구 강동동,경상사고,0,0,1,0,차대차 - 추돌,신호위반,건조,맑음,교차로 - 교차로안,승용,남,52세,상해없음,승용,여,56세,경상
2017091700100116,2017년 9월 17일 09시,일요일,부산광역시 서구 서대신동2가,경상사고,0,0,1,0,차대차 - 측면충돌,중앙선침범,젖음/습기,비,교차로 - 교차로부근,승용,여,46세,상해없음,승용,여,55세,경상
2017091700100117,2017년 9월 17일 09시,일요일,부산광역시 수영구 광안동,경상사고,0,0,2,0,차대차 - 측면충돌,교차로운행방법위반,젖음/습기,비,교차로 - 교차로안,승용,남,54세,경상,승용,여,29세,경상
2017091700100118,2017년 9월 17일 09시,일요일,부산광역시 해운대구 반여동,경상사고,0,0,1,0,차대차 - 측면충돌,교차로운행방법위반,건조,맑음,교차로 - 교차로안,승용,남,68세,상해없음,승용,남,51세,경상
2017091700100136,2017년 9월 17일 10시,일요일,부산광역시 해운대구 좌동,부상신고사고,0,0,0,1,차대차 - 측면충돌,안전운전불이행,건조,맑음,교차로 - 교차로안,승용,남,48세,상해없음,승용,남,37세,부상신고
2017091700100137,2017년 9월 17일 10시,일요일,부산광역시 사하구 신평동,부상신고사고,0,0,0,5,차대차 - 기타,신호위반,젖음/습기,비,교차로 - 교차로안,승용,남,41세,부상신고,승용,남,73세,상해없음
2017091700100157,2017년 9월 17일 11시,일요일,부산광역시 동래구 안락동,경상사고,0,0,1,0,차대차 - 기타,중앙선침범,젖음/습기,비,교차로 - 교차로부근,승용,남,67세,상해없음,이륜,남,52세,경상
2017091700100193,2017년 9월 17일 12시,일요일,부산광역시 금정구 부곡동,경상사고,0,0,1,0,차대사람 - 횡단중,안전운전불이행,젖음/습기,비,단일로 - 기타,승용,남,47세,상해없음,보행자,여,24세,경상
2017091700100219,2017년 9월 17일 13시,일요일,부산광역시 수영구 민락동,경상사고,0,0,1,0,차대차 - 측면충돌,교차로운행방법위반,젖음/습기,비,교차로 - 교차로부근,원동기,남,24세,경상,승용,여,58세,상해없음
2017091700100220,2017년 9월 17일 13시,일요일,부산광역시 기장군 기장읍,사망사고,1,2,1,1,차대차 - 정면충돌,과속,젖음/습기,비,교차로 - 교차로안,화물,남,60세,상해없음,승용,남,40세,중상
2017091700100247,2017년 9월 17일 14시,일요일,부산광역시 사하구 다대동,경상사고,0,0,1,0,차대차 - 기타,중앙선침범,건조,맑음,교차로 - 교차로안,화물,남,53세,상해없음,이륜,남,24세,경상
2017091700100280,2017년 9월 17일 15시,일요일,부산광역시 동구 초량동,경상사고,0,0,1,0,차량단독 - 기타,기타,건조,맑음,단일로 - 기타,승합,남,54세,상해없음,,,,