사고번호,사고일시,요일,시군구,사고내용,사망자수,중상자수,경상자수,부상신고자수,사고유형,법규위반,노면상태,기상상태,도로형태,가해운전자 차종,가해운전자 성별,가해운전자 연령,가해운전자 상해정도,피해운전자 차종,피해운전자 성별,피해운전자 연령,피해운전자 상해정도
2017092400100446,2017년 9월 24일 19시,일요일,부산광역시 금정구 구서동,경상사고,0,0,1,0,차대차 - 측면충돌,중앙선침범,건조,맑음,단일로 - 기타,승용,남,36세,상해없음,원동기,남,31세,경상
2017092400100486,2017년 9월 24일 20시,일요일,부산광역시 기장군 기장읍,경상사고,0,0,1,0,차대차 - 측면충돌,안전운전불이행,건조,맑음,단일로 - 기타,승용,남,36세,상해없음,이륜,남,21세,경상
2017092400100510,2017년 9월 24일 21시,일요일,부산광역시 북구 화명동,중상사고,0,1,0,0,차대사람 - 횡단중,신호위반,건조,맑음,단일로 - 기타,이륜,남,39세,상해없음,보행자,남,66세,중상
2017092400100511,2017년 9월 24일 21시,일요일,부산광역시 동래구 낙민동,경상사고,0,0,1,0,차대차 - 측면충돌,안전운전불이행,건조,맑음,교차로 - 교차로안,승용,여,47세,상해없음,원동기,남,19세,경상
2017092400100512,2017년 9월 24일 21시,일요일,부산광역시 부산진구 부암동,경상사고,0,0,1,0,차대차 - 측면충돌,안전운전불이행,건조,맑음,단일로 - 기타,승용,남,23세,상해없음,이륜,남,23세,경상
2017092400100513,2017년 9월 24일 21시,일요일,부산광역시 기장군 정관읍,부상신고사고,0,0,0,1,차대차 - 측면충돌,안전운전불이행,건조,맑음,교차로 - 교차로안,승용,여,46세,상해없음,원동기,남,49세,부상신고
2017092400100536,2017년 9월 24일 22시,일요일,부산광역시 동구 초량동,경상사고,0,0,2,0,차대차 - 측면충돌,교차로운행방법위반,건조,맑음,교차로 - 교차로안,원동기,남,27세,경상,승용,남,64세,상해없음
2017092400100537,2017년 9월 24일 22시,일요일,부산광역시 연제구 연산동,중상사고,0,1,0,0,차대차 - 측면충돌,안전운전불이행,건조,맑음,단일로 - 기타,기타불명,기타불명,미분류,기타불명,이륜,남,23세,상해없음
2017092400100550,2017년 9월 24일 23시,일요일,부산광역시 연제구 연산동,경상사고,0,0,1,0,차대차 - 측면충돌,안전거리미확보,건조,맑음,단일로 - 기타,승용,남,62세,상해없음,이륜,남,16세,경상
2017092500100028,2017년 9월 25일 00시,월요일,부산광역시 해운대구 중동,중상사고,0,1,0,0,차대차 - 기타,교차로운행방법위반,기타,맑음,교차로 - 교차로안,승용,남,60세,상해없음,승용,남,36세,중상
2017092500100029,2017년 9월 25일 00시,월요일,부산광역시 사하구 하단동,경상사고,0,0,1,0,차대차 - 측면충돌,신호위반,건조,맑음,교차로 - 교차로안,승용,남,34세,상해없음,승용,남,51세,경상
2017092500100036,2017년 9월 25일 01시,월요일,부산광역시 연제구 연산동,경상사고,0,0,1,0,차대차 - 측면충돌,안전운전불이행,건조,맑음,교차로 - 교차로안,이륜,남,20세,경상,승용,남,49세,상해없음
2017092500100073,2017년 9월 25일 06시,월요일,부산광역시 중구 보수동1가,중상사고,0,1,0,0,차량단독 - 공작물충돌,안전운전불이행,건조,맑음,단일로 - 기타,승용,여,59세,중상,,,,
2017092500100074,2017년 9월 25일 06시,월요일,부산광역시 금정구 금사동,경상사고,0,0,2,0,차대차 - 측면충돌,직진우회전진행방해,건조,맑음,교차로 - 교차로안,승용,남,53세,경상,승용,남,25세,경상
2017092500100090,2017년 9월 25일 07시,월요일,부산광역시 서구 아미동2가,경상사고,0,0,1,0,차대사람 - 기타,안전운전불이행,건조,맑음,교차로 - 교차로부근,승합,남,59세,상해없음,보행자,여,74세,경상
2017092500100091,2017년 9월 25일 07시,월요일,부산광역시 영도구 영선동2가,경상사고,0,0,1,0,차대차 - 추돌,안전운전불이행,건조,맑음,단일로 - 기타,승용,남,37세,상해없음,승용,남,31세,경상
2017092500100120,2017년 9월 25일 08시,월요일,부산광역시 중구 보수동3가,중상사고,0,1,2,0,차대차 - 측면충돌,신호위반,건조,맑음,교차로 - 교차로안,이륜,남,73세,경상,이륜,남,23세,경상
2017092500100121,2017년 9월 25일 08시,월요일,부산광역시 수영구 민락동,경상사고,0,0,1,0,차대차 - 기타,안전운전불이행,건조,맑음,단일로 - 기타,승합,남,71세,상해없음,승용,남,43세,경상
2017092500100122,2017년 9월 25일 08시,월요일,부산광역시 동래구 사직동,부상신고사고,0,0,0,1,차대사람 - 횡단중,보행자보호의무위반,건조,맑음,단일로 - 기타,승용,남,46세,상해없음,보행자,여,10세,부상신고
2017092500100123,2017년 9월 25일 08시,월요일,부산광역시 사하구 하단동,경상사고,0,0,1,0,차대차 - 측면충돌,안전운전불이행,건조,맑음,단일로 - 기타,건설기계,남,53세,상해없음,승용,남,48세,경상
2017092500100124,2017년 9월 25일 08시,월요일,부산광역시 연제구 거제동,중상사고,0,1,0,0,차대사람 - 횡단중,보행자보호의무위반,건조,맑음,단일로 - 기타,승용,여,42세,상해없음,보행자,여,28세,중상
2017092500100199,2017년 9월 25일 10시,월요일,부산광역시 영도구 봉래동3가,경상사고,0,0,1,0,차대차 - 기타,안전운전불이행,건조,맑음,단일로 - 기타,승합,여,57세,상해없음,승합,남,43세,상해없음
2017092500100200,2017년 9월 25일 10시,월요일,부산광역시 부산진구 범천동,경상사고,0,0,1,0,차대차 - 추돌,안전운전불이행,건조,맑음,단일로 - 기타,승용,남,25세,상해없음,승용,남,56세,경상
2017092500100201,2017년 9월 25일 10시,월요일,부산광역시 기장군 정관읍,경상사고,0,0,3,0,차대차 - 측면충돌,안전거리미확보,건조,맑음,교차로 - 교차로부근,화물,남,56세,상해없음,승용,남,49세,상해없음
2017092500100243,2017년 9월 25일 11시,월요일,부산광역시 북구 만덕동,경상사고,0,0,1,0,차대사람 - 기타,안전운전불이행,건조,맑음,교차로 - 교차로부근,승합,남,55세,상해없음,보행자,여,82세,경상
2017092500100278,2017년 9월 25일 12시,월요일,부산광역시 북구 만덕동,경상사고,0,0,1,0,차대차 - 측면충돌,차로위반,건조,맑음,단일로 - 기타,승용,남,39세,상해없음,승용,남,31세,경상
2017092500100303,2017년 9월 25일 13시,월요일,부산광역시 연제구 연산동,경상사고,0,0,1,0,차대사람 - 길가장자리구역통행중,안전운전불이행,건조,맑음,단일로 - 기타,기타불명,기타불명,미분류,기타불명,보행자,여,80세,경상
2017092500100327,2017년 9월 25일 14시,월요일,부산광역시 강서구 죽림동,경상사고,0,0,1,0,차대차 - 기타,안전운전불이행,건조,맑음,단일로 - 기타,화물,남,36세,상해없음,승용,남,67세,경상
2017092500100361,2017년 9월 25일 15시,월요일,부산광역시 서구 서대신동1가,경상사고,0,0,1,0,차대차 - 기타,기타,건조,맑음,교차로 - 교차로부근,특수,남,25세,상해없음,승용,남,60세,경상
2017092500100362,2017년 9월 25일 15시,월요일,부산광역시 부산진구 전포동,경상사고,0,0,1,0,차대차 - 기타,안전거리미확보,건조,맑음,단일로 - 기타,기타불명,기타불명,미분류,기타불명,이륜,남,62세,경상
2017092500100363,2017년 9월 25일 15시,월요일,부산광역시 부산진구 전포동,경상사고,0,0,1,0,차대차 - 기타,안전운전불이행,건조,맑음,교차로 - 교차로안,승용,여,39세,상해없음,화물,남,28세,경상
2017092500100410,2017년 9월 25일 16시,월요일,부산광역시 남구 용호동,중상사고,0,1,0,0,차대차 - 기타,안전거리미확보,건조,맑음,단일로 - 기타,승용,남,64세,상해없음,이륜,남,17세,중상
2017092500100411,2017년 9월 25일 16시,월요일,부산광역시 북구 화명동,경상사고,0,0,2,0,차대차 - 추돌,차로위반,건조,맑음,단일로 - 기타,승용,남,59세,상해없음,승용,남,42세,경상
2017092500100412,2017년 9월 25일 16시,월요일,부산광역시 북구 만덕동,경상사고,0,0,1,0,차대차 - 기타,안전운전불이행,건조,맑음,기타 - 기타,승용,여,49세,상해없음,승용,남,26세,기타불명
2017092500100413,2017년 9월 25일 16시,월요일,부산광역시 사상구 주례동,경상사고,0,0,2,0,차대차 - 기타,안전거리미확보,건조,맑음,교차로 - 교차로부근,승용,여,43세,상해없음,승용,남,59세,경상
2017092500100459,2017년 9월 25일 17시,월요일,부산광역시 북구 금곡동,중상사고,0,1,1,0,차대차 - 측면충돌,차로위반,건조,맑음,단일로 - 기타,승용,남,59세,상해없음,이륜,남,43세,경상
2017092500100460,2017년 9월 25일 17시,월요일,부산광역시 해운대구 송정동,부상신고사고,0,0,0,1,차대차 - 측면충돌,안전운전불이행,건조,맑음,교차로 - 교차로부근,원동기,남,33세,부상신고,승용,남,45세,상해없음
2017092500100461,2017년 9월 25일 17시,월요일,부산광역시 부산진구 부전동,중상사고,0,1,0,0,차대사람 - 기타,안전운전불이행,건조,맑음,단일로 - 기타,승용,남,56세,상해없음,보행자,남,35세,중상
2017092500100462,2017년 9월 25일 17시,월요일,부산광역시 사하구 구평동,경상사고,0,0,1,0,차대사람 - 기타,기타,건조,맑음,단일로 - 기타,이륜,남,51세,상해없음,보행자,남,62세,경상
2017092500100463,2017년 9월 25일 17시,월요일,부산광역시 사하구 장림동,경상사고,0,0,1,0,차대차 - 기타,신호위반,건조,맑음,교차로 - 교차로안,승용,남,41세,상해없음,이륜,남,21세,경상
2017092500100510,2017년 9월 25일 18시,월요일,부산광역시 북구 금곡동,경상사고,0,0,1,0,차대사람 - 기타,안전운전불이행,건조,맑음,단일로 - 기타,승합,남,65세,상해없음,보행자,여,48세,경상
2017092500100511,2017년 9월 25일 18시,월요일,부산광역시 부산진구 당감동,중상사고,0,1,0,0,차대사람 - 길가장자리구역통행중,안전운전불이행,건조,맑음,단일로 - 기타,승용,남,56세,상해없음,보행자,남,11세,중상
2017092500100512,2017년 9월 25일 18시,월요일,부산광역시 금정구 서동,중상사고,0,1,0,0,차대사람 - 횡단중,안전운전불이행,건조,맑음,단일로 - 기타,승용,남,65세,상해없음,보행자,여,80세,중상
2017092500100555,2017년 9월 25일 19시,월요일,부산광역시 동구 범일동,경상사고,0,0,1,0,차대차 - 측면충돌,신호위반,건조,흐림,교차로 - 교차로안,승용,남,67세,상해없음,승용,남,56세,경상
2017092500100556,2017년 9월 25일 19시,월요일,부산광역시 남구 대연동,중상사고,0,1,0,0,차대사람 - 횡단중,보행자보호의무위반,젖음/습기,흐림,단일로 - 기타,화물,남,62세,상해없음,보행자,여,76세,중상
2017092500100557,2017년 9월 25일 19시,월요일,부산광역시 수영구 광안동,경상사고,0,0,1,0,차대사람 - 횡단중,보행자보호의무위반,건조,맑음,교차로 - 교차로횡단보도내,승용,남,25세,상해없음,보행자,여,25세,경상
2017092500100558,2017년 9월 25일 19시,월요일,부산광역시 기장군 정관읍,경상사고,0,0,1,0,차대사람 - 횡단중,안전운전불이행,건조,맑음,교차로 - 교차로횡단보도내,승용,남,52세,상해없음,보행자,남,6세,경상
2017092500100601,2017년 9월 25일 20시,월요일,부산광역시 남구 문현동,부상신고사고,0,0,0,1,차대사람 - 기타,교차로운행방법위반,건조,맑음,교차로 - 교차로안,승용,남,43세,상해없음,보행자,남,33세,상해없음
2017092500100602,2017년 9월 25일 20시,월요일,부산광역시 남구 대연동,중상사고,0,1,0,0,차대사람 - 횡단중,안전운전불이행,건조,맑음,단일로 - 기타,승용,남,40세,상해없음,보행자,여,58세,중상
2017092500100603,2017년 9월 25일 20시,월요일,부산광역시 해운대구 좌동,중상사고,0,1,1,0,차대차 - 정면충돌,중앙선침범,건조,맑음,단일로 - 기타,원동기,남,61세,중상,승용,남,30세,경상
2017092500100635,2017년 9월 25일 21시,월요일,부산광역시 사상구 주례동,경상사고,0,0,1,1,차대차 - 측면충돌,안전운전불이행,건조,맑음,단일로 - 고가도로위,승용,남,22세,부상신고,화물,남,37세,상해없음
2017092500100687,2017년 9월 25일 23시,월요일,부산광역시 남구 대연동,중상사고,0,1,0,0,차대차 - 측면충돌,신호위반,건조,맑음,교차로 - 교차로안,승용,남,50세,상해없음,이륜,남,22세,중상
2017092600100030,2017년 9월 26일 00시,화요일,부산광역시 부산진구 가야동,경상사고,0,0,1,0,차대차 - 추돌,안전운전불이행,건조,맑음,교차로 - 교차로부근,이륜,남,28세,상해없음,승용,남,35세,상해없음
2017092600100061,2017년 9월 26일 03시,화요일,부산광역시 북구 금곡동,경상사고,0,0,1,0,차대차 - 측면충돌,안전거리미확보,건조,맑음,단일로 - 기타,원동기,남,18세,상해없음,승용,남,28세,상해없음
2017092600100080,2017년 9월 26일 05시,화요일,부산광역시 부산진구 부전동,경상사고,0,0,1,0,차대사람 - 기타,보행자보호의무위반,건조,맑음,교차로 - 교차로횡단보도내,기타불명,기타불명,미분류,기타불명,보행자,남,60세,경상
2017092600100097,2017년 9월 26일 06시,화요일,부산광역시 부산진구 부전동,중상사고,0,1,0,0,차대사람 - 기타,안전운전불이행,건조,맑음,단일로 - 기타,승용,남,49세,상해없음,보행자,여,80세,중상
2017092600100098,2017년 9월 26일 06시,화요일,부산광역시 부산진구 전포동,중상사고,0,1,0,0,차대차 - 기타,안전운전불이행,건조,맑음,교차로 - 교차로안,승용,여,57세,상해없음,이륜,여,61세,중상
2017092600100128,2017년 9월 26일 08시,화요일,부산광역시 부산진구 초읍동,경상사고,0,0,1,0,차대차 - 측면충돌,안전운전불이행,건조,맑음,단일로 - 기타,승용,남,68세,상해없음,승용,여,56세,경상
2017092600100165,2017년 9월 26일 09시,화요일,부산광역시 남구 용호동,경상사고,0,0,1,0,차대사람 - 차도통행중,안전운전불이행,건조,맑음,단일로 - 기타,승용,여,64세,상해없음,보행자,여,66세,경상
2017092600100166,2017년 9월 26일 09시,화요일,부산광역시 북구 만덕동,경상사고,0,0,1,0,차대차 - 측면충돌,중앙선침범,건조,맑음,단일로 - 기타,승용,남,47세,상해없음,승용,여,37세,경상
2017092600100167,2017년 9월 26일 09시,화요일,부산광역시 금정구 구서동,중상사고,0,1,0,0,차대사람 - 횡단중,안전운전불이행,건조,맑음,단일로 - 기타,승용,여,53세,상해없음,보행자,여,36세,중상
2017092600100209,2017년 9월 26일 10시,화요일,부산광역시 서구 서대신동2가,경상사고,0,0,1,0,차대차 - 측면충돌,안전운전불이행,건조,맑음,교차로 - 교차로안,화물,남,27세,상해없음,승용,여,30세,경상
2017092600100241,2017년 9월 26일 11시,화요일,부산광역시 영도구 봉래동5가,사망사고,1,0,0,0,차대사람 - 기타,안전운전불이행,건조,맑음,단일로 - 기타,승용,여,39세,상해없음,보행자,여,81세,사망
2017092600100242,2017년 9월 26일 11시,화요일,부산광역시 연제구 연산동,경상사고,0,0,2,0,차대차 - 후진중충돌,안전운전불이행,건조,맑음,단일로 - 기타,승용,남,78세,상해없음,승용,남,24세,경상
2017092600100300,2017년 9월 26일 13시,화요일,부산광역시 서구 부민동1가,중상사고,0,2,0,0,차대차 - 측면충돌,안전운전불이행,건조,맑음,단일로 - 기타,승용,남,49세,상해없음,원동기,남,18세,중상
2017092600100301,2017년 9월 26일 13시,화요일,부산광역시 수영구 광안동,경상사고,0,0,1,0,차대차 - 측면충돌,차로위반,건조,맑음,단일로 - 기타,승용,남,30세,경상,승합,남,35세,상해없음
2017092600100302,2017년 9월 26일 13시,화요일,부산광역시 해운대구 반여동,경상사고,0,0,1,0,차대차 - 기타,교차로운행방법위반,건조,맑음,교차로 - 교차로안,승용,남,50세,상해없음,자전거,남,28세,경상
2017092600100303,2017년 9월 26일 13시,화요일,부산광역시 강서구 대저1동,경상사고,0,0,2,0,차대차 - 기타,안전운전불이행,건조,맑음,단일로 - 기타,승용,여,54세,상해없음,승용,여,54세,경상
2017092600100339,2017년 9월 26일 14시,화요일,부산광역시 서구 동대신동1가,부상신고사고,0,0,0,1,차대차 - 추돌,안전운전불이행,건조,맑음,단일로 - 기타,승용,남,36세,상해없음,승용,남,70세,부상신고
2017092600100340,2017년 9월 26일 14시,화요일,부산광역시 동래구 온천동,경상사고,0,0,1,0,차대사람 - 보도통행중,기타,건조,맑음,단일로 - 기타,화물,남,67세,상해없음,보행자,여,71세,경상
2017092600100377,2017년 9월 26일 15시,화요일,부산광역시 서구 동대신동3가,경상사고,0,0,1,0,차대차 - 기타,안전거리미확보,건조,맑음,교차로 - 교차로안,승용,남,58세,상해없음,승합,남,51세,상해없음
2017092600100378,2017년 9월 26일 15시,화요일,부산광역시 금정구 구서동,사망사고,1,0,0,0,차대차 - 추돌,안전운전불이행,건조,맑음,단일로 - 기타,화물,남,66세,사망,화물,남,54세,상해없음
2017092600100420,2017년 9월 26일 16시,화요일,부산광역시 동래구 명륜동,경상사고,0,0,1,0,차대차 - 후진중충돌,안전운전불이행,건조,맑음,교차로 - 교차로부근,승용,여,51세,상해없음,승용,여,42세,경상
2017092600100421,2017년 9월 26일 16시,화요일,부산광역시 사하구 감천동,경상사고,0,0,1,0,차대사람 - 횡단중,보행자보호의무위반,건조,맑음,교차로 - 교차로횡단보도내,승용,남,69세,상해없음,보행자,여,74세,경상
2017092600100422,2017년 9월 26일 16시,화요일,부산광역시 강서구 명지동,사망사고,1,0,0,0,차대사람 - 보도통행중,신호위반,건조,맑음,단일로 - 기타,승용,남,74세,상해없음,보행자,여,58세,사망
2017092600100423,2017년 9월 26일 16시,화요일,부산광역시 강서구 명지동,경상사고,0,0,4,0,차대차 - 추돌,교차로운행방법위반,건조,맑음,단일로 - 기타,승용,여,43세,상해없음,승용,남,57세,경상
2017092600100460,2017년 9월 26일 17시,화요일,부산광역시 남구 대연동,경상사고,0,0,1,0,차대사람 - 길가장자리구역통행중,안전운전불이행,건조,맑음,단일로 - 기타,승용,남,62세,상해없음,보행자,남,41세,경상
2017092600100461,2017년 9월 26일 17시,화요일,부산광역시 수영구 광안동,경상사고,0,0,2,0,차대차 - 기타,안전운전불이행,건조,맑음,단일로 - 기타,승용,여,21세,상해없음,승합,남,60세,경상
2017092600100462,2017년 9월 26일 17시,화요일,부산광역시 동래구 온천동,중상사고,0,1,0,0,차대사람 - 횡단중,보행자보호의무위반,건조,맑음,교차로 - 교차로안,승용,남,41세,상해없음,보행자,여,63세,중상
2017092600100463,2017년 9월 26일 17시,화요일,부산광역시 사하구 당리동,중상사고,0,1,4,0,차대차 - 추돌,안전운전불이행,건조,맑음,단일로 - 기타,승합,남,26세,상해없음,승합,남,51세,경상
2017092600100496,2017년 9월 26일 18시,화요일,부산광역시 해운대구 우동,경상사고,0,0,2,0,차대차 - 기타,안전운전불이행,건조,맑음,교차로 - 교차로부근,승용,남,35세,상해없음,승합,여,58세,경상
2017092600100497,2017년 9월 26일 18시,화요일,부산광역시 부산진구 가야동,경상사고,0,0,1,0,차대차 - 측면충돌,안전운전불이행,건조,맑음,단일로 - 기타,승용,여,28세,상해없음,이륜,남,45세,경상
2017092600100498,2017년 9월 26일 18시,화요일,부산광역시 사하구 괴정동,부상신고사고,0,0,0,1,차대사람 - 횡단중,안전운전불이행,건조,맑음,단일로 - 기타,화물,남,55세,상해없음,보행자,여,89세,부상신고
2017092600100551,2017년 9월 26일 19시,화요일,부산광역시 수영구 남천동,경상사고,0,0,1,0,차대차 - 기타,안전운전불이행,건조,기타,기타 - 기타,승용,남,20세,상해없음,승용,여,45세,경상
2017092600100552,2017년 9월 26일 19시,화요일,부산광역시 동래구 안락동,경상사고,0,0,1,0,차대차 - 측면충돌,안전운전불이행,건조,맑음,교차로 - 교차로안,승용,여,48세,상해없음,이륜,남,21세,상해없음
2017092600100553,2017년 9월 26일 19시,화요일,부산광역시 사상구 감전동,경상사고,0,0,2,0,차대차 - 기타,신호위반,건조,맑음,교차로 - 교차로안,승용,여,55세,기타불명,승용,남,36세,경상
2017092600100632,2017년 9월 26일 21시,화요일,부산광역시 남구 대연동,경상사고,0,0,1,0,차대차 - 추돌,안전운전불이행,건조,맑음,교차로 - 교차로안,이륜,남,25세,경상,승용,남,61세,상해없음
2017092600100633,2017년 9월 26일 21시,화요일,부산광역시 북구 구포동,경상사고,0,0,1,0,차대사람 - 기타,안전운전불이행,건조,기타,단일로 - 기타,승용,남,62세,상해없음,보행자,남,47세,경상
2017092600100634,2017년 9월 26일 21시,화요일,부산광역시 해운대구 반여동,중상사고,0,1,0,0,차대차 - 측면충돌,안전운전불이행,건조,맑음,교차로 - 교차로안,이륜,남,40세,상해없음,이륜,남,59세,중상
2017092600100664,2017년 9월 26일 22시,화요일,부산광역시 남구 대연동,중상사고,0,1,0,0,차대차 - 기타,신호위반,건조,맑음,교차로 - 교차로부근,승용,남,58세,상해없음,이륜,남,34세,중상
2017092600100665,2017년 9월 26일 22시,화요일,부산광역시 금정구 서동,중상사고,0,2,0,0,차대사람 - 횡단중,기타,건조,맑음,교차로 - 교차로안,승용,남,30세,상해없음,보행자,여,82세,중상
2017092600100666,2017년 9월 26일 22시,화요일,부산광역시 사하구 장림동,경상사고,0,0,1,0,차대차 - 측면충돌,안전운전불이행,건조,맑음,단일로 - 기타,승용,남,60세,상해없음,승용,남,44세,경상
2017092600100703,2017년 9월 26일 23시,화요일,부산광역시 동래구 사직동,경상사고,0,0,1,0,차대차 - 측면충돌,안전운전불이행,건조,흐림,교차로 - 교차로안,이륜,남,58세,상해없음,이륜,남,17세,경상
2017092700100036,2017년 9월 27일 01시,수요일,부산광역시 북구 만덕동,중상사고,0,1,1,0,차량단독 - 전도전복 - 전도,안전운전불이행,젖음/습기,비,단일로 - 기타,이륜,남,19세,경상,,,,
2017092700100053,2017년 9월 27일 02시,수요일,부산광역시 북구 구포동,중상사고,0,1,0,0,차대사람 - 횡단중,안전운전불이행,젖음/습기,비,단일로 - 기타,승용,남,70세,상해없음,보행자,남,52세,중상
2017092700100054,2017년 9월 27일 02시,수요일,부산광역시 부산진구 부전동,경상사고,0,0,1,0,차대차 - 측면충돌,신호위반,건조,맑음,교차로 - 교차로안,기타불명,기타불명,미분류,기타불명,승용,남,38세,경상
2017092700100061,2017년 9월 27일 03시,수요일,부산광역시 부산진구 부전동,중상사고,0,2,0,0,차대사람 - 횡단중,안전운전불이행,젖음/습기,비,단일로 - 기타,승용,남,56세,상해없음,보행자,남,34세,중상
2017092700100062,2017년 9월 27일 03시,수요일,부산광역시 부산진구 당감동,경상사고,0,0,2,0,차대차 - 추돌,안전거리미확보,건조,맑음,단일로 - 기타,원동기,남,22세,경상,승용,남,44세,경상
2017092700100078,2017년 9월 27일 05시,수요일,부산광역시 부산진구 양정동,경상사고,0,0,1,0,차대차 - 추돌,안전운전불이행,젖음/습기,비,단일로 - 기타,이륜,남,24세,상해없음,승용,남,38세,경상
2017092700100099,2017년 9월 27일 06시,수요일,부산광역시 부산진구 가야동,경상사고,0,0,1,0,차대사람 - 기타,안전운전불이행,젖음/습기,비,교차로 - 교차로부근,승용,여,47세,상해없음,보행자,여,56세,경상
2017092700100120,2017년 9월 27일 07시,수요일,부산광역시 동래구 수안동,경상사고,0,0,1,0,차대사람 - 기타,안전운전불이행,젖음/습기,비,교차로 - 교차로안,자전거,기타불명,미분류,기타불명,보행자,여,76세,경상
2017092700100121,2017년 9월 27일 07시,수요일,부산광역시 해운대구 우동,경상사고,0,0,1,0,차대차 - 기타,안전운전불이행,젖음/습기,비,단일로 - 기타,승용,남,56세,상해없음,화물,남,39세,경상
2017092700100122,2017년 9월 27일 07시,수요일,부산광역시 강서구 신호동,경상사고,0,0,1,0,차대차 - 측면충돌,차로위반,젖음/습기,비,단일로 - 기타,승용,남,41세,상해없음,승합,남,45세,경상
2017092700100123,2017년 9월 27일 07시,수요일,부산광역시 사상구 덕포동,중상사고,0,1,0,0,차대사람 - 기타,안전운전불이행,젖음/습기,비,단일로 - 기타,이륜,여,66세,상해없음,보행자,여,87세,중상
2017092700100161,2017년 9월 27일 08시,수요일,부산광역시 수영구 광안동,중상사고,0,1,0,0,차대차 - 측면충돌,교차로운행방법위반,젖음/습기,비,교차로 - 교차로안,화물,남,38세,상해없음,승용,여,42세,중상
2017092700100162,2017년 9월 27일 08시,수요일,부산광역시 남구 용당동,경상사고,0,0,2,0,차대차 - 추돌,안전운전불이행,젖음/습기,비,단일로 - 지하차도(도로)내,화물,남,45세,상해없음,승용,여,46세,경상
2017092700100163,2017년 9월 27일 08시,수요일,부산광역시 남구 문현동,중상사고,0,1,0,0,차대사람 - 기타,안전운전불이행,건조,맑음,단일로 - 기타,승용,남,25세,상해없음,보행자,여,77세,중상
2017092700100164,2017년 9월 27일 08시,수요일,부산광역시 강서구 대저1동,중상사고,0,1,0,0,차대차 - 추돌,안전거리미확보,젖음/습기,비,단일로 - 기타,화물,남,36세,상해없음,화물,남,37세,중상
2017092700100211,2017년 9월 27일 09시,수요일,부산광역시 수영구 민락동,경상사고,0,0,1,0,차대차 - 측면충돌,안전운전불이행,젖음/습기,비,교차로 - 교차로안,승용,남,58세,상해없음,승용,여,34세,경상
2017092700100212,2017년 9월 27일 09시,수요일,부산광역시 수영구 남천동,중상사고,0,1,0,0,차량단독 - 공작물충돌,안전운전불이행,젖음/습기,비,단일로 - 교량,화물,남,49세,중상,,,,
2017092700100250,2017년 9월 27일 10시,수요일,부산광역시 동래구 온천동,중상사고,0,1,0,0,차대사람 - 횡단중,보행자보호의무위반,젖음/습기,비,단일로 - 기타,이륜,여,57세,상해없음,보행자,여,83세,중상
2017092700100251,2017년 9월 27일 10시,수요일,부산광역시 해운대구 반여동,경상사고,0,0,1,0,차대차 - 측면충돌,안전운전불이행,건조,맑음,교차로 - 교차로부근,화물,남,51세,상해없음,승용,여,53세,경상
2017092700100252,2017년 9월 27일 10시,수요일,부산광역시 부산진구 양정동,경상사고,0,0,1,0,차대차 - 추돌,안전운전불이행,젖음/습기,비,단일로 - 기타,승용,남,42세,상해없음,승용,남,70세,경상
2017092700100278,2017년 9월 27일 11시,수요일,부산광역시 북구 구포동,중상사고,0,1,1,0,차대차 - 측면충돌,안전운전불이행,젖음/습기,비,단일로 - 기타,승용,여,62세,상해없음,원동기,남,44세,중상
2017092700100279,2017년 9월 27일 11시,수요일,부산광역시 해운대구 좌동,경상사고,0,0,1,0,차대차 - 기타,안전운전불이행,젖음/습기,비,단일로 - 기타,화물,남,58세,상해없음,승용,여,49세,경상
2017092700100280,2017년 9월 27일 11시,수요일,부산광역시 부산진구 당감동,부상신고사고,0,0,0,1,차대차 - 측면충돌,안전운전불이행,젖음/습기,비,단일로 - 기타,자전거,남,75세,부상신고,승용,남,64세,상해없음
2017092700100281,2017년 9월 27일 11시,수요일,부산광역시 사하구 감천동,중상사고,0,1,0,0,차대사람 - 기타,교차로운행방법위반,젖음/습기,비,교차로 - 교차로부근,승용,남,48세,상해없음,보행자,여,33세,중상
2017092700100282,2017년 9월 27일 11시,수요일,부산광역시 강서구 대저1동,중상사고,0,1,0,0,차대차 - 기타,중앙선침범,젖음/습기,비,단일로 - 기타,이륜,남,50세,중상,승용,남,56세,상해없음
2017092700100283,2017년 9월 27일 11시,수요일,부산광역시 사상구 감전동,경상사고,0,0,1,0,차대차 - 측면충돌,안전거리미확보,젖음/습기,비,단일로 - 기타,건설기계,남,32세,상해없음,승용,여,30세,경상
2017092700100324,2017년 9월 27일 12시,수요일,부산광역시 남구 감만동,경상사고,0,0,2,0,차대차 - 측면충돌,안전운전불이행,젖음/습기,비,단일로 - 기타,승용,남,28세,상해없음,승용,남,39세,경상
2017092700100325,2017년 9월 27일 12시,수요일,부산광역시 금정구 금사동,경상사고,0,0,1,0,차대차 - 후진중충돌,안전운전불이행,젖음/습기,비,교차로 - 교차로부근,승용,남,67세,상해없음,승용,남,61세,경상