사고번호,사고일시,요일,시군구,사고내용,사망자수,중상자수,경상자수,부상신고자수,사고유형,법규위반,노면상태,기상상태,도로형태,가해운전자 차종,가해운전자 성별,가해운전자 연령,가해운전자 상해정도,피해운전자 차종,피해운전자 성별,피해운전자 연령,피해운전자 상해정도
2017092700100358,2017년 9월 27일 13시,수요일,부산광역시 남구 감만동,중상사고,0,1,0,0,차대차 - 추돌,안전운전불이행,건조,맑음,단일로 - 기타,특수,남,50세,상해없음,승용,여,38세,중상
2017092700100387,2017년 9월 27일 14시,수요일,부산광역시 서구 서대신동1가,경상사고,0,0,5,0,차대차 - 기타,중앙선침범,젖음/습기,흐림,교차로 - 교차로안,화물,남,71세,상해없음,승용,남,45세,경상
2017092700100388,2017년 9월 27일 14시,수요일,부산광역시 해운대구 반여동,경상사고,0,0,1,0,차대차 - 추돌,안전운전불이행,건조,맑음,단일로 - 터널,승합,남,41세,상해없음,승용,남,52세,상해없음
2017092700100389,2017년 9월 27일 14시,수요일,부산광역시 금정구 구서동,경상사고,0,0,1,0,차대사람 - 기타,안전운전불이행,건조,맑음,단일로 - 기타,승용,여,58세,상해없음,보행자,남,40세,경상
2017092700100426,2017년 9월 27일 15시,수요일,부산광역시 북구 구포동,중상사고,0,1,0,0,차대차 - 측면충돌,안전운전불이행,건조,맑음,단일로 - 기타,승용,여,49세,상해없음,승용,남,33세,중상
2017092700100427,2017년 9월 27일 15시,수요일,부산광역시 해운대구 좌동,경상사고,0,0,1,0,차대사람 - 차도통행중,안전운전불이행,건조,맑음,단일로 - 기타,승용,남,43세,상해없음,보행자,남,14세,경상
2017092700100428,2017년 9월 27일 15시,수요일,부산광역시 금정구 구서동,중상사고,0,1,0,0,차대사람 - 횡단중,신호위반,젖음/습기,흐림,교차로 - 교차로횡단보도내,승합,남,61세,상해없음,보행자,남,84세,중상
2017092700100468,2017년 9월 27일 16시,수요일,부산광역시 중구 보수동1가,경상사고,0,0,1,0,차대사람 - 보도통행중,신호위반,건조,맑음,단일로 - 기타,승용,남,57세,상해없음,보행자,남,10세,경상
2017092700100536,2017년 9월 27일 18시,수요일,부산광역시 동래구 명륜동,경상사고,0,0,1,0,차대사람 - 횡단중,보행자보호의무위반,건조,흐림,교차로 - 교차로횡단보도내,승용,남,50세,상해없음,보행자,여,51세,경상
2017092700100537,2017년 9월 27일 18시,수요일,부산광역시 부산진구 가야동,중상사고,0,1,0,0,차대사람 - 횡단중,보행자보호의무위반,건조,맑음,교차로 - 교차로횡단보도내,승합,남,56세,상해없음,보행자,남,5세,중상
2017092700100538,2017년 9월 27일 18시,수요일,부산광역시 강서구 명지동,경상사고,0,0,1,0,차대차 - 기타,안전운전불이행,건조,맑음,단일로 - 기타,승용,남,41세,상해없음,자전거,여,24세,경상
2017092700100539,2017년 9월 27일 18시,수요일,부산광역시 기장군 일광면,중상사고,0,1,0,0,차량단독 - 기타,안전운전불이행,건조,맑음,단일로 - 기타,자전거,남,47세,중상,,,,
2017092700100581,2017년 9월 27일 19시,수요일,부산광역시 북구 화명동,중상사고,0,1,0,0,차대사람 - 횡단중,안전운전불이행,젖음/습기,흐림,교차로 - 교차로부근,승용,남,59세,상해없음,보행자,남,73세,중상
2017092700100582,2017년 9월 27일 19시,수요일,부산광역시 북구 화명동,중상사고,0,1,0,0,차대차 - 측면충돌,안전운전불이행,건조,맑음,단일로 - 기타,화물,남,42세,기타불명,화물,남,57세,중상
2017092700100583,2017년 9월 27일 19시,수요일,부산광역시 금정구 장전동,중상사고,0,1,0,0,차대차 - 측면충돌,교차로운행방법위반,건조,맑음,교차로 - 교차로안,승용,여,25세,상해없음,원동기,남,41세,중상
2017092700100628,2017년 9월 27일 20시,수요일,부산광역시 부산진구 범천동,경상사고,0,0,2,0,차대차 - 추돌,안전거리미확보,젖음/습기,흐림,단일로 - 고가도로위,승용,남,21세,상해없음,승용,남,29세,경상
2017092700100629,2017년 9월 27일 20시,수요일,부산광역시 사하구 신평동,중상사고,0,1,0,0,차대사람 - 횡단중,안전운전불이행,건조,맑음,교차로 - 교차로안,승용,남,59세,상해없음,보행자,남,44세,중상
2017092700100677,2017년 9월 27일 22시,수요일,부산광역시 기장군 일광면,중상사고,0,1,0,1,차대차 - 추돌,안전운전불이행,건조,맑음,교차로 - 교차로부근,화물,남,35세,상해없음,화물,남,67세,중상
2017092700100707,2017년 9월 27일 23시,수요일,부산광역시 수영구 광안동,중상사고,0,1,0,0,차대차 - 추돌,안전운전불이행,건조,맑음,단일로 - 기타,승합,남,50세,상해없음,승용,남,50세,중상
2017092700100708,2017년 9월 27일 23시,수요일,부산광역시 동래구 온천동,중상사고,0,1,0,0,차대차 - 측면충돌,교차로운행방법위반,건조,맑음,교차로 - 교차로안,승용,남,37세,상해없음,승용,남,64세,상해없음
2017092700100709,2017년 9월 27일 23시,수요일,부산광역시 부산진구 부전동,중상사고,0,2,1,0,차대차 - 측면충돌,신호위반,건조,맑음,교차로 - 교차로안,이륜,남,23세,중상,승용,남,18세,경상
2017092700100710,2017년 9월 27일 23시,수요일,부산광역시 사하구 하단동,중상사고,0,1,0,0,차대사람 - 기타,안전운전불이행,건조,맑음,교차로 - 교차로안,승용,남,58세,상해없음,보행자,여,50세,중상
2017092800100028,2017년 9월 28일 00시,목요일,부산광역시 사하구 하단동,경상사고,0,0,1,0,차대사람 - 기타,안전운전불이행,건조,기타,교차로 - 교차로안,승용,남,60세,상해없음,보행자,남,40세,경상
2017092800100091,2017년 9월 28일 06시,목요일,부산광역시 해운대구 우동,경상사고,0,0,2,0,차대차 - 측면충돌,신호위반,건조,맑음,교차로 - 교차로안,승용,남,51세,상해없음,승용,남,54세,경상
2017092800100111,2017년 9월 28일 07시,목요일,부산광역시 서구 서대신동3가,경상사고,0,0,1,0,차량단독 - 공작물충돌,안전운전불이행,건조,맑음,단일로 - 기타,승용,여,59세,경상,,,,
2017092800100148,2017년 9월 28일 08시,목요일,부산광역시 해운대구 좌동,경상사고,0,0,1,0,차대사람 - 횡단중,안전운전불이행,건조,맑음,교차로 - 교차로횡단보도내,승용,남,54세,상해없음,보행자,여,59세,경상
2017092800100149,2017년 9월 28일 08시,목요일,부산광역시 부산진구 가야동,경상사고,0,0,1,0,차대사람 - 기타,안전운전불이행,건조,맑음,기타 - 기타,승용,여,41세,상해없음,보행자,남,55세,경상
2017092800100150,2017년 9월 28일 08시,목요일,부산광역시 금정구 구서동,부상신고사고,0,0,0,1,차대차 - 기타,교차로운행방법위반,건조,맑음,교차로 - 교차로부근,승용,남,53세,상해없음,승용,여,53세,부상신고
2017092800100191,2017년 9월 28일 09시,목요일,부산광역시 서구 동대신동1가,경상사고,0,0,1,0,차대차 - 측면충돌,안전운전불이행,건조,맑음,교차로 - 교차로부근,이륜,남,61세,경상,승용,남,31세,상해없음
2017092800100192,2017년 9월 28일 09시,목요일,부산광역시 사상구 주례동,부상신고사고,0,0,0,1,차대차 - 기타,안전운전불이행,건조,맑음,단일로 - 기타,이륜,여,19세,부상신고,승용,남,70세,상해없음
2017092800100193,2017년 9월 28일 09시,목요일,부산광역시 사상구 괘법동,경상사고,0,0,2,0,차대차 - 측면충돌,신호위반,건조,맑음,단일로 - 기타,화물,남,67세,상해없음,승용,남,32세,경상
2017092800100227,2017년 9월 28일 10시,목요일,부산광역시 북구 구포동,경상사고,0,0,1,0,차대차 - 기타,신호위반,건조,맑음,교차로 - 교차로안,이륜,남,74세,경상,승용,남,60세,상해없음
2017092800100228,2017년 9월 28일 10시,목요일,부산광역시 해운대구 중동,경상사고,0,0,1,0,차대차 - 측면충돌,안전운전불이행,건조,맑음,교차로 - 교차로안,승용,남,25세,상해없음,승용,남,38세,경상
2017092800100229,2017년 9월 28일 10시,목요일,부산광역시 부산진구 가야동,중상사고,0,1,0,0,차대사람 - 횡단중,안전운전불이행,건조,맑음,단일로 - 기타,승용,남,61세,상해없음,보행자,여,74세,중상
2017092800100275,2017년 9월 28일 11시,목요일,부산광역시 수영구 남천동,경상사고,0,0,2,0,차대차 - 측면충돌,안전운전불이행,건조,맑음,단일로 - 기타,승용,여,33세,경상,화물,남,68세,경상
2017092800100276,2017년 9월 28일 11시,목요일,부산광역시 남구 대연동,경상사고,0,0,3,0,차대차 - 측면충돌,안전운전불이행,건조,맑음,교차로 - 교차로안,특수,남,50세,상해없음,승용,여,61세,경상
2017092800100303,2017년 9월 28일 12시,목요일,부산광역시 사상구 학장동,경상사고,0,0,1,0,차대사람 - 차도통행중,안전운전불이행,건조,맑음,교차로 - 교차로부근,화물,남,43세,상해없음,보행자,남,54세,경상
2017092800100304,2017년 9월 28일 12시,목요일,부산광역시 사상구 주례동,부상신고사고,0,0,0,1,차대차 - 기타,안전운전불이행,건조,맑음,단일로 - 기타,특수,남,37세,상해없음,화물,남,40세,부상신고
2017092800100339,2017년 9월 28일 13시,목요일,부산광역시 부산진구 전포동,중상사고,0,1,1,0,차대차 - 측면충돌,교차로운행방법위반,건조,맑음,교차로 - 교차로안,승용,남,62세,중상,승용,남,31세,경상
2017092800100340,2017년 9월 28일 13시,목요일,부산광역시 사하구 구평동,경상사고,0,0,2,0,차대차 - 기타,신호위반,건조,맑음,교차로 - 교차로안,승용,남,64세,경상,승용,여,60세,경상
2017092800100341,2017년 9월 28일 13시,목요일,부산광역시 강서구 대저2동,경상사고,0,0,1,0,차대사람 - 기타,안전운전불이행,건조,맑음,기타 - 기타,자전거,남,25세,상해없음,보행자,남,60세,경상
2017092800100422,2017년 9월 28일 15시,목요일,부산광역시 부산진구 부전동,중상사고,0,1,0,0,차대차 - 측면충돌,신호위반,건조,맑음,교차로 - 교차로안,승용,여,40세,상해없음,이륜,남,59세,중상
2017092800100423,2017년 9월 28일 15시,목요일,부산광역시 사하구 장림동,경상사고,0,0,1,0,차대사람 - 횡단중,안전운전불이행,건조,맑음,단일로 - 기타,승용,여,36세,상해없음,보행자,여,14세,경상
2017092800100424,2017년 9월 28일 15시,목요일,부산광역시 강서구 명지동,경상사고,0,0,1,0,차대차 - 기타,안전운전불이행,건조,맑음,단일로 - 기타,승용,남,52세,상해없음,이륜,남,30세,경상
2017092800100468,2017년 9월 28일 16시,목요일,부산광역시 남구 대연동,중상사고,0,1,1,0,차대차 - 추돌,안전거리미확보,건조,맑음,단일로 - 터널,승용,여,50세,경상,화물,남,37세,중상
2017092800100469,2017년 9월 28일 16시,목요일,부산광역시 사상구 학장동,경상사고,0,0,1,0,차대차 - 추돌,안전운전불이행,건조,맑음,단일로 - 기타,승용,남,46세,상해없음,승용,여,59세,상해없음
2017092800100510,2017년 9월 28일 17시,목요일,부산광역시 금정구 회동동,경상사고,0,0,1,0,차대차 - 기타,안전운전불이행,건조,맑음,교차로 - 교차로안,화물,남,53세,상해없음,화물,남,64세,경상
2017092800100511,2017년 9월 28일 17시,목요일,부산광역시 사하구 장림동,경상사고,0,0,1,0,차대차 - 기타,안전운전불이행,건조,맑음,단일로 - 기타,이륜,남,24세,경상,승용,남,43세,상해없음
2017092800100552,2017년 9월 28일 18시,목요일,부산광역시 부산진구 연지동,중상사고,0,2,0,0,차대차 - 기타,신호위반,건조,맑음,교차로 - 교차로안,승용,남,57세,상해없음,원동기,남,31세,중상
2017092800100615,2017년 9월 28일 19시,목요일,부산광역시 동래구 사직동,부상신고사고,0,0,0,1,차대차 - 측면충돌,교차로운행방법위반,건조,맑음,교차로 - 교차로안,원동기,남,36세,상해없음,원동기,남,54세,부상신고
2017092800100616,2017년 9월 28일 19시,목요일,부산광역시 부산진구 가야동,중상사고,0,2,0,0,차대사람 - 기타,안전운전불이행,건조,맑음,교차로 - 교차로안,승용,남,24세,상해없음,보행자,남,17세,중상
2017092800100617,2017년 9월 28일 19시,목요일,부산광역시 사하구 신평동,경상사고,0,0,1,0,차대차 - 측면충돌,안전거리미확보,건조,맑음,단일로 - 기타,승용,남,33세,상해없음,승합,남,46세,상해없음
2017092800100618,2017년 9월 28일 19시,목요일,부산광역시 사하구 장림동,경상사고,0,0,1,0,차대사람 - 기타,안전운전불이행,건조,맑음,단일로 - 기타,승용,남,55세,상해없음,보행자,여,26세,경상
2017092800100669,2017년 9월 28일 20시,목요일,부산광역시 동구 초량동,중상사고,0,1,0,0,차량단독 - 기타,안전거리미확보,건조,흐림,단일로 - 기타,승합,남,57세,상해없음,,,,
2017092800100701,2017년 9월 28일 21시,목요일,부산광역시 서구 암남동,경상사고,0,0,1,0,차대차 - 측면충돌,교차로운행방법위반,건조,맑음,교차로 - 교차로안,승용,남,51세,경상,승용,남,56세,상해없음
2017092800100702,2017년 9월 28일 21시,목요일,부산광역시 수영구 광안동,경상사고,0,0,1,4,차대차 - 측면충돌,차로위반,건조,맑음,단일로 - 기타,승용,남,69세,경상,승용,남,21세,부상신고
2017092800100703,2017년 9월 28일 21시,목요일,부산광역시 부산진구 부암동,경상사고,0,0,1,0,차대사람 - 횡단중,신호위반,건조,맑음,교차로 - 교차로부근,승용,여,41세,상해없음,보행자,여,42세,경상
2017092800100704,2017년 9월 28일 21시,목요일,부산광역시 사상구 주례동,경상사고,0,0,1,0,차대차 - 측면충돌,신호위반,건조,맑음,교차로 - 교차로안,승용,남,64세,상해없음,승용,여,24세,경상
2017092800100737,2017년 9월 28일 22시,목요일,부산광역시 남구 대연동,경상사고,0,0,1,0,차대사람 - 기타,안전운전불이행,건조,맑음,단일로 - 기타,승용,남,31세,상해없음,보행자,남,22세,경상
2017092900100031,2017년 9월 29일 00시,금요일,부산광역시 중구 남포동6가,경상사고,0,0,3,0,차대사람 - 기타,안전운전불이행,건조,맑음,단일로 - 기타,승용,남,33세,상해없음,보행자,남,26세,경상
2017092900100032,2017년 9월 29일 00시,금요일,부산광역시 수영구 광안동,경상사고,0,0,2,0,차대차 - 후진중충돌,안전운전불이행,건조,맑음,단일로 - 기타,승용,남,25세,상해없음,승용,여,25세,경상
2017092900100081,2017년 9월 29일 03시,금요일,부산광역시 금정구 장전동,중상사고,0,3,0,0,차대사람 - 길가장자리구역통행중,안전운전불이행,건조,맑음,단일로 - 기타,승용,남,28세,상해없음,보행자,남,18세,중상
2017092900100087,2017년 9월 29일 04시,금요일,부산광역시 수영구 남천동,경상사고,0,0,2,0,차대차 - 측면충돌,안전거리미확보,건조,맑음,단일로 - 기타,승용,남,61세,상해없음,승용,남,59세,경상
2017092900100179,2017년 9월 29일 08시,금요일,부산광역시 남구 대연동,중상사고,0,1,0,0,차대차 - 측면충돌,안전운전불이행,건조,맑음,단일로 - 기타,승용,여,45세,상해없음,자전거,남,77세,중상
2017092900100180,2017년 9월 29일 08시,금요일,부산광역시 사하구 다대동,경상사고,0,0,1,0,차대사람 - 기타,안전운전불이행,건조,맑음,교차로 - 교차로부근,승용,여,41세,상해없음,보행자,남,10세,경상
2017092900100239,2017년 9월 29일 09시,금요일,부산광역시 기장군 정관읍,부상신고사고,0,0,0,3,차대차 - 기타,안전운전불이행,건조,맑음,교차로 - 교차로안,승용,남,58세,상해없음,승합,남,55세,상해없음
2017092900100270,2017년 9월 29일 10시,금요일,부산광역시 남구 우암동,경상사고,0,0,1,0,차대차 - 기타,교차로운행방법위반,건조,맑음,교차로 - 교차로안,화물,남,61세,상해없음,이륜,남,40세,경상
2017092900100271,2017년 9월 29일 10시,금요일,부산광역시 사하구 감천동,사망사고,1,0,0,0,차대사람 - 횡단중,안전운전불이행,건조,맑음,교차로 - 교차로횡단보도내,승용,남,44세,상해없음,보행자,남,72세,사망
2017092900100272,2017년 9월 29일 10시,금요일,부산광역시 연제구 거제동,중상사고,0,1,0,0,차대차 - 측면충돌,신호위반,건조,맑음,교차로 - 교차로안,승용,남,27세,상해없음,이륜,남,45세,중상
2017092900100338,2017년 9월 29일 12시,금요일,부산광역시 동구 초량동,중상사고,0,1,0,0,차대사람 - 횡단중,안전운전불이행,건조,맑음,단일로 - 기타,화물,여,47세,상해없음,보행자,여,52세,중상
2017092900100339,2017년 9월 29일 12시,금요일,부산광역시 사하구 하단동,경상사고,0,0,3,0,차대차 - 기타,안전거리미확보,건조,맑음,기타 - 기타,승용,남,26세,상해없음,승용,남,37세,경상
2017092900100381,2017년 9월 29일 13시,금요일,부산광역시 연제구 거제동,중상사고,0,1,5,1,차대차 - 추돌,안전거리미확보,건조,맑음,단일로 - 기타,승합,남,57세,상해없음,승합,남,59세,경상
2017092900100412,2017년 9월 29일 14시,금요일,부산광역시 부산진구 양정동,경상사고,0,0,1,0,차대사람 - 길가장자리구역통행중,안전운전불이행,건조,맑음,단일로 - 기타,승용,여,23세,상해없음,보행자,남,73세,경상
2017092900100413,2017년 9월 29일 14시,금요일,부산광역시 부산진구 부전동,부상신고사고,0,0,0,1,차대차 - 기타,신호위반,건조,맑음,교차로 - 교차로안,승용,기타불명,미분류,기타불명,승용,남,53세,상해없음
2017092900100414,2017년 9월 29일 14시,금요일,부산광역시 사상구 주례동,경상사고,0,0,1,0,차대사람 - 기타,안전운전불이행,건조,맑음,단일로 - 기타,승용,여,65세,상해없음,보행자,남,60세,경상
2017092900100415,2017년 9월 29일 14시,금요일,부산광역시 사상구 삼락동,부상신고사고,0,0,0,1,차대차 - 측면충돌,안전운전불이행,건조,맑음,단일로 - 기타,자전거,여,34세,부상신고,자전거,남,65세,상해없음
2017092900100456,2017년 9월 29일 15시,금요일,부산광역시 연제구 거제동,중상사고,0,1,5,0,차대차 - 추돌,안전운전불이행,건조,맑음,교차로 - 교차로부근,건설기계,남,59세,상해없음,화물,남,56세,중상
2017092900100457,2017년 9월 29일 15시,금요일,부산광역시 사상구 덕포동,부상신고사고,0,0,0,1,차대차 - 측면충돌,중앙선침범,건조,맑음,단일로 - 기타,이륜,남,64세,부상신고,기타불명,남,37세,상해없음
2017092900100458,2017년 9월 29일 15시,금요일,부산광역시 기장군 정관읍,사망사고,1,0,1,0,차대차 - 측면충돌,신호위반,건조,맑음,교차로 - 교차로안,이륜,남,66세,사망,승용,여,31세,경상
2017092900100510,2017년 9월 29일 16시,금요일,부산광역시 사하구 구평동,경상사고,0,0,1,0,차대차 - 기타,안전운전불이행,건조,맑음,단일로 - 기타,승용,여,41세,상해없음,이륜,남,37세,경상
2017092900100511,2017년 9월 29일 16시,금요일,부산광역시 사상구 삼락동,중상사고,0,1,0,0,차대차 - 측면충돌,신호위반,건조,맑음,교차로 - 교차로횡단보도내,자전거,여,62세,중상,승합,남,50세,상해없음
2017092900100512,2017년 9월 29일 16시,금요일,부산광역시 사상구 괘법동,경상사고,0,0,1,0,차대차 - 측면충돌,안전거리미확보,건조,맑음,단일로 - 기타,승합,남,25세,상해없음,이륜,남,45세,경상
2017092900100561,2017년 9월 29일 17시,금요일,부산광역시 금정구 부곡동,중상사고,0,1,0,0,차대차 - 기타,교차로운행방법위반,건조,맑음,교차로 - 교차로안,승용,남,26세,상해없음,이륜,남,25세,중상
2017092900100611,2017년 9월 29일 18시,금요일,부산광역시 남구 대연동,경상사고,0,0,1,0,차대차 - 기타,안전운전불이행,건조,맑음,단일로 - 기타,화물,남,74세,상해없음,승용,남,40세,경상
2017092900100677,2017년 9월 29일 19시,금요일,부산광역시 수영구 민락동,중상사고,0,2,0,0,차대차 - 정면충돌,중앙선침범,건조,맑음,교차로 - 교차로부근,이륜,남,40세,중상,이륜,남,37세,중상
2017092900100678,2017년 9월 29일 19시,금요일,부산광역시 부산진구 부암동,경상사고,0,0,2,0,차대차 - 정면충돌,중앙선침범,건조,맑음,단일로 - 기타,승용,남,66세,상해없음,승용,여,36세,경상
2017092900100679,2017년 9월 29일 19시,금요일,부산광역시 사하구 괴정동,중상사고,0,1,0,0,차대사람 - 기타,안전운전불이행,건조,맑음,기타 - 기타,승용,여,56세,상해없음,보행자,여,39세,중상
2017092900100680,2017년 9월 29일 19시,금요일,부산광역시 사상구 학장동,경상사고,0,0,1,0,차량단독 - 전도전복 - 전도,안전운전불이행,건조,맑음,단일로 - 기타,이륜,남,30세,경상,,,,
2017092900100740,2017년 9월 29일 20시,금요일,부산광역시 동래구 명륜동,부상신고사고,0,0,0,1,차대사람 - 횡단중,안전운전불이행,건조,맑음,단일로 - 기타,승용,여,43세,상해없음,보행자,남,54세,부상신고
2017092900100780,2017년 9월 29일 21시,금요일,부산광역시 동구 범일동,경상사고,0,0,1,0,차대차 - 측면충돌,안전운전불이행,건조,맑음,단일로 - 기타,승용,남,66세,상해없음,승용,남,42세,경상
2017092900100781,2017년 9월 29일 21시,금요일,부산광역시 북구 금곡동,경상사고,0,0,1,0,차대차 - 추돌,안전운전불이행,건조,맑음,교차로 - 교차로부근,이륜,남,18세,상해없음,승용,남,32세,경상
2017092900100782,2017년 9월 29일 21시,금요일,부산광역시 해운대구 반여동,중상사고,0,1,0,0,차대차 - 측면충돌,안전운전불이행,건조,맑음,교차로 - 교차로안,승용,남,49세,상해없음,자전거,남,31세,중상
2017092900100783,2017년 9월 29일 21시,금요일,부산광역시 부산진구 가야동,경상사고,0,0,1,0,차대사람 - 기타,안전운전불이행,건조,맑음,단일로 - 기타,승용,남,53세,상해없음,보행자,남,57세,경상
2017092900100815,2017년 9월 29일 22시,금요일,부산광역시 부산진구 부전동,경상사고,0,0,1,0,차대차 - 기타,안전운전불이행,건조,맑음,교차로 - 교차로안,승용,남,53세,상해없음,승용,남,40세,경상
2017092900100852,2017년 9월 29일 23시,금요일,부산광역시 해운대구 좌동,경상사고,0,0,1,0,차대사람 - 횡단중,안전운전불이행,건조,맑음,단일로 - 기타,승용,남,27세,상해없음,보행자,남,43세,경상
2017092900100853,2017년 9월 29일 23시,금요일,부산광역시 부산진구 양정동,중상사고,0,1,0,0,차대차 - 측면충돌,신호위반,건조,맑음,교차로 - 교차로안,승합,남,24세,상해없음,이륜,남,28세,중상
2017093000100031,2017년 9월 30일 00시,토요일,부산광역시 중구 남포동5가,중상사고,0,1,0,0,차대사람 - 기타,안전운전불이행,건조,맑음,단일로 - 기타,특수,남,56세,상해없음,보행자,남,58세,중상
2017093000100046,2017년 9월 30일 01시,토요일,부산광역시 북구 화명동,경상사고,0,0,1,0,차대차 - 측면충돌,신호위반,건조,맑음,교차로 - 교차로안,이륜,남,16세,경상,승용,여,55세,상해없음
2017093000100058,2017년 9월 30일 02시,토요일,부산광역시 북구 구포동,중상사고,0,1,3,2,차대차 - 추돌,안전운전불이행,건조,맑음,단일로 - 기타,승용,남,61세,부상신고,승용,남,52세,경상
2017093000100098,2017년 9월 30일 06시,토요일,부산광역시 부산진구 연지동,경상사고,0,0,1,0,차대사람 - 기타,기타,건조,맑음,교차로 - 교차로부근,원동기,남,43세,상해없음,보행자,남,43세,경상
2017093000100113,2017년 9월 30일 07시,토요일,부산광역시 부산진구 부전동,중상사고,0,2,0,0,차대사람 - 차도통행중,안전운전불이행,건조,맑음,단일로 - 기타,원동기,남,48세,중상,보행자,남,71세,중상
2017093000100114,2017년 9월 30일 07시,토요일,부산광역시 사상구 괘법동,경상사고,0,0,1,0,차대차 - 측면충돌,신호위반,건조,맑음,교차로 - 교차로안,화물,남,48세,상해없음,승용,여,39세,경상
2017093000100132,2017년 9월 30일 08시,토요일,부산광역시 영도구 영선동4가,경상사고,0,0,1,0,차대차 - 기타,중앙선침범,건조,맑음,교차로 - 교차로부근,화물,남,51세,상해없음,이륜,남,32세,경상
2017093000100158,2017년 9월 30일 09시,토요일,부산광역시 남구 대연동,경상사고,0,0,4,0,차대차 - 기타,안전운전불이행,건조,맑음,단일로 - 기타,화물,남,26세,상해없음,승용,남,49세,경상
2017093000100159,2017년 9월 30일 09시,토요일,부산광역시 수영구 수영동,중상사고,0,1,0,0,차대차 - 기타,안전운전불이행,건조,맑음,교차로 - 교차로안,승용,남,69세,상해없음,이륜,남,37세,중상
2017093000100160,2017년 9월 30일 09시,토요일,부산광역시 기장군 장안읍,경상사고,0,0,1,0,차대차 - 측면충돌,안전운전불이행,건조,맑음,단일로 - 기타,승용,남,47세,상해없음,자전거,남,34세,경상
2017093000100180,2017년 9월 30일 10시,토요일,부산광역시 동래구 온천동,경상사고,0,0,1,0,차대차 - 추돌,안전거리미확보,건조,맑음,단일로 - 기타,승용,남,26세,상해없음,승용,여,60세,경상
2017093000100181,2017년 9월 30일 10시,토요일,부산광역시 부산진구 가야동,경상사고,0,0,1,0,차대사람 - 길가장자리구역통행중,안전운전불이행,건조,맑음,교차로 - 교차로부근,승용,여,43세,상해없음,보행자,남,77세,경상
2017093000100182,2017년 9월 30일 10시,토요일,부산광역시 사상구 엄궁동,경상사고,0,0,1,0,차대차 - 추돌,안전거리미확보,건조,맑음,단일로 - 기타,화물,남,47세,상해없음,승용,남,51세,경상
2017093000100211,2017년 9월 30일 11시,토요일,부산광역시 남구 문현동,경상사고,0,0,1,0,차대차 - 기타,안전운전불이행,건조,맑음,교차로 - 교차로안,승용,남,38세,상해없음,이륜,남,60세,경상
2017093000100247,2017년 9월 30일 12시,토요일,부산광역시 중구 중앙동2가,중상사고,0,1,0,0,차대차 - 측면충돌,교차로운행방법위반,건조,맑음,교차로 - 교차로안,승용,남,52세,상해없음,이륜,남,45세,중상
2017093000100248,2017년 9월 30일 12시,토요일,부산광역시 사하구 장림동,중상사고,0,1,0,0,차대사람 - 횡단중,보행자보호의무위반,건조,맑음,단일로 - 기타,승용,남,53세,상해없음,보행자,남,6세,중상
2017093000100249,2017년 9월 30일 12시,토요일,부산광역시 기장군 정관읍,경상사고,0,0,2,0,차대차 - 추돌,안전운전불이행,건조,맑음,교차로 - 교차로부근,승용,남,23세,경상,승용,여,57세,경상
2017093000100290,2017년 9월 30일 13시,토요일,부산광역시 동래구 낙민동,중상사고,0,1,0,0,차대사람 - 횡단중,안전운전불이행,건조,맑음,단일로 - 기타,승용,남,37세,상해없음,보행자,여,90세 이상,중상
2017093000100291,2017년 9월 30일 13시,토요일,부산광역시 사하구 신평동,중상사고,0,1,1,2,차대차 - 측면충돌,안전운전불이행,건조,맑음,단일로 - 기타,승용,여,50세,부상신고,승용,남,45세,상해없음
2017093000100333,2017년 9월 30일 14시,토요일,부산광역시 북구 구포동,경상사고,0,0,2,0,차대차 - 측면충돌,안전운전불이행,건조,맑음,단일로 - 기타,승용,남,75세,상해없음,승합,남,43세,상해없음
2017093000100334,2017년 9월 30일 14시,토요일,부산광역시 부산진구 양정동,중상사고,0,1,0,0,차대차 - 추돌,안전운전불이행,건조,맑음,단일로 - 기타,승용,남,27세,상해없음,화물,남,59세,중상
2017093000100370,2017년 9월 30일 15시,토요일,부산광역시 동래구 안락동,중상사고,0,1,0,0,차대사람 - 보도통행중,기타,건조,맑음,단일로 - 기타,화물,남,42세,상해없음,보행자,남,45세,중상
2017093000100411,2017년 9월 30일 16시,토요일,부산광역시 동래구 사직동,경상사고,0,0,1,0,차대차 - 추돌,안전운전불이행,건조,맑음,단일로 - 기타,승용,여,41세,상해없음,승용,남,64세,경상
2017093000100412,2017년 9월 30일 16시,토요일,부산광역시 해운대구 반여동,경상사고,0,0,1,0,차대차 - 기타,안전운전불이행,건조,맑음,단일로 - 고가도로위,승용,남,71세,상해없음,승용,남,55세,경상
2017093000100454,2017년 9월 30일 17시,토요일,부산광역시 사하구 다대동,경상사고,0,0,1,0,차대사람 - 횡단중,보행자보호의무위반,건조,맑음,단일로 - 기타,화물,남,69세,상해없음,보행자,남,5세,경상
2017093000100455,2017년 9월 30일 17시,토요일,부산광역시 사상구 엄궁동,사망사고,1,0,0,0,차대사람 - 횡단중,보행자보호의무위반,건조,맑음,단일로 - 기타,승용,여,70세,상해없음,보행자,여,88세,사망
2017093000100456,2017년 9월 30일 17시,토요일,부산광역시 사상구 삼락동,경상사고,0,0,1,0,차대차 - 측면충돌,안전운전불이행,건조,맑음,교차로 - 교차로횡단보도내,승용,여,49세,상해없음,자전거,남,63세,경상