사고번호,사고일시,요일,시군구,사고내용,사망자수,중상자수,경상자수,부상신고자수,사고유형,법규위반,노면상태,기상상태,도로형태,가해운전자 차종,가해운전자 성별,가해운전자 연령,가해운전자 상해정도,피해운전자 차종,피해운전자 성별,피해운전자 연령,피해운전자 상해정도
2017093000100457,2017년 9월 30일 17시,토요일,부산광역시 사상구 학장동,경상사고,0,0,1,0,차대차 - 측면충돌,교차로운행방법위반,건조,맑음,단일로 - 기타,승합,남,53세,상해없음,승용,여,24세,경상
2017093000100495,2017년 9월 30일 18시,토요일,부산광역시 동래구 명륜동,경상사고,0,0,1,0,차대사람 - 기타,안전운전불이행,건조,맑음,단일로 - 기타,승용,남,55세,상해없음,보행자,여,62세,경상
2017093000100496,2017년 9월 30일 18시,토요일,부산광역시 강서구 대저1동,경상사고,0,0,1,0,차대차 - 측면충돌,차로위반,건조,맑음,단일로 - 기타,화물,남,22세,상해없음,승용,여,52세,경상
2017093000100530,2017년 9월 30일 19시,토요일,부산광역시 동래구 명장동,경상사고,0,0,1,0,차대사람 - 차도통행중,안전운전불이행,건조,맑음,교차로 - 교차로안,승용,남,64세,상해없음,보행자,여,35세,경상
2017093000100531,2017년 9월 30일 19시,토요일,부산광역시 사상구 주례동,경상사고,0,0,1,0,차대차 - 기타,안전운전불이행,건조,맑음,교차로 - 교차로안,이륜,남,19세,상해없음,승용,여,70세,상해없음
2017093000100583,2017년 9월 30일 20시,토요일,부산광역시 수영구 광안동,경상사고,0,0,1,0,차대차 - 측면충돌,신호위반,건조,맑음,교차로 - 교차로안,승용,남,64세,상해없음,이륜,남,49세,경상
2017093000100584,2017년 9월 30일 20시,토요일,부산광역시 강서구 구랑동,중상사고,0,1,0,0,차대차 - 기타,안전운전불이행,건조,맑음,교차로 - 교차로부근,승용,남,35세,상해없음,승용,남,45세,중상
2017093000100642,2017년 9월 30일 22시,토요일,부산광역시 남구 용호동,중상사고,0,3,0,0,차대차 - 측면충돌,교차로운행방법위반,건조,맑음,교차로 - 교차로안,원동기,남,16세,중상,승용,남,46세,상해없음
2017093000100643,2017년 9월 30일 22시,토요일,부산광역시 북구 금곡동,경상사고,0,0,1,0,차량단독 - 기타,안전운전불이행,건조,맑음,단일로 - 기타,승합,남,51세,상해없음,,,,
2017093000100644,2017년 9월 30일 22시,토요일,부산광역시 부산진구 범전동,경상사고,0,0,1,0,차대차 - 기타,신호위반,건조,맑음,교차로 - 교차로안,승용,남,43세,상해없음,이륜,남,51세,경상
2017093000100664,2017년 9월 30일 23시,토요일,부산광역시 동구 초량동,경상사고,0,0,1,0,차대차 - 기타,교차로운행방법위반,건조,맑음,교차로 - 교차로안,승용,남,44세,상해없음,자전거,남,17세,경상
2017093000100665,2017년 9월 30일 23시,토요일,부산광역시 사하구 하단동,중상사고,0,1,0,0,차대사람 - 기타,보행자보호의무위반,건조,맑음,단일로 - 기타,승용,남,43세,상해없음,보행자,남,59세,중상
2017100100100034,2017년 10월 1일 00시,일요일,부산광역시 사하구 하단동,중상사고,0,1,0,0,차대차 - 기타,안전운전불이행,건조,맑음,단일로 - 기타,승용,남,33세,상해없음,승용,남,60세,중상
2017100100100048,2017년 10월 1일 01시,일요일,부산광역시 중구 중앙동4가,경상사고,0,0,1,0,차대차 - 기타,차로위반,건조,맑음,단일로 - 기타,화물,남,37세,상해없음,승용,남,54세,경상
2017100100100049,2017년 10월 1일 01시,일요일,부산광역시 해운대구 우동,중상사고,0,1,1,0,차대차 - 추돌,신호위반,건조,맑음,교차로 - 교차로안,승용,여,31세,상해없음,승용,남,54세,중상
2017100100100065,2017년 10월 1일 02시,일요일,부산광역시 동구 범일동,사망사고,1,0,0,0,차대사람 - 횡단중,안전운전불이행,건조,흐림,단일로 - 기타,승용,남,63세,상해없음,보행자,남,22세,사망
2017100100100066,2017년 10월 1일 02시,일요일,부산광역시 사하구 하단동,중상사고,0,1,0,0,차대차 - 측면충돌,안전거리미확보,건조,맑음,단일로 - 기타,승용,여,64세,상해없음,이륜,남,40세,중상
2017100100100078,2017년 10월 1일 03시,일요일,부산광역시 금정구 장전동,부상신고사고,0,0,0,2,차대차 - 기타,신호위반,건조,흐림,교차로 - 교차로안,이륜,남,16세,부상신고,승용,남,58세,상해없음
2017100100100108,2017년 10월 1일 06시,일요일,부산광역시 중구 영주동,경상사고,0,0,1,0,차대사람 - 기타,기타,건조,맑음,단일로 - 기타,승용,남,48세,상해없음,보행자,남,36세,경상
2017100100100109,2017년 10월 1일 06시,일요일,부산광역시 사상구 감전동,중상사고,0,1,0,0,차대차 - 측면충돌,신호위반,건조,맑음,교차로 - 교차로안,이륜,남,37세,중상,승용,남,26세,상해없음
2017100100100117,2017년 10월 1일 07시,일요일,부산광역시 부산진구 당감동,중상사고,0,1,1,0,차대차 - 측면충돌,신호위반,건조,맑음,교차로 - 교차로안,이륜,남,20세,상해없음,승용,남,71세,경상
2017100100100129,2017년 10월 1일 08시,일요일,부산광역시 동래구 수안동,경상사고,0,0,1,0,차대차 - 추돌,안전운전불이행,건조,맑음,단일로 - 기타,화물,남,32세,상해없음,승용,남,50세,경상
2017100100100165,2017년 10월 1일 10시,일요일,부산광역시 북구 금곡동,경상사고,0,0,1,0,차대차 - 추돌,안전운전불이행,건조,맑음,단일로 - 기타,승용,남,25세,상해없음,승용,남,71세,경상
2017100100100166,2017년 10월 1일 10시,일요일,부산광역시 수영구 수영동,중상사고,0,1,0,0,차대사람 - 길가장자리구역통행중,안전운전불이행,건조,맑음,단일로 - 기타,승용,남,48세,상해없음,보행자,여,69세,중상
2017100100100255,2017년 10월 1일 14시,일요일,부산광역시 해운대구 좌동,중상사고,0,1,1,0,차대차 - 기타,안전거리미확보,건조,맑음,단일로 - 기타,승용,남,35세,상해없음,승용,남,51세,중상
2017100100100256,2017년 10월 1일 14시,일요일,부산광역시 부산진구 부암동,중상사고,0,1,0,0,차대사람 - 횡단중,보행자보호의무위반,건조,맑음,교차로 - 교차로횡단보도내,화물,남,64세,상해없음,보행자,여,26세,중상
2017100100100365,2017년 10월 1일 18시,일요일,부산광역시 부산진구 부암동,경상사고,0,0,1,0,차대사람 - 차도통행중,안전운전불이행,건조,맑음,단일로 - 기타,승합,남,43세,상해없음,보행자,남,57세,경상
2017100100100366,2017년 10월 1일 18시,일요일,부산광역시 사상구 모라동,경상사고,0,0,1,0,차대차 - 측면충돌,안전거리미확보,젖음/습기,비,단일로 - 기타,승용,여,28세,상해없음,승용,남,37세,경상
2017100100100409,2017년 10월 1일 19시,일요일,부산광역시 남구 감만동,경상사고,0,0,1,0,차대차 - 기타,안전운전불이행,젖음/습기,비,교차로 - 교차로안,승용,남,68세,상해없음,이륜,남,37세,경상
2017100100100410,2017년 10월 1일 19시,일요일,부산광역시 북구 화명동,중상사고,0,1,1,0,차대차 - 추돌,안전운전불이행,젖음/습기,비,단일로 - 기타,이륜,남,21세,중상,승용,여,56세,경상
2017100100100411,2017년 10월 1일 19시,일요일,부산광역시 해운대구 재송동,경상사고,0,0,1,0,차대차 - 기타,교차로운행방법위반,젖음/습기,비,교차로 - 교차로안,승용,남,38세,상해없음,이륜,남,23세,경상
2017100100100412,2017년 10월 1일 19시,일요일,부산광역시 금정구 서동,중상사고,0,1,0,0,차대사람 - 횡단중,안전운전불이행,젖음/습기,비,교차로 - 교차로부근,승용,남,56세,상해없음,보행자,남,58세,중상
2017100100100413,2017년 10월 1일 19시,일요일,부산광역시 사하구 장림동,경상사고,0,0,1,1,차대차 - 추돌,신호위반,젖음/습기,비,단일로 - 기타,승용,남,53세,부상신고,승용,남,48세,경상
2017100100100470,2017년 10월 1일 20시,일요일,부산광역시 수영구 광안동,중상사고,0,1,0,0,차대차 - 기타,안전거리미확보,건조,맑음,단일로 - 기타,승용,남,67세,상해없음,원동기,남,25세,중상
2017100100100471,2017년 10월 1일 20시,일요일,부산광역시 동래구 온천동,중상사고,0,1,0,0,차대차 - 측면충돌,교차로운행방법위반,젖음/습기,흐림,교차로 - 교차로안,승용,남,61세,상해없음,원동기,남,34세,중상
2017100100100472,2017년 10월 1일 20시,일요일,부산광역시 부산진구 부암동,경상사고,0,0,1,0,차대차 - 측면충돌,차로위반,젖음/습기,비,교차로 - 교차로부근,승용,남,39세,상해없음,이륜,남,25세,경상
2017100100100506,2017년 10월 1일 21시,일요일,부산광역시 수영구 광안동,경상사고,0,0,1,0,차대사람 - 기타,안전운전불이행,젖음/습기,비,단일로 - 기타,승용,남,28세,상해없음,보행자,여,16세,경상
2017100100100585,2017년 10월 1일 23시,일요일,부산광역시 중구 남포동6가,중상사고,0,1,0,0,차대차 - 추돌,안전운전불이행,젖음/습기,비,단일로 - 기타,승용,남,48세,상해없음,승용,남,66세,중상
2017100100100586,2017년 10월 1일 23시,일요일,부산광역시 동래구 온천동,경상사고,0,0,1,0,차대차 - 추돌,안전운전불이행,젖음/습기,비,교차로 - 교차로부근,화물,남,55세,상해없음,승용,남,40세,경상
2017100100100587,2017년 10월 1일 23시,일요일,부산광역시 금정구 노포동,경상사고,0,0,2,0,차대차 - 측면충돌,신호위반,젖음/습기,비,교차로 - 교차로안,승용,남,61세,상해없음,승용,남,49세,경상
2017100100100588,2017년 10월 1일 23시,일요일,부산광역시 사하구 구평동,부상신고사고,0,0,0,1,차량단독 - 공작물충돌,안전운전불이행,젖음/습기,비,단일로 - 기타,승용,남,61세,부상신고,,,,
2017100100100589,2017년 10월 1일 23시,일요일,부산광역시 사하구 감천동,중상사고,0,2,2,1,차대차 - 측면충돌,안전운전불이행,젖음/습기,비,교차로 - 교차로부근,화물,남,43세,부상신고,특수,남,41세,중상
2017100200100023,2017년 10월 2일 00시,월요일,부산광역시 동래구 안락동,중상사고,0,1,0,0,차대사람 - 횡단중,신호위반,젖음/습기,비,교차로 - 교차로안,승용,남,53세,상해없음,보행자,남,45세,중상
2017100200100024,2017년 10월 2일 00시,월요일,부산광역시 금정구 서동,중상사고,0,1,0,0,차대차 - 기타,안전운전불이행,젖음/습기,비,교차로 - 교차로부근,승용,남,62세,상해없음,승용,남,36세,상해없음
2017100200100041,2017년 10월 2일 01시,월요일,부산광역시 부산진구 개금동,부상신고사고,0,0,0,4,차대차 - 기타,안전거리미확보,젖음/습기,비,단일로 - 기타,승용,여,56세,상해없음,승용,남,23세,부상신고
2017100200100042,2017년 10월 2일 01시,월요일,부산광역시 사하구 괴정동,중상사고,0,1,0,0,차대차 - 추돌,안전운전불이행,젖음/습기,비,단일로 - 기타,승용,남,56세,상해없음,승용,남,60세,중상
2017100200100059,2017년 10월 2일 02시,월요일,부산광역시 동래구 온천동,부상신고사고,0,0,0,1,차대차 - 추돌,안전운전불이행,젖음/습기,비,단일로 - 기타,원동기,남,19세,부상신고,승용,남,57세,상해없음
2017100200100060,2017년 10월 2일 02시,월요일,부산광역시 기장군 기장읍,부상신고사고,0,0,0,1,차대사람 - 기타,안전운전불이행,젖음/습기,비,단일로 - 기타,승용,남,36세,상해없음,보행자,남,24세,부상신고
2017100200100078,2017년 10월 2일 03시,월요일,부산광역시 금정구 오륜동,경상사고,0,0,2,0,차대차 - 기타,안전운전불이행,젖음/습기,비,단일로 - 기타,승용,남,48세,상해없음,승용,남,53세,상해없음
2017100200100125,2017년 10월 2일 06시,월요일,부산광역시 연제구 연산동,중상사고,0,1,0,0,차대사람 - 기타,안전운전불이행,건조,맑음,단일로 - 기타,기타불명,기타불명,미분류,기타불명,보행자,남,35세,중상
2017100200100136,2017년 10월 2일 07시,월요일,부산광역시 동구 좌천동,중상사고,0,1,0,0,차대차 - 측면충돌,신호위반,젖음/습기,맑음,교차로 - 교차로안,화물,남,49세,상해없음,승용,남,63세,중상
2017100200100137,2017년 10월 2일 07시,월요일,부산광역시 동구 좌천동,경상사고,0,0,1,0,차대차 - 추돌,안전운전불이행,젖음/습기,비,교차로 - 교차로부근,화물,남,44세,상해없음,승용,남,60세,경상
2017100200100138,2017년 10월 2일 07시,월요일,부산광역시 사상구 모라동,중상사고,0,1,0,0,차대차 - 측면충돌,교차로운행방법위반,젖음/습기,비,교차로 - 교차로안,자전거,남,81세,중상,화물,여,48세,상해없음
2017100200100149,2017년 10월 2일 08시,월요일,부산광역시 서구 동대신동2가,경상사고,0,0,2,0,차대차 - 추돌,안전거리미확보,젖음/습기,비,교차로 - 교차로부근,승용,남,49세,상해없음,승용,남,30세,경상
2017100200100150,2017년 10월 2일 08시,월요일,부산광역시 사상구 엄궁동,중상사고,0,1,0,0,차대사람 - 횡단중,중앙선침범,젖음/습기,비,단일로 - 기타,화물,남,40세,상해없음,보행자,여,59세,중상
2017100200100201,2017년 10월 2일 10시,월요일,부산광역시 금정구 남산동,경상사고,0,0,1,0,차대사람 - 기타,안전운전불이행,젖음/습기,흐림,단일로 - 기타,승용,남,50세,상해없음,보행자,여,59세,경상
2017100200100266,2017년 10월 2일 12시,월요일,부산광역시 서구 암남동,중상사고,0,1,0,0,차대사람 - 길가장자리구역통행중,안전운전불이행,건조,맑음,단일로 - 기타,화물,남,33세,상해없음,보행자,여,80세,중상
2017100200100267,2017년 10월 2일 12시,월요일,부산광역시 남구 용호동,중상사고,0,1,4,0,차대차 - 측면충돌,안전운전불이행,건조,맑음,단일로 - 기타,승용,남,37세,상해없음,승용,여,47세,중상
2017100200100268,2017년 10월 2일 12시,월요일,부산광역시 해운대구 좌동,중상사고,0,1,0,0,차대사람 - 횡단중,안전운전불이행,건조,맑음,교차로 - 교차로횡단보도내,승용,남,30세,상해없음,보행자,여,63세,중상
2017100200100269,2017년 10월 2일 12시,월요일,부산광역시 부산진구 당감동,경상사고,0,0,2,0,차대차 - 기타,기타,건조,맑음,단일로 - 기타,승용,남,70세,상해없음,이륜,남,38세,경상
2017100200100270,2017년 10월 2일 12시,월요일,부산광역시 부산진구 부전동,중상사고,0,1,0,0,차대사람 - 기타,안전운전불이행,건조,맑음,단일로 - 기타,승용,남,54세,상해없음,보행자,여,71세,중상
2017100200100340,2017년 10월 2일 14시,월요일,부산광역시 해운대구 우동,부상신고사고,0,0,0,1,차대차 - 측면충돌,안전운전불이행,건조,맑음,교차로 - 교차로안,이륜,남,59세,부상신고,승용,여,48세,상해없음
2017100200100428,2017년 10월 2일 16시,월요일,부산광역시 수영구 광안동,부상신고사고,0,0,0,1,차대차 - 측면충돌,교차로운행방법위반,건조,맑음,교차로 - 교차로안,이륜,남,18세,부상신고,승용,남,47세,상해없음
2017100200100476,2017년 10월 2일 17시,월요일,부산광역시 수영구 남천동,경상사고,0,0,1,0,차대차 - 측면충돌,교차로운행방법위반,건조,맑음,교차로 - 교차로안,승용,여,38세,상해없음,승용,남,65세,경상
2017100200100552,2017년 10월 2일 19시,월요일,부산광역시 수영구 광안동,중상사고,0,1,0,0,차대사람 - 횡단중,보행자보호의무위반,건조,맑음,단일로 - 기타,승용,남,22세,상해없음,보행자,여,84세,중상
2017100200100553,2017년 10월 2일 19시,월요일,부산광역시 수영구 남천동,경상사고,0,0,1,0,차대사람 - 길가장자리구역통행중,안전운전불이행,건조,맑음,단일로 - 기타,승용,여,52세,상해없음,보행자,여,31세,경상
2017100200100554,2017년 10월 2일 19시,월요일,부산광역시 해운대구 우동,부상신고사고,0,0,0,2,차대차 - 측면충돌,교차로운행방법위반,건조,맑음,교차로 - 교차로안,승용,남,25세,상해없음,승용,남,70세,부상신고
2017100200100555,2017년 10월 2일 19시,월요일,부산광역시 부산진구 당감동,경상사고,0,0,1,0,차대사람 - 기타,안전운전불이행,건조,맑음,단일로 - 기타,승용,남,30세,상해없음,보행자,남,67세,경상
2017100200100556,2017년 10월 2일 19시,월요일,부산광역시 사상구 삼락동,중상사고,0,1,0,0,차대사람 - 횡단중,보행자보호의무위반,건조,맑음,단일로 - 기타,승용,여,50세,상해없음,보행자,여,71세,중상
2017100200100598,2017년 10월 2일 20시,월요일,부산광역시 서구 남부민동,경상사고,0,0,1,0,차대차 - 측면충돌,안전운전불이행,건조,맑음,교차로 - 교차로횡단보도내,승용,남,24세,상해없음,자전거,남,27세,경상
2017100200100599,2017년 10월 2일 20시,월요일,부산광역시 남구 대연동,경상사고,0,0,1,0,차대사람 - 기타,보행자보호의무위반,건조,맑음,교차로 - 교차로횡단보도내,승용,남,57세,상해없음,보행자,여,20세,경상
2017100200100600,2017년 10월 2일 20시,월요일,부산광역시 사상구 덕포동,부상신고사고,0,0,0,1,차대차 - 측면충돌,안전운전불이행,건조,맑음,교차로 - 교차로부근,자전거,남,76세,부상신고,이륜,남,27세,상해없음
2017100200100629,2017년 10월 2일 21시,월요일,부산광역시 북구 구포동,중상사고,0,1,0,0,차대사람 - 기타,안전운전불이행,건조,맑음,단일로 - 기타,승용,여,33세,상해없음,보행자,남,67세,중상
2017100200100680,2017년 10월 2일 23시,월요일,부산광역시 사하구 하단동,경상사고,0,0,3,0,차대차 - 추돌,안전운전불이행,건조,맑음,단일로 - 기타,승용,남,48세,상해없음,승용,남,70세,경상
2017100300100031,2017년 10월 3일 01시,화요일,부산광역시 동래구 명륜동,경상사고,0,0,1,0,차대사람 - 기타,안전운전불이행,건조,맑음,단일로 - 기타,승용,남,33세,상해없음,보행자,남,33세,경상
2017100300100032,2017년 10월 3일 01시,화요일,부산광역시 부산진구 부전동,중상사고,0,1,0,0,차대차 - 측면충돌,안전거리미확보,건조,맑음,단일로 - 기타,승용,남,25세,상해없음,이륜,남,22세,중상
2017100300100051,2017년 10월 3일 03시,화요일,부산광역시 해운대구 우동,경상사고,0,0,1,0,차대사람 - 횡단중,안전운전불이행,건조,맑음,교차로 - 교차로횡단보도내,기타불명,기타불명,미분류,기타불명,보행자,남,25세,경상
2017100300100068,2017년 10월 3일 05시,화요일,부산광역시 동래구 안락동,중상사고,0,1,0,0,차대사람 - 기타,중앙선침범,건조,맑음,단일로 - 기타,승용,남,40세,상해없음,보행자,남,74세,중상
2017100300100077,2017년 10월 3일 06시,화요일,부산광역시 연제구 거제동,경상사고,0,0,2,0,차대차 - 측면충돌,신호위반,건조,맑음,교차로 - 교차로안,승용,남,46세,상해없음,승용,남,63세,경상
2017100300100087,2017년 10월 3일 07시,화요일,부산광역시 사상구 덕포동,사망사고,1,1,0,0,차대차 - 추돌,안전운전불이행,건조,맑음,단일로 - 기타,승용,남,53세,사망,특수,남,56세,상해없음
2017100300100128,2017년 10월 3일 11시,화요일,부산광역시 사하구 괴정동,중상사고,0,1,0,0,차대사람 - 기타,안전운전불이행,건조,맑음,단일로 - 기타,승용,남,56세,상해없음,보행자,남,59세,중상
2017100300100185,2017년 10월 3일 13시,화요일,부산광역시 서구 토성동4가,경상사고,0,0,1,0,차대사람 - 길가장자리구역통행중,안전운전불이행,건조,맑음,단일로 - 기타,승용,남,38세,상해없음,보행자,여,70세,경상
2017100300100186,2017년 10월 3일 13시,화요일,부산광역시 남구 감만동,부상신고사고,0,0,0,1,차대차 - 측면충돌,교차로운행방법위반,건조,맑음,교차로 - 교차로안,이륜,남,67세,부상신고,승용,남,59세,상해없음
2017100300100187,2017년 10월 3일 13시,화요일,부산광역시 사하구 하단동,중상사고,0,1,0,0,차대사람 - 횡단중,신호위반,건조,맑음,단일로 - 기타,승용,남,33세,상해없음,보행자,남,74세,중상
2017100300100211,2017년 10월 3일 14시,화요일,부산광역시 해운대구 좌동,중상사고,0,1,0,0,차대사람 - 횡단중,보행자보호의무위반,건조,맑음,단일로 - 기타,승용,여,41세,상해없음,보행자,여,25세,중상
2017100300100212,2017년 10월 3일 14시,화요일,부산광역시 기장군 장안읍,중상사고,0,1,3,0,차대차 - 추돌,안전거리미확보,건조,맑음,단일로 - 기타,특수,남,46세,상해없음,승용,남,49세,경상
2017100300100243,2017년 10월 3일 15시,화요일,부산광역시 동구 초량동,중상사고,0,1,0,0,차대차 - 기타,안전거리미확보,건조,맑음,단일로 - 기타,승용,남,69세,상해없음,승용,남,60세,중상
2017100300100244,2017년 10월 3일 15시,화요일,부산광역시 수영구 남천동,중상사고,0,1,0,0,차대차 - 후진중충돌,안전운전불이행,건조,맑음,단일로 - 기타,승합,남,34세,상해없음,이륜,남,57세,중상
2017100300100266,2017년 10월 3일 16시,화요일,부산광역시 북구 구포동,경상사고,0,0,2,0,차대차 - 측면충돌,안전거리미확보,건조,맑음,단일로 - 기타,승용,남,31세,상해없음,승용,남,33세,경상
2017100300100289,2017년 10월 3일 17시,화요일,부산광역시 연제구 연산동,중상사고,0,1,0,0,차대차 - 기타,교차로운행방법위반,건조,맑음,교차로 - 교차로안,승용,여,37세,상해없음,이륜,남,53세,중상
2017100300100330,2017년 10월 3일 19시,화요일,부산광역시 부산진구 부전동,경상사고,0,0,2,0,차대차 - 기타,신호위반,건조,맑음,교차로 - 교차로안,승용,남,45세,상해없음,승용,남,42세,경상
2017100300100356,2017년 10월 3일 20시,화요일,부산광역시 사하구 하단동,중상사고,0,1,0,0,차대차 - 기타,신호위반,젖음/습기,비,교차로 - 교차로안,이륜,남,19세,중상,승용,남,47세,상해없음
2017100300100400,2017년 10월 3일 22시,화요일,부산광역시 부산진구 부암동,경상사고,0,0,1,0,차대차 - 측면충돌,신호위반,건조,맑음,교차로 - 교차로안,승용,남,26세,상해없음,승용,남,30세,경상
2017100300100413,2017년 10월 3일 23시,화요일,부산광역시 서구 동대신동2가,중상사고,0,1,2,0,차대차 - 추돌,안전운전불이행,건조,흐림,단일로 - 기타,승용,여,31세,상해없음,승용,남,25세,중상
2017100400100015,2017년 10월 4일 00시,수요일,부산광역시 기장군 기장읍,경상사고,0,0,1,0,차대차 - 기타,안전운전불이행,젖음/습기,비,기타 - 기타,승용,남,65세,상해없음,이륜,남,49세,경상
2017100400100026,2017년 10월 4일 01시,수요일,부산광역시 수영구 광안동,중상사고,0,1,0,0,차대차 - 측면충돌,신호위반,젖음/습기,비,교차로 - 교차로안,승용,남,57세,상해없음,자전거,여,58세,중상
2017100400100027,2017년 10월 4일 01시,수요일,부산광역시 북구 만덕동,경상사고,0,0,2,1,차대차 - 추돌,안전운전불이행,건조,맑음,교차로 - 교차로부근,승용,남,33세,상해없음,승용,남,56세,경상
2017100400100035,2017년 10월 4일 02시,수요일,부산광역시 동래구 명륜동,중상사고,0,1,0,0,차대사람 - 횡단중,기타,건조,맑음,단일로 - 기타,승용,남,60세,상해없음,보행자,여,83세,중상
2017100400100055,2017년 10월 4일 04시,수요일,부산광역시 해운대구 중동,중상사고,0,1,2,0,차대차 - 측면충돌,교차로운행방법위반,건조,맑음,교차로 - 교차로안,승용,남,59세,상해없음,승용,남,65세,경상
2017100400100056,2017년 10월 4일 04시,수요일,부산광역시 부산진구 부전동,경상사고,0,0,1,0,차대사람 - 길가장자리구역통행중,안전운전불이행,건조,맑음,단일로 - 기타,승용,남,32세,상해없음,보행자,남,26세,경상
2017100400100082,2017년 10월 4일 08시,수요일,부산광역시 수영구 민락동,경상사고,0,0,2,0,차대차 - 추돌,교차로운행방법위반,건조,맑음,교차로 - 교차로안,승용,여,56세,상해없음,승용,남,63세,경상
2017100400100083,2017년 10월 4일 08시,수요일,부산광역시 북구 금곡동,경상사고,0,0,3,0,차대차 - 추돌,안전거리미확보,건조,맑음,단일로 - 기타,승용,남,29세,상해없음,승용,남,55세,경상
2017100400100084,2017년 10월 4일 08시,수요일,부산광역시 부산진구 부전동,중상사고,0,1,0,0,차대차 - 측면충돌,안전운전불이행,건조,맑음,단일로 - 기타,이륜,남,30세,중상,승용,남,35세,상해없음
2017100400100103,2017년 10월 4일 10시,수요일,부산광역시 사하구 감천동,경상사고,0,0,1,0,차대사람 - 횡단중,보행자보호의무위반,건조,흐림,교차로 - 교차로부근,승용,남,62세,상해없음,보행자,남,27세,경상
2017100400100119,2017년 10월 4일 11시,수요일,부산광역시 강서구 대저2동,중상사고,0,1,0,0,차대차 - 기타,안전운전불이행,건조,맑음,단일로 - 기타,승용,남,56세,상해없음,자전거,남,5세,중상
2017100400100120,2017년 10월 4일 11시,수요일,부산광역시 금정구 구서동,경상사고,0,0,4,0,차대차 - 추돌,안전거리미확보,건조,맑음,단일로 - 기타,승용,여,54세,경상,승용,남,43세,경상
2017100400100177,2017년 10월 4일 13시,수요일,부산광역시 수영구 광안동,경상사고,0,0,1,0,차대차 - 기타,안전운전불이행,건조,맑음,단일로 - 기타,승용,남,39세,상해없음,원동기,남,17세,경상
2017100400100202,2017년 10월 4일 14시,수요일,부산광역시 중구 중앙동4가,경상사고,0,0,1,0,차대차 - 측면충돌,안전거리미확보,건조,맑음,단일로 - 기타,승용,남,57세,상해없음,승용,여,55세,경상
2017100400100203,2017년 10월 4일 14시,수요일,부산광역시 남구 우암동,중상사고,0,1,0,0,차대차 - 추돌,안전운전불이행,건조,맑음,단일로 - 기타,승용,남,61세,상해없음,이륜,남,33세,중상
2017100400100273,2017년 10월 4일 17시,수요일,부산광역시 서구 충무동1가,중상사고,0,1,4,0,차대차 - 정면충돌,신호위반,건조,맑음,교차로 - 교차로안,승용,여,33세,상해없음,승용,남,65세,경상
2017100400100274,2017년 10월 4일 17시,수요일,부산광역시 동구 초량동,경상사고,0,0,1,0,차대차 - 기타,교차로운행방법위반,건조,맑음,교차로 - 교차로안,원동기,남,26세,경상,승용,남,36세,상해없음
2017100400100275,2017년 10월 4일 17시,수요일,부산광역시 수영구 남천동,경상사고,0,0,1,0,차대차 - 추돌,안전거리미확보,건조,맑음,단일로 - 기타,승용,남,36세,상해없음,승용,남,64세,경상
2017100400100276,2017년 10월 4일 17시,수요일,부산광역시 부산진구 당감동,중상사고,0,2,0,0,차대차 - 측면충돌,신호위반,건조,맑음,교차로 - 교차로안,승용,남,33세,상해없음,승용,남,33세,중상
2017100400100277,2017년 10월 4일 17시,수요일,부산광역시 사하구 감천동,부상신고사고,0,0,0,1,차대차 - 후진중충돌,안전운전불이행,건조,맑음,단일로 - 기타,승용,남,42세,상해없음,이륜,남,61세,부상신고
2017100400100366,2017년 10월 4일 22시,수요일,부산광역시 북구 구포동,경상사고,0,0,1,0,차대차 - 정면충돌,안전운전불이행,건조,맑음,교차로 - 교차로안,승용,여,44세,상해없음,승용,남,67세,경상
2017100400100367,2017년 10월 4일 22시,수요일,부산광역시 부산진구 부전동,경상사고,0,0,2,0,차대차 - 추돌,안전거리미확보,건조,맑음,교차로 - 교차로안,이륜,남,17세,상해없음,승용,남,43세,경상
2017100500100031,2017년 10월 5일 02시,목요일,부산광역시 사상구 학장동,경상사고,0,0,1,0,차량단독 - 기타,안전운전불이행,건조,흐림,교차로 - 교차로부근,승용,남,53세,상해없음,,,,
2017100500100086,2017년 10월 5일 08시,목요일,부산광역시 동래구 온천동,경상사고,0,0,1,0,차대차 - 측면충돌,교차로운행방법위반,건조,맑음,교차로 - 교차로안,승용,남,69세,상해없음,승용,남,30세,경상
2017100500100100,2017년 10월 5일 10시,목요일,부산광역시 서구 동대신동1가,경상사고,0,0,1,0,차대차 - 기타,안전운전불이행,건조,맑음,단일로 - 기타,승용,여,33세,상해없음,승용,남,59세,경상
2017100500100101,2017년 10월 5일 10시,목요일,부산광역시 남구 감만동,경상사고,0,0,1,0,차대차 - 측면충돌,안전운전불이행,건조,맑음,교차로 - 교차로안,승용,여,46세,상해없음,승용,남,38세,상해없음
2017100500100114,2017년 10월 5일 11시,목요일,부산광역시 강서구 송정동,부상신고사고,0,0,0,2,차대차 - 추돌,안전운전불이행,건조,맑음,단일로 - 기타,승용,남,55세,상해없음,승용,남,63세,부상신고