사고번호,사고일시,요일,시군구,사고내용,사망자수,중상자수,경상자수,부상신고자수,사고유형,법규위반,노면상태,기상상태,도로형태,가해운전자 차종,가해운전자 성별,가해운전자 연령,가해운전자 상해정도,피해운전자 차종,피해운전자 성별,피해운전자 연령,피해운전자 상해정도
2017100500100130,2017년 10월 5일 12시,목요일,부산광역시 영도구 청학동,경상사고,0,0,1,0,차대사람 - 기타,안전운전불이행,건조,맑음,단일로 - 기타,승용,남,65세,상해없음,보행자,여,60세,경상
2017100500100172,2017년 10월 5일 14시,목요일,부산광역시 해운대구 반송동,중상사고,0,1,0,0,차대사람 - 기타,안전운전불이행,건조,맑음,단일로 - 기타,승용,남,65세,상해없음,보행자,여,71세,중상
2017100500100218,2017년 10월 5일 16시,목요일,부산광역시 중구 중앙동4가,경상사고,0,0,2,0,차대차 - 측면충돌,교차로운행방법위반,건조,맑음,교차로 - 교차로안,승용,남,56세,상해없음,승용,남,63세,상해없음
2017100500100237,2017년 10월 5일 17시,목요일,부산광역시 사하구 장림동,중상사고,0,1,0,0,차대사람 - 횡단중,보행자보호의무위반,건조,맑음,단일로 - 기타,승용,남,64세,상해없음,보행자,여,13세,중상
2017100500100238,2017년 10월 5일 17시,목요일,부산광역시 기장군 기장읍,중상사고,0,2,1,0,차대차 - 측면충돌,안전운전불이행,건조,맑음,단일로 - 기타,특수,남,47세,상해없음,승용,남,60세,경상
2017100500100288,2017년 10월 5일 19시,목요일,부산광역시 서구 암남동,경상사고,0,0,2,0,차대차 - 기타,안전운전불이행,젖음/습기,비,단일로 - 기타,승용,남,54세,상해없음,승합,남,49세,상해없음
2017100500100289,2017년 10월 5일 19시,목요일,부산광역시 기장군 기장읍,경상사고,0,0,1,0,차대차 - 정면충돌,신호위반,건조,맑음,교차로 - 교차로안,승용,남,42세,상해없음,승용,남,48세,경상
2017100500100333,2017년 10월 5일 21시,목요일,부산광역시 사상구 학장동,경상사고,0,0,1,0,차대차 - 기타,안전운전불이행,젖음/습기,비,교차로 - 교차로안,승합,남,61세,상해없음,이륜,남,25세,경상
2017100500100380,2017년 10월 5일 23시,목요일,부산광역시 서구 남부민동,중상사고,0,1,3,0,차대차 - 추돌,안전운전불이행,젖음/습기,비,단일로 - 기타,승용,여,53세,상해없음,승용,남,25세,경상
2017100500100381,2017년 10월 5일 23시,목요일,부산광역시 남구 대연동,중상사고,0,1,0,0,차대사람 - 횡단중,안전운전불이행,젖음/습기,비,단일로 - 기타,승용,남,48세,상해없음,보행자,여,63세,중상
2017100500100382,2017년 10월 5일 23시,목요일,부산광역시 수영구 민락동,경상사고,0,0,1,0,차대사람 - 횡단중,안전운전불이행,젖음/습기,비,단일로 - 기타,승합,남,59세,상해없음,보행자,남,40세,경상
2017100500100383,2017년 10월 5일 23시,목요일,부산광역시 해운대구 우동,중상사고,0,1,0,0,차대사람 - 횡단중,안전운전불이행,건조,맑음,교차로 - 교차로부근,승용,남,65세,상해없음,보행자,남,59세,중상
2017100600100030,2017년 10월 6일 01시,금요일,부산광역시 해운대구 좌동,중상사고,0,4,1,0,차대차 - 측면충돌,신호위반,건조,맑음,교차로 - 교차로안,승용,남,41세,상해없음,승용,남,56세,중상
2017100600100031,2017년 10월 6일 01시,금요일,부산광역시 금정구 서동,중상사고,0,1,0,0,차대사람 - 횡단중,안전운전불이행,젖음/습기,비,단일로 - 기타,승용,남,55세,상해없음,보행자,남,49세,중상
2017100600100047,2017년 10월 6일 02시,금요일,부산광역시 남구 대연동,경상사고,0,0,1,0,차대차 - 측면충돌,신호위반,건조,맑음,교차로 - 교차로안,승용,남,51세,상해없음,승용,남,49세,경상
2017100600100048,2017년 10월 6일 02시,금요일,부산광역시 북구 덕천동,경상사고,0,0,1,0,차량단독 - 기타,안전운전불이행,젖음/습기,비,단일로 - 기타,승용,남,38세,상해없음,,,,
2017100600100049,2017년 10월 6일 02시,금요일,부산광역시 해운대구 좌동,경상사고,0,0,2,0,차대차 - 추돌,안전거리미확보,젖음/습기,비,교차로 - 교차로부근,승용,남,38세,상해없음,승용,남,58세,경상
2017100600100050,2017년 10월 6일 02시,금요일,부산광역시 연제구 연산동,중상사고,0,1,0,0,차대사람 - 횡단중,안전운전불이행,젖음/습기,비,교차로 - 교차로부근,승용,남,66세,기타불명,보행자,남,47세,중상
2017100600100065,2017년 10월 6일 03시,금요일,부산광역시 중구 영주동,경상사고,0,0,1,0,차대사람 - 기타,안전운전불이행,젖음/습기,비,단일로 - 기타,승용,남,58세,상해없음,보행자,남,43세,경상
2017100600100066,2017년 10월 6일 03시,금요일,부산광역시 사상구 학장동,경상사고,0,0,2,0,차대차 - 추돌,안전거리미확보,젖음/습기,흐림,단일로 - 고가도로위,특수,남,60세,상해없음,승용,남,51세,경상
2017100600100067,2017년 10월 6일 03시,금요일,부산광역시 사상구 학장동,중상사고,0,1,1,5,차대차 - 추돌,안전거리미확보,젖음/습기,흐림,단일로 - 고가도로위,특수,남,56세,상해없음,승용,남,57세,중상
2017100600100086,2017년 10월 6일 05시,금요일,부산광역시 사상구 괘법동,사망사고,1,0,0,0,차대사람 - 횡단중,안전운전불이행,젖음/습기,비,단일로 - 기타,승용,남,60세,상해없음,보행자,남,48세,사망
2017100600100164,2017년 10월 6일 11시,금요일,부산광역시 기장군 철마면,경상사고,0,0,4,0,차대차 - 기타,안전운전불이행,젖음/습기,비,기타 - 기타,승용,남,55세,상해없음,승용,남,51세,경상
2017100600100180,2017년 10월 6일 12시,금요일,부산광역시 해운대구 좌동,경상사고,0,0,1,0,차대차 - 기타,안전운전불이행,젖음/습기,비,교차로 - 교차로안,승용,여,46세,상해없음,이륜,남,40세,경상
2017100600100191,2017년 10월 6일 13시,금요일,부산광역시 동래구 온천동,부상신고사고,0,0,0,1,차대차 - 기타,차로위반,건조,맑음,단일로 - 기타,승용,남,63세,상해없음,승용,여,37세,상해없음
2017100600100192,2017년 10월 6일 13시,금요일,부산광역시 금정구 구서동,중상사고,0,1,0,1,차대차 - 측면충돌,안전운전불이행,건조,흐림,교차로 - 교차로안,자전거,남,47세,중상,원동기,남,21세,부상신고
2017100600100193,2017년 10월 6일 13시,금요일,부산광역시 사상구 감전동,경상사고,0,0,2,0,차대차 - 측면충돌,안전운전불이행,젖음/습기,비,교차로 - 교차로안,승용,남,59세,상해없음,승용,남,20세,경상
2017100600100216,2017년 10월 6일 14시,금요일,부산광역시 북구 구포동,경상사고,0,0,1,0,차대차 - 측면충돌,안전운전불이행,건조,맑음,교차로 - 교차로안,승용,남,68세,상해없음,이륜,남,26세,경상
2017100600100217,2017년 10월 6일 14시,금요일,부산광역시 부산진구 부전동,중상사고,0,1,0,0,차대사람 - 횡단중,안전운전불이행,건조,맑음,교차로 - 교차로횡단보도내,승합,남,59세,상해없음,보행자,여,23세,중상
2017100600100218,2017년 10월 6일 14시,금요일,부산광역시 금정구 서동,부상신고사고,0,0,0,2,차대사람 - 보도통행중,안전운전불이행,젖음/습기,비,단일로 - 기타,원동기,남,23세,상해없음,보행자,남,45세,부상신고
2017100600100219,2017년 10월 6일 14시,금요일,부산광역시 금정구 장전동,경상사고,0,0,4,1,차대차 - 측면충돌,안전운전불이행,건조,맑음,단일로 - 기타,승용,남,47세,상해없음,승용,여,41세,경상
2017100600100239,2017년 10월 6일 15시,금요일,부산광역시 해운대구 우동,경상사고,0,0,1,0,차대사람 - 길가장자리구역통행중,안전운전불이행,건조,흐림,단일로 - 기타,승용,남,66세,상해없음,보행자,여,25세,경상
2017100600100296,2017년 10월 6일 18시,금요일,부산광역시 동구 초량동,경상사고,0,0,1,0,차대차 - 추돌,안전거리미확보,건조,흐림,단일로 - 기타,승용,남,18세,상해없음,승용,남,37세,경상
2017100600100323,2017년 10월 6일 19시,금요일,부산광역시 남구 문현동,중상사고,0,1,0,0,차대차 - 측면충돌,안전운전불이행,건조,맑음,단일로 - 기타,원동기,남,16세,상해없음,승용,남,39세,상해없음
2017100600100373,2017년 10월 6일 21시,금요일,부산광역시 남구 우암동,경상사고,0,0,1,0,차대사람 - 차도통행중,안전운전불이행,건조,맑음,단일로 - 기타,승용,남,42세,상해없음,보행자,남,48세,경상
2017100600100374,2017년 10월 6일 21시,금요일,부산광역시 북구 덕천동,중상사고,0,1,0,0,차대사람 - 횡단중,안전운전불이행,건조,맑음,단일로 - 기타,승용,여,58세,상해없음,보행자,여,23세,중상
2017100600100375,2017년 10월 6일 21시,금요일,부산광역시 연제구 연산동,경상사고,0,0,1,0,차대차 - 측면충돌,신호위반,건조,맑음,교차로 - 교차로안,승용,남,21세,상해없음,승용,여,56세,경상
2017100600100376,2017년 10월 6일 21시,금요일,부산광역시 사상구 학장동,경상사고,0,0,1,1,차대차 - 정면충돌,안전운전불이행,건조,맑음,단일로 - 기타,원동기,남,17세,부상신고,원동기,남,16세,경상
2017100600100402,2017년 10월 6일 22시,금요일,부산광역시 해운대구 좌동,경상사고,0,0,1,0,차대차 - 측면충돌,안전운전불이행,건조,맑음,단일로 - 기타,이륜,남,68세,경상,승용,남,33세,상해없음
2017100600100432,2017년 10월 6일 23시,금요일,부산광역시 금정구 남산동,경상사고,0,0,4,0,차대차 - 추돌,안전운전불이행,건조,흐림,단일로 - 기타,화물,남,78세,기타불명,승용,남,30세,경상
2017100600100433,2017년 10월 6일 23시,금요일,부산광역시 연제구 거제동,중상사고,0,2,0,0,차대사람 - 차도통행중,안전운전불이행,건조,맑음,교차로 - 교차로부근,승용,남,18세,상해없음,보행자,남,54세,중상
2017100700100075,2017년 10월 7일 05시,토요일,부산광역시 해운대구 우동,중상사고,0,1,0,0,차대사람 - 횡단중,안전운전불이행,건조,맑음,단일로 - 기타,승용,남,21세,상해없음,보행자,여,23세,중상
2017100700100084,2017년 10월 7일 06시,토요일,부산광역시 서구 암남동,경상사고,0,0,1,0,차대차 - 측면충돌,안전운전불이행,건조,맑음,교차로 - 교차로안,화물,남,48세,상해없음,자전거,남,71세,경상
2017100700100093,2017년 10월 7일 07시,토요일,부산광역시 사하구 괴정동,경상사고,0,0,1,0,차대차 - 측면충돌,차로위반,건조,맑음,단일로 - 기타,승용,남,38세,상해없음,승용,남,47세,경상
2017100700100109,2017년 10월 7일 09시,토요일,부산광역시 부산진구 연지동,중상사고,0,1,0,0,차대사람 - 기타,안전운전불이행,건조,맑음,단일로 - 기타,승용,여,30세,상해없음,보행자,남,35세,중상
2017100700100110,2017년 10월 7일 09시,토요일,부산광역시 사하구 다대동,중상사고,0,1,1,0,차대차 - 측면충돌,신호위반,건조,맑음,교차로 - 교차로안,승용,남,75세,상해없음,승용,남,54세,경상
2017100700100133,2017년 10월 7일 10시,토요일,부산광역시 중구 영주동,중상사고,0,1,0,0,차대사람 - 기타,안전운전불이행,건조,맑음,단일로 - 기타,승용,남,77세,상해없음,보행자,여,46세,중상
2017100700100182,2017년 10월 7일 12시,토요일,부산광역시 수영구 민락동,중상사고,0,1,1,0,차대차 - 기타,기타,건조,맑음,기타 - 기타,승용,남,48세,상해없음,승용,남,51세,중상
2017100700100183,2017년 10월 7일 12시,토요일,부산광역시 영도구 봉래동5가,중상사고,0,1,0,0,차대사람 - 길가장자리구역통행중,안전운전불이행,건조,맑음,교차로 - 교차로안,승용,남,43세,상해없음,보행자,여,90세 이상,중상
2017100700100184,2017년 10월 7일 12시,토요일,부산광역시 연제구 연산동,경상사고,0,0,2,0,차대차 - 측면충돌,교차로운행방법위반,건조,맑음,교차로 - 교차로안,원동기,남,62세,경상,화물,남,26세,경상
2017100700100210,2017년 10월 7일 13시,토요일,부산광역시 동구 초량동,경상사고,0,0,1,0,차대차 - 기타,안전운전불이행,건조,맑음,교차로 - 교차로안,승용,여,60세,상해없음,승용,남,50세,경상
2017100700100211,2017년 10월 7일 13시,토요일,부산광역시 서구 동대신동1가,중상사고,0,1,5,0,차대차 - 추돌,안전거리미확보,건조,맑음,교차로 - 교차로안,승용,남,66세,상해없음,승용,남,46세,경상
2017100700100212,2017년 10월 7일 13시,토요일,부산광역시 금정구 구서동,부상신고사고,0,0,0,1,차대사람 - 기타,안전운전불이행,건조,맑음,교차로 - 교차로부근,승용,남,55세,상해없음,보행자,여,65세,부상신고
2017100700100213,2017년 10월 7일 13시,토요일,부산광역시 사하구 하단동,경상사고,0,0,1,0,차대차 - 기타,안전운전불이행,건조,맑음,단일로 - 기타,승용,남,66세,경상,승용,남,36세,상해없음
2017100700100239,2017년 10월 7일 14시,토요일,부산광역시 수영구 남천동,경상사고,0,0,1,0,차대사람 - 횡단중,신호위반,건조,맑음,단일로 - 기타,이륜,남,22세,상해없음,보행자,남,17세,경상
2017100700100240,2017년 10월 7일 14시,토요일,부산광역시 수영구 민락동,중상사고,0,1,7,0,차대차 - 기타,교차로운행방법위반,건조,맑음,교차로 - 교차로안,화물,남,51세,상해없음,승합,남,59세,경상
2017100700100241,2017년 10월 7일 14시,토요일,부산광역시 부산진구 양정동,경상사고,0,0,2,0,차대차 - 기타,기타,건조,맑음,교차로 - 교차로안,승용,여,62세,경상,승용,남,67세,경상
2017100700100267,2017년 10월 7일 15시,토요일,부산광역시 남구 용호동,중상사고,0,1,1,0,차대사람 - 길가장자리구역통행중,안전운전불이행,건조,맑음,단일로 - 기타,승용,여,22세,상해없음,보행자,여,75세,중상
2017100700100268,2017년 10월 7일 15시,토요일,부산광역시 수영구 남천동,경상사고,0,0,1,0,차대차 - 추돌,안전운전불이행,건조,맑음,교차로 - 교차로부근,자전거,남,13세,경상,승용,남,46세,상해없음
2017100700100269,2017년 10월 7일 15시,토요일,부산광역시 부산진구 개금동,중상사고,0,1,0,0,차대사람 - 횡단중,보행자보호의무위반,건조,맑음,단일로 - 기타,승용,남,51세,상해없음,보행자,남,64세,중상
2017100700100306,2017년 10월 7일 16시,토요일,부산광역시 남구 대연동,경상사고,0,0,1,0,차대차 - 측면충돌,중앙선침범,건조,맑음,교차로 - 교차로부근,원동기,남,56세,경상,승용,여,60세,상해없음
2017100700100307,2017년 10월 7일 16시,토요일,부산광역시 강서구 명지동,중상사고,0,1,0,0,차대사람 - 횡단중,신호위반,건조,맑음,단일로 - 기타,승용,남,63세,상해없음,보행자,여,12세,중상
2017100700100331,2017년 10월 7일 17시,토요일,부산광역시 남구 문현동,중상사고,0,1,0,0,차대사람 - 기타,안전운전불이행,건조,맑음,기타 - 기타,승용,남,39세,상해없음,보행자,여,76세,중상
2017100700100332,2017년 10월 7일 17시,토요일,부산광역시 남구 대연동,경상사고,0,0,4,0,차대차 - 추돌,안전운전불이행,건조,맑음,단일로 - 기타,승용,여,48세,상해없음,승용,남,37세,경상
2017100700100333,2017년 10월 7일 17시,토요일,부산광역시 동래구 명장동,중상사고,0,1,0,0,차대사람 - 기타,안전운전불이행,건조,맑음,단일로 - 기타,화물,남,59세,상해없음,보행자,남,63세,중상
2017100700100334,2017년 10월 7일 17시,토요일,부산광역시 사하구 구평동,경상사고,0,0,1,0,차대차 - 측면충돌,안전거리미확보,건조,맑음,단일로 - 기타,승합,남,57세,상해없음,이륜,남,47세,경상
2017100700100335,2017년 10월 7일 17시,토요일,부산광역시 연제구 연산동,중상사고,0,6,13,0,차대차 - 측면충돌,차로위반,건조,맑음,교차로 - 교차로부근,승용,여,56세,상해없음,승용,남,30세,경상
2017100700100336,2017년 10월 7일 17시,토요일,부산광역시 사상구 모라동,경상사고,0,0,1,0,차대사람 - 기타,안전운전불이행,건조,맑음,교차로 - 교차로부근,이륜,남,17세,상해없음,보행자,남,60세,경상
2017100700100360,2017년 10월 7일 18시,토요일,부산광역시 북구 구포동,경상사고,0,0,1,0,차대사람 - 기타,안전운전불이행,건조,맑음,단일로 - 기타,승용,남,62세,상해없음,보행자,남,59세,경상
2017100700100361,2017년 10월 7일 18시,토요일,부산광역시 부산진구 개금동,부상신고사고,0,0,0,1,차대차 - 기타,안전운전불이행,건조,맑음,교차로 - 교차로안,승용,남,63세,부상신고,승용,여,37세,기타불명
2017100700100362,2017년 10월 7일 18시,토요일,부산광역시 사상구 모라동,중상사고,0,1,0,0,차대사람 - 횡단중,안전운전불이행,건조,맑음,기타 - 기타,승용,여,36세,상해없음,보행자,여,55세,중상
2017100700100399,2017년 10월 7일 19시,토요일,부산광역시 북구 금곡동,경상사고,0,0,2,0,차대차 - 기타,안전운전불이행,건조,맑음,단일로 - 기타,승용,남,69세,상해없음,승용,남,20세,경상
2017100700100400,2017년 10월 7일 19시,토요일,부산광역시 사상구 모라동,경상사고,0,0,1,0,차대차 - 추돌,안전운전불이행,건조,맑음,단일로 - 기타,승용,여,44세,상해없음,승용,남,54세,경상
2017100700100426,2017년 10월 7일 20시,토요일,부산광역시 남구 문현동,경상사고,0,0,2,1,차대차 - 기타,교차로운행방법위반,건조,맑음,교차로 - 교차로안,승용,남,56세,부상신고,승용,남,49세,경상
2017100700100427,2017년 10월 7일 20시,토요일,부산광역시 강서구 대저2동,중상사고,0,1,0,0,차대사람 - 기타,안전운전불이행,건조,맑음,단일로 - 기타,승용,남,74세,상해없음,보행자,여,19세,중상
2017100700100454,2017년 10월 7일 21시,토요일,부산광역시 영도구 대교동2가,경상사고,0,0,1,0,차대차 - 기타,안전운전불이행,건조,맑음,교차로 - 교차로안,이륜,남,68세,상해없음,승합,남,49세,상해없음
2017100700100477,2017년 10월 7일 22시,토요일,부산광역시 금정구 부곡동,중상사고,0,1,0,0,차대사람 - 기타,안전운전불이행,건조,맑음,기타 - 기타,승용,남,43세,상해없음,보행자,남,48세,중상
2017100700100478,2017년 10월 7일 22시,토요일,부산광역시 부산진구 양정동,중상사고,0,3,0,0,차대차 - 측면충돌,신호위반,건조,맑음,단일로 - 기타,원동기,남,16세,중상,승용,남,51세,상해없음
2017100700100479,2017년 10월 7일 22시,토요일,부산광역시 사상구 모라동,중상사고,0,1,0,0,차대차 - 측면충돌,신호위반,건조,맑음,교차로 - 교차로안,승용,남,65세,상해없음,이륜,남,16세,중상
2017100700100503,2017년 10월 7일 23시,토요일,부산광역시 기장군 기장읍,경상사고,0,0,1,0,차대차 - 측면충돌,신호위반,건조,맑음,교차로 - 교차로부근,승용,남,48세,상해없음,승용,남,42세,경상
2017100800100014,2017년 10월 8일 00시,일요일,부산광역시 북구 화명동,경상사고,0,0,1,0,차대사람 - 기타,신호위반,건조,맑음,단일로 - 기타,승용,남,45세,상해없음,보행자,여,40세,경상
2017100800100015,2017년 10월 8일 00시,일요일,부산광역시 해운대구 우동,경상사고,0,0,1,0,차대사람 - 기타,안전운전불이행,건조,맑음,단일로 - 기타,승용,여,58세,상해없음,보행자,남,18세,경상
2017100800100016,2017년 10월 8일 00시,일요일,부산광역시 연제구 연산동,부상신고사고,0,0,0,1,차대차 - 기타,직진우회전진행방해,건조,맑음,교차로 - 교차로안,이륜,남,19세,부상신고,승용,남,69세,상해없음
2017100800100031,2017년 10월 8일 01시,일요일,부산광역시 연제구 거제동,경상사고,0,0,1,0,차대차 - 측면충돌,안전거리미확보,건조,맑음,단일로 - 기타,승용,남,22세,상해없음,승용,남,78세,경상
2017100800100046,2017년 10월 8일 03시,일요일,부산광역시 동래구 온천동,경상사고,0,0,1,1,차대차 - 측면충돌,신호위반,건조,맑음,단일로 - 기타,승용,남,24세,상해없음,승용,남,37세,경상
2017100800100073,2017년 10월 8일 07시,일요일,부산광역시 남구 문현동,부상신고사고,0,0,0,1,차대차 - 추돌,차로위반,건조,맑음,교차로 - 교차로부근,승용,남,56세,상해없음,승용,남,38세,부상신고
2017100800100077,2017년 10월 8일 08시,일요일,부산광역시 사하구 감천동,경상사고,0,0,1,0,차대차 - 추돌,안전거리미확보,건조,맑음,교차로 - 교차로부근,승용,남,43세,상해없음,승용,남,26세,경상
2017100800100096,2017년 10월 8일 09시,일요일,부산광역시 북구 구포동,중상사고,0,1,0,0,차대차 - 기타,안전운전불이행,건조,맑음,단일로 - 기타,승용,남,57세,상해없음,승용,남,54세,중상
2017100800100110,2017년 10월 8일 10시,일요일,부산광역시 금정구 노포동,경상사고,0,0,1,0,차대사람 - 기타,안전운전불이행,건조,맑음,기타 - 기타,자전거,남,75세,상해없음,보행자,여,79세,경상
2017100800100111,2017년 10월 8일 10시,일요일,부산광역시 사상구 삼락동,중상사고,0,1,0,0,차대차 - 측면충돌,교차로운행방법위반,건조,맑음,교차로 - 교차로안,이륜,여,64세,중상,승용,여,42세,상해없음
2017100800100125,2017년 10월 8일 11시,일요일,부산광역시 해운대구 좌동,경상사고,0,0,1,0,차대차 - 추돌,안전운전불이행,건조,맑음,단일로 - 고가도로위,승용,남,47세,상해없음,화물,남,55세,상해없음
2017100800100145,2017년 10월 8일 12시,일요일,부산광역시 남구 대연동,중상사고,0,1,1,0,차대차 - 측면충돌,안전운전불이행,건조,맑음,교차로 - 교차로안,승용,남,38세,상해없음,승용,남,33세,경상
2017100800100216,2017년 10월 8일 15시,일요일,부산광역시 동래구 온천동,경상사고,0,0,1,2,차대차 - 측면충돌,직진우회전진행방해,건조,맑음,교차로 - 교차로안,승용,여,35세,부상신고,화물,남,60세,경상
2017100800100217,2017년 10월 8일 15시,일요일,부산광역시 해운대구 우동,경상사고,0,0,1,0,차대차 - 측면충돌,안전거리미확보,건조,맑음,단일로 - 기타,승용,남,55세,상해없음,승용,남,39세,경상
2017100800100240,2017년 10월 8일 16시,일요일,부산광역시 사하구 신평동,중상사고,0,1,0,0,차대차 - 추돌,안전운전불이행,건조,맑음,단일로 - 기타,승용,남,29세,상해없음,자전거,남,44세,중상
2017100800100267,2017년 10월 8일 17시,일요일,부산광역시 동구 초량동,경상사고,0,0,1,0,차대사람 - 기타,안전운전불이행,건조,맑음,단일로 - 기타,승용,남,67세,상해없음,보행자,여,73세,경상
2017100800100268,2017년 10월 8일 17시,일요일,부산광역시 남구 용호동,중상사고,0,1,0,0,차대사람 - 기타,안전운전불이행,건조,맑음,교차로 - 교차로부근,승용,여,52세,상해없음,보행자,여,62세,중상
2017100800100299,2017년 10월 8일 18시,일요일,부산광역시 부산진구 부암동,중상사고,0,1,0,0,차대차 - 기타,차로위반,건조,맑음,단일로 - 기타,승용,남,58세,상해없음,이륜,남,62세,중상
2017100800100300,2017년 10월 8일 18시,일요일,부산광역시 사하구 다대동,경상사고,0,0,1,0,차대사람 - 횡단중,안전운전불이행,건조,맑음,단일로 - 기타,승용,남,57세,상해없음,보행자,여,48세,경상
2017100800100332,2017년 10월 8일 19시,일요일,부산광역시 사하구 괴정동,중상사고,0,1,0,0,차대사람 - 기타,안전운전불이행,건조,맑음,단일로 - 기타,승용,남,34세,상해없음,보행자,여,67세,중상
2017100800100333,2017년 10월 8일 19시,일요일,부산광역시 연제구 거제동,중상사고,0,1,0,0,차대사람 - 기타,안전운전불이행,건조,맑음,단일로 - 기타,승용,여,44세,상해없음,보행자,남,57세,중상
2017100800100357,2017년 10월 8일 20시,일요일,부산광역시 부산진구 부전동,중상사고,0,1,1,0,차대사람 - 횡단중,보행자보호의무위반,건조,맑음,단일로 - 기타,승용,남,19세,상해없음,보행자,남,26세,중상
2017100800100377,2017년 10월 8일 21시,일요일,부산광역시 사하구 다대동,부상신고사고,0,0,0,1,차대차 - 측면충돌,불법유턴,건조,맑음,단일로 - 기타,승용,남,48세,상해없음,승용,여,28세,부상신고
2017100800100378,2017년 10월 8일 21시,일요일,부산광역시 사상구 주례동,사망사고,1,0,0,0,차대사람 - 횡단중,신호위반,건조,맑음,단일로 - 기타,승용,남,35세,상해없음,보행자,남,6세,사망
2017100800100379,2017년 10월 8일 21시,일요일,부산광역시 기장군 정관읍,경상사고,0,0,1,0,차대차 - 측면충돌,신호위반,건조,맑음,교차로 - 교차로안,승용,여,55세,상해없음,이륜,남,45세,경상
2017100800100395,2017년 10월 8일 22시,일요일,부산광역시 부산진구 초읍동,중상사고,0,1,0,0,차대차 - 기타,안전운전불이행,건조,맑음,단일로 - 기타,자전거,남,24세,중상,승용,남,45세,상해없음
2017100900100021,2017년 10월 9일 00시,월요일,부산광역시 사하구 구평동,경상사고,0,0,1,0,차대차 - 측면충돌,신호위반,건조,맑음,교차로 - 교차로안,이륜,남,20세,상해없음,승용,여,26세,경상
2017100900100032,2017년 10월 9일 01시,월요일,부산광역시 사상구 학장동,중상사고,0,1,0,0,차대차 - 추돌,안전거리미확보,건조,맑음,단일로 - 기타,승용,남,41세,상해없음,승용,여,43세,중상
2017100900100059,2017년 10월 9일 04시,월요일,부산광역시 남구 감만동,중상사고,0,1,0,0,차대사람 - 기타,안전운전불이행,건조,기타,기타 - 기타,승용,남,56세,상해없음,보행자,남,79세,중상
2017100900100067,2017년 10월 9일 05시,월요일,부산광역시 사하구 감천동,중상사고,0,1,1,0,차대차 - 정면충돌,신호위반,건조,맑음,교차로 - 교차로안,승용,남,56세,중상,승용,남,54세,경상
2017100900100107,2017년 10월 9일 09시,월요일,부산광역시 서구 남부민동,중상사고,0,1,0,0,차대사람 - 횡단중,보행자보호의무위반,건조,맑음,교차로 - 교차로안,승용,남,43세,상해없음,보행자,남,59세,중상
2017100900100108,2017년 10월 9일 09시,월요일,부산광역시 강서구 명지동,중상사고,0,1,0,0,차대차 - 측면충돌,신호위반,건조,맑음,교차로 - 교차로안,승용,여,46세,상해없음,승용,여,36세,중상
2017100900100140,2017년 10월 9일 11시,월요일,부산광역시 연제구 거제동,부상신고사고,0,0,0,1,차대차 - 후진중충돌,안전운전불이행,건조,맑음,단일로 - 기타,화물,남,51세,부상신고,화물,남,55세,기타불명
2017100900100174,2017년 10월 9일 13시,월요일,부산광역시 해운대구 재송동,중상사고,0,1,0,0,차대차 - 기타,신호위반,기타,맑음,단일로 - 기타,승용,남,37세,상해없음,승용,여,54세,중상
2017100900100204,2017년 10월 9일 14시,월요일,부산광역시 남구 대연동,경상사고,0,0,2,0,차대차 - 측면충돌,교차로운행방법위반,건조,맑음,교차로 - 교차로안,승용,남,64세,상해없음,승용,여,46세,경상
2017100900100205,2017년 10월 9일 14시,월요일,부산광역시 동래구 사직동,경상사고,0,0,1,0,차대사람 - 길가장자리구역통행중,안전운전불이행,건조,맑음,단일로 - 기타,승용,남,59세,상해없음,보행자,여,45세,경상
2017100900100206,2017년 10월 9일 14시,월요일,부산광역시 기장군 정관읍,중상사고,0,1,0,0,차대사람 - 기타,안전운전불이행,건조,맑음,단일로 - 기타,승용,여,41세,상해없음,보행자,여,82세,중상
2017100900100229,2017년 10월 9일 15시,월요일,부산광역시 남구 감만동,중상사고,0,1,0,0,차대사람 - 기타,안전운전불이행,건조,맑음,단일로 - 기타,승용,남,73세,상해없음,보행자,여,71세,중상
2017100900100230,2017년 10월 9일 15시,월요일,부산광역시 강서구 명지동,경상사고,0,0,1,0,차대차 - 기타,안전운전불이행,건조,맑음,단일로 - 기타,승용,남,65세,상해없음,승용,남,23세,경상
2017100900100264,2017년 10월 9일 16시,월요일,부산광역시 수영구 광안동,경상사고,0,0,2,0,차대차 - 측면충돌,차로위반,건조,맑음,단일로 - 기타,승용,남,58세,상해없음,승용,남,29세,경상
2017100900100307,2017년 10월 9일 17시,월요일,부산광역시 사하구 장림동,중상사고,0,1,0,0,차량단독 - 기타,안전운전불이행,건조,맑음,단일로 - 기타,이륜,남,19세,중상,,,,
2017100900100345,2017년 10월 9일 18시,월요일,부산광역시 금정구 청룡동,경상사고,0,0,1,0,차대사람 - 기타,안전운전불이행,건조,맑음,단일로 - 기타,승용,남,63세,기타불명,보행자,남,51세,경상
2017100900100376,2017년 10월 9일 19시,월요일,부산광역시 북구 금곡동,경상사고,0,0,1,1,차대차 - 측면충돌,교차로운행방법위반,건조,맑음,교차로 - 교차로안,이륜,남,33세,부상신고,이륜,남,18세,경상