사고번호,사고일시,요일,시군구,사고내용,사망자수,중상자수,경상자수,부상신고자수,사고유형,법규위반,노면상태,기상상태,도로형태,가해운전자 차종,가해운전자 성별,가해운전자 연령,가해운전자 상해정도,피해운전자 차종,피해운전자 성별,피해운전자 연령,피해운전자 상해정도
2017100900100377,2017년 10월 9일 19시,월요일,부산광역시 금정구 장전동,경상사고,0,0,1,0,차대사람 - 기타,안전운전불이행,건조,맑음,단일로 - 기타,이륜,기타불명,미분류,기타불명,보행자,여,63세,경상
2017100900100378,2017년 10월 9일 19시,월요일,부산광역시 사하구 장림동,경상사고,0,0,2,0,차대차 - 측면충돌,안전운전불이행,건조,맑음,교차로 - 교차로안,승용,남,25세,상해없음,승용,남,30세,경상
2017100900100405,2017년 10월 9일 20시,월요일,부산광역시 동래구 온천동,중상사고,0,1,0,1,차대차 - 측면충돌,안전운전불이행,건조,맑음,단일로 - 기타,승용,남,60세,부상신고,승용,여,59세,중상
2017100900100406,2017년 10월 9일 20시,월요일,부산광역시 금정구 부곡동,경상사고,0,0,1,0,차대사람 - 횡단중,안전운전불이행,건조,맑음,교차로 - 교차로부근,이륜,남,17세,상해없음,보행자,남,38세,경상
2017100900100424,2017년 10월 9일 21시,월요일,부산광역시 사상구 괘법동,경상사고,0,0,1,0,차대차 - 측면충돌,안전운전불이행,건조,맑음,교차로 - 교차로안,이륜,남,34세,경상,승합,남,31세,상해없음
2017100900100425,2017년 10월 9일 21시,월요일,부산광역시 사상구 덕포동,사망사고,1,0,0,0,차대사람 - 기타,안전거리미확보,건조,맑음,교차로 - 교차로안,승용,남,28세,상해없음,보행자,남,49세,사망
2017100900100441,2017년 10월 9일 22시,월요일,부산광역시 남구 감만동,중상사고,0,1,0,0,차대사람 - 횡단중,안전운전불이행,건조,맑음,교차로 - 교차로안,승용,남,38세,상해없음,보행자,여,59세,중상
2017101000100018,2017년 10월 10일 00시,화요일,부산광역시 영도구 신선동1가,부상신고사고,0,0,0,1,차량단독 - 전도전복,안전운전불이행,건조,맑음,단일로 - 기타,이륜,남,37세,상해없음,미분류,미분류,미분류,미분류
2017101000100035,2017년 10월 10일 02시,화요일,부산광역시 동래구 명륜동,중상사고,0,1,0,0,차대사람 - 횡단중,보행자보호의무위반,건조,맑음,교차로 - 교차로횡단보도내,승용,남,42세,상해없음,보행자,여,49세,중상
2017101000100060,2017년 10월 10일 05시,화요일,부산광역시 부산진구 부암동,중상사고,0,1,0,0,차대차 - 기타,안전거리미확보,건조,맑음,교차로 - 교차로부근,이륜,남,38세,상해없음,자전거,여,61세,중상
2017101000100061,2017년 10월 10일 05시,화요일,부산광역시 금정구 회동동,사망사고,1,0,0,0,차량단독 - 공작물충돌,안전운전불이행,건조,맑음,단일로 - 기타,승용,남,52세,사망,,,,
2017101000100079,2017년 10월 10일 07시,화요일,부산광역시 사상구 삼락동,중상사고,0,1,0,0,차대차 - 측면충돌,안전운전불이행,건조,맑음,교차로 - 교차로안,승용,남,32세,상해없음,자전거,여,53세,중상
2017101000100102,2017년 10월 10일 08시,화요일,부산광역시 부산진구 양정동,경상사고,0,0,1,0,차대사람 - 횡단중,보행자보호의무위반,건조,맑음,교차로 - 교차로부근,승용,남,72세,상해없음,보행자,남,68세,경상
2017101000100145,2017년 10월 10일 09시,화요일,부산광역시 동구 범일동,경상사고,0,0,2,0,차대차 - 측면충돌,신호위반,건조,맑음,교차로 - 교차로안,승용,남,73세,상해없음,승용,남,69세,경상
2017101000100146,2017년 10월 10일 09시,화요일,부산광역시 부산진구 초읍동,경상사고,0,0,1,0,차대차 - 추돌,안전운전불이행,건조,맑음,단일로 - 기타,승용,여,36세,상해없음,승용,여,43세,경상
2017101000100176,2017년 10월 10일 10시,화요일,부산광역시 해운대구 우동,경상사고,0,0,2,1,차대차 - 추돌,안전운전불이행,건조,맑음,교차로 - 교차로부근,이륜,남,68세,부상신고,승용,남,63세,경상
2017101000100177,2017년 10월 10일 10시,화요일,부산광역시 연제구 거제동,경상사고,0,0,1,0,차대차 - 측면충돌,차로위반,건조,맑음,교차로 - 교차로부근,승용,남,52세,상해없음,승용,여,33세,경상
2017101000100178,2017년 10월 10일 10시,화요일,부산광역시 연제구 거제동,경상사고,0,0,1,0,차대차 - 기타,안전거리미확보,건조,맑음,단일로 - 기타,승용,남,26세,상해없음,이륜,남,27세,경상
2017101000100210,2017년 10월 10일 11시,화요일,부산광역시 부산진구 개금동,중상사고,0,1,0,0,차대사람 - 보도통행중,보행자보호의무위반,건조,맑음,단일로 - 기타,승용,남,27세,상해없음,보행자,여,72세,중상
2017101000100211,2017년 10월 10일 11시,화요일,부산광역시 사상구 괘법동,중상사고,0,1,0,0,차대차 - 측면충돌,안전운전불이행,건조,맑음,단일로 - 기타,화물,남,57세,상해없음,자전거,남,68세,중상
2017101000100234,2017년 10월 10일 12시,화요일,부산광역시 수영구 광안동,중상사고,0,1,0,0,차대사람 - 기타,안전운전불이행,건조,맑음,단일로 - 기타,승용,남,60세,상해없음,보행자,남,62세,중상
2017101000100235,2017년 10월 10일 12시,화요일,부산광역시 동래구 명장동,중상사고,0,1,0,0,차대차 - 측면충돌,신호위반,건조,맑음,교차로 - 교차로안,건설기계,남,58세,상해없음,승용,남,60세,중상
2017101000100236,2017년 10월 10일 12시,화요일,부산광역시 영도구 봉래동5가,경상사고,0,0,1,0,차대사람 - 기타,안전운전불이행,건조,맑음,단일로 - 기타,승용,남,58세,기타불명,보행자,여,77세,경상
2017101000100237,2017년 10월 10일 12시,화요일,부산광역시 금정구 회동동,중상사고,0,2,3,0,차대차 - 추돌,차로위반,건조,맑음,단일로 - 기타,승용,여,51세,상해없음,승용,남,62세,경상
2017101000100267,2017년 10월 10일 13시,화요일,부산광역시 중구 부평동4가,경상사고,0,0,2,0,차대차 - 측면충돌,안전거리미확보,건조,맑음,단일로 - 기타,승용,남,31세,상해없음,이륜,남,25세,경상
2017101000100268,2017년 10월 10일 13시,화요일,부산광역시 남구 문현동,경상사고,0,0,1,0,차대차 - 측면충돌,교차로운행방법위반,건조,맑음,단일로 - 기타,승용,남,74세,상해없음,승용,남,54세,경상
2017101000100269,2017년 10월 10일 13시,화요일,부산광역시 동래구 온천동,중상사고,0,2,0,0,차대차 - 측면충돌,신호위반,건조,맑음,교차로 - 교차로안,승용,남,33세,기타불명,승용,남,58세,중상
2017101000100299,2017년 10월 10일 14시,화요일,부산광역시 동구 초량동,경상사고,0,0,2,0,차대차 - 추돌,교차로운행방법위반,건조,맑음,교차로 - 교차로안,화물,남,55세,상해없음,승용,여,37세,경상
2017101000100300,2017년 10월 10일 14시,화요일,부산광역시 남구 용호동,중상사고,0,1,0,0,차대사람 - 차도통행중,안전운전불이행,건조,맑음,단일로 - 기타,화물,남,62세,상해없음,보행자,여,83세,중상
2017101000100301,2017년 10월 10일 14시,화요일,부산광역시 북구 덕천동,중상사고,0,1,0,0,차대사람 - 기타,안전운전불이행,건조,맑음,단일로 - 기타,승용,남,27세,상해없음,보행자,여,60세,중상
2017101000100302,2017년 10월 10일 14시,화요일,부산광역시 영도구 대교동1가,경상사고,0,0,1,0,차대사람 - 차도통행중,안전운전불이행,건조,맑음,교차로 - 교차로안,화물,남,31세,상해없음,보행자,여,51세,경상
2017101000100303,2017년 10월 10일 14시,화요일,부산광역시 연제구 연산동,경상사고,0,0,2,0,차대차 - 기타,안전운전불이행,건조,맑음,단일로 - 기타,승합,남,46세,상해없음,승용,남,29세,경상
2017101000100304,2017년 10월 10일 14시,화요일,부산광역시 강서구 대저1동,중상사고,0,1,0,0,차대차 - 추돌,안전운전불이행,건조,맑음,교차로 - 교차로부근,승용,남,66세,상해없음,승용,남,60세,중상
2017101000100332,2017년 10월 10일 15시,화요일,부산광역시 영도구 청학동,중상사고,0,2,0,0,차대사람 - 횡단중,보행자보호의무위반,건조,맑음,교차로 - 교차로횡단보도내,승합,남,52세,상해없음,보행자,여,81세,중상
2017101000100333,2017년 10월 10일 15시,화요일,부산광역시 영도구 봉래동1가,경상사고,0,0,2,0,차대차 - 추돌,안전운전불이행,건조,맑음,교차로 - 교차로안,건설기계,남,45세,상해없음,승용,남,61세,상해없음
2017101000100362,2017년 10월 10일 16시,화요일,부산광역시 남구 문현동,중상사고,0,1,3,0,차대차 - 기타,안전운전불이행,건조,맑음,단일로 - 기타,원동기,남,18세,경상,승용,여,36세,경상
2017101000100363,2017년 10월 10일 16시,화요일,부산광역시 부산진구 부전동,중상사고,0,1,0,0,차대차 - 측면충돌,신호위반,건조,맑음,교차로 - 교차로안,이륜,남,51세,중상,승용,남,72세,상해없음
2017101000100364,2017년 10월 10일 16시,화요일,부산광역시 사상구 감전동,중상사고,0,1,0,0,차대사람 - 횡단중,신호위반,건조,맑음,교차로 - 교차로횡단보도내,승용,남,19세,상해없음,보행자,여,42세,중상
2017101000100425,2017년 10월 10일 18시,화요일,부산광역시 사하구 다대동,경상사고,0,0,1,0,차대사람 - 횡단중,안전운전불이행,건조,맑음,단일로 - 기타,승용,여,38세,상해없음,보행자,남,8세,경상
2017101000100426,2017년 10월 10일 18시,화요일,부산광역시 사상구 주례동,경상사고,0,0,1,0,차대사람 - 기타,안전운전불이행,건조,맑음,교차로 - 교차로부근,승용,남,48세,상해없음,보행자,남,44세,경상
2017101000100481,2017년 10월 10일 19시,화요일,부산광역시 남구 대연동,중상사고,0,1,0,0,차대차 - 측면충돌,안전운전불이행,건조,맑음,교차로 - 교차로부근,승용,남,78세,상해없음,이륜,여,27세,중상
2017101000100482,2017년 10월 10일 19시,화요일,부산광역시 사하구 하단동,경상사고,0,0,1,0,차대사람 - 기타,안전운전불이행,건조,맑음,단일로 - 기타,승용,남,39세,상해없음,보행자,여,38세,경상
2017101000100545,2017년 10월 10일 21시,화요일,부산광역시 남구 대연동,경상사고,0,0,1,0,차대차 - 측면충돌,차로위반,건조,맑음,단일로 - 기타,승합,남,64세,상해없음,이륜,남,33세,경상
2017101000100564,2017년 10월 10일 22시,화요일,부산광역시 남구 용호동,경상사고,0,0,1,0,차대차 - 기타,안전운전불이행,건조,맑음,단일로 - 기타,승용,남,57세,상해없음,이륜,남,18세,경상
2017101000100565,2017년 10월 10일 22시,화요일,부산광역시 북구 구포동,경상사고,0,0,2,0,차대차 - 추돌,안전운전불이행,건조,맑음,단일로 - 기타,승용,남,34세,상해없음,승용,남,71세,상해없음
2017101000100566,2017년 10월 10일 22시,화요일,부산광역시 사하구 괴정동,경상사고,0,0,1,0,차대차 - 측면충돌,안전거리미확보,건조,맑음,교차로 - 교차로안,이륜,남,19세,경상,승용,남,26세,상해없음
2017101100100103,2017년 10월 11일 07시,수요일,부산광역시 남구 용호동,중상사고,0,1,0,0,차대차 - 기타,안전운전불이행,건조,맑음,교차로 - 교차로안,승용,남,47세,상해없음,승용,남,41세,중상
2017101100100128,2017년 10월 11일 08시,수요일,부산광역시 서구 남부민동,경상사고,0,0,1,0,차대차 - 추돌,안전거리미확보,건조,맑음,단일로 - 기타,승용,남,34세,상해없음,승용,남,32세,경상
2017101100100129,2017년 10월 11일 08시,수요일,부산광역시 수영구 민락동,경상사고,0,0,1,0,차대사람 - 기타,안전운전불이행,건조,맑음,단일로 - 기타,자전거,남,40세,상해없음,보행자,남,3세,경상
2017101100100130,2017년 10월 11일 08시,수요일,부산광역시 남구 용호동,중상사고,0,1,0,0,차량단독 - 공작물충돌,안전운전불이행,건조,맑음,단일로 - 기타,원동기,남,19세,중상,,,,
2017101100100131,2017년 10월 11일 08시,수요일,부산광역시 남구 문현동,경상사고,0,0,1,0,차대차 - 측면충돌,교차로운행방법위반,건조,맑음,교차로 - 교차로안,승용,남,30세,상해없음,승용,남,59세,경상
2017101100100132,2017년 10월 11일 08시,수요일,부산광역시 강서구 생곡동,경상사고,0,0,1,1,차대차 - 측면충돌,안전거리미확보,건조,맑음,단일로 - 기타,화물,남,46세,상해없음,승용,여,41세,경상
2017101100100133,2017년 10월 11일 08시,수요일,부산광역시 강서구 지사동,경상사고,0,0,2,0,차대차 - 기타,안전운전불이행,건조,맑음,교차로 - 교차로부근,승용,남,34세,상해없음,승합,남,55세,경상
2017101100100176,2017년 10월 11일 09시,수요일,부산광역시 서구 초장동,중상사고,0,1,0,0,차대사람 - 횡단중,안전운전불이행,건조,맑음,단일로 - 기타,승용,남,57세,상해없음,보행자,여,81세,중상
2017101100100177,2017년 10월 11일 09시,수요일,부산광역시 북구 금곡동,경상사고,0,0,1,0,차대차 - 추돌,안전운전불이행,건조,맑음,단일로 - 교량,승용,남,29세,상해없음,승용,남,35세,경상
2017101100100178,2017년 10월 11일 09시,수요일,부산광역시 금정구 장전동,경상사고,0,0,1,0,차대차 - 측면충돌,직진우회전진행방해,건조,맑음,교차로 - 교차로안,승용,남,59세,상해없음,승용,남,38세,경상
2017101100100204,2017년 10월 11일 10시,수요일,부산광역시 수영구 남천동,중상사고,0,1,0,0,차대사람 - 횡단중,안전운전불이행,건조,맑음,단일로 - 기타,승용,남,68세,상해없음,보행자,여,81세,중상
2017101100100205,2017년 10월 11일 10시,수요일,부산광역시 사하구 괴정동,중상사고,0,1,0,0,차대사람 - 횡단중,안전운전불이행,건조,맑음,단일로 - 기타,이륜,남,51세,상해없음,보행자,여,49세,중상
2017101100100228,2017년 10월 11일 11시,수요일,부산광역시 동래구 안락동,경상사고,0,0,2,0,차대차 - 추돌,안전운전불이행,건조,맑음,교차로 - 교차로부근,승용,여,69세,상해없음,승용,여,34세,경상
2017101100100229,2017년 10월 11일 11시,수요일,부산광역시 부산진구 부전동,경상사고,0,0,2,0,차대차 - 측면충돌,과속,건조,맑음,단일로 - 기타,승용,남,26세,상해없음,승합,남,54세,경상
2017101100100267,2017년 10월 11일 12시,수요일,부산광역시 서구 서대신동2가,경상사고,0,0,1,0,차대사람 - 기타,보행자보호의무위반,건조,맑음,교차로 - 교차로횡단보도내,승용,여,50세,상해없음,보행자,여,17세,경상
2017101100100268,2017년 10월 11일 12시,수요일,부산광역시 금정구 부곡동,부상신고사고,0,0,0,1,차대차 - 기타,안전운전불이행,건조,맑음,단일로 - 기타,원동기,남,41세,상해없음,자전거,여,81세,부상신고
2017101100100294,2017년 10월 11일 13시,수요일,부산광역시 사하구 하단동,중상사고,0,1,0,0,차대사람 - 횡단중,보행자보호의무위반,건조,맑음,교차로 - 교차로안,승용,남,19세,상해없음,보행자,남,56세,중상
2017101100100344,2017년 10월 11일 15시,수요일,부산광역시 영도구 봉래동3가,중상사고,0,1,1,2,차대차 - 기타,안전거리미확보,건조,맑음,단일로 - 기타,승합,남,44세,상해없음,승합,남,48세,경상
2017101100100372,2017년 10월 11일 16시,수요일,부산광역시 남구 용호동,중상사고,0,1,0,0,차대차 - 기타,안전운전불이행,건조,맑음,단일로 - 기타,자전거,여,55세,중상,승용,여,47세,상해없음
2017101100100373,2017년 10월 11일 16시,수요일,부산광역시 부산진구 양정동,경상사고,0,0,1,0,차대차 - 측면충돌,신호위반,건조,맑음,단일로 - 기타,이륜,남,17세,상해없음,이륜,남,18세,경상
2017101100100374,2017년 10월 11일 16시,수요일,부산광역시 강서구 명지동,경상사고,0,0,3,0,차대차 - 측면충돌,교차로운행방법위반,건조,맑음,교차로 - 교차로안,건설기계,남,38세,상해없음,승용,남,60세,경상
2017101100100404,2017년 10월 11일 17시,수요일,부산광역시 동구 범일동,중상사고,0,1,0,0,차대차 - 측면충돌,안전운전불이행,건조,맑음,단일로 - 기타,승용,남,38세,상해없음,이륜,남,54세,중상
2017101100100405,2017년 10월 11일 17시,수요일,부산광역시 동구 초량동,경상사고,0,0,1,0,차량단독 - 기타,기타,건조,맑음,단일로 - 기타,승합,남,53세,상해없음,,,,
2017101100100406,2017년 10월 11일 17시,수요일,부산광역시 부산진구 당감동,경상사고,0,0,2,0,차대차 - 측면충돌,안전운전불이행,건조,맑음,단일로 - 터널,승용,남,72세,상해없음,승용,여,56세,경상
2017101100100436,2017년 10월 11일 18시,수요일,부산광역시 연제구 연산동,중상사고,0,1,0,0,차대차 - 측면충돌,안전운전불이행,건조,맑음,교차로 - 교차로안,승합,남,66세,상해없음,승용,남,69세,상해없음
2017101100100491,2017년 10월 11일 19시,수요일,부산광역시 남구 대연동,중상사고,0,1,0,0,차대차 - 기타,차로위반,건조,맑음,단일로 - 기타,승용,남,67세,상해없음,승용,여,42세,중상
2017101100100492,2017년 10월 11일 19시,수요일,부산광역시 북구 화명동,중상사고,0,1,0,0,차대사람 - 기타,안전운전불이행,건조,맑음,기타 - 기타,승용,남,59세,상해없음,보행자,여,45세,중상
2017101100100493,2017년 10월 11일 19시,수요일,부산광역시 연제구 연산동,중상사고,0,1,0,0,차대차 - 측면충돌,직진우회전진행방해,건조,맑음,교차로 - 교차로안,승용,여,68세,상해없음,원동기,남,58세,중상
2017101100100523,2017년 10월 11일 20시,수요일,부산광역시 영도구 영선동3가,경상사고,0,0,1,0,차대사람 - 기타,안전운전불이행,건조,맑음,단일로 - 기타,승용,여,31세,상해없음,보행자,남,52세,경상
2017101100100524,2017년 10월 11일 20시,수요일,부산광역시 영도구 봉래동2가,중상사고,0,1,0,0,차대사람 - 횡단중,안전운전불이행,건조,맑음,단일로 - 기타,승용,남,30세,상해없음,보행자,남,78세,중상
2017101100100525,2017년 10월 11일 20시,수요일,부산광역시 해운대구 반송동,경상사고,0,0,2,0,차대차 - 기타,안전운전불이행,건조,맑음,교차로 - 교차로부근,화물,남,54세,상해없음,승용,남,50세,경상
2017101100100526,2017년 10월 11일 20시,수요일,부산광역시 금정구 장전동,중상사고,0,1,0,0,차대차 - 측면충돌,신호위반,건조,맑음,교차로 - 교차로안,원동기,남,68세,중상,승용,여,21세,상해없음
2017101100100527,2017년 10월 11일 20시,수요일,부산광역시 사하구 신평동,경상사고,0,0,2,0,차대차 - 추돌,안전운전불이행,건조,맑음,기타 - 기타,승용,남,57세,상해없음,승용,여,48세,경상
2017101100100603,2017년 10월 11일 23시,수요일,부산광역시 해운대구 반여동,중상사고,0,1,0,1,차대차 - 추돌,신호위반,건조,맑음,교차로 - 교차로부근,승용,남,53세,부상신고,승용,남,42세,중상
2017101200100026,2017년 10월 12일 00시,목요일,부산광역시 연제구 연산동,중상사고,0,1,0,0,차대사람 - 기타,안전운전불이행,건조,맑음,단일로 - 기타,승용,남,44세,상해없음,보행자,남,19세,중상
2017101200100036,2017년 10월 12일 01시,목요일,부산광역시 수영구 남천동,경상사고,0,0,2,0,차대차 - 기타,안전거리미확보,건조,맑음,단일로 - 기타,승용,남,33세,상해없음,승용,남,72세,경상
2017101200100055,2017년 10월 12일 03시,목요일,부산광역시 부산진구 부전동,중상사고,0,1,0,0,차대차 - 측면충돌,안전거리미확보,건조,맑음,단일로 - 기타,승용,남,61세,상해없음,원동기,남,23세,중상
2017101200100067,2017년 10월 12일 05시,목요일,부산광역시 사하구 장림동,중상사고,0,1,0,0,차대사람 - 기타,안전운전불이행,건조,맑음,단일로 - 기타,승합,남,41세,상해없음,보행자,여,49세,중상
2017101200100144,2017년 10월 12일 09시,목요일,부산광역시 수영구 망미동,경상사고,0,0,1,2,차대차 - 추돌,안전거리미확보,젖음/습기,비,단일로 - 기타,승용,남,63세,상해없음,승용,남,64세,부상신고
2017101200100145,2017년 10월 12일 09시,목요일,부산광역시 강서구 송정동,중상사고,0,1,0,0,차대차 - 측면충돌,중앙선침범,건조,흐림,교차로 - 교차로부근,화물,남,52세,상해없음,화물,남,63세,중상
2017101200100178,2017년 10월 12일 10시,목요일,부산광역시 수영구 남천동,경상사고,0,0,1,0,차대차 - 기타,안전운전불이행,젖음/습기,비,교차로 - 교차로부근,승용,남,61세,경상,승용,남,63세,상해없음
2017101200100179,2017년 10월 12일 10시,목요일,부산광역시 남구 용당동,중상사고,0,1,0,0,차대사람 - 횡단중,안전운전불이행,건조,맑음,단일로 - 기타,승용,남,68세,상해없음,보행자,여,24세,중상
2017101200100180,2017년 10월 12일 10시,목요일,부산광역시 수영구 남천동,부상신고사고,0,0,0,1,차대차 - 측면충돌,안전운전불이행,건조,맑음,단일로 - 기타,원동기,남,30세,부상신고,화물,남,43세,상해없음
2017101200100181,2017년 10월 12일 10시,목요일,부산광역시 영도구 동삼동,경상사고,0,0,1,1,차대차 - 추돌,중앙선침범,젖음/습기,비,단일로 - 기타,승용,남,61세,상해없음,승용,여,47세,부상신고
2017101200100232,2017년 10월 12일 12시,목요일,부산광역시 중구 영주동,경상사고,0,0,2,0,차대차 - 측면충돌,중앙선침범,건조,맑음,단일로 - 기타,승용,남,62세,상해없음,승용,여,52세,경상
2017101200100233,2017년 10월 12일 12시,목요일,부산광역시 부산진구 초읍동,사망사고,1,0,0,0,차량단독 - 공작물충돌,안전운전불이행,젖음/습기,비,단일로 - 기타,자전거,남,66세,사망,,,,
2017101200100234,2017년 10월 12일 12시,목요일,부산광역시 금정구 남산동,중상사고,0,1,0,0,차대사람 - 횡단중,안전운전불이행,건조,맑음,교차로 - 교차로횡단보도내,승용,남,53세,상해없음,보행자,여,21세,중상
2017101200100235,2017년 10월 12일 12시,목요일,부산광역시 강서구 녹산동,중상사고,0,1,0,0,차대사람 - 횡단중,안전운전불이행,건조,흐림,교차로 - 교차로부근,승용,여,53세,상해없음,보행자,남,58세,중상
2017101200100261,2017년 10월 12일 13시,목요일,부산광역시 금정구 남산동,경상사고,0,0,1,0,차량단독 - 기타,안전운전불이행,건조,맑음,단일로 - 기타,승합,남,47세,상해없음,,,,
2017101200100262,2017년 10월 12일 13시,목요일,부산광역시 사하구 다대동,경상사고,0,0,1,0,차대차 - 기타,안전운전불이행,젖음/습기,흐림,교차로 - 교차로안,건설기계,남,29세,상해없음,승용,남,69세,경상
2017101200100263,2017년 10월 12일 13시,목요일,부산광역시 연제구 연산동,부상신고사고,0,0,0,1,차대차 - 측면충돌,안전거리미확보,건조,맑음,교차로 - 교차로안,승용,남,30세,부상신고,승용,남,25세,상해없음
2017101200100299,2017년 10월 12일 14시,목요일,부산광역시 연제구 거제동,경상사고,0,0,1,0,차대차 - 추돌,안전거리미확보,젖음/습기,비,단일로 - 기타,승용,여,56세,상해없음,승용,남,40세,경상
2017101200100334,2017년 10월 12일 15시,목요일,부산광역시 북구 덕천동,경상사고,0,0,1,0,차대차 - 기타,안전거리미확보,젖음/습기,맑음,단일로 - 기타,승용,여,53세,상해없음,이륜,남,61세,경상
2017101200100335,2017년 10월 12일 15시,목요일,부산광역시 해운대구 좌동,경상사고,0,0,1,0,차대사람 - 횡단중,신호위반,젖음/습기,비,단일로 - 기타,승용,여,38세,상해없음,보행자,남,10세,경상
2017101200100336,2017년 10월 12일 15시,목요일,부산광역시 금정구 장전동,경상사고,0,0,1,0,차대차 - 기타,중앙선침범,젖음/습기,비,단일로 - 기타,승용,남,56세,상해없음,승용,여,34세,경상
2017101200100397,2017년 10월 12일 17시,목요일,부산광역시 수영구 남천동,경상사고,0,0,3,0,차대차 - 추돌,안전운전불이행,건조,맑음,교차로 - 교차로부근,화물,남,62세,상해없음,승용,남,52세,경상
2017101200100398,2017년 10월 12일 17시,목요일,부산광역시 해운대구 우동,경상사고,0,0,4,0,차대차 - 측면충돌,신호위반,젖음/습기,비,교차로 - 교차로안,승합,남,56세,상해없음,승용,남,56세,경상
2017101200100399,2017년 10월 12일 17시,목요일,부산광역시 해운대구 우동,중상사고,0,1,0,0,차대차 - 추돌,안전운전불이행,젖음/습기,비,교차로 - 교차로안,승용,남,69세,상해없음,승용,여,42세,중상
2017101200100400,2017년 10월 12일 17시,목요일,부산광역시 강서구 명지동,중상사고,0,1,1,0,차대차 - 측면충돌,안전운전불이행,젖음/습기,비,단일로 - 기타,승용,남,59세,상해없음,승용,남,47세,경상
2017101200100436,2017년 10월 12일 18시,목요일,부산광역시 해운대구 좌동,중상사고,0,1,0,0,차대사람 - 기타,교차로운행방법위반,젖음/습기,비,교차로 - 교차로안,승용,여,44세,상해없음,보행자,여,42세,중상
2017101200100437,2017년 10월 12일 18시,목요일,부산광역시 해운대구 우동,중상사고,0,1,0,0,차대차 - 측면충돌,안전운전불이행,젖음/습기,비,교차로 - 교차로안,승용,여,37세,상해없음,승용,여,33세,중상
2017101200100438,2017년 10월 12일 18시,목요일,부산광역시 금정구 부곡동,경상사고,0,0,1,0,차대차 - 기타,안전운전불이행,젖음/습기,비,교차로 - 교차로부근,승용,여,42세,상해없음,자전거,남,85세,경상
2017101200100439,2017년 10월 12일 18시,목요일,부산광역시 사상구 삼락동,경상사고,0,0,1,0,차대차 - 추돌,안전거리미확보,건조,맑음,단일로 - 기타,화물,여,43세,상해없음,승용,여,40세,경상
2017101200100493,2017년 10월 12일 19시,목요일,부산광역시 서구 부민동1가,경상사고,0,0,2,0,차대차 - 후진중충돌,안전운전불이행,건조,맑음,단일로 - 기타,승용,남,60세,상해없음,승용,남,30세,경상
2017101200100494,2017년 10월 12일 19시,목요일,부산광역시 연제구 연산동,부상신고사고,0,0,0,1,차대사람 - 횡단중,신호위반,젖음/습기,비,교차로 - 교차로안,이륜,기타불명,미분류,기타불명,보행자,남,15세,부상신고
2017101200100495,2017년 10월 12일 19시,목요일,부산광역시 연제구 거제동,경상사고,0,0,1,0,차대차 - 추돌,안전거리미확보,건조,맑음,단일로 - 기타,화물,남,48세,상해없음,승용,남,29세,경상
2017101200100537,2017년 10월 12일 20시,목요일,부산광역시 중구 영주동,경상사고,0,0,1,0,차대사람 - 횡단중,안전운전불이행,젖음/습기,비,단일로 - 기타,승용,남,32세,상해없음,보행자,여,55세,경상
2017101200100538,2017년 10월 12일 20시,목요일,부산광역시 동래구 사직동,경상사고,0,0,1,0,차대차 - 기타,안전운전불이행,젖음/습기,비,단일로 - 기타,승용,남,65세,상해없음,승합,남,44세,상해없음
2017101200100539,2017년 10월 12일 20시,목요일,부산광역시 영도구 영선동2가,경상사고,0,0,1,0,차대사람 - 횡단중,신호위반,건조,맑음,교차로 - 교차로안,이륜,남,20세,상해없음,보행자,남,58세,경상
2017101200100540,2017년 10월 12일 20시,목요일,부산광역시 사상구 모라동,경상사고,0,0,1,0,차대차 - 측면충돌,교차로운행방법위반,젖음/습기,비,교차로 - 교차로안,승용,남,61세,상해없음,이륜,남,32세,경상
2017101200100561,2017년 10월 12일 21시,목요일,부산광역시 해운대구 우동,중상사고,0,2,0,0,차대차 - 측면충돌,안전운전불이행,건조,맑음,교차로 - 교차로안,승용,여,53세,상해없음,승용,남,50세,중상
2017101200100562,2017년 10월 12일 21시,목요일,부산광역시 사하구 하단동,중상사고,0,1,2,0,차대차 - 측면충돌,안전운전불이행,젖음/습기,비,단일로 - 기타,승용,남,59세,상해없음,승용,남,59세,중상
2017101200100599,2017년 10월 12일 22시,목요일,부산광역시 수영구 남천동,사망사고,1,2,0,0,차대차 - 추돌,안전운전불이행,젖음/습기,비,단일로 - 교량,승용,남,56세,상해없음,화물,남,45세,중상
2017101200100615,2017년 10월 12일 23시,목요일,부산광역시 동래구 명장동,경상사고,0,0,1,0,차대차 - 측면충돌,중앙선침범,젖음/습기,비,단일로 - 기타,승용,남,41세,상해없음,승용,여,33세,경상
2017101200100616,2017년 10월 12일 23시,목요일,부산광역시 사상구 엄궁동,사망사고,1,0,0,0,차대사람 - 길가장자리구역통행중,안전운전불이행,젖음/습기,비,단일로 - 기타,승용,남,27세,상해없음,보행자,여,76세,사망