사고번호,사고일시,요일,시군구,사고내용,사망자수,중상자수,경상자수,부상신고자수,사고유형,법규위반,노면상태,기상상태,도로형태,가해운전자 차종,가해운전자 성별,가해운전자 연령,가해운전자 상해정도,피해운전자 차종,피해운전자 성별,피해운전자 연령,피해운전자 상해정도
2017101300100022,2017년 10월 13일 00시,금요일,부산광역시 영도구 청학동,중상사고,0,1,2,0,차대차 - 측면충돌,안전거리미확보,건조,맑음,단일로 - 기타,승용,남,55세,상해없음,승용,남,56세,중상
2017101300100054,2017년 10월 13일 03시,금요일,부산광역시 해운대구 재송동,부상신고사고,0,0,0,1,차량단독 - 기타,안전운전불이행,젖음/습기,맑음,단일로 - 기타,이륜,남,26세,부상신고,,,,
2017101300100068,2017년 10월 13일 05시,금요일,부산광역시 북구 금곡동,중상사고,0,1,0,0,차대차 - 측면충돌,신호위반,건조,맑음,교차로 - 교차로횡단보도내,화물,남,64세,상해없음,이륜,남,56세,중상
2017101300100086,2017년 10월 13일 06시,금요일,부산광역시 기장군 정관읍,경상사고,0,0,3,5,차대차 - 추돌,안전운전불이행,건조,맑음,단일로 - 기타,승용,남,26세,경상,화물,남,36세,부상신고
2017101300100102,2017년 10월 13일 07시,금요일,부산광역시 남구 대연동,중상사고,0,1,0,0,차대사람 - 기타,안전운전불이행,건조,맑음,교차로 - 교차로부근,승용,여,44세,상해없음,보행자,남,29세,중상
2017101300100103,2017년 10월 13일 07시,금요일,부산광역시 동래구 명륜동,경상사고,0,0,1,0,차대차 - 측면충돌,안전운전불이행,건조,맑음,단일로 - 기타,승용,남,51세,상해없음,화물,남,40세,경상
2017101300100104,2017년 10월 13일 07시,금요일,부산광역시 부산진구 양정동,경상사고,0,0,1,0,차대사람 - 횡단중,신호위반,건조,맑음,단일로 - 기타,이륜,남,22세,상해없음,보행자,남,26세,경상
2017101300100142,2017년 10월 13일 08시,금요일,부산광역시 북구 화명동,경상사고,0,0,1,0,차대사람 - 차도통행중,안전운전불이행,건조,맑음,교차로 - 교차로부근,기타불명,기타불명,미분류,기타불명,보행자,여,35세,경상
2017101300100220,2017년 10월 13일 10시,금요일,부산광역시 동래구 온천동,경상사고,0,0,3,0,차대차 - 측면충돌,신호위반,건조,맑음,교차로 - 교차로안,승합,남,60세,상해없음,승용,남,58세,경상
2017101300100248,2017년 10월 13일 11시,금요일,부산광역시 남구 용호동,경상사고,0,0,1,0,차대차 - 측면충돌,신호위반,건조,맑음,교차로 - 교차로안,이륜,남,40세,경상,승용,남,57세,상해없음
2017101300100249,2017년 10월 13일 11시,금요일,부산광역시 남구 용호동,중상사고,0,1,0,0,차대차 - 측면충돌,안전운전불이행,건조,맑음,단일로 - 기타,승용,남,65세,상해없음,이륜,남,38세,중상
2017101300100250,2017년 10월 13일 11시,금요일,부산광역시 북구 구포동,경상사고,0,0,1,0,차대차 - 기타,안전운전불이행,건조,맑음,교차로 - 교차로부근,화물,남,57세,상해없음,승용,여,46세,경상
2017101300100251,2017년 10월 13일 11시,금요일,부산광역시 사상구 주례동,경상사고,0,0,1,0,차대차 - 기타,안전운전불이행,건조,맑음,단일로 - 기타,승용,남,69세,상해없음,자전거,남,85세,경상
2017101300100341,2017년 10월 13일 14시,금요일,부산광역시 해운대구 반여동,경상사고,0,0,1,0,차대차 - 측면충돌,신호위반,건조,맑음,교차로 - 교차로안,승용,남,70세,상해없음,승용,남,63세,경상
2017101300100379,2017년 10월 13일 15시,금요일,부산광역시 서구 동대신동2가,경상사고,0,0,1,0,차대차 - 기타,안전운전불이행,건조,맑음,교차로 - 교차로부근,특수,남,41세,상해없음,승용,남,60세,경상
2017101300100421,2017년 10월 13일 16시,금요일,부산광역시 서구 남부민동,중상사고,0,1,0,0,차대차 - 측면충돌,중앙선침범,건조,맑음,교차로 - 교차로안,이륜,남,16세,중상,승용,남,74세,상해없음
2017101300100422,2017년 10월 13일 16시,금요일,부산광역시 부산진구 초읍동,경상사고,0,0,1,0,차대차 - 측면충돌,안전운전불이행,건조,맑음,단일로 - 기타,승용,여,31세,상해없음,승용,여,55세,경상
2017101300100463,2017년 10월 13일 17시,금요일,부산광역시 동래구 안락동,부상신고사고,0,0,0,1,차대차 - 기타,교차로운행방법위반,건조,맑음,교차로 - 교차로안,자전거,남,9세,부상신고,화물,남,59세,상해없음
2017101300100464,2017년 10월 13일 17시,금요일,부산광역시 동래구 명륜동,경상사고,0,0,1,0,차대차 - 측면충돌,안전거리미확보,건조,맑음,단일로 - 기타,원동기,남,58세,경상,승용,남,33세,상해없음
2017101300100465,2017년 10월 13일 17시,금요일,부산광역시 사상구 괘법동,부상신고사고,0,0,0,1,차대사람 - 길가장자리구역통행중,안전운전불이행,건조,맑음,단일로 - 기타,승용,남,24세,상해없음,보행자,여,11세,부상신고
2017101300100575,2017년 10월 13일 19시,금요일,부산광역시 강서구 송정동,경상사고,0,0,1,0,차대차 - 기타,안전운전불이행,건조,맑음,교차로 - 교차로부근,승용,남,51세,상해없음,자전거,남,50세,경상
2017101300100646,2017년 10월 13일 21시,금요일,부산광역시 부산진구 개금동,경상사고,0,0,1,0,차대차 - 측면충돌,교차로운행방법위반,건조,맑음,교차로 - 교차로안,승합,남,39세,상해없음,승용,여,49세,경상
2017101300100670,2017년 10월 13일 22시,금요일,부산광역시 동래구 온천동,경상사고,0,0,3,0,차대차 - 기타,안전거리미확보,건조,맑음,단일로 - 기타,승용,남,38세,경상,승용,남,45세,경상
2017101300100700,2017년 10월 13일 23시,금요일,부산광역시 남구 대연동,경상사고,0,0,1,0,차대사람 - 횡단중,신호위반,건조,맑음,교차로 - 교차로안,승용,남,71세,상해없음,보행자,여,60세,경상
2017101300100701,2017년 10월 13일 23시,금요일,부산광역시 연제구 연산동,중상사고,0,1,0,0,차대사람 - 차도통행중,안전운전불이행,건조,맑음,단일로 - 기타,승용,남,57세,상해없음,보행자,남,65세,중상
2017101300100702,2017년 10월 13일 23시,금요일,부산광역시 사상구 주례동,중상사고,0,1,0,0,차대사람 - 횡단중,안전운전불이행,건조,맑음,교차로 - 교차로안,승용,남,38세,상해없음,보행자,남,64세,중상
2017101400100026,2017년 10월 14일 00시,토요일,부산광역시 중구 대청동1가,중상사고,0,1,1,0,차대차 - 기타,신호위반,건조,맑음,교차로 - 교차로안,승용,남,57세,상해없음,이륜,남,44세,경상
2017101400100027,2017년 10월 14일 00시,토요일,부산광역시 사하구 감천동,경상사고,0,0,1,0,차대사람 - 기타,교차로운행방법위반,건조,맑음,교차로 - 교차로안,승용,남,67세,상해없음,보행자,남,58세,경상
2017101400100039,2017년 10월 14일 01시,토요일,부산광역시 중구 중앙동4가,경상사고,0,0,1,0,차대차 - 추돌,안전거리미확보,건조,맑음,단일로 - 기타,승용,남,67세,상해없음,이륜,남,28세,경상
2017101400100040,2017년 10월 14일 01시,토요일,부산광역시 서구 서대신동2가,경상사고,0,0,2,0,차대차 - 측면충돌,신호위반,건조,맑음,교차로 - 교차로안,승용,남,42세,상해없음,승용,남,50세,경상
2017101400100041,2017년 10월 14일 01시,토요일,부산광역시 북구 화명동,경상사고,0,0,1,0,차대차 - 추돌,신호위반,건조,맑음,교차로 - 교차로안,이륜,남,63세,경상,승용,남,65세,상해없음
2017101400100063,2017년 10월 14일 03시,토요일,부산광역시 남구 용호동,중상사고,0,1,0,0,차대차 - 측면충돌,중앙선침범,건조,맑음,단일로 - 기타,승용,남,28세,상해없음,이륜,남,25세,중상
2017101400100075,2017년 10월 14일 04시,토요일,부산광역시 부산진구 부전동,경상사고,0,0,2,0,차대차 - 기타,신호위반,건조,맑음,교차로 - 교차로안,승용,남,24세,기타불명,승용,남,52세,경상
2017101400100076,2017년 10월 14일 04시,토요일,부산광역시 사하구 하단동,사망사고,1,0,0,0,차대사람 - 횡단중,과속,건조,흐림,교차로 - 교차로부근,승용,남,28세,상해없음,보행자,남,79세,사망
2017101400100092,2017년 10월 14일 05시,토요일,부산광역시 동구 범일동,중상사고,0,1,0,0,차대사람 - 횡단중,안전운전불이행,건조,맑음,단일로 - 기타,승용,남,67세,상해없음,보행자,여,76세,중상
2017101400100093,2017년 10월 14일 05시,토요일,부산광역시 부산진구 부전동,경상사고,0,0,1,0,차대사람 - 횡단중,보행자보호의무위반,건조,흐림,교차로 - 교차로부근,화물,남,79세,상해없음,보행자,남,75세,경상
2017101400100094,2017년 10월 14일 05시,토요일,부산광역시 금정구 서동,경상사고,0,0,1,0,차대사람 - 기타,안전운전불이행,건조,맑음,교차로 - 교차로안,화물,남,65세,상해없음,보행자,남,71세,경상
2017101400100110,2017년 10월 14일 06시,토요일,부산광역시 사상구 괘법동,중상사고,0,1,0,1,차대차 - 측면충돌,신호위반,건조,맑음,교차로 - 교차로안,승용,남,56세,부상신고,승용,남,73세,중상
2017101400100122,2017년 10월 14일 07시,토요일,부산광역시 강서구 지사동,경상사고,0,0,1,0,차대차 - 측면충돌,신호위반,건조,맑음,교차로 - 교차로안,승용,남,36세,상해없음,승용,남,44세,경상
2017101400100139,2017년 10월 14일 08시,토요일,부산광역시 서구 암남동,중상사고,0,1,0,0,차대사람 - 횡단중,신호위반,건조,맑음,단일로 - 기타,승용,남,65세,상해없음,보행자,남,78세,중상
2017101400100140,2017년 10월 14일 08시,토요일,부산광역시 사상구 감전동,중상사고,0,1,0,0,차량단독 - 기타,안전운전불이행,건조,맑음,단일로 - 기타,승합,남,58세,상해없음,,,,
2017101400100186,2017년 10월 14일 10시,토요일,부산광역시 해운대구 우동,경상사고,0,0,1,0,차대차 - 측면충돌,안전운전불이행,건조,맑음,교차로 - 교차로부근,이륜,남,46세,상해없음,승용,남,37세,경상
2017101400100187,2017년 10월 14일 10시,토요일,부산광역시 부산진구 부전동,경상사고,0,0,1,0,차대차 - 추돌,안전거리미확보,건조,맑음,교차로 - 교차로부근,승용,남,31세,상해없음,승용,남,34세,경상
2017101400100188,2017년 10월 14일 10시,토요일,부산광역시 기장군 철마면,경상사고,0,0,1,0,차대차 - 추돌,안전운전불이행,건조,맑음,교차로 - 교차로부근,승용,남,34세,상해없음,이륜,남,25세,경상
2017101400100218,2017년 10월 14일 11시,토요일,부산광역시 영도구 청학동,경상사고,0,0,1,0,차량단독 - 기타,안전운전불이행,건조,맑음,교차로 - 교차로안,이륜,남,29세,경상,,,,
2017101400100219,2017년 10월 14일 11시,토요일,부산광역시 부산진구 전포동,중상사고,0,1,0,0,차대차 - 기타,기타,건조,맑음,단일로 - 기타,화물,남,36세,상해없음,이륜,남,51세,중상
2017101400100220,2017년 10월 14일 11시,토요일,부산광역시 사하구 하단동,부상신고사고,0,0,0,1,차대차 - 기타,교차로운행방법위반,건조,맑음,교차로 - 교차로안,이륜,남,78세,부상신고,승용,남,54세,상해없음
2017101400100291,2017년 10월 14일 13시,토요일,부산광역시 동래구 명륜동,경상사고,0,0,1,0,차대차 - 측면충돌,안전운전불이행,건조,맑음,단일로 - 기타,화물,남,42세,상해없음,승용,남,32세,경상
2017101400100292,2017년 10월 14일 13시,토요일,부산광역시 영도구 동삼동,경상사고,0,0,1,0,차대사람 - 횡단중,안전운전불이행,건조,흐림,교차로 - 교차로안,승용,남,35세,상해없음,보행자,남,13세,경상
2017101400100293,2017년 10월 14일 13시,토요일,부산광역시 해운대구 반여동,중상사고,0,1,0,0,차대사람 - 횡단중,보행자보호의무위반,건조,맑음,교차로 - 교차로횡단보도내,승용,여,43세,상해없음,보행자,여,79세,중상
2017101400100294,2017년 10월 14일 13시,토요일,부산광역시 사하구 괴정동,경상사고,0,0,1,0,차대차 - 기타,신호위반,건조,맑음,기타 - 기타,승용,남,70세,상해없음,원동기,남,40세,경상
2017101400100295,2017년 10월 14일 13시,토요일,부산광역시 연제구 연산동,부상신고사고,0,0,0,1,차대차 - 측면충돌,신호위반,건조,맑음,교차로 - 교차로안,이륜,남,60세,부상신고,승용,남,62세,상해없음
2017101400100330,2017년 10월 14일 14시,토요일,부산광역시 금정구 장전동,중상사고,0,1,0,0,차대차 - 후진중충돌,안전운전불이행,건조,맑음,단일로 - 기타,승용,남,37세,상해없음,이륜,남,53세,중상
2017101400100331,2017년 10월 14일 14시,토요일,부산광역시 사상구 학장동,경상사고,0,0,2,0,차대차 - 측면충돌,안전운전불이행,건조,맑음,단일로 - 기타,원동기,남,22세,경상,원동기,남,17세,경상
2017101400100417,2017년 10월 14일 16시,토요일,부산광역시 동구 초량동,중상사고,0,1,0,0,차대차 - 측면충돌,차로위반,건조,맑음,교차로 - 교차로안,승합,남,65세,상해없음,승용,여,48세,중상
2017101400100418,2017년 10월 14일 16시,토요일,부산광역시 동래구 온천동,경상사고,0,0,1,0,차대차 - 기타,안전운전불이행,건조,맑음,교차로 - 교차로부근,승용,남,50세,상해없음,승합,남,36세,상해없음
2017101400100419,2017년 10월 14일 16시,토요일,부산광역시 부산진구 개금동,경상사고,0,0,1,0,차량단독 - 기타,기타,건조,맑음,교차로 - 교차로부근,승합,남,42세,상해없음,,,,
2017101400100448,2017년 10월 14일 17시,토요일,부산광역시 서구 암남동,경상사고,0,0,1,0,차대차 - 기타,중앙선침범,건조,맑음,단일로 - 기타,이륜,남,64세,경상,승용,남,26세,상해없음
2017101400100449,2017년 10월 14일 17시,토요일,부산광역시 영도구 대교동1가,중상사고,0,1,0,0,차대차 - 기타,안전운전불이행,건조,맑음,단일로 - 교량,승합,남,46세,상해없음,자전거,남,59세,중상
2017101400100450,2017년 10월 14일 17시,토요일,부산광역시 부산진구 범천동,중상사고,0,2,0,0,차대차 - 측면충돌,안전운전불이행,건조,맑음,교차로 - 교차로안,승용,남,46세,중상,승용,남,40세,중상
2017101400100451,2017년 10월 14일 17시,토요일,부산광역시 사상구 감전동,경상사고,0,0,2,0,차대차 - 기타,안전거리미확보,건조,맑음,단일로 - 기타,승용,남,27세,상해없음,승용,남,31세,경상
2017101400100485,2017년 10월 14일 18시,토요일,부산광역시 남구 대연동,경상사고,0,0,1,0,차대사람 - 길가장자리구역통행중,안전운전불이행,건조,맑음,단일로 - 기타,승용,남,74세,상해없음,보행자,남,58세,경상
2017101400100486,2017년 10월 14일 18시,토요일,부산광역시 해운대구 반여동,경상사고,0,0,2,0,차대사람 - 기타,안전운전불이행,건조,맑음,단일로 - 기타,승용,남,55세,기타불명,보행자,여,17세,경상
2017101400100487,2017년 10월 14일 18시,토요일,부산광역시 부산진구 개금동,경상사고,0,0,1,0,차대차 - 측면충돌,안전운전불이행,건조,맑음,단일로 - 기타,원동기,남,22세,경상,승용,남,18세,상해없음
2017101400100488,2017년 10월 14일 18시,토요일,부산광역시 사상구 덕포동,중상사고,0,2,1,0,차대차 - 측면충돌,안전운전불이행,건조,맑음,단일로 - 기타,원동기,남,23세,경상,원동기,남,17세,중상
2017101400100529,2017년 10월 14일 19시,토요일,부산광역시 남구 용당동,중상사고,0,1,3,1,차량단독 - 공작물충돌,안전운전불이행,건조,맑음,단일로 - 기타,승용,남,18세,경상,,,,
2017101400100530,2017년 10월 14일 19시,토요일,부산광역시 금정구 장전동,경상사고,0,0,1,0,차대사람 - 횡단중,보행자보호의무위반,건조,맑음,교차로 - 교차로횡단보도내,승용,남,54세,상해없음,보행자,남,60세,경상
2017101400100568,2017년 10월 14일 20시,토요일,부산광역시 사하구 구평동,중상사고,0,1,0,1,차대차 - 기타,신호위반,건조,맑음,교차로 - 교차로안,승용,남,33세,상해없음,이륜,남,56세,중상
2017101400100569,2017년 10월 14일 20시,토요일,부산광역시 수영구 망미동,중상사고,0,1,0,0,차대차 - 추돌,안전운전불이행,건조,맑음,교차로 - 교차로부근,승용,여,77세,상해없음,이륜,남,19세,중상
2017101400100605,2017년 10월 14일 21시,토요일,부산광역시 부산진구 양정동,부상신고사고,0,0,0,1,차대차 - 측면충돌,안전운전불이행,건조,맑음,단일로 - 기타,승용,남,60세,상해없음,이륜,남,19세,부상신고
2017101400100652,2017년 10월 14일 23시,토요일,부산광역시 동구 범일동,경상사고,0,0,1,0,차대차 - 기타,교차로운행방법위반,건조,맑음,교차로 - 교차로안,승용,남,65세,상해없음,이륜,여,59세,경상
2017101400100653,2017년 10월 14일 23시,토요일,부산광역시 남구 대연동,경상사고,0,0,1,0,차대사람 - 기타,안전운전불이행,건조,맑음,단일로 - 기타,승용,남,19세,상해없음,보행자,여,33세,경상
2017101400100654,2017년 10월 14일 23시,토요일,부산광역시 수영구 민락동,경상사고,0,0,1,0,차대차 - 기타,안전운전불이행,건조,맑음,교차로 - 교차로안,승용,남,57세,상해없음,기타불명,남,33세,경상
2017101400100655,2017년 10월 14일 23시,토요일,부산광역시 사하구 감천동,경상사고,0,0,2,0,차대차 - 기타,안전운전불이행,건조,맑음,교차로 - 교차로안,승용,여,29세,상해없음,이륜,남,36세,경상
2017101400100656,2017년 10월 14일 23시,토요일,부산광역시 사상구 감전동,중상사고,0,1,0,0,차대차 - 정면충돌,중앙선침범,건조,맑음,단일로 - 기타,이륜,남,49세,중상,승합,남,49세,상해없음
2017101500100024,2017년 10월 15일 00시,일요일,부산광역시 부산진구 부전동,중상사고,0,1,1,0,차대차 - 측면충돌,신호위반,건조,맑음,교차로 - 교차로안,승용,남,63세,상해없음,승용,남,57세,경상
2017101500100025,2017년 10월 15일 00시,일요일,부산광역시 수영구 수영동,경상사고,0,0,1,0,차대사람 - 기타,안전운전불이행,건조,맑음,단일로 - 기타,기타불명,기타불명,미분류,기타불명,보행자,남,56세,경상
2017101500100055,2017년 10월 15일 02시,일요일,부산광역시 사상구 덕포동,중상사고,0,1,0,0,차대사람 - 횡단중,안전운전불이행,건조,맑음,단일로 - 기타,승용,남,20세,상해없음,보행자,남,42세,중상
2017101500100065,2017년 10월 15일 03시,일요일,부산광역시 수영구 망미동,경상사고,0,0,2,0,차대차 - 추돌,안전운전불이행,건조,맑음,단일로 - 기타,승용,남,29세,상해없음,승용,남,21세,경상
2017101500100066,2017년 10월 15일 03시,일요일,부산광역시 사상구 모라동,경상사고,0,0,1,0,차대사람 - 횡단중,안전운전불이행,건조,맑음,단일로 - 기타,승용,남,66세,상해없음,보행자,남,62세,경상
2017101500100096,2017년 10월 15일 06시,일요일,부산광역시 부산진구 전포동,중상사고,0,2,0,0,차대차 - 정면충돌,중앙선침범,젖음/습기,비,단일로 - 기타,승용,남,31세,상해없음,승용,남,74세,중상
2017101500100113,2017년 10월 15일 07시,일요일,부산광역시 해운대구 반여동,경상사고,0,0,2,0,차대차 - 추돌,안전운전불이행,젖음/습기,비,단일로 - 기타,승용,남,42세,상해없음,승용,남,32세,경상
2017101500100114,2017년 10월 15일 07시,일요일,부산광역시 강서구 송정동,사망사고,1,0,0,0,차량단독 - 공작물충돌,안전운전불이행,젖음/습기,비,단일로 - 기타,승용,남,25세,사망,,,,
2017101500100121,2017년 10월 15일 08시,일요일,부산광역시 부산진구 부전동,경상사고,0,0,1,0,차대차 - 기타,신호위반,건조,맑음,교차로 - 교차로부근,승용,여,57세,상해없음,승용,여,42세,경상
2017101500100122,2017년 10월 15일 08시,일요일,부산광역시 사상구 주례동,경상사고,0,0,1,0,차대차 - 기타,신호위반,젖음/습기,비,교차로 - 교차로부근,승용,남,26세,기타불명,승용,남,69세,상해없음
2017101500100131,2017년 10월 15일 09시,일요일,부산광역시 동구 범일동,중상사고,0,3,0,0,차대차 - 추돌,안전거리미확보,젖음/습기,비,교차로 - 교차로부근,승용,남,63세,상해없음,승용,여,37세,중상
2017101500100132,2017년 10월 15일 09시,일요일,부산광역시 강서구 송정동,경상사고,0,0,1,0,차대차 - 기타,안전운전불이행,젖음/습기,비,교차로 - 교차로부근,화물,남,35세,상해없음,승용,여,42세,경상
2017101500100163,2017년 10월 15일 11시,일요일,부산광역시 남구 용호동,경상사고,0,0,1,0,차대차 - 기타,신호위반,젖음/습기,비,교차로 - 교차로안,승용,남,69세,상해없음,자전거,남,10세,경상
2017101500100206,2017년 10월 15일 13시,일요일,부산광역시 북구 덕천동,경상사고,0,0,1,0,차대차 - 기타,안전운전불이행,젖음/습기,흐림,교차로 - 교차로안,원동기,남,18세,경상,승용,남,58세,상해없음
2017101500100207,2017년 10월 15일 13시,일요일,부산광역시 부산진구 가야동,중상사고,0,2,0,0,차대차 - 추돌,안전거리미확보,건조,맑음,교차로 - 교차로안,승용,남,24세,상해없음,승용,여,42세,중상
2017101500100208,2017년 10월 15일 13시,일요일,부산광역시 기장군 정관읍,경상사고,0,0,1,0,차대차 - 측면충돌,안전운전불이행,젖음/습기,흐림,교차로 - 교차로안,승용,남,44세,상해없음,이륜,남,57세,경상
2017101500100233,2017년 10월 15일 14시,일요일,부산광역시 북구 덕천동,경상사고,0,0,1,0,차대차 - 추돌,안전거리미확보,젖음/습기,비,단일로 - 기타,승용,남,62세,상해없음,승용,여,39세,경상
2017101500100234,2017년 10월 15일 14시,일요일,부산광역시 사하구 신평동,중상사고,0,1,0,0,차대차 - 측면충돌,신호위반,건조,맑음,교차로 - 교차로안,승용,남,54세,상해없음,이륜,남,25세,중상
2017101500100266,2017년 10월 15일 15시,일요일,부산광역시 해운대구 좌동,경상사고,0,0,2,0,차대차 - 추돌,안전운전불이행,젖음/습기,비,단일로 - 기타,승용,남,62세,상해없음,승용,여,45세,경상
2017101500100296,2017년 10월 15일 16시,일요일,부산광역시 해운대구 재송동,경상사고,0,0,1,0,차대차 - 측면충돌,안전운전불이행,젖음/습기,비,단일로 - 기타,자전거,남,10세,경상,승용,여,56세,상해없음
2017101500100297,2017년 10월 15일 16시,일요일,부산광역시 금정구 부곡동,중상사고,0,1,0,0,차대사람 - 횡단중,보행자보호의무위반,건조,맑음,교차로 - 교차로횡단보도내,화물,남,56세,상해없음,보행자,남,73세,중상
2017101500100323,2017년 10월 15일 17시,일요일,부산광역시 강서구 신호동,경상사고,0,0,1,0,차대차 - 측면충돌,안전거리미확보,건조,맑음,교차로 - 교차로안,승용,남,64세,상해없음,이륜,남,29세,경상
2017101500100355,2017년 10월 15일 18시,일요일,부산광역시 사하구 하단동,경상사고,0,0,2,0,차대차 - 추돌,안전거리미확보,젖음/습기,비,교차로 - 교차로안,승용,남,38세,상해없음,승용,남,35세,경상
2017101500100356,2017년 10월 15일 18시,일요일,부산광역시 연제구 연산동,경상사고,0,0,1,0,차대차 - 측면충돌,기타,젖음/습기,맑음,단일로 - 기타,승용,남,27세,상해없음,원동기,남,45세,경상
2017101500100429,2017년 10월 15일 20시,일요일,부산광역시 강서구 송정동,경상사고,0,0,1,0,차대차 - 측면충돌,안전운전불이행,건조,맑음,단일로 - 기타,승용,여,30세,상해없음,이륜,남,28세,경상
2017101500100480,2017년 10월 15일 22시,일요일,부산광역시 남구 대연동,부상신고사고,0,0,0,1,차대차 - 후진중충돌,안전운전불이행,건조,맑음,교차로 - 교차로안,승용,남,65세,상해없음,이륜,남,33세,부상신고
2017101500100481,2017년 10월 15일 22시,일요일,부산광역시 동래구 안락동,경상사고,0,0,1,0,차대차 - 측면충돌,안전운전불이행,건조,맑음,단일로 - 기타,승용,남,52세,상해없음,이륜,남,18세,경상
2017101500100482,2017년 10월 15일 22시,일요일,부산광역시 해운대구 중동,중상사고,0,1,0,0,차대사람 - 기타,안전운전불이행,건조,맑음,단일로 - 기타,기타불명,기타불명,미분류,기타불명,보행자,남,38세,중상
2017101500100498,2017년 10월 15일 23시,일요일,부산광역시 사상구 학장동,중상사고,0,1,0,0,차대차 - 추돌,안전운전불이행,건조,맑음,단일로 - 기타,승용,남,68세,상해없음,화물,남,56세,중상
2017101500100499,2017년 10월 15일 23시,일요일,부산광역시 기장군 철마면,경상사고,0,0,2,0,차대차 - 추돌,안전운전불이행,건조,맑음,교차로 - 교차로부근,화물,남,42세,경상,승용,여,56세,경상
2017101600100036,2017년 10월 16일 01시,월요일,부산광역시 남구 대연동,경상사고,0,0,1,0,차량단독 - 기타,안전운전불이행,건조,맑음,단일로 - 기타,이륜,남,24세,상해없음,,,,
2017101600100049,2017년 10월 16일 04시,월요일,부산광역시 사상구 주례동,중상사고,0,1,1,0,차량단독 - 공작물충돌,안전운전불이행,젖음/습기,흐림,단일로 - 기타,이륜,남,19세,경상,,,,
2017101600100056,2017년 10월 16일 05시,월요일,부산광역시 서구 서대신동3가,중상사고,0,1,0,0,차대사람 - 차도통행중,안전운전불이행,젖음/습기,비,단일로 - 기타,승용,여,55세,상해없음,보행자,여,64세,중상
2017101600100057,2017년 10월 16일 05시,월요일,부산광역시 금정구 금사동,부상신고사고,0,0,0,1,차대차 - 기타,안전운전불이행,건조,맑음,교차로 - 교차로부근,화물,남,43세,상해없음,승용,남,48세,부상신고
2017101600100082,2017년 10월 16일 07시,월요일,부산광역시 사하구 당리동,경상사고,0,0,1,0,차대사람 - 횡단중,안전운전불이행,건조,맑음,단일로 - 기타,승용,남,31세,상해없음,보행자,남,48세,경상
2017101600100103,2017년 10월 16일 08시,월요일,부산광역시 사하구 괴정동,부상신고사고,0,0,0,1,차대사람 - 기타,안전운전불이행,건조,맑음,단일로 - 기타,기타불명,기타불명,미분류,기타불명,보행자,남,18세,부상신고
2017101600100104,2017년 10월 16일 08시,월요일,부산광역시 사상구 괘법동,중상사고,0,1,1,0,차대차 - 추돌,안전운전불이행,건조,맑음,단일로 - 기타,승용,남,38세,상해없음,승용,남,35세,중상
2017101600100159,2017년 10월 16일 10시,월요일,부산광역시 동래구 수안동,부상신고사고,0,0,0,1,차량단독 - 전도전복,안전운전불이행,기타,맑음,교차로 - 교차로안,원동기,남,58세,부상신고,미분류,미분류,미분류,미분류
2017101600100160,2017년 10월 16일 10시,월요일,부산광역시 연제구 연산동,경상사고,0,0,1,0,차대사람 - 기타,안전운전불이행,건조,맑음,단일로 - 기타,승합,남,46세,상해없음,보행자,여,53세,경상
2017101600100252,2017년 10월 16일 13시,월요일,부산광역시 연제구 연산동,경상사고,0,0,1,0,차대사람 - 횡단중,보행자보호의무위반,건조,맑음,단일로 - 기타,화물,남,52세,상해없음,보행자,남,61세,경상
2017101600100253,2017년 10월 16일 13시,월요일,부산광역시 사상구 학장동,중상사고,0,1,1,0,차대차 - 측면충돌,안전운전불이행,건조,맑음,단일로 - 기타,화물,남,61세,경상,이륜,남,42세,중상
2017101600100290,2017년 10월 16일 14시,월요일,부산광역시 중구 영주동,중상사고,0,1,0,0,차대차 - 기타,교차로운행방법위반,건조,맑음,교차로 - 교차로부근,승용,남,65세,상해없음,이륜,남,72세,중상
2017101600100323,2017년 10월 16일 15시,월요일,부산광역시 해운대구 재송동,경상사고,0,0,1,0,차대차 - 측면충돌,안전운전불이행,건조,맑음,단일로 - 기타,승용,여,40세,상해없음,승용,남,56세,경상
2017101600100381,2017년 10월 16일 17시,월요일,부산광역시 기장군 정관읍,경상사고,0,0,1,0,차대사람 - 횡단중,안전운전불이행,건조,맑음,교차로 - 교차로횡단보도내,승용,여,34세,상해없음,보행자,남,77세,경상
2017101600100419,2017년 10월 16일 18시,월요일,부산광역시 사상구 괘법동,중상사고,0,1,0,0,차대차 - 측면충돌,교차로운행방법위반,건조,맑음,교차로 - 교차로안,화물,남,50세,상해없음,자전거,남,70세,중상
2017101600100490,2017년 10월 16일 19시,월요일,부산광역시 남구 대연동,중상사고,0,1,0,0,차대사람 - 기타,안전운전불이행,건조,맑음,단일로 - 기타,승용,남,49세,상해없음,보행자,남,80세,중상
2017101600100547,2017년 10월 16일 21시,월요일,부산광역시 중구 대청동4가,경상사고,0,0,2,0,차대차 - 추돌,안전거리미확보,건조,맑음,단일로 - 기타,이륜,남,17세,상해없음,승용,남,61세,상해없음