사고번호,사고일시,요일,시군구,사고내용,사망자수,중상자수,경상자수,부상신고자수,사고유형,법규위반,노면상태,기상상태,도로형태,가해운전자 차종,가해운전자 성별,가해운전자 연령,가해운전자 상해정도,피해운전자 차종,피해운전자 성별,피해운전자 연령,피해운전자 상해정도
2017102000100688,2017년 10월 20일 20시,금요일,부산광역시 동구 좌천동,부상신고사고,0,0,0,1,차대차 - 측면충돌,중앙선침범,건조,맑음,단일로 - 기타,이륜,남,53세,부상신고,승용,남,47세,상해없음
2017102000100689,2017년 10월 20일 20시,금요일,부산광역시 수영구 광안동,경상사고,0,0,1,0,차대차 - 추돌,안전운전불이행,건조,맑음,단일로 - 기타,승용,남,18세,상해없음,승용,남,67세,상해없음
2017102000100690,2017년 10월 20일 20시,금요일,부산광역시 사하구 하단동,경상사고,0,0,1,0,차대사람 - 기타,안전운전불이행,건조,맑음,단일로 - 기타,승용,남,54세,상해없음,보행자,남,36세,경상
2017102000100691,2017년 10월 20일 20시,금요일,부산광역시 사상구 주례동,중상사고,0,1,0,0,차대차 - 추돌,안전운전불이행,건조,맑음,단일로 - 고가도로위,승용,남,27세,상해없음,승용,남,35세,중상
2017102000100721,2017년 10월 20일 21시,금요일,부산광역시 사상구 덕포동,중상사고,0,1,0,0,차대사람 - 차도통행중,안전운전불이행,건조,맑음,단일로 - 기타,승용,남,58세,상해없음,보행자,여,22세,중상
2017102000100764,2017년 10월 20일 22시,금요일,부산광역시 중구 중앙동7가,경상사고,0,0,1,0,차대사람 - 횡단중,신호위반,건조,맑음,단일로 - 기타,승용,남,68세,상해없음,보행자,여,24세,경상
2017102000100765,2017년 10월 20일 22시,금요일,부산광역시 동래구 명륜동,경상사고,0,0,1,0,차대사람 - 횡단중,안전운전불이행,건조,맑음,교차로 - 교차로안,승용,남,33세,상해없음,보행자,남,55세,경상
2017102000100766,2017년 10월 20일 22시,금요일,부산광역시 영도구 청학동,중상사고,0,1,1,0,차대차 - 추돌,안전운전불이행,건조,맑음,단일로 - 기타,이륜,남,23세,상해없음,이륜,남,20세,중상
2017102000100767,2017년 10월 20일 22시,금요일,부산광역시 연제구 거제동,중상사고,0,1,1,0,차대사람 - 차도통행중,안전운전불이행,건조,맑음,단일로 - 교량,자전거,여,53세,중상,보행자,여,48세,경상
2017102000100794,2017년 10월 20일 23시,금요일,부산광역시 동구 범일동,중상사고,0,1,0,0,차대차 - 기타,신호위반,건조,맑음,교차로 - 교차로안,승용,여,51세,상해없음,승용,남,63세,상해없음
2017102000100795,2017년 10월 20일 23시,금요일,부산광역시 해운대구 우동,부상신고사고,0,0,0,1,차대차 - 측면충돌,안전운전불이행,건조,맑음,단일로 - 기타,자전거,남,15세,부상신고,화물,남,59세,상해없음
2017102100100030,2017년 10월 21일 00시,토요일,부산광역시 북구 만덕동,중상사고,0,1,0,0,차량단독 - 기타,안전운전불이행,건조,맑음,단일로 - 기타,이륜,남,24세,중상,,,,
2017102100100101,2017년 10월 21일 04시,토요일,부산광역시 남구 대연동,중상사고,0,1,2,1,차대차 - 기타,차로위반,건조,맑음,단일로 - 기타,승용,남,82세,상해없음,승용,여,28세,중상
2017102100100130,2017년 10월 21일 06시,토요일,부산광역시 금정구 금사동,중상사고,0,1,0,0,차대사람 - 횡단중,보행자보호의무위반,건조,맑음,교차로 - 교차로횡단보도내,승용,남,55세,상해없음,보행자,여,74세,중상
2017102100100149,2017년 10월 21일 07시,토요일,부산광역시 해운대구 반송동,중상사고,0,1,0,0,차대차 - 측면충돌,직진우회전진행방해,건조,맑음,교차로 - 교차로안,승용,남,65세,상해없음,이륜,남,56세,중상
2017102100100177,2017년 10월 21일 08시,토요일,부산광역시 서구 남부민동,경상사고,0,0,1,0,차대차 - 추돌,안전운전불이행,건조,맑음,기타 - 기타,승용,남,38세,상해없음,이륜,남,41세,경상
2017102100100178,2017년 10월 21일 08시,토요일,부산광역시 사하구 하단동,경상사고,0,0,1,0,차대차 - 측면충돌,안전거리미확보,건조,맑음,단일로 - 기타,승용,남,34세,상해없음,승용,남,62세,경상
2017102100100179,2017년 10월 21일 08시,토요일,부산광역시 강서구 대저1동,중상사고,0,1,0,0,차대사람 - 차도통행중,안전운전불이행,건조,맑음,주차장 - 주차장,승합,남,44세,상해없음,보행자,남,67세,중상
2017102100100218,2017년 10월 21일 09시,토요일,부산광역시 사상구 괘법동,중상사고,0,1,0,0,차대사람 - 기타,안전운전불이행,건조,맑음,단일로 - 기타,승합,남,58세,상해없음,보행자,남,64세,중상
2017102100100249,2017년 10월 21일 10시,토요일,부산광역시 수영구 광안동,중상사고,0,1,0,0,차대차 - 기타,기타,건조,맑음,단일로 - 기타,승용,남,69세,상해없음,이륜,남,24세,중상
2017102100100330,2017년 10월 21일 12시,토요일,부산광역시 동래구 온천동,경상사고,0,0,1,0,차대사람 - 기타,안전운전불이행,건조,맑음,단일로 - 기타,승용,남,23세,상해없음,보행자,남,65세,경상
2017102100100331,2017년 10월 21일 12시,토요일,부산광역시 해운대구 우동,중상사고,0,1,0,0,차대차 - 기타,기타,건조,맑음,단일로 - 기타,승용,남,51세,상해없음,이륜,남,36세,중상
2017102100100367,2017년 10월 21일 13시,토요일,부산광역시 동구 좌천동,중상사고,0,1,0,0,차대사람 - 기타,보행자보호의무위반,건조,맑음,교차로 - 교차로부근,화물,남,72세,상해없음,보행자,여,55세,중상
2017102100100368,2017년 10월 21일 13시,토요일,부산광역시 연제구 연산동,경상사고,0,0,1,0,차대차 - 측면충돌,안전거리미확보,건조,맑음,단일로 - 기타,건설기계,남,50세,상해없음,승용,남,37세,경상
2017102100100408,2017년 10월 21일 14시,토요일,부산광역시 동구 초량동,중상사고,0,1,0,0,차대차 - 측면충돌,교차로운행방법위반,건조,맑음,단일로 - 기타,사륜오토바이(ATV),남,28세,중상,승합,남,53세,상해없음
2017102100100409,2017년 10월 21일 14시,토요일,부산광역시 수영구 망미동,중상사고,0,2,0,0,차대차 - 측면충돌,안전운전불이행,건조,맑음,교차로 - 교차로안,승용,남,72세,상해없음,승용,여,22세,중상
2017102100100451,2017년 10월 21일 15시,토요일,부산광역시 북구 구포동,경상사고,0,0,2,0,차대사람 - 기타,기타,건조,맑음,기타 - 기타,승용,여,50세,상해없음,보행자,남,18세,경상
2017102100100525,2017년 10월 21일 17시,토요일,부산광역시 중구 남포동1가,경상사고,0,0,1,0,차대사람 - 기타,안전운전불이행,건조,맑음,단일로 - 기타,이륜,남,67세,상해없음,보행자,남,75세,경상
2017102100100526,2017년 10월 21일 17시,토요일,부산광역시 남구 문현동,부상신고사고,0,0,0,1,차대사람 - 길가장자리구역통행중,안전운전불이행,건조,맑음,단일로 - 기타,승용,남,39세,상해없음,보행자,남,23세,부상신고
2017102100100527,2017년 10월 21일 17시,토요일,부산광역시 수영구 민락동,경상사고,0,0,2,0,차대차 - 측면충돌,차로위반,건조,맑음,단일로 - 교량,승용,여,29세,상해없음,승용,남,24세,경상
2017102100100528,2017년 10월 21일 17시,토요일,부산광역시 동래구 수안동,중상사고,0,1,0,0,차대사람 - 횡단중,보행자보호의무위반,건조,맑음,단일로 - 기타,특수,남,44세,상해없음,보행자,여,71세,중상
2017102100100529,2017년 10월 21일 17시,토요일,부산광역시 동래구 온천동,경상사고,0,0,1,0,차대차 - 추돌,안전거리미확보,건조,맑음,단일로 - 기타,승용,남,57세,상해없음,승용,남,54세,경상
2017102100100530,2017년 10월 21일 17시,토요일,부산광역시 영도구 대교동1가,중상사고,0,1,0,0,차대차 - 측면충돌,안전운전불이행,기타,맑음,단일로 - 기타,승용,남,29세,상해없음,자전거,남,11세,중상
2017102100100584,2017년 10월 21일 18시,토요일,부산광역시 부산진구 부전동,사망사고,1,0,0,0,차대사람 - 횡단중,안전운전불이행,건조,맑음,단일로 - 기타,화물,남,70세,상해없음,보행자,남,57세,사망
2017102100100642,2017년 10월 21일 19시,토요일,부산광역시 사하구 괴정동,경상사고,0,0,1,0,차대차 - 측면충돌,기타,건조,맑음,단일로 - 기타,승용,남,48세,상해없음,이륜,남,74세,경상
2017102100100677,2017년 10월 21일 20시,토요일,부산광역시 부산진구 부암동,경상사고,0,0,1,0,차대사람 - 횡단중,보행자보호의무위반,건조,맑음,단일로 - 기타,승용,여,58세,상해없음,보행자,여,14세,경상
2017102100100678,2017년 10월 21일 20시,토요일,부산광역시 강서구 명지동,경상사고,0,0,1,0,차대차 - 측면충돌,차로위반,건조,맑음,교차로 - 교차로부근,승용,남,63세,상해없음,이륜,남,18세,경상
2017102100100679,2017년 10월 21일 20시,토요일,부산광역시 기장군 정관읍,중상사고,0,1,4,0,차대차 - 추돌,신호위반,건조,맑음,기타 - 기타,승용,남,37세,상해없음,이륜,남,60세,중상
2017102100100724,2017년 10월 21일 22시,토요일,부산광역시 동래구 낙민동,중상사고,0,1,1,0,차대사람 - 횡단중,안전운전불이행,건조,맑음,단일로 - 기타,원동기,남,21세,경상,보행자,남,62세,중상
2017102100100725,2017년 10월 21일 22시,토요일,부산광역시 기장군 정관읍,경상사고,0,0,1,0,차대사람 - 횡단중,안전운전불이행,건조,맑음,단일로 - 기타,승용,남,57세,상해없음,보행자,남,29세,경상
2017102100100752,2017년 10월 21일 23시,토요일,부산광역시 동래구 명륜동,중상사고,0,1,0,0,차대차 - 추돌,안전운전불이행,건조,맑음,단일로 - 기타,원동기,남,51세,중상,승용,남,35세,상해없음
2017102100100753,2017년 10월 21일 23시,토요일,부산광역시 사하구 구평동,경상사고,0,0,1,0,차량단독 - 전도전복 - 전복,안전운전불이행,건조,맑음,단일로 - 기타,이륜,남,39세,경상,,,,
2017102200100077,2017년 10월 22일 03시,일요일,부산광역시 동래구 명륜동,경상사고,0,0,1,0,차대차 - 추돌,안전거리미확보,건조,맑음,교차로 - 교차로안,승용,남,31세,상해없음,승용,남,51세,경상
2017102200100078,2017년 10월 22일 03시,일요일,부산광역시 부산진구 부전동,중상사고,0,1,0,0,차대차 - 측면충돌,차로위반,건조,맑음,단일로 - 기타,승용,남,63세,상해없음,원동기,남,33세,중상
2017102200100096,2017년 10월 22일 05시,일요일,부산광역시 부산진구 개금동,중상사고,0,1,0,0,차대사람 - 횡단중,안전운전불이행,건조,맑음,교차로 - 교차로부근,승용,남,67세,상해없음,보행자,남,76세,중상
2017102200100106,2017년 10월 22일 06시,일요일,부산광역시 서구 남부민동,중상사고,0,1,0,0,차대사람 - 기타,안전운전불이행,건조,맑음,단일로 - 기타,승용,여,59세,상해없음,보행자,여,71세,중상
2017102200100131,2017년 10월 22일 08시,일요일,부산광역시 기장군 정관읍,중상사고,0,1,0,0,차대차 - 측면충돌,신호위반,건조,맑음,교차로 - 교차로안,승용,남,54세,상해없음,승용,남,40세,중상
2017102200100167,2017년 10월 22일 10시,일요일,부산광역시 금정구 청룡동,경상사고,0,0,1,0,차대차 - 기타,기타,건조,맑음,단일로 - 기타,이륜,남,33세,경상,승용,남,55세,상해없음
2017102200100193,2017년 10월 22일 11시,일요일,부산광역시 강서구 명지동,경상사고,0,0,1,0,차대차 - 정면충돌,안전운전불이행,건조,맑음,단일로 - 지하차도(도로)내,원동기,남,61세,상해없음,자전거,남,8세,경상
2017102200100194,2017년 10월 22일 11시,일요일,부산광역시 부산진구 개금동,경상사고,0,0,1,0,차대차 - 측면충돌,교차로운행방법위반,건조,맑음,교차로 - 교차로안,승용,남,43세,상해없음,이륜,남,53세,경상
2017102200100219,2017년 10월 22일 12시,일요일,부산광역시 남구 용호동,중상사고,0,1,0,0,차대사람 - 기타,중앙선침범,건조,맑음,교차로 - 교차로안,승용,여,47세,상해없음,보행자,남,68세,중상
2017102200100244,2017년 10월 22일 13시,일요일,부산광역시 부산진구 부전동,중상사고,0,1,0,0,차대차 - 기타,기타,건조,맑음,단일로 - 기타,승용,여,44세,상해없음,이륜,남,39세,중상
2017102200100274,2017년 10월 22일 14시,일요일,부산광역시 중구 대청동1가,중상사고,0,1,1,0,차대사람 - 횡단중,신호위반,건조,맑음,단일로 - 기타,승용,여,36세,상해없음,보행자,남,51세,경상
2017102200100275,2017년 10월 22일 14시,일요일,부산광역시 동구 좌천동,경상사고,0,0,1,0,차대차 - 추돌,안전운전불이행,건조,맑음,교차로 - 교차로부근,승용,남,36세,상해없음,승용,남,63세,경상
2017102200100276,2017년 10월 22일 14시,일요일,부산광역시 북구 덕천동,경상사고,0,0,1,0,차대차 - 기타,직진우회전진행방해,건조,맑음,교차로 - 교차로안,승용,여,54세,상해없음,자전거,남,12세,경상
2017102200100277,2017년 10월 22일 14시,일요일,부산광역시 동래구 온천동,경상사고,0,0,3,0,차대차 - 추돌,안전거리미확보,건조,맑음,단일로 - 기타,승용,남,35세,상해없음,승용,남,32세,경상
2017102200100278,2017년 10월 22일 14시,일요일,부산광역시 해운대구 좌동,경상사고,0,0,1,0,차대사람 - 기타,안전운전불이행,건조,맑음,단일로 - 기타,승용,남,58세,기타불명,보행자,남,15세,경상
2017102200100279,2017년 10월 22일 14시,일요일,부산광역시 사하구 신평동,경상사고,0,0,1,0,차대차 - 기타,안전운전불이행,건조,맑음,교차로 - 교차로안,승합,남,30세,상해없음,승용,남,67세,경상
2017102200100363,2017년 10월 22일 16시,일요일,부산광역시 북구 덕천동,경상사고,0,0,1,0,차대차 - 측면충돌,안전거리미확보,건조,맑음,단일로 - 기타,승용,여,56세,상해없음,원동기,남,45세,경상
2017102200100403,2017년 10월 22일 17시,일요일,부산광역시 북구 만덕동,부상신고사고,0,0,0,1,차대차 - 측면충돌,신호위반,건조,맑음,교차로 - 교차로안,이륜,남,56세,상해없음,이륜,남,18세,부상신고
2017102200100404,2017년 10월 22일 17시,일요일,부산광역시 북구 덕천동,경상사고,0,0,1,0,차대차 - 기타,신호위반,건조,맑음,교차로 - 교차로안,승용,남,56세,상해없음,이륜,남,56세,경상
2017102200100405,2017년 10월 22일 17시,일요일,부산광역시 동래구 온천동,경상사고,0,0,1,0,차대사람 - 길가장자리구역통행중,안전운전불이행,건조,맑음,단일로 - 기타,승용,남,30세,상해없음,보행자,남,63세,경상
2017102200100433,2017년 10월 22일 18시,일요일,부산광역시 북구 화명동,경상사고,0,0,1,0,차대차 - 측면충돌,교차로운행방법위반,건조,맑음,교차로 - 교차로안,승용,남,56세,상해없음,자전거,남,48세,경상
2017102200100434,2017년 10월 22일 18시,일요일,부산광역시 해운대구 좌동,경상사고,0,0,1,0,차대차 - 측면충돌,안전운전불이행,건조,맑음,단일로 - 기타,승용,여,22세,상해없음,승용,여,28세,경상
2017102200100487,2017년 10월 22일 19시,일요일,부산광역시 연제구 연산동,경상사고,0,0,1,0,차대차 - 기타,안전운전불이행,건조,맑음,단일로 - 기타,승용,남,70세,상해없음,승용,남,26세,경상
2017102200100511,2017년 10월 22일 20시,일요일,부산광역시 부산진구 당감동,중상사고,0,1,0,0,차대사람 - 기타,안전운전불이행,건조,맑음,교차로 - 교차로안,승용,남,56세,상해없음,보행자,여,23세,중상
2017102200100542,2017년 10월 22일 21시,일요일,부산광역시 남구 감만동,중상사고,0,1,0,0,차대차 - 측면충돌,안전거리미확보,건조,맑음,단일로 - 기타,승용,남,61세,상해없음,이륜,남,18세,중상
2017102200100543,2017년 10월 22일 21시,일요일,부산광역시 금정구 부곡동,경상사고,0,0,6,0,차대차 - 추돌,안전거리미확보,건조,맑음,교차로 - 교차로부근,승합,남,52세,상해없음,승용,여,38세,경상
2017102200100564,2017년 10월 22일 22시,일요일,부산광역시 해운대구 반송동,경상사고,0,0,1,0,차대사람 - 길가장자리구역통행중,안전운전불이행,건조,맑음,교차로 - 교차로안,승용,남,26세,상해없음,보행자,여,55세,경상
2017102200100565,2017년 10월 22일 22시,일요일,부산광역시 해운대구 반송동,중상사고,0,1,0,0,차대차 - 정면충돌,중앙선침범,건조,맑음,단일로 - 기타,승용,남,27세,상해없음,이륜,남,35세,중상
2017102200100566,2017년 10월 22일 22시,일요일,부산광역시 강서구 대저1동,중상사고,0,1,0,0,차대차 - 기타,안전운전불이행,건조,맑음,단일로 - 기타,승용,여,51세,상해없음,승용,여,54세,중상
2017102300100037,2017년 10월 23일 02시,월요일,부산광역시 부산진구 전포동,경상사고,0,0,1,1,차대차 - 측면충돌,안전거리미확보,건조,맑음,단일로 - 기타,승용,남,55세,상해없음,이륜,남,16세,부상신고
2017102300100038,2017년 10월 23일 02시,월요일,부산광역시 사하구 괴정동,경상사고,0,0,1,0,차대차 - 기타,신호위반,건조,맑음,교차로 - 교차로안,승용,남,71세,상해없음,승용,남,38세,경상
2017102300100054,2017년 10월 23일 05시,월요일,부산광역시 중구 중앙동4가,경상사고,0,0,1,0,차대차 - 측면충돌,안전운전불이행,건조,맑음,단일로 - 기타,화물,남,64세,기타불명,화물,여,57세,경상
2017102300100055,2017년 10월 23일 05시,월요일,부산광역시 동래구 온천동,경상사고,0,0,1,0,차대차 - 추돌,안전운전불이행,건조,맑음,단일로 - 기타,승용,남,71세,경상,승합,남,60세,상해없음
2017102300100092,2017년 10월 23일 07시,월요일,부산광역시 해운대구 반여동,중상사고,0,2,5,4,차대차 - 측면충돌,안전운전불이행,건조,맑음,단일로 - 기타,화물,남,61세,경상,승합,남,36세,부상신고
2017102300100093,2017년 10월 23일 07시,월요일,부산광역시 강서구 대저1동,경상사고,0,0,4,0,차대차 - 추돌,안전거리미확보,건조,맑음,단일로 - 기타,승용,남,60세,상해없음,승용,여,59세,경상
2017102300100124,2017년 10월 23일 08시,월요일,부산광역시 강서구 명지동,중상사고,0,1,0,0,차대차 - 측면충돌,차로위반,건조,맑음,교차로 - 교차로부근,건설기계,남,49세,상해없음,승용,남,26세,중상
2017102300100170,2017년 10월 23일 09시,월요일,부산광역시 동래구 온천동,경상사고,0,0,1,0,차량단독 - 기타,기타,건조,맑음,단일로 - 기타,승합,남,60세,상해없음,,,,
2017102300100171,2017년 10월 23일 09시,월요일,부산광역시 부산진구 가야동,중상사고,0,1,0,0,차대차 - 측면충돌,중앙선침범,건조,맑음,단일로 - 기타,승용,여,54세,상해없음,이륜,남,63세,중상
2017102300100199,2017년 10월 23일 10시,월요일,부산광역시 동구 초량동,경상사고,0,0,1,0,차대차 - 측면충돌,교차로운행방법위반,건조,맑음,교차로 - 교차로안,승용,여,43세,상해없음,승용,남,53세,경상
2017102300100200,2017년 10월 23일 10시,월요일,부산광역시 서구 남부민동,경상사고,0,0,1,0,차대사람 - 길가장자리구역통행중,안전운전불이행,건조,맑음,단일로 - 기타,화물,남,64세,상해없음,보행자,여,51세,경상
2017102300100201,2017년 10월 23일 10시,월요일,부산광역시 해운대구 좌동,경상사고,0,0,1,0,차대사람 - 기타,안전운전불이행,건조,맑음,교차로 - 교차로부근,승용,여,54세,상해없음,보행자,여,52세,경상
2017102300100233,2017년 10월 23일 11시,월요일,부산광역시 금정구 남산동,경상사고,0,0,1,0,차대차 - 추돌,안전거리미확보,건조,맑음,단일로 - 기타,화물,남,24세,상해없음,승용,여,60세,상해없음
2017102300100234,2017년 10월 23일 11시,월요일,부산광역시 강서구 대저1동,사망사고,1,0,0,0,차대사람 - 차도통행중,안전운전불이행,건조,맑음,단일로 - 기타,승용,여,39세,상해없음,보행자,남,80세,사망
2017102300100264,2017년 10월 23일 12시,월요일,부산광역시 남구 용호동,중상사고,0,1,0,0,차대차 - 측면충돌,안전운전불이행,건조,맑음,단일로 - 기타,승용,여,36세,상해없음,이륜,남,55세,중상
2017102300100265,2017년 10월 23일 12시,월요일,부산광역시 기장군 기장읍,중상사고,0,1,0,0,차대차 - 측면충돌,안전운전불이행,건조,맑음,교차로 - 교차로안,이륜,남,55세,중상,승용,여,57세,상해없음
2017102300100291,2017년 10월 23일 13시,월요일,부산광역시 남구 문현동,경상사고,0,0,2,0,차대차 - 기타,기타,건조,맑음,단일로 - 기타,특수,남,58세,상해없음,승용,남,35세,경상
2017102300100292,2017년 10월 23일 13시,월요일,부산광역시 사하구 하단동,경상사고,0,0,1,0,차대차 - 측면충돌,안전운전불이행,건조,맑음,단일로 - 기타,화물,남,26세,상해없음,자전거,남,77세,경상
2017102300100325,2017년 10월 23일 14시,월요일,부산광역시 사하구 하단동,중상사고,0,1,0,0,차대차 - 추돌,안전운전불이행,건조,맑음,교차로 - 교차로부근,특수,남,60세,상해없음,승용,여,49세,중상
2017102300100371,2017년 10월 23일 15시,월요일,부산광역시 서구 남부민동,중상사고,0,1,0,0,차대차 - 기타,안전운전불이행,건조,맑음,단일로 - 기타,승용,남,58세,상해없음,승합,남,56세,상해없음
2017102300100372,2017년 10월 23일 15시,월요일,부산광역시 해운대구 우동,경상사고,0,0,1,0,차대차 - 측면충돌,교차로운행방법위반,건조,맑음,교차로 - 교차로안,승용,여,47세,상해없음,승용,여,41세,경상
2017102300100412,2017년 10월 23일 16시,월요일,부산광역시 남구 대연동,경상사고,0,0,2,0,차대차 - 기타,차로위반,건조,맑음,단일로 - 기타,승용,남,58세,상해없음,이륜,남,16세,경상
2017102300100413,2017년 10월 23일 16시,월요일,부산광역시 남구 용호동,경상사고,0,0,1,0,차대차 - 기타,차로위반,건조,맑음,단일로 - 기타,승용,남,31세,상해없음,이륜,남,36세,경상
2017102300100414,2017년 10월 23일 16시,월요일,부산광역시 영도구 동삼동,경상사고,0,0,1,0,차대차 - 기타,안전운전불이행,건조,맑음,단일로 - 기타,개인형이동수단(PM),남,10세,경상,승용,여,54세,상해없음
2017102300100456,2017년 10월 23일 17시,월요일,부산광역시 북구 화명동,경상사고,0,0,3,0,차대차 - 기타,중앙선침범,건조,맑음,단일로 - 기타,승용,여,54세,상해없음,승용,여,36세,경상
2017102300100508,2017년 10월 23일 18시,월요일,부산광역시 해운대구 재송동,경상사고,0,0,1,0,차대사람 - 횡단중,안전운전불이행,건조,맑음,교차로 - 교차로부근,원동기,남,68세,상해없음,보행자,여,50세,경상
2017102300100509,2017년 10월 23일 18시,월요일,부산광역시 기장군 정관읍,경상사고,0,0,3,0,차대차 - 추돌,안전운전불이행,건조,맑음,교차로 - 교차로부근,승용,여,51세,경상,승용,여,38세,경상
2017102300100574,2017년 10월 23일 19시,월요일,부산광역시 남구 대연동,중상사고,0,1,0,0,차대사람 - 기타,중앙선침범,건조,맑음,단일로 - 기타,승합,남,26세,상해없음,보행자,남,35세,중상
2017102300100575,2017년 10월 23일 19시,월요일,부산광역시 남구 문현동,경상사고,0,0,2,0,차대차 - 기타,안전운전불이행,건조,맑음,단일로 - 기타,화물,남,55세,상해없음,승용,남,25세,경상
2017102300100576,2017년 10월 23일 19시,월요일,부산광역시 부산진구 초읍동,사망사고,1,0,0,0,차대사람 - 기타,안전운전불이행,건조,맑음,단일로 - 기타,승합,남,65세,상해없음,보행자,여,45세,사망
2017102300100577,2017년 10월 23일 19시,월요일,부산광역시 사하구 장림동,중상사고,0,1,1,0,차대차 - 정면충돌,안전운전불이행,건조,맑음,기타 - 기타,승용,남,30세,경상,승용,여,48세,중상
2017102300100657,2017년 10월 23일 21시,월요일,부산광역시 북구 화명동,경상사고,0,0,1,0,차대사람 - 기타,안전운전불이행,건조,맑음,단일로 - 기타,승용,여,43세,상해없음,보행자,여,55세,경상
2017102300100684,2017년 10월 23일 22시,월요일,부산광역시 해운대구 우동,경상사고,0,0,3,0,차대차 - 측면충돌,신호위반,건조,맑음,교차로 - 교차로안,승용,남,51세,상해없음,승용,남,20세,경상
2017102300100711,2017년 10월 23일 23시,월요일,부산광역시 북구 금곡동,사망사고,1,0,0,0,차대사람 - 횡단중,안전운전불이행,건조,맑음,단일로 - 기타,승용,남,60세,상해없음,보행자,남,55세,사망
2017102300100712,2017년 10월 23일 23시,월요일,부산광역시 해운대구 반여동,경상사고,0,0,1,0,차대사람 - 횡단중,보행자보호의무위반,건조,맑음,교차로 - 교차로횡단보도내,승용,남,46세,상해없음,보행자,여,70세,경상
2017102300100713,2017년 10월 23일 23시,월요일,부산광역시 해운대구 중동,경상사고,0,0,1,0,차대차 - 기타,안전운전불이행,건조,맑음,단일로 - 기타,승용,여,64세,상해없음,원동기,남,34세,경상
2017102400100024,2017년 10월 24일 00시,화요일,부산광역시 동래구 온천동,경상사고,0,0,1,0,차대사람 - 길가장자리구역통행중,안전운전불이행,건조,맑음,단일로 - 기타,승용,여,23세,상해없음,보행자,남,58세,경상
2017102400100025,2017년 10월 24일 00시,화요일,부산광역시 부산진구 부전동,중상사고,0,1,0,0,차대차 - 기타,중앙선침범,건조,맑음,교차로 - 교차로부근,승용,남,46세,상해없음,이륜,남,55세,중상
2017102400100026,2017년 10월 24일 00시,화요일,부산광역시 부산진구 개금동,중상사고,0,1,0,1,차대차 - 측면충돌,교차로운행방법위반,건조,맑음,교차로 - 교차로안,승용,남,72세,부상신고,승용,여,59세,중상
2017102400100027,2017년 10월 24일 00시,화요일,부산광역시 사상구 괘법동,경상사고,0,0,2,0,차대차 - 추돌,안전운전불이행,건조,맑음,단일로 - 기타,승용,남,35세,상해없음,승용,남,62세,경상
2017102400100069,2017년 10월 24일 05시,화요일,부산광역시 북구 구포동,중상사고,0,1,0,0,차대사람 - 횡단중,안전운전불이행,건조,맑음,교차로 - 교차로안,화물,남,54세,상해없음,보행자,여,67세,중상
2017102400100087,2017년 10월 24일 06시,화요일,부산광역시 동구 초량동,경상사고,0,0,3,0,차대사람 - 횡단중,신호위반,건조,맑음,교차로 - 교차로안,승합,남,60세,상해없음,보행자,여,56세,경상
2017102400100088,2017년 10월 24일 06시,화요일,부산광역시 수영구 광안동,중상사고,0,1,0,0,차대차 - 측면충돌,안전운전불이행,건조,맑음,교차로 - 교차로안,승용,여,49세,상해없음,이륜,남,62세,중상
2017102400100089,2017년 10월 24일 06시,화요일,부산광역시 금정구 회동동,경상사고,0,0,2,0,차대차 - 추돌,안전운전불이행,건조,맑음,단일로 - 기타,화물,남,31세,상해없음,승용,남,46세,경상
2017102400100138,2017년 10월 24일 08시,화요일,부산광역시 사하구 장림동,중상사고,0,1,0,0,차대차 - 측면충돌,신호위반,건조,맑음,교차로 - 교차로안,승용,여,42세,상해없음,이륜,여,35세,중상
2017102400100173,2017년 10월 24일 09시,화요일,부산광역시 동래구 수안동,경상사고,0,0,1,0,차량단독 - 기타,기타,건조,맑음,단일로 - 기타,승용,남,67세,상해없음,,,,
2017102400100174,2017년 10월 24일 09시,화요일,부산광역시 영도구 남항동2가,경상사고,0,0,1,0,차대차 - 측면충돌,안전운전불이행,건조,맑음,단일로 - 기타,이륜,남,47세,상해없음,이륜,남,54세,경상
2017102400100223,2017년 10월 24일 10시,화요일,부산광역시 동래구 안락동,중상사고,0,1,0,0,차대사람 - 길가장자리구역통행중,안전운전불이행,건조,맑음,단일로 - 기타,승합,남,60세,상해없음,보행자,남,42세,중상
2017102400100224,2017년 10월 24일 10시,화요일,부산광역시 사상구 모라동,중상사고,0,1,0,0,차대사람 - 차도통행중,안전운전불이행,건조,맑음,단일로 - 기타,승합,남,42세,상해없음,보행자,남,49세,중상
2017102400100251,2017년 10월 24일 11시,화요일,부산광역시 남구 문현동,중상사고,0,1,0,0,차대사람 - 횡단중,안전운전불이행,건조,맑음,단일로 - 기타,화물,남,74세,상해없음,보행자,남,80세,중상