사고번호,사고일시,요일,시군구,사고내용,사망자수,중상자수,경상자수,부상신고자수,사고유형,법규위반,노면상태,기상상태,도로형태,가해운전자 차종,가해운전자 성별,가해운전자 연령,가해운전자 상해정도,피해운전자 차종,피해운전자 성별,피해운전자 연령,피해운전자 상해정도
2017102400100279,2017년 10월 24일 12시,화요일,부산광역시 영도구 동삼동,경상사고,0,0,2,0,차대차 - 추돌,안전운전불이행,건조,맑음,단일로 - 기타,화물,남,51세,상해없음,승용,여,39세,경상
2017102400100280,2017년 10월 24일 12시,화요일,부산광역시 금정구 부곡동,경상사고,0,0,1,0,차대사람 - 길가장자리구역통행중,안전운전불이행,건조,맑음,교차로 - 교차로안,화물,남,52세,상해없음,보행자,여,17세,경상
2017102400100351,2017년 10월 24일 14시,화요일,부산광역시 남구 감만동,중상사고,0,1,0,0,차대사람 - 횡단중,안전운전불이행,젖음/습기,비,단일로 - 기타,승용,남,44세,상해없음,보행자,남,75세,중상
2017102400100352,2017년 10월 24일 14시,화요일,부산광역시 금정구 서동,경상사고,0,0,3,0,차대차 - 기타,중앙선침범,젖음/습기,비,단일로 - 기타,이륜,남,52세,상해없음,승용,여,38세,경상
2017102400100353,2017년 10월 24일 14시,화요일,부산광역시 사하구 하단동,부상신고사고,0,0,0,1,차량단독 - 공작물충돌,안전운전불이행,건조,맑음,단일로 - 기타,승용,여,44세,부상신고,,,,
2017102400100385,2017년 10월 24일 15시,화요일,부산광역시 남구 대연동,경상사고,0,0,1,0,차대사람 - 횡단중,보행자보호의무위반,젖음/습기,비,교차로 - 교차로안,승용,남,29세,상해없음,보행자,여,68세,경상
2017102400100386,2017년 10월 24일 15시,화요일,부산광역시 동래구 명륜동,경상사고,0,0,1,0,차대차 - 기타,차로위반,젖음/습기,비,단일로 - 기타,승용,남,65세,상해없음,승용,남,52세,경상
2017102400100387,2017년 10월 24일 15시,화요일,부산광역시 연제구 연산동,경상사고,0,0,1,0,차대사람 - 기타,안전운전불이행,젖음/습기,비,교차로 - 교차로안,화물,남,38세,상해없음,보행자,여,63세,경상
2017102400100388,2017년 10월 24일 15시,화요일,부산광역시 사상구 감전동,경상사고,0,0,1,0,차대사람 - 기타,안전운전불이행,젖음/습기,비,교차로 - 교차로부근,승합,남,39세,상해없음,보행자,여,54세,경상
2017102400100414,2017년 10월 24일 16시,화요일,부산광역시 동구 초량동,경상사고,0,0,1,0,차대차 - 기타,교차로운행방법위반,젖음/습기,비,교차로 - 교차로안,승용,여,47세,상해없음,이륜,남,45세,경상
2017102400100415,2017년 10월 24일 16시,화요일,부산광역시 해운대구 우동,경상사고,0,0,1,0,차대차 - 추돌,안전운전불이행,젖음/습기,비,교차로 - 교차로부근,승용,남,70세,상해없음,승용,여,42세,경상
2017102400100451,2017년 10월 24일 17시,화요일,부산광역시 동구 초량동,중상사고,0,1,0,0,차대차 - 기타,차로위반,젖음/습기,비,단일로 - 기타,승용,남,68세,상해없음,이륜,남,38세,중상
2017102400100452,2017년 10월 24일 17시,화요일,부산광역시 동구 초량동,중상사고,0,1,0,0,차량단독 - 기타,안전운전불이행,젖음/습기,비,단일로 - 기타,승합,남,57세,상해없음,,,,
2017102400100453,2017년 10월 24일 17시,화요일,부산광역시 남구 대연동,경상사고,0,0,1,0,차대차 - 측면충돌,차로위반,젖음/습기,비,단일로 - 기타,승용,여,23세,상해없음,원동기,남,28세,경상
2017102400100454,2017년 10월 24일 17시,화요일,부산광역시 강서구 명지동,중상사고,0,1,0,0,차대차 - 기타,신호위반,건조,맑음,교차로 - 교차로안,화물,남,64세,상해없음,이륜,남,20세,중상
2017102400100494,2017년 10월 24일 18시,화요일,부산광역시 중구 중앙동2가,경상사고,0,0,1,0,차대차 - 추돌,신호위반,젖음/습기,맑음,교차로 - 교차로안,원동기,여,17세,경상,승용,남,56세,상해없음
2017102400100495,2017년 10월 24일 18시,화요일,부산광역시 남구 우암동,중상사고,0,1,1,0,차대차 - 기타,신호위반,건조,맑음,교차로 - 교차로안,원동기,남,77세,중상,승용,남,38세,경상
2017102400100496,2017년 10월 24일 18시,화요일,부산광역시 부산진구 부전동,경상사고,0,0,1,0,차대사람 - 횡단중,보행자보호의무위반,건조,맑음,교차로 - 교차로부근,원동기,남,19세,상해없음,보행자,남,21세,경상
2017102400100559,2017년 10월 24일 19시,화요일,부산광역시 북구 덕천동,경상사고,0,0,1,0,차대차 - 추돌,차로위반,젖음/습기,흐림,단일로 - 기타,승용,남,56세,상해없음,이륜,남,14세,경상
2017102400100601,2017년 10월 24일 20시,화요일,부산광역시 북구 덕천동,중상사고,0,1,0,0,차대사람 - 기타,안전운전불이행,젖음/습기,흐림,단일로 - 기타,화물,남,39세,상해없음,보행자,남,61세,중상
2017102400100602,2017년 10월 24일 20시,화요일,부산광역시 금정구 구서동,중상사고,0,1,0,0,차대차 - 측면충돌,안전운전불이행,건조,맑음,교차로 - 교차로안,승용,여,57세,상해없음,원동기,남,20세,중상
2017102400100666,2017년 10월 24일 22시,화요일,부산광역시 서구 남부민동,사망사고,1,0,0,0,차대사람 - 기타,안전운전불이행,건조,맑음,교차로 - 교차로횡단보도내,승용,여,38세,상해없음,보행자,남,63세,사망
2017102400100667,2017년 10월 24일 22시,화요일,부산광역시 부산진구 전포동,경상사고,0,0,1,0,차대차 - 기타,신호위반,건조,맑음,교차로 - 교차로안,승용,남,68세,상해없음,이륜,남,32세,경상
2017102400100668,2017년 10월 24일 22시,화요일,부산광역시 금정구 장전동,중상사고,0,1,0,0,차대사람 - 길가장자리구역통행중,안전운전불이행,건조,맑음,단일로 - 기타,승용,남,30세,상해없음,보행자,여,20세,중상
2017102400100696,2017년 10월 24일 23시,화요일,부산광역시 연제구 거제동,중상사고,0,1,0,0,차대사람 - 횡단중,안전운전불이행,건조,맑음,단일로 - 기타,승용,남,45세,상해없음,보행자,남,52세,중상
2017102500100137,2017년 10월 25일 08시,수요일,부산광역시 해운대구 재송동,경상사고,0,0,1,0,차대사람 - 길가장자리구역통행중,안전운전불이행,건조,맑음,단일로 - 기타,화물,남,47세,상해없음,보행자,여,32세,경상
2017102500100182,2017년 10월 25일 09시,수요일,부산광역시 영도구 봉래동1가,중상사고,0,1,0,0,차대사람 - 횡단중,안전운전불이행,건조,맑음,교차로 - 교차로안,승용,여,52세,상해없음,보행자,여,68세,중상
2017102500100183,2017년 10월 25일 09시,수요일,부산광역시 부산진구 개금동,중상사고,0,1,0,0,차량단독 - 기타,안전운전불이행,건조,맑음,교차로 - 교차로안,승합,남,53세,상해없음,,,,
2017102500100227,2017년 10월 25일 10시,수요일,부산광역시 강서구 녹산동,경상사고,0,0,1,0,차대차 - 기타,안전운전불이행,건조,맑음,단일로 - 기타,화물,남,53세,상해없음,승용,남,47세,경상
2017102500100256,2017년 10월 25일 11시,수요일,부산광역시 북구 금곡동,경상사고,0,0,4,0,차대차 - 추돌,안전운전불이행,건조,맑음,단일로 - 기타,승용,남,25세,상해없음,승합,남,37세,경상
2017102500100257,2017년 10월 25일 11시,수요일,부산광역시 금정구 서동,경상사고,0,0,1,0,차대차 - 추돌,안전운전불이행,건조,맑음,교차로 - 교차로부근,승용,남,62세,상해없음,승용,남,35세,경상
2017102500100297,2017년 10월 25일 12시,수요일,부산광역시 북구 덕천동,경상사고,0,0,3,0,차대차 - 추돌,안전운전불이행,건조,맑음,단일로 - 기타,승용,여,47세,상해없음,승용,남,30세,경상
2017102500100298,2017년 10월 25일 12시,수요일,부산광역시 사하구 구평동,경상사고,0,0,1,0,차량단독 - 기타,안전운전불이행,건조,맑음,단일로 - 기타,승합,남,68세,상해없음,,,,
2017102500100359,2017년 10월 25일 14시,수요일,부산광역시 동래구 명장동,경상사고,0,0,1,0,차대차 - 기타,안전거리미확보,건조,맑음,교차로 - 교차로안,승용,남,44세,상해없음,승용,남,62세,상해없음
2017102500100360,2017년 10월 25일 14시,수요일,부산광역시 금정구 남산동,경상사고,0,0,3,0,차대차 - 측면충돌,차로위반,건조,맑음,단일로 - 기타,원동기,남,63세,경상,승용,여,34세,경상
2017102500100393,2017년 10월 25일 15시,수요일,부산광역시 중구 부평동2가,중상사고,0,1,0,0,차대사람 - 보도통행중,보행자보호의무위반,건조,맑음,단일로 - 기타,승용,여,56세,상해없음,보행자,남,74세,중상
2017102500100394,2017년 10월 25일 15시,수요일,부산광역시 부산진구 양정동,중상사고,0,1,0,0,차대차 - 기타,안전운전불이행,건조,맑음,교차로 - 교차로부근,이륜,남,17세,상해없음,승합,남,37세,상해없음
2017102500100395,2017년 10월 25일 15시,수요일,부산광역시 부산진구 부전동,경상사고,0,0,2,0,차대차 - 기타,안전운전불이행,건조,맑음,단일로 - 기타,이륜,남,44세,경상,이륜,남,23세,경상
2017102500100438,2017년 10월 25일 16시,수요일,부산광역시 사하구 감천동,경상사고,0,0,1,0,차대사람 - 기타,안전운전불이행,건조,맑음,단일로 - 기타,승합,남,65세,상해없음,보행자,여,70세,경상
2017102500100473,2017년 10월 25일 17시,수요일,부산광역시 동구 범일동,경상사고,0,0,1,0,차량단독 - 기타,기타,건조,맑음,단일로 - 기타,승합,남,52세,상해없음,,,,
2017102500100474,2017년 10월 25일 17시,수요일,부산광역시 동래구 사직동,중상사고,0,1,0,0,차대차 - 추돌,안전운전불이행,건조,맑음,단일로 - 기타,화물,남,43세,상해없음,승용,남,37세,중상
2017102500100475,2017년 10월 25일 17시,수요일,부산광역시 동래구 안락동,경상사고,0,0,1,0,차대차 - 기타,중앙선침범,건조,맑음,단일로 - 기타,승용,여,39세,상해없음,승용,여,45세,경상
2017102500100522,2017년 10월 25일 18시,수요일,부산광역시 중구 부평동1가,중상사고,0,1,1,0,차대사람 - 횡단중,안전운전불이행,건조,맑음,단일로 - 기타,이륜,여,21세,상해없음,보행자,남,54세,경상
2017102500100523,2017년 10월 25일 18시,수요일,부산광역시 해운대구 재송동,경상사고,0,0,1,0,차대사람 - 기타,안전운전불이행,건조,맑음,단일로 - 기타,기타불명,기타불명,미분류,기타불명,보행자,남,46세,경상
2017102500100524,2017년 10월 25일 18시,수요일,부산광역시 부산진구 부암동,중상사고,0,1,0,0,차대사람 - 기타,안전운전불이행,건조,맑음,단일로 - 기타,승합,남,53세,상해없음,보행자,남,56세,중상
2017102500100525,2017년 10월 25일 18시,수요일,부산광역시 부산진구 개금동,경상사고,0,0,6,0,차대차 - 기타,교차로운행방법위반,건조,맑음,교차로 - 교차로부근,승용,남,37세,상해없음,승합,남,60세,상해없음
2017102500100526,2017년 10월 25일 18시,수요일,부산광역시 사하구 하단동,중상사고,0,1,0,0,차대차 - 기타,기타,건조,맑음,단일로 - 기타,승용,남,54세,상해없음,이륜,남,44세,중상
2017102500100527,2017년 10월 25일 18시,수요일,부산광역시 사하구 하단동,경상사고,0,0,1,0,차대사람 - 횡단중,보행자보호의무위반,건조,맑음,교차로 - 교차로횡단보도내,기타불명,기타불명,미분류,기타불명,보행자,여,20세,경상
2017102500100528,2017년 10월 25일 18시,수요일,부산광역시 강서구 대저1동,중상사고,0,1,0,0,차대사람 - 기타,안전운전불이행,건조,맑음,단일로 - 기타,건설기계,남,28세,상해없음,보행자,남,23세,중상
2017102500100529,2017년 10월 25일 18시,수요일,부산광역시 강서구 대저1동,중상사고,0,1,0,0,차대차 - 측면충돌,안전거리미확보,건조,맑음,단일로 - 지하차도(도로)내,승용,남,61세,상해없음,이륜,남,52세,중상
2017102500100530,2017년 10월 25일 18시,수요일,부산광역시 사상구 삼락동,경상사고,0,0,1,0,차대차 - 기타,신호위반,건조,맑음,교차로 - 교차로안,화물,남,65세,상해없음,승용,남,32세,경상
2017102500100531,2017년 10월 25일 18시,수요일,부산광역시 기장군 철마면,경상사고,0,0,1,0,차대차 - 기타,안전운전불이행,건조,맑음,단일로 - 기타,승용,남,71세,상해없음,승용,남,34세,경상
2017102500100599,2017년 10월 25일 19시,수요일,부산광역시 동래구 낙민동,경상사고,0,0,1,0,차대사람 - 횡단중,보행자보호의무위반,건조,맑음,단일로 - 기타,기타불명,기타불명,미분류,기타불명,보행자,여,68세,경상
2017102500100641,2017년 10월 25일 20시,수요일,부산광역시 해운대구 우동,중상사고,0,1,0,0,차대차 - 측면충돌,안전운전불이행,건조,맑음,단일로 - 기타,승용,여,36세,상해없음,이륜,남,28세,중상
2017102500100671,2017년 10월 25일 21시,수요일,부산광역시 사상구 모라동,부상신고사고,0,0,0,2,차대차 - 기타,기타,건조,맑음,단일로 - 기타,승용,남,62세,상해없음,승합,남,65세,상해없음
2017102500100704,2017년 10월 25일 22시,수요일,부산광역시 금정구 구서동,경상사고,0,0,1,0,차대차 - 기타,기타,건조,맑음,교차로 - 교차로안,승용,여,50세,상해없음,승용,남,64세,상해없음
2017102600100016,2017년 10월 26일 00시,목요일,부산광역시 부산진구 당감동,경상사고,0,0,1,0,차대사람 - 기타,안전운전불이행,건조,맑음,단일로 - 기타,승용,남,58세,상해없음,보행자,남,35세,경상
2017102600100054,2017년 10월 26일 03시,목요일,부산광역시 남구 대연동,경상사고,0,0,1,0,차대사람 - 길가장자리구역통행중,안전운전불이행,건조,맑음,단일로 - 기타,승용,남,55세,상해없음,보행자,여,19세,경상
2017102600100065,2017년 10월 26일 05시,목요일,부산광역시 부산진구 당감동,중상사고,0,1,0,0,차대사람 - 횡단중,신호위반,건조,맑음,교차로 - 교차로횡단보도내,이륜,남,22세,상해없음,보행자,여,77세,중상
2017102600100078,2017년 10월 26일 06시,목요일,부산광역시 사상구 주례동,중상사고,0,1,0,0,차대차 - 측면충돌,신호위반,건조,맑음,교차로 - 교차로부근,이륜,남,44세,중상,승용,남,51세,상해없음
2017102600100097,2017년 10월 26일 07시,목요일,부산광역시 수영구 민락동,사망사고,1,1,1,0,차대차 - 추돌,안전운전불이행,건조,맑음,교차로 - 교차로부근,승합,남,46세,사망,승용,남,59세,중상
2017102600100123,2017년 10월 26일 08시,목요일,부산광역시 연제구 연산동,부상신고사고,0,0,0,1,차대차 - 측면충돌,교차로운행방법위반,건조,맑음,교차로 - 교차로안,승용,여,28세,부상신고,화물,남,55세,상해없음
2017102600100154,2017년 10월 26일 09시,목요일,부산광역시 남구 용호동,중상사고,0,1,0,0,차대사람 - 횡단중,안전운전불이행,건조,맑음,교차로 - 교차로안,화물,남,54세,상해없음,보행자,여,68세,중상
2017102600100179,2017년 10월 26일 10시,목요일,부산광역시 연제구 거제동,중상사고,0,1,0,0,차대차 - 측면충돌,직진우회전진행방해,건조,맑음,교차로 - 교차로안,이륜,남,50세,중상,승용,남,54세,상해없음
2017102600100235,2017년 10월 26일 12시,목요일,부산광역시 영도구 대교동2가,경상사고,0,0,1,0,차대사람 - 길가장자리구역통행중,안전운전불이행,건조,맑음,단일로 - 기타,승용,남,46세,상해없음,보행자,여,22세,경상
2017102600100236,2017년 10월 26일 12시,목요일,부산광역시 해운대구 반송동,중상사고,0,1,0,0,차대사람 - 횡단중,안전운전불이행,건조,맑음,교차로 - 교차로안,화물,남,39세,상해없음,보행자,여,51세,중상
2017102600100266,2017년 10월 26일 13시,목요일,부산광역시 수영구 남천동,경상사고,0,0,1,0,차대사람 - 횡단중,보행자보호의무위반,건조,맑음,교차로 - 교차로횡단보도내,승용,남,55세,상해없음,보행자,여,22세,경상
2017102600100297,2017년 10월 26일 14시,목요일,부산광역시 영도구 영선동2가,경상사고,0,0,1,0,차대차 - 기타,안전운전불이행,건조,맑음,교차로 - 교차로안,승용,남,23세,상해없음,승용,남,60세,경상
2017102600100298,2017년 10월 26일 14시,목요일,부산광역시 사하구 괴정동,경상사고,0,0,1,0,차대차 - 기타,안전운전불이행,건조,맑음,단일로 - 기타,승용,여,46세,상해없음,승합,남,59세,상해없음
2017102600100341,2017년 10월 26일 15시,목요일,부산광역시 해운대구 반송동,경상사고,0,0,2,0,차대차 - 기타,안전운전불이행,건조,맑음,교차로 - 교차로부근,화물,남,54세,상해없음,승용,여,37세,상해없음
2017102600100374,2017년 10월 26일 16시,목요일,부산광역시 동래구 명장동,중상사고,0,1,0,0,차대사람 - 횡단중,안전운전불이행,건조,맑음,단일로 - 기타,승용,남,66세,상해없음,보행자,남,69세,중상
2017102600100407,2017년 10월 26일 17시,목요일,부산광역시 동래구 온천동,경상사고,0,0,1,0,차대차 - 추돌,안전운전불이행,건조,맑음,교차로 - 교차로부근,승용,남,46세,상해없음,승용,남,54세,경상
2017102600100408,2017년 10월 26일 17시,목요일,부산광역시 기장군 철마면,경상사고,0,0,1,0,차대차 - 추돌,안전거리미확보,건조,맑음,기타 - 기타,승용,여,54세,상해없음,승용,남,31세,경상
2017102600100445,2017년 10월 26일 18시,목요일,부산광역시 동래구 온천동,경상사고,0,0,2,0,차대사람 - 길가장자리구역통행중,안전운전불이행,건조,맑음,단일로 - 기타,승용,남,20세,상해없음,보행자,남,22세,경상
2017102600100446,2017년 10월 26일 18시,목요일,부산광역시 부산진구 연지동,중상사고,0,1,1,0,차대사람 - 횡단중,보행자보호의무위반,건조,맑음,교차로 - 교차로횡단보도내,승용,남,46세,상해없음,보행자,남,37세,경상
2017102600100447,2017년 10월 26일 18시,목요일,부산광역시 사하구 괴정동,중상사고,0,1,0,0,차대사람 - 횡단중,보행자보호의무위반,건조,맑음,교차로 - 교차로부근,승용,여,35세,상해없음,보행자,여,19세,중상
2017102600100512,2017년 10월 26일 19시,목요일,부산광역시 수영구 광안동,중상사고,0,1,0,0,차대차 - 측면충돌,신호위반,건조,맑음,단일로 - 기타,승용,남,28세,상해없음,이륜,남,37세,중상
2017102600100513,2017년 10월 26일 19시,목요일,부산광역시 남구 문현동,중상사고,0,1,0,0,차대차 - 기타,안전거리미확보,건조,맑음,단일로 - 기타,승용,남,37세,상해없음,승용,남,52세,상해없음
2017102600100514,2017년 10월 26일 19시,목요일,부산광역시 부산진구 범천동,중상사고,0,1,0,0,차대사람 - 기타,안전운전불이행,건조,맑음,교차로 - 교차로안,화물,남,57세,상해없음,보행자,남,59세,중상
2017102600100560,2017년 10월 26일 20시,목요일,부산광역시 부산진구 당감동,경상사고,0,0,1,0,차대차 - 기타,안전운전불이행,건조,맑음,교차로 - 교차로안,승용,남,67세,상해없음,이륜,남,65세,경상
2017102600100588,2017년 10월 26일 21시,목요일,부산광역시 강서구 대저1동,경상사고,0,0,2,0,차대차 - 추돌,안전운전불이행,건조,맑음,기타 - 기타,승용,남,57세,상해없음,승용,남,29세,경상
2017102600100608,2017년 10월 26일 22시,목요일,부산광역시 연제구 연산동,경상사고,0,0,1,0,차대차 - 추돌,안전운전불이행,건조,맑음,단일로 - 기타,이륜,남,23세,상해없음,승용,남,74세,경상
2017102600100633,2017년 10월 26일 23시,목요일,부산광역시 해운대구 반여동,중상사고,0,1,0,0,차대차 - 측면충돌,기타,건조,맑음,교차로 - 교차로안,승용,남,69세,상해없음,이륜,남,19세,중상
2017102700100029,2017년 10월 27일 00시,금요일,부산광역시 부산진구 가야동,중상사고,0,1,0,0,차대차 - 기타,안전거리미확보,건조,맑음,교차로 - 교차로부근,이륜,남,52세,중상,승용,남,65세,상해없음
2017102700100049,2017년 10월 27일 02시,금요일,부산광역시 동구 좌천동,중상사고,0,1,0,0,차대차 - 기타,안전거리미확보,건조,맑음,단일로 - 기타,이륜,남,16세,상해없음,이륜,남,18세,중상
2017102700100052,2017년 10월 27일 03시,금요일,부산광역시 금정구 장전동,경상사고,0,0,1,0,차대차 - 측면충돌,안전운전불이행,건조,맑음,교차로 - 교차로안,승용,남,54세,상해없음,원동기,남,21세,상해없음
2017102700100059,2017년 10월 27일 04시,금요일,부산광역시 북구 만덕동,경상사고,0,0,1,0,차량단독 - 기타,안전운전불이행,건조,맑음,기타 - 기타,승용,남,20세,상해없음,,,,
2017102700100063,2017년 10월 27일 05시,금요일,부산광역시 강서구 송정동,중상사고,0,1,1,0,차대차 - 측면충돌,신호위반,건조,맑음,교차로 - 교차로안,승용,남,41세,상해없음,승용,남,30세,경상
2017102700100070,2017년 10월 27일 06시,금요일,부산광역시 북구 만덕동,중상사고,0,1,0,0,차대사람 - 횡단중,신호위반,건조,맑음,교차로 - 교차로안,승용,여,48세,상해없음,보행자,여,79세,중상
2017102700100094,2017년 10월 27일 07시,금요일,부산광역시 해운대구 우동,경상사고,0,0,1,3,차대차 - 추돌,보행자보호의무위반,건조,맑음,단일로 - 기타,승용,여,48세,부상신고,승용,남,53세,부상신고
2017102700100095,2017년 10월 27일 07시,금요일,부산광역시 부산진구 가야동,경상사고,0,0,1,0,차대차 - 측면충돌,안전운전불이행,건조,맑음,단일로 - 기타,화물,남,57세,상해없음,승용,남,27세,경상
2017102700100096,2017년 10월 27일 07시,금요일,부산광역시 사하구 하단동,중상사고,0,1,0,0,차대사람 - 횡단중,신호위반,건조,맑음,교차로 - 교차로안,승용,남,51세,상해없음,보행자,남,34세,중상
2017102700100136,2017년 10월 27일 08시,금요일,부산광역시 해운대구 우동,중상사고,0,1,0,0,차대사람 - 횡단중,보행자보호의무위반,건조,맑음,단일로 - 기타,승용,여,46세,상해없음,보행자,여,77세,중상
2017102700100137,2017년 10월 27일 08시,금요일,부산광역시 금정구 노포동,부상신고사고,0,0,0,1,차량단독 - 기타,안전운전불이행,건조,맑음,단일로 - 기타,승합,남,56세,상해없음,,,,
2017102700100138,2017년 10월 27일 08시,금요일,부산광역시 기장군 장안읍,경상사고,0,0,1,0,차대차 - 측면충돌,신호위반,건조,맑음,교차로 - 교차로횡단보도내,화물,남,73세,상해없음,자전거,남,26세,경상
2017102700100182,2017년 10월 27일 09시,금요일,부산광역시 동래구 온천동,중상사고,0,1,0,0,차대사람 - 기타,중앙선침범,건조,맑음,단일로 - 기타,승용,남,75세,상해없음,보행자,여,56세,중상
2017102700100183,2017년 10월 27일 09시,금요일,부산광역시 해운대구 재송동,부상신고사고,0,0,0,1,차대차 - 기타,안전거리미확보,건조,맑음,단일로 - 기타,승용,여,33세,부상신고,승합,남,56세,상해없음
2017102700100212,2017년 10월 27일 10시,금요일,부산광역시 영도구 봉래동2가,중상사고,0,1,0,0,차대사람 - 횡단중,안전운전불이행,건조,맑음,단일로 - 기타,승용,남,30세,상해없음,보행자,여,75세,중상
2017102700100257,2017년 10월 27일 11시,금요일,부산광역시 동래구 온천동,경상사고,0,0,1,0,차대차 - 추돌,안전운전불이행,건조,맑음,단일로 - 기타,승용,남,63세,상해없음,승용,남,56세,경상
2017102700100258,2017년 10월 27일 11시,금요일,부산광역시 사하구 하단동,중상사고,0,1,0,0,차대차 - 측면충돌,안전운전불이행,건조,맑음,단일로 - 기타,이륜,남,42세,상해없음,원동기,남,55세,중상
2017102700100259,2017년 10월 27일 11시,금요일,부산광역시 사상구 감전동,중상사고,0,1,0,0,차대사람 - 기타,안전운전불이행,건조,맑음,교차로 - 교차로부근,승합,남,58세,상해없음,보행자,여,73세,중상
2017102700100260,2017년 10월 27일 11시,금요일,부산광역시 기장군 일광면,경상사고,0,0,1,0,차대차 - 측면충돌,안전운전불이행,건조,맑음,단일로 - 기타,승합,남,72세,상해없음,승용,여,51세,상해없음
2017102700100287,2017년 10월 27일 12시,금요일,부산광역시 수영구 광안동,부상신고사고,0,0,0,1,차대사람 - 횡단중,안전운전불이행,건조,맑음,단일로 - 기타,승용,남,35세,상해없음,보행자,여,50세,부상신고
2017102700100320,2017년 10월 27일 13시,금요일,부산광역시 사상구 감전동,경상사고,0,0,1,0,차대차 - 기타,안전운전불이행,건조,맑음,단일로 - 기타,건설기계,남,71세,상해없음,건설기계,남,49세,경상
2017102700100321,2017년 10월 27일 13시,금요일,부산광역시 사상구 엄궁동,경상사고,0,0,1,1,차대차 - 측면충돌,신호위반,건조,맑음,단일로 - 기타,승용,여,56세,부상신고,화물,남,68세,경상
2017102700100358,2017년 10월 27일 14시,금요일,부산광역시 동래구 사직동,경상사고,0,0,1,0,차대사람 - 차도통행중,안전운전불이행,건조,맑음,교차로 - 교차로안,승용,여,55세,상해없음,보행자,남,28세,경상
2017102700100359,2017년 10월 27일 14시,금요일,부산광역시 강서구 명지동,중상사고,0,1,0,0,차대사람 - 횡단중,과속,건조,맑음,단일로 - 기타,승용,여,64세,상해없음,보행자,여,7세,중상
2017102700100435,2017년 10월 27일 16시,금요일,부산광역시 북구 구포동,중상사고,0,1,1,0,차대차 - 추돌,안전운전불이행,건조,맑음,교차로 - 교차로부근,승합,남,73세,상해없음,이륜,남,24세,경상
2017102700100436,2017년 10월 27일 16시,금요일,부산광역시 북구 덕천동,경상사고,0,0,1,0,차대차 - 기타,안전운전불이행,건조,맑음,교차로 - 교차로안,승용,남,69세,상해없음,승용,남,61세,경상
2017102700100437,2017년 10월 27일 16시,금요일,부산광역시 부산진구 부전동,경상사고,0,0,2,0,차대차 - 측면충돌,기타,건조,맑음,교차로 - 교차로안,승용,여,70세,경상,승용,남,44세,경상
2017102700100476,2017년 10월 27일 17시,금요일,부산광역시 서구 충무동1가,경상사고,0,0,3,0,차대차 - 추돌,안전운전불이행,건조,맑음,교차로 - 교차로부근,승용,남,59세,상해없음,승용,남,40세,경상
2017102700100477,2017년 10월 27일 17시,금요일,부산광역시 수영구 남천동,경상사고,0,0,1,0,차대차 - 기타,안전운전불이행,건조,맑음,단일로 - 기타,승용,여,41세,상해없음,이륜,남,48세,경상
2017102700100478,2017년 10월 27일 17시,금요일,부산광역시 남구 대연동,경상사고,0,0,2,0,차대차 - 측면충돌,신호위반,건조,맑음,교차로 - 교차로안,승용,남,42세,상해없음,승용,남,27세,경상
2017102700100479,2017년 10월 27일 17시,금요일,부산광역시 해운대구 송정동,경상사고,0,0,1,0,차대차 - 기타,안전운전불이행,건조,맑음,교차로 - 교차로안,승용,남,66세,상해없음,승용,남,42세,상해없음
2017102700100480,2017년 10월 27일 17시,금요일,부산광역시 사하구 당리동,중상사고,0,1,0,0,차대차 - 측면충돌,안전운전불이행,건조,맑음,교차로 - 교차로안,승용,남,71세,상해없음,승용,여,34세,중상
2017102700100533,2017년 10월 27일 18시,금요일,부산광역시 동래구 수안동,경상사고,0,0,5,0,차대차 - 측면충돌,중앙선침범,건조,맑음,단일로 - 기타,승용,남,58세,상해없음,승용,남,37세,경상
2017102700100534,2017년 10월 27일 18시,금요일,부산광역시 해운대구 재송동,중상사고,0,1,0,1,차대사람 - 횡단중,안전운전불이행,건조,맑음,단일로 - 기타,이륜,남,42세,부상신고,보행자,남,64세,중상
2017102700100535,2017년 10월 27일 18시,금요일,부산광역시 사하구 다대동,중상사고,0,1,0,0,차대차 - 기타,신호위반,건조,맑음,교차로 - 교차로안,화물,남,76세,상해없음,이륜,남,24세,중상
2017102700100610,2017년 10월 27일 19시,금요일,부산광역시 해운대구 우동,중상사고,0,1,1,0,차대차 - 기타,안전운전불이행,건조,맑음,교차로 - 교차로안,승용,여,47세,경상,승용,여,43세,중상
2017102700100611,2017년 10월 27일 19시,금요일,부산광역시 부산진구 부전동,경상사고,0,0,1,0,차대차 - 측면충돌,차로위반,건조,맑음,교차로 - 교차로부근,승용,남,70세,상해없음,승용,남,27세,경상
2017102700100670,2017년 10월 27일 20시,금요일,부산광역시 남구 대연동,중상사고,0,1,1,0,차대차 - 기타,교차로운행방법위반,건조,맑음,교차로 - 교차로안,승용,남,65세,상해없음,승용,남,24세,중상
2017102700100710,2017년 10월 27일 21시,금요일,부산광역시 사하구 다대동,경상사고,0,0,1,1,차대차 - 기타,신호위반,건조,맑음,교차로 - 교차로안,원동기,남,71세,부상신고,승용,여,31세,경상