사고번호,사고일시,요일,시군구,사고내용,사망자수,중상자수,경상자수,부상신고자수,사고유형,법규위반,노면상태,기상상태,도로형태,가해운전자 차종,가해운전자 성별,가해운전자 연령,가해운전자 상해정도,피해운전자 차종,피해운전자 성별,피해운전자 연령,피해운전자 상해정도
2017103100100553,2017년 10월 31일 18시,화요일,부산광역시 동구 범일동,경상사고,0,0,1,0,차대차 - 기타,안전운전불이행,건조,맑음,기타 - 기타,승용,여,56세,상해없음,승용,여,54세,경상
2017103100100554,2017년 10월 31일 18시,화요일,부산광역시 북구 덕천동,중상사고,0,1,3,0,차대차 - 추돌,안전운전불이행,건조,맑음,단일로 - 기타,승용,남,29세,상해없음,승용,남,35세,중상
2017103100100555,2017년 10월 31일 18시,화요일,부산광역시 강서구 구랑동,경상사고,0,0,1,0,차대차 - 추돌,교차로운행방법위반,건조,맑음,교차로 - 교차로안,승용,남,36세,상해없음,승용,남,37세,상해없음
2017103100100623,2017년 10월 31일 19시,화요일,부산광역시 해운대구 우동,경상사고,0,0,2,0,차대차 - 측면충돌,교차로운행방법위반,건조,맑음,교차로 - 교차로안,승용,여,26세,기타불명,승용,여,50세,경상
2017103100100624,2017년 10월 31일 19시,화요일,부산광역시 부산진구 초읍동,경상사고,0,0,1,0,차대사람 - 길가장자리구역통행중,안전운전불이행,건조,맑음,교차로 - 교차로부근,승용,여,28세,상해없음,보행자,남,65세,경상
2017103100100664,2017년 10월 31일 20시,화요일,부산광역시 부산진구 부전동,중상사고,0,1,1,2,차대차 - 측면충돌,신호위반,건조,맑음,교차로 - 교차로안,원동기,남,20세,중상,승용,남,66세,경상
2017103100100690,2017년 10월 31일 21시,화요일,부산광역시 서구 충무동1가,경상사고,0,0,1,0,차대차 - 측면충돌,안전운전불이행,건조,맑음,교차로 - 교차로안,화물,남,65세,상해없음,이륜,남,44세,경상
2017103100100691,2017년 10월 31일 21시,화요일,부산광역시 연제구 연산동,경상사고,0,0,1,0,차대사람 - 기타,안전운전불이행,건조,맑음,기타 - 기타,승용,남,65세,상해없음,보행자,남,41세,경상
2017103100100749,2017년 10월 31일 23시,화요일,부산광역시 남구 대연동,중상사고,0,1,0,0,차대차 - 기타,중앙선침범,건조,맑음,단일로 - 기타,승용,남,46세,상해없음,승용,남,24세,중상
2017110100100025,2017년 11월 1일 00시,수요일,부산광역시 해운대구 반여동,경상사고,0,0,2,0,차대차 - 기타,신호위반,건조,맑음,교차로 - 교차로안,승용,남,63세,상해없음,승용,남,50세,경상
2017110100100050,2017년 11월 1일 01시,수요일,부산광역시 북구 화명동,경상사고,0,0,1,0,차대사람 - 기타,신호위반,건조,맑음,교차로 - 교차로횡단보도내,승용,남,23세,상해없음,보행자,여,49세,경상
2017110100100051,2017년 11월 1일 01시,수요일,부산광역시 금정구 구서동,중상사고,0,2,0,0,차대차 - 정면충돌,중앙선침범,건조,맑음,단일로 - 기타,승용,남,31세,중상,승용,남,44세,중상
2017110100100062,2017년 11월 1일 02시,수요일,부산광역시 서구 동대신동1가,중상사고,0,1,1,0,차대차 - 측면충돌,신호위반,건조,맑음,교차로 - 교차로안,승용,남,45세,상해없음,승용,남,60세,경상
2017110100100083,2017년 11월 1일 05시,수요일,부산광역시 서구 동대신동2가,경상사고,0,0,1,0,차대차 - 기타,안전운전불이행,건조,맑음,단일로 - 기타,화물,남,68세,상해없음,이륜,남,19세,경상
2017110100100084,2017년 11월 1일 05시,수요일,부산광역시 해운대구 석대동,경상사고,0,0,2,0,차대차 - 기타,신호위반,건조,맑음,교차로 - 교차로안,화물,남,53세,상해없음,화물,남,41세,상해없음
2017110100100098,2017년 11월 1일 06시,수요일,부산광역시 남구 대연동,경상사고,0,0,1,0,차대차 - 추돌,안전거리미확보,건조,맑음,단일로 - 기타,승용,남,24세,상해없음,승용,여,52세,경상
2017110100100116,2017년 11월 1일 07시,수요일,부산광역시 금정구 오륜동,경상사고,0,0,1,0,차대차 - 기타,안전거리미확보,건조,맑음,단일로 - 기타,화물,남,52세,상해없음,승용,남,56세,경상
2017110100100149,2017년 11월 1일 08시,수요일,부산광역시 해운대구 송정동,중상사고,0,1,2,0,차대차 - 추돌,안전운전불이행,건조,맑음,교차로 - 교차로안,승용,남,24세,상해없음,승용,여,58세,경상
2017110100100150,2017년 11월 1일 08시,수요일,부산광역시 강서구 대저2동,경상사고,0,0,1,0,차대차 - 기타,안전운전불이행,건조,맑음,단일로 - 기타,승용,남,41세,상해없음,승용,남,63세,경상
2017110100100151,2017년 11월 1일 08시,수요일,부산광역시 강서구 강동동,중상사고,0,1,0,0,차대사람 - 기타,안전운전불이행,건조,맑음,단일로 - 기타,화물,남,23세,상해없음,보행자,여,87세,중상
2017110100100188,2017년 11월 1일 09시,수요일,부산광역시 남구 대연동,중상사고,0,1,0,0,차대사람 - 횡단중,중앙선침범,건조,맑음,단일로 - 기타,자전거,남,69세,상해없음,보행자,여,61세,중상
2017110100100189,2017년 11월 1일 09시,수요일,부산광역시 해운대구 송정동,경상사고,0,0,2,0,차대차 - 기타,안전운전불이행,건조,맑음,교차로 - 교차로부근,건설기계,남,55세,상해없음,승용,여,47세,경상
2017110100100190,2017년 11월 1일 09시,수요일,부산광역시 사상구 덕포동,경상사고,0,0,1,0,차대차 - 측면충돌,안전운전불이행,건조,맑음,단일로 - 기타,자전거,남,77세,경상,화물,남,33세,상해없음
2017110100100221,2017년 11월 1일 10시,수요일,부산광역시 동구 범일동,중상사고,0,1,0,0,차대차 - 기타,안전운전불이행,건조,맑음,단일로 - 고가도로위,승용,남,81세,상해없음,이륜,남,64세,중상
2017110100100247,2017년 11월 1일 11시,수요일,부산광역시 수영구 남천동,중상사고,0,1,0,0,차대차 - 추돌,교차로운행방법위반,건조,맑음,교차로 - 교차로안,승용,여,47세,상해없음,이륜,남,23세,중상
2017110100100248,2017년 11월 1일 11시,수요일,부산광역시 북구 구포동,중상사고,0,2,0,0,차대차 - 측면충돌,안전거리미확보,건조,맑음,단일로 - 기타,승용,여,45세,상해없음,승용,남,30세,중상
2017110100100249,2017년 11월 1일 11시,수요일,부산광역시 동래구 안락동,중상사고,0,1,0,0,차대사람 - 횡단중,안전운전불이행,건조,맑음,교차로 - 교차로안,승용,여,40세,상해없음,보행자,여,70세,중상
2017110100100250,2017년 11월 1일 11시,수요일,부산광역시 해운대구 중동,경상사고,0,0,1,0,차대사람 - 기타,안전운전불이행,건조,맑음,교차로 - 교차로부근,승용,여,27세,상해없음,보행자,남,42세,경상
2017110100100283,2017년 11월 1일 12시,수요일,부산광역시 금정구 금사동,경상사고,0,0,2,0,차대차 - 기타,안전운전불이행,건조,맑음,교차로 - 교차로안,화물,남,54세,상해없음,승용,남,25세,경상
2017110100100284,2017년 11월 1일 12시,수요일,부산광역시 사상구 덕포동,중상사고,0,1,0,0,차대사람 - 횡단중,안전운전불이행,건조,맑음,교차로 - 교차로안,승용,여,44세,상해없음,보행자,여,68세,중상
2017110100100285,2017년 11월 1일 12시,수요일,부산광역시 기장군 일광면,중상사고,0,1,2,0,차대차 - 측면충돌,직진우회전진행방해,건조,맑음,교차로 - 교차로안,승용,여,34세,경상,승용,여,25세,중상
2017110100100311,2017년 11월 1일 13시,수요일,부산광역시 연제구 연산동,중상사고,0,1,1,0,차대차 - 측면충돌,신호위반,건조,맑음,교차로 - 교차로안,승용,남,67세,상해없음,승용,여,54세,중상
2017110100100312,2017년 11월 1일 13시,수요일,부산광역시 강서구 대저2동,중상사고,0,1,0,0,차대차 - 정면충돌,중앙선침범,건조,맑음,단일로 - 기타,승용,남,55세,상해없음,승용,남,33세,중상
2017110100100346,2017년 11월 1일 14시,수요일,부산광역시 수영구 남천동,경상사고,0,0,1,0,차대차 - 기타,중앙선침범,건조,기타,기타 - 기타,승용,남,49세,상해없음,이륜,남,38세,경상
2017110100100347,2017년 11월 1일 14시,수요일,부산광역시 사하구 신평동,중상사고,0,1,0,0,차대차 - 추돌,안전운전불이행,건조,맑음,교차로 - 교차로부근,승용,남,46세,상해없음,승용,여,51세,중상
2017110100100348,2017년 11월 1일 14시,수요일,부산광역시 강서구 범방동,경상사고,0,0,1,0,차대차 - 추돌,안전거리미확보,건조,맑음,단일로 - 기타,화물,남,45세,상해없음,화물,남,39세,경상
2017110100100349,2017년 11월 1일 14시,수요일,부산광역시 기장군 정관읍,중상사고,0,1,0,0,차대차 - 측면충돌,기타,건조,맑음,기타 - 기타,승용,남,31세,상해없음,자전거,남,11세,중상
2017110100100378,2017년 11월 1일 15시,수요일,부산광역시 기장군 기장읍,중상사고,0,1,0,0,차대사람 - 보도통행중,안전운전불이행,건조,맑음,기타 - 기타,이륜,남,16세,상해없음,보행자,여,73세,중상
2017110100100420,2017년 11월 1일 16시,수요일,부산광역시 사하구 다대동,경상사고,0,0,1,0,차대차 - 기타,안전운전불이행,건조,맑음,교차로 - 교차로부근,원동기,남,27세,상해없음,승합,남,62세,상해없음
2017110100100458,2017년 11월 1일 17시,수요일,부산광역시 금정구 장전동,경상사고,0,0,1,0,차대차 - 측면충돌,교차로운행방법위반,건조,맑음,교차로 - 교차로안,승용,여,49세,상해없음,화물,남,55세,경상
2017110100100459,2017년 11월 1일 17시,수요일,부산광역시 사상구 모라동,경상사고,0,0,1,0,차대차 - 측면충돌,교차로운행방법위반,건조,맑음,교차로 - 교차로안,승용,남,50세,상해없음,승용,남,53세,경상
2017110100100513,2017년 11월 1일 18시,수요일,부산광역시 연제구 거제동,중상사고,0,1,5,2,차대차 - 측면충돌,안전거리미확보,건조,맑음,단일로 - 기타,승합,남,60세,상해없음,승합,남,42세,상해없음
2017110100100589,2017년 11월 1일 19시,수요일,부산광역시 사하구 신평동,경상사고,0,0,1,0,차대차 - 추돌,안전운전불이행,건조,맑음,교차로 - 교차로부근,승용,남,71세,상해없음,승용,여,33세,경상
2017110100100590,2017년 11월 1일 19시,수요일,부산광역시 연제구 거제동,경상사고,0,0,1,0,차대사람 - 횡단중,보행자보호의무위반,건조,맑음,단일로 - 기타,승용,남,47세,상해없음,보행자,여,53세,경상
2017110100100641,2017년 11월 1일 20시,수요일,부산광역시 동래구 명륜동,경상사고,0,0,3,0,차대차 - 측면충돌,교차로운행방법위반,건조,맑음,교차로 - 교차로안,승용,남,56세,경상,승용,남,51세,경상
2017110100100642,2017년 11월 1일 20시,수요일,부산광역시 기장군 일광면,부상신고사고,0,0,0,1,차대차 - 측면충돌,안전운전불이행,건조,맑음,교차로 - 교차로안,승용,여,59세,상해없음,승합,남,55세,부상신고
2017110200100022,2017년 11월 2일 00시,목요일,부산광역시 수영구 민락동,중상사고,0,1,0,0,차대차 - 기타,중앙선침범,건조,맑음,교차로 - 교차로부근,승용,여,55세,상해없음,이륜,남,25세,중상
2017110200100023,2017년 11월 2일 00시,목요일,부산광역시 수영구 남천동,부상신고사고,0,0,0,1,차대차 - 기타,안전운전불이행,건조,맑음,교차로 - 교차로안,기타불명,기타불명,미분류,기타불명,승용,남,25세,부상신고
2017110200100024,2017년 11월 2일 00시,목요일,부산광역시 동래구 명륜동,중상사고,0,1,0,0,차대사람 - 횡단중,보행자보호의무위반,건조,맑음,단일로 - 기타,이륜,남,26세,상해없음,보행자,남,37세,중상
2017110200100042,2017년 11월 2일 01시,목요일,부산광역시 연제구 연산동,경상사고,0,0,1,0,차대차 - 기타,안전운전불이행,건조,맑음,교차로 - 교차로안,기타불명,기타불명,미분류,기타불명,이륜,남,27세,경상
2017110200100050,2017년 11월 2일 02시,목요일,부산광역시 연제구 거제동,경상사고,0,0,1,0,차대차 - 기타,교차로운행방법위반,건조,맑음,교차로 - 교차로부근,승용,남,68세,상해없음,기타불명,기타불명,미분류,기타불명
2017110200100072,2017년 11월 2일 05시,목요일,부산광역시 북구 덕천동,사망사고,1,0,0,0,차대사람 - 횡단중,신호위반,건조,맑음,단일로 - 기타,승합,남,66세,상해없음,보행자,여,75세,사망
2017110200100077,2017년 11월 2일 06시,목요일,부산광역시 부산진구 양정동,중상사고,0,1,0,0,차대차 - 기타,신호위반,건조,맑음,단일로 - 기타,화물,남,59세,상해없음,이륜,남,66세,중상
2017110200100078,2017년 11월 2일 06시,목요일,부산광역시 사상구 주례동,경상사고,0,0,1,0,차대차 - 측면충돌,신호위반,건조,맑음,교차로 - 교차로안,화물,남,48세,상해없음,승용,남,42세,경상
2017110200100095,2017년 11월 2일 07시,목요일,부산광역시 동래구 온천동,중상사고,0,1,0,0,차대차 - 추돌,안전운전불이행,건조,맑음,교차로 - 교차로안,승용,남,62세,상해없음,승용,여,28세,중상
2017110200100096,2017년 11월 2일 07시,목요일,부산광역시 연제구 연산동,중상사고,0,1,0,0,차대차 - 측면충돌,안전거리미확보,건조,맑음,단일로 - 기타,승용,남,65세,상해없음,이륜,남,29세,중상
2017110200100097,2017년 11월 2일 07시,목요일,부산광역시 강서구 미음동,부상신고사고,0,0,0,1,차대차 - 측면충돌,안전운전불이행,건조,맑음,교차로 - 교차로부근,승용,남,51세,상해없음,승용,남,29세,부상신고
2017110200100186,2017년 11월 2일 10시,목요일,부산광역시 강서구 명지동,중상사고,0,1,0,0,차대차 - 추돌,안전운전불이행,건조,맑음,단일로 - 기타,승용,남,28세,상해없음,승합,남,62세,상해없음
2017110200100204,2017년 11월 2일 11시,목요일,부산광역시 사상구 학장동,경상사고,0,0,1,0,차대차 - 측면충돌,안전거리미확보,건조,맑음,단일로 - 기타,승합,남,44세,상해없음,승용,여,44세,경상
2017110200100224,2017년 11월 2일 12시,목요일,부산광역시 사하구 장림동,중상사고,0,1,0,0,차대차 - 추돌,안전운전불이행,건조,맑음,단일로 - 기타,승용,남,71세,상해없음,승용,남,49세,중상
2017110200100253,2017년 11월 2일 13시,목요일,부산광역시 사하구 신평동,중상사고,0,1,0,0,차대차 - 기타,직진우회전진행방해,건조,맑음,교차로 - 교차로안,승용,여,43세,상해없음,원동기,남,62세,중상
2017110200100278,2017년 11월 2일 14시,목요일,부산광역시 동구 초량동,중상사고,0,1,0,0,차대사람 - 횡단중,중앙선침범,건조,맑음,단일로 - 기타,이륜,남,20세,상해없음,보행자,여,80세,중상
2017110200100279,2017년 11월 2일 14시,목요일,부산광역시 동구 초량동,부상신고사고,0,0,0,1,차대사람 - 기타,기타,건조,맑음,단일로 - 기타,승합,남,74세,상해없음,보행자,남,7세,부상신고
2017110200100280,2017년 11월 2일 14시,목요일,부산광역시 남구 문현동,중상사고,0,1,0,0,차대차 - 기타,교차로운행방법위반,건조,맑음,교차로 - 교차로안,승용,여,43세,상해없음,이륜,남,54세,중상
2017110200100281,2017년 11월 2일 14시,목요일,부산광역시 부산진구 개금동,경상사고,0,0,1,0,차대사람 - 횡단중,안전운전불이행,건조,맑음,단일로 - 기타,기타불명,기타불명,미분류,기타불명,보행자,여,22세,경상
2017110200100308,2017년 11월 2일 15시,목요일,부산광역시 남구 용호동,경상사고,0,0,1,0,차대차 - 기타,안전운전불이행,건조,맑음,교차로 - 교차로안,승용,여,43세,상해없음,자전거,남,9세,경상
2017110200100309,2017년 11월 2일 15시,목요일,부산광역시 연제구 연산동,경상사고,0,0,1,0,차대차 - 측면충돌,안전거리미확보,건조,맑음,단일로 - 기타,승용,남,38세,상해없음,승용,남,65세,경상
2017110200100310,2017년 11월 2일 15시,목요일,부산광역시 사상구 괘법동,중상사고,0,1,0,0,차대차 - 측면충돌,안전운전불이행,건조,맑음,단일로 - 기타,승용,남,70세,상해없음,원동기,남,50세,중상
2017110200100339,2017년 11월 2일 16시,목요일,부산광역시 금정구 금사동,부상신고사고,0,0,0,1,차대차 - 측면충돌,교차로운행방법위반,건조,맑음,교차로 - 교차로안,원동기,남,25세,부상신고,승용,남,56세,상해없음
2017110200100340,2017년 11월 2일 16시,목요일,부산광역시 사하구 하단동,경상사고,0,0,1,0,차대차 - 기타,안전거리미확보,건조,맑음,단일로 - 기타,승용,여,37세,상해없음,원동기,남,24세,경상
2017110200100377,2017년 11월 2일 17시,목요일,부산광역시 중구 부평동3가,부상신고사고,0,0,0,1,차량단독 - 기타,기타,건조,맑음,교차로 - 교차로부근,승합,남,39세,상해없음,,,,
2017110200100378,2017년 11월 2일 17시,목요일,부산광역시 부산진구 부암동,경상사고,0,0,1,0,차대사람 - 기타,기타,건조,맑음,교차로 - 교차로부근,승용,남,47세,상해없음,보행자,여,52세,경상
2017110200100379,2017년 11월 2일 17시,목요일,부산광역시 사하구 감천동,경상사고,0,0,1,0,차대차 - 측면충돌,중앙선침범,건조,맑음,단일로 - 기타,화물,남,67세,상해없음,이륜,남,38세,경상
2017110200100380,2017년 11월 2일 17시,목요일,부산광역시 연제구 연산동,경상사고,0,0,1,0,차대차 - 측면충돌,안전운전불이행,건조,맑음,교차로 - 교차로안,화물,남,56세,상해없음,자전거,남,51세,경상
2017110200100419,2017년 11월 2일 18시,목요일,부산광역시 중구 중앙동2가,경상사고,0,0,2,0,차대차 - 측면충돌,신호위반,건조,맑음,교차로 - 교차로안,이륜,남,23세,경상,승용,남,57세,경상
2017110200100420,2017년 11월 2일 18시,목요일,부산광역시 동래구 안락동,경상사고,0,0,1,0,차대사람 - 차도통행중,안전운전불이행,건조,맑음,교차로 - 교차로안,화물,남,38세,상해없음,보행자,남,73세,경상
2017110200100421,2017년 11월 2일 18시,목요일,부산광역시 해운대구 우동,중상사고,0,1,1,0,차대사람 - 횡단중,신호위반,기타,맑음,단일로 - 기타,이륜,남,57세,상해없음,보행자,남,55세,중상
2017110200100473,2017년 11월 2일 19시,목요일,부산광역시 북구 구포동,부상신고사고,0,0,0,1,차대차 - 기타,안전운전불이행,건조,맑음,교차로 - 교차로안,기타불명,기타불명,미분류,기타불명,자전거,남,58세,부상신고
2017110200100510,2017년 11월 2일 20시,목요일,부산광역시 수영구 남천동,경상사고,0,0,2,0,차대차 - 기타,교차로운행방법위반,건조,맑음,교차로 - 교차로부근,승용,여,49세,상해없음,승용,남,41세,경상
2017110200100567,2017년 11월 2일 22시,목요일,부산광역시 사하구 하단동,경상사고,0,0,1,0,차대차 - 기타,기타,건조,맑음,교차로 - 교차로안,승용,남,55세,상해없음,원동기,남,19세,경상
2017110200100590,2017년 11월 2일 23시,목요일,부산광역시 부산진구 부전동,중상사고,0,1,0,0,차대사람 - 횡단중,안전운전불이행,건조,맑음,단일로 - 기타,화물,여,57세,상해없음,보행자,여,76세,중상
2017110300100051,2017년 11월 3일 01시,금요일,부산광역시 부산진구 개금동,부상신고사고,0,0,0,1,차대차 - 추돌,안전운전불이행,건조,맑음,단일로 - 기타,이륜,남,18세,부상신고,승용,남,26세,상해없음
2017110300100052,2017년 11월 3일 01시,금요일,부산광역시 부산진구 범천동,중상사고,0,1,0,1,차대차 - 추돌,안전운전불이행,건조,맑음,단일로 - 기타,이륜,남,44세,부상신고,화물,남,36세,상해없음
2017110300100066,2017년 11월 3일 03시,금요일,부산광역시 사하구 다대동,중상사고,0,1,0,0,차량단독 - 공작물충돌,안전운전불이행,건조,맑음,교차로 - 교차로안,승용,남,19세,상해없음,,,,
2017110300100079,2017년 11월 3일 05시,금요일,부산광역시 부산진구 당감동,경상사고,0,0,1,0,차대차 - 추돌,안전운전불이행,건조,맑음,단일로 - 기타,승용,남,52세,상해없음,승용,남,68세,경상
2017110300100148,2017년 11월 3일 08시,금요일,부산광역시 동래구 사직동,중상사고,0,1,1,0,차대차 - 측면충돌,신호위반,건조,맑음,교차로 - 교차로안,승용,여,57세,상해없음,승용,남,45세,중상
2017110300100194,2017년 11월 3일 09시,금요일,부산광역시 부산진구 전포동,중상사고,0,1,3,0,차대차 - 추돌,안전거리미확보,건조,맑음,교차로 - 교차로안,이륜,남,62세,경상,승용,남,40세,경상
2017110300100195,2017년 11월 3일 09시,금요일,부산광역시 사하구 괴정동,경상사고,0,0,2,0,차대차 - 기타,교차로운행방법위반,건조,맑음,교차로 - 교차로안,승용,남,71세,상해없음,승용,남,68세,상해없음
2017110300100231,2017년 11월 3일 10시,금요일,부산광역시 동구 범일동,중상사고,0,1,0,0,차대차 - 기타,신호위반,건조,맑음,교차로 - 교차로부근,승용,여,55세,상해없음,원동기,남,41세,중상
2017110300100232,2017년 11월 3일 10시,금요일,부산광역시 수영구 민락동,중상사고,0,1,0,0,차대차 - 측면충돌,신호위반,건조,맑음,교차로 - 교차로안,화물,남,65세,상해없음,자전거,남,71세,중상
2017110300100233,2017년 11월 3일 10시,금요일,부산광역시 사상구 학장동,경상사고,0,0,5,0,차대차 - 측면충돌,신호위반,건조,맑음,단일로 - 기타,승용,남,24세,상해없음,승용,남,54세,경상
2017110300100301,2017년 11월 3일 12시,금요일,부산광역시 해운대구 재송동,경상사고,0,0,4,0,차대차 - 기타,신호위반,건조,맑음,교차로 - 교차로부근,승합,남,55세,상해없음,승용,남,35세,경상
2017110300100302,2017년 11월 3일 12시,금요일,부산광역시 부산진구 가야동,중상사고,0,2,4,4,차대차 - 기타,안전거리미확보,건조,맑음,단일로 - 기타,승용,남,67세,상해없음,승합,남,48세,경상
2017110300100366,2017년 11월 3일 14시,금요일,부산광역시 동구 초량동,경상사고,0,0,1,0,차대차 - 기타,안전운전불이행,건조,맑음,교차로 - 교차로부근,특수,남,63세,상해없음,승용,남,24세,경상
2017110300100367,2017년 11월 3일 14시,금요일,부산광역시 사상구 괘법동,부상신고사고,0,0,0,3,차대차 - 기타,교차로운행방법위반,건조,맑음,교차로 - 교차로부근,화물,남,35세,상해없음,승용,남,30세,부상신고
2017110300100400,2017년 11월 3일 15시,금요일,부산광역시 영도구 동삼동,경상사고,0,0,1,0,차대사람 - 기타,안전운전불이행,건조,맑음,교차로 - 교차로부근,승용,남,73세,상해없음,보행자,남,62세,경상
2017110300100401,2017년 11월 3일 15시,금요일,부산광역시 부산진구 개금동,경상사고,0,0,1,0,차대사람 - 기타,안전운전불이행,건조,맑음,단일로 - 기타,승용,남,23세,상해없음,보행자,남,72세,경상
2017110300100438,2017년 11월 3일 16시,금요일,부산광역시 남구 용호동,중상사고,0,1,0,0,차대사람 - 기타,안전운전불이행,건조,맑음,교차로 - 교차로안,승합,남,59세,상해없음,보행자,여,58세,중상
2017110300100439,2017년 11월 3일 16시,금요일,부산광역시 부산진구 부전동,중상사고,0,1,0,0,차대차 - 기타,안전거리미확보,건조,맑음,교차로 - 교차로안,승용,남,60세,상해없음,승합,남,50세,상해없음
2017110300100473,2017년 11월 3일 17시,금요일,부산광역시 부산진구 전포동,경상사고,0,0,1,0,차대사람 - 보도통행중,기타,건조,맑음,단일로 - 기타,승용,남,54세,상해없음,보행자,여,25세,경상
2017110300100534,2017년 11월 3일 18시,금요일,부산광역시 금정구 부곡동,경상사고,0,0,1,0,차대차 - 측면충돌,안전거리미확보,건조,맑음,단일로 - 기타,화물,남,48세,상해없음,승용,여,20세,경상
2017110300100535,2017년 11월 3일 18시,금요일,부산광역시 사하구 신평동,중상사고,0,1,0,0,차대차 - 기타,안전운전불이행,건조,맑음,기타 - 기타,화물,남,47세,상해없음,자전거,남,60세,중상
2017110300100536,2017년 11월 3일 18시,금요일,부산광역시 사하구 괴정동,중상사고,0,1,0,0,차대사람 - 횡단중,보행자보호의무위반,건조,맑음,기타 - 기타,승용,여,54세,상해없음,보행자,남,3세,중상
2017110300100537,2017년 11월 3일 18시,금요일,부산광역시 기장군 기장읍,중상사고,0,1,0,0,차대차 - 측면충돌,안전거리미확보,건조,맑음,교차로 - 교차로부근,승용,남,52세,상해없음,이륜,여,48세,중상
2017110300100538,2017년 11월 3일 18시,금요일,부산광역시 기장군 정관읍,경상사고,0,0,1,0,차대차 - 측면충돌,신호위반,건조,맑음,교차로 - 교차로부근,승용,여,41세,상해없음,자전거,남,8세,경상
2017110300100601,2017년 11월 3일 19시,금요일,부산광역시 북구 구포동,경상사고,0,0,3,0,차대차 - 측면충돌,신호위반,건조,맑음,교차로 - 교차로안,승용,남,24세,상해없음,승용,남,59세,경상
2017110300100602,2017년 11월 3일 19시,금요일,부산광역시 사상구 학장동,경상사고,0,0,1,0,차대차 - 추돌,안전운전불이행,건조,맑음,교차로 - 교차로안,승용,남,44세,상해없음,화물,남,49세,상해없음
2017110300100654,2017년 11월 3일 20시,금요일,부산광역시 동래구 온천동,경상사고,0,0,1,1,차대차 - 측면충돌,안전운전불이행,건조,맑음,단일로 - 기타,승용,여,55세,부상신고,승용,여,51세,경상
2017110300100692,2017년 11월 3일 21시,금요일,부산광역시 영도구 동삼동,경상사고,0,0,1,0,차대차 - 측면충돌,안전운전불이행,건조,맑음,단일로 - 기타,승용,여,43세,상해없음,이륜,남,18세,상해없음
2017110300100723,2017년 11월 3일 22시,금요일,부산광역시 해운대구 반여동,경상사고,0,0,1,0,차대사람 - 기타,안전운전불이행,건조,맑음,단일로 - 기타,승용,남,65세,상해없음,보행자,남,19세,경상
2017110300100724,2017년 11월 3일 22시,금요일,부산광역시 부산진구 전포동,경상사고,0,0,3,0,차대차 - 추돌,안전운전불이행,건조,맑음,단일로 - 기타,승용,남,36세,상해없음,승용,여,40세,경상
2017110300100757,2017년 11월 3일 23시,금요일,부산광역시 동래구 온천동,부상신고사고,0,0,0,1,차대차 - 측면충돌,교차로운행방법위반,건조,맑음,교차로 - 교차로안,원동기,남,21세,부상신고,승용,남,36세,상해없음
2017110300100758,2017년 11월 3일 23시,금요일,부산광역시 해운대구 우동,경상사고,0,0,1,0,차대차 - 측면충돌,안전거리미확보,건조,맑음,단일로 - 기타,이륜,남,25세,경상,승용,남,59세,상해없음
2017110400100019,2017년 11월 4일 00시,토요일,부산광역시 중구 남포동5가,경상사고,0,0,1,0,차대차 - 측면충돌,차로위반,건조,맑음,단일로 - 기타,이륜,남,24세,상해없음,승용,남,61세,상해없음
2017110400100020,2017년 11월 4일 00시,토요일,부산광역시 동래구 수안동,경상사고,0,0,2,0,차대차 - 기타,안전운전불이행,건조,맑음,교차로 - 교차로부근,승용,남,48세,상해없음,승용,남,29세,상해없음
2017110400100039,2017년 11월 4일 01시,토요일,부산광역시 영도구 동삼동,중상사고,0,1,0,0,차대차 - 측면충돌,중앙선침범,건조,맑음,단일로 - 기타,이륜,남,21세,상해없음,승용,여,50세,상해없음
2017110400100078,2017년 11월 4일 04시,토요일,부산광역시 사하구 신평동,경상사고,0,0,1,0,차대차 - 기타,신호위반,건조,맑음,교차로 - 교차로안,화물,남,36세,상해없음,승용,남,58세,경상
2017110400100093,2017년 11월 4일 05시,토요일,부산광역시 사하구 괴정동,중상사고,0,1,0,0,차대차 - 추돌,안전운전불이행,건조,맑음,교차로 - 교차로부근,승용,남,26세,상해없음,승용,남,66세,중상
2017110400100094,2017년 11월 4일 05시,토요일,부산광역시 연제구 거제동,경상사고,0,0,1,0,차대차 - 측면충돌,신호위반,건조,맑음,교차로 - 교차로안,화물,남,33세,상해없음,승용,남,59세,경상
2017110400100131,2017년 11월 4일 08시,토요일,부산광역시 동래구 명장동,경상사고,0,0,1,0,차대차 - 측면충돌,안전운전불이행,건조,맑음,교차로 - 교차로안,승용,남,78세,상해없음,자전거,남,76세,경상
2017110400100183,2017년 11월 4일 10시,토요일,부산광역시 중구 대청동1가,경상사고,0,0,3,0,차대차 - 측면충돌,안전운전불이행,건조,맑음,단일로 - 기타,승용,여,59세,상해없음,승용,남,24세,경상
2017110400100184,2017년 11월 4일 10시,토요일,부산광역시 해운대구 송정동,부상신고사고,0,0,0,1,차대차 - 기타,안전운전불이행,건조,맑음,단일로 - 기타,이륜,남,64세,부상신고,승용,남,58세,상해없음