사고번호,사고일시,요일,시군구,사고내용,사망자수,중상자수,경상자수,부상신고자수,사고유형,법규위반,노면상태,기상상태,도로형태,가해운전자 차종,가해운전자 성별,가해운전자 연령,가해운전자 상해정도,피해운전자 차종,피해운전자 성별,피해운전자 연령,피해운전자 상해정도
2017110400100247,2017년 11월 4일 12시,토요일,부산광역시 동래구 명륜동,경상사고,0,0,1,0,차대차 - 측면충돌,안전운전불이행,건조,맑음,교차로 - 교차로안,승용,남,37세,상해없음,이륜,남,47세,경상
2017110400100281,2017년 11월 4일 13시,토요일,부산광역시 동구 범일동,경상사고,0,0,1,0,차대차 - 측면충돌,안전운전불이행,건조,흐림,단일로 - 기타,화물,남,55세,상해없음,자전거,여,45세,경상
2017110400100282,2017년 11월 4일 13시,토요일,부산광역시 동래구 온천동,경상사고,0,0,3,0,차대차 - 측면충돌,신호위반,건조,맑음,단일로 - 기타,화물,남,46세,경상,승용,남,65세,경상
2017110400100310,2017년 11월 4일 14시,토요일,부산광역시 금정구 남산동,중상사고,0,1,0,0,차대차 - 기타,중앙선침범,건조,맑음,단일로 - 기타,이륜,남,22세,상해없음,자전거,남,45세,중상
2017110400100344,2017년 11월 4일 15시,토요일,부산광역시 서구 서대신동2가,경상사고,0,0,2,0,차대차 - 추돌,안전운전불이행,건조,맑음,교차로 - 교차로부근,승용,남,56세,상해없음,화물,남,46세,경상
2017110400100345,2017년 11월 4일 15시,토요일,부산광역시 영도구 대교동1가,경상사고,0,0,1,0,차대차 - 추돌,안전거리미확보,건조,맑음,단일로 - 기타,승용,남,66세,상해없음,승용,남,63세,경상
2017110400100346,2017년 11월 4일 15시,토요일,부산광역시 사상구 괘법동,경상사고,0,0,1,0,차대사람 - 횡단중,안전운전불이행,건조,맑음,단일로 - 기타,승용,남,49세,상해없음,보행자,여,69세,경상
2017110400100383,2017년 11월 4일 16시,토요일,부산광역시 동래구 사직동,경상사고,0,0,1,0,차대차 - 측면충돌,직진우회전진행방해,건조,맑음,교차로 - 교차로안,승용,여,51세,상해없음,승용,여,62세,경상
2017110400100384,2017년 11월 4일 16시,토요일,부산광역시 부산진구 개금동,경상사고,0,0,1,0,차대차 - 기타,안전운전불이행,건조,맑음,교차로 - 교차로부근,승용,남,19세,상해없음,승용,남,42세,경상
2017110400100385,2017년 11월 4일 16시,토요일,부산광역시 부산진구 가야동,경상사고,0,0,1,0,차대차 - 추돌,안전운전불이행,건조,맑음,교차로 - 교차로부근,화물,남,45세,상해없음,승용,남,64세,경상
2017110400100429,2017년 11월 4일 17시,토요일,부산광역시 동래구 온천동,경상사고,0,0,2,0,차대차 - 측면충돌,안전운전불이행,건조,맑음,교차로 - 교차로안,승용,남,24세,상해없음,승용,남,47세,경상
2017110400100430,2017년 11월 4일 17시,토요일,부산광역시 사상구 덕포동,중상사고,0,1,0,0,차량단독 - 기타,안전운전불이행,건조,맑음,교차로 - 교차로안,승합,남,47세,상해없음,,,,
2017110400100515,2017년 11월 4일 19시,토요일,부산광역시 기장군 기장읍,중상사고,0,1,1,0,차대차 - 측면충돌,안전운전불이행,건조,맑음,교차로 - 교차로안,승용,남,70세,상해없음,화물,남,49세,경상
2017110400100553,2017년 11월 4일 20시,토요일,부산광역시 동래구 명륜동,중상사고,0,1,0,0,차대사람 - 기타,안전운전불이행,건조,맑음,단일로 - 기타,승용,남,34세,상해없음,보행자,남,40세,중상
2017110400100581,2017년 11월 4일 21시,토요일,부산광역시 동래구 수안동,경상사고,0,0,1,0,차대차 - 측면충돌,안전거리미확보,건조,맑음,단일로 - 기타,승용,남,46세,상해없음,이륜,남,22세,경상
2017110400100582,2017년 11월 4일 21시,토요일,부산광역시 부산진구 부암동,중상사고,0,2,0,0,차대차 - 기타,안전운전불이행,건조,맑음,단일로 - 기타,이륜,남,32세,중상,이륜,남,25세,중상
2017110400100631,2017년 11월 4일 23시,토요일,부산광역시 금정구 남산동,중상사고,0,1,0,0,차대사람 - 기타,안전운전불이행,건조,맑음,단일로 - 기타,승용,남,27세,상해없음,보행자,남,61세,중상
2017110400100632,2017년 11월 4일 23시,토요일,부산광역시 금정구 서동,중상사고,0,1,0,0,차대사람 - 횡단중,안전운전불이행,건조,맑음,단일로 - 기타,이륜,남,31세,상해없음,보행자,여,54세,중상
2017110500100034,2017년 11월 5일 01시,일요일,부산광역시 사하구 하단동,중상사고,0,1,0,0,차대사람 - 횡단중,신호위반,건조,맑음,교차로 - 교차로안,승용,남,64세,상해없음,보행자,남,57세,중상
2017110500100035,2017년 11월 5일 01시,일요일,부산광역시 기장군 정관읍,경상사고,0,0,3,0,차대차 - 기타,안전운전불이행,건조,맑음,단일로 - 터널,승용,남,20세,경상,승용,남,31세,경상
2017110500100062,2017년 11월 5일 03시,일요일,부산광역시 강서구 생곡동,중상사고,0,1,1,0,차대차 - 추돌,안전운전불이행,건조,맑음,교차로 - 교차로부근,승용,남,28세,상해없음,승용,남,50세,경상
2017110500100064,2017년 11월 5일 04시,일요일,부산광역시 부산진구 개금동,경상사고,0,0,1,0,차대사람 - 기타,안전운전불이행,건조,맑음,단일로 - 기타,승용,남,56세,상해없음,보행자,여,50세,경상
2017110500100077,2017년 11월 5일 05시,일요일,부산광역시 동래구 사직동,경상사고,0,0,1,0,차량단독 - 공작물충돌,안전운전불이행,건조,맑음,교차로 - 교차로부근,승용,남,67세,경상,,,,
2017110500100078,2017년 11월 5일 05시,일요일,부산광역시 사상구 괘법동,중상사고,0,1,0,0,차대사람 - 횡단중,신호위반,건조,맑음,단일로 - 기타,원동기,남,18세,상해없음,보행자,남,67세,중상
2017110500100091,2017년 11월 5일 07시,일요일,부산광역시 동래구 온천동,경상사고,0,0,1,0,차대사람 - 횡단중,보행자보호의무위반,건조,맑음,단일로 - 기타,승용,남,71세,상해없음,보행자,남,49세,경상
2017110500100092,2017년 11월 5일 07시,일요일,부산광역시 영도구 영선동1가,중상사고,0,1,0,0,차대사람 - 기타,안전운전불이행,건조,맑음,단일로 - 기타,기타불명,기타불명,미분류,기타불명,보행자,여,68세,중상
2017110500100139,2017년 11월 5일 10시,일요일,부산광역시 사하구 다대동,경상사고,0,0,1,0,차대차 - 측면충돌,안전운전불이행,건조,맑음,단일로 - 기타,이륜,남,59세,경상,승용,남,52세,상해없음
2017110500100210,2017년 11월 5일 13시,일요일,부산광역시 연제구 연산동,경상사고,0,0,1,0,차대차 - 측면충돌,안전거리미확보,건조,맑음,단일로 - 기타,승용,남,56세,상해없음,이륜,남,51세,경상
2017110500100238,2017년 11월 5일 14시,일요일,부산광역시 남구 용호동,중상사고,0,1,0,0,차대차 - 기타,교차로운행방법위반,건조,맑음,단일로 - 기타,승용,여,54세,상해없음,자전거,남,36세,중상
2017110500100239,2017년 11월 5일 14시,일요일,부산광역시 해운대구 우동,경상사고,0,0,1,0,차대사람 - 기타,안전운전불이행,건조,맑음,단일로 - 기타,승용,남,55세,상해없음,보행자,남,12세,경상
2017110500100240,2017년 11월 5일 14시,일요일,부산광역시 기장군 기장읍,경상사고,0,0,1,0,차대차 - 기타,안전운전불이행,건조,맑음,단일로 - 기타,기타불명,기타불명,미분류,기타불명,자전거,남,14세,경상
2017110500100273,2017년 11월 5일 15시,일요일,부산광역시 중구 영주동,중상사고,0,1,0,0,차대사람 - 기타,안전운전불이행,건조,맑음,단일로 - 기타,승용,남,74세,상해없음,보행자,여,29세,중상
2017110500100274,2017년 11월 5일 15시,일요일,부산광역시 부산진구 당감동,경상사고,0,0,1,0,차대사람 - 차도통행중,안전운전불이행,건조,맑음,단일로 - 기타,승용,남,78세,상해없음,보행자,남,46세,경상
2017110500100275,2017년 11월 5일 15시,일요일,부산광역시 금정구 구서동,경상사고,0,0,1,0,차대차 - 측면충돌,중앙선침범,건조,맑음,단일로 - 기타,승용,남,49세,상해없음,승용,남,34세,경상
2017110500100276,2017년 11월 5일 15시,일요일,부산광역시 기장군 정관읍,경상사고,0,0,1,1,차대사람 - 횡단중,보행자보호의무위반,건조,맑음,교차로 - 교차로안,승용,여,31세,상해없음,보행자,남,34세,경상
2017110500100311,2017년 11월 5일 16시,일요일,부산광역시 남구 문현동,중상사고,0,1,0,0,차대사람 - 횡단중,안전운전불이행,건조,맑음,단일로 - 기타,승용,여,64세,상해없음,보행자,여,58세,중상
2017110500100312,2017년 11월 5일 16시,일요일,부산광역시 부산진구 양정동,중상사고,0,1,0,0,차대사람 - 횡단중,신호위반,건조,맑음,교차로 - 교차로횡단보도내,승용,여,57세,상해없음,보행자,여,67세,중상
2017110500100376,2017년 11월 5일 18시,일요일,부산광역시 북구 화명동,중상사고,0,1,0,0,차대차 - 기타,신호위반,건조,맑음,단일로 - 기타,이륜,남,46세,중상,승용,남,48세,상해없음
2017110500100377,2017년 11월 5일 18시,일요일,부산광역시 부산진구 부전동,경상사고,0,0,2,0,차대차 - 기타,안전거리미확보,건조,맑음,단일로 - 기타,승용,남,32세,상해없음,승용,남,38세,상해없음
2017110500100455,2017년 11월 5일 20시,일요일,부산광역시 남구 대연동,중상사고,0,1,0,0,차대사람 - 횡단중,보행자보호의무위반,건조,맑음,교차로 - 교차로횡단보도내,승합,남,64세,상해없음,보행자,여,42세,중상
2017110500100501,2017년 11월 5일 22시,일요일,부산광역시 동래구 안락동,부상신고사고,0,0,0,1,차대차 - 측면충돌,안전운전불이행,건조,맑음,단일로 - 기타,승용,남,45세,상해없음,이륜,남,19세,부상신고
2017110500100520,2017년 11월 5일 23시,일요일,부산광역시 강서구 대저1동,사망사고,1,0,0,0,차대사람 - 횡단중,안전운전불이행,건조,맑음,단일로 - 기타,승용,남,29세,상해없음,보행자,남,66세,사망
2017110600100025,2017년 11월 6일 00시,월요일,부산광역시 부산진구 부전동,중상사고,0,1,0,0,차대사람 - 기타,안전운전불이행,건조,맑음,기타 - 기타,이륜,남,22세,상해없음,보행자,남,47세,중상
2017110600100068,2017년 11월 6일 06시,월요일,부산광역시 중구 남포동4가,경상사고,0,0,1,0,차대사람 - 횡단중,안전운전불이행,건조,맑음,교차로 - 교차로안,화물,남,60세,상해없음,보행자,남,55세,경상
2017110600100118,2017년 11월 6일 08시,월요일,부산광역시 영도구 청학동,중상사고,0,1,0,0,차대사람 - 횡단중,보행자보호의무위반,건조,맑음,단일로 - 기타,승용,여,37세,상해없음,보행자,여,45세,중상
2017110600100119,2017년 11월 6일 08시,월요일,부산광역시 사하구 당리동,경상사고,0,0,1,0,차대사람 - 기타,안전운전불이행,건조,맑음,단일로 - 기타,기타불명,기타불명,미분류,기타불명,보행자,여,62세,경상
2017110600100120,2017년 11월 6일 08시,월요일,부산광역시 연제구 연산동,경상사고,0,0,1,1,차대차 - 측면충돌,안전운전불이행,건조,맑음,교차로 - 교차로부근,승용,남,47세,상해없음,승합,남,41세,상해없음
2017110600100121,2017년 11월 6일 08시,월요일,부산광역시 연제구 연산동,중상사고,0,1,0,0,차대차 - 측면충돌,신호위반,건조,맑음,단일로 - 기타,승용,여,70세,상해없음,자전거,남,81세,중상
2017110600100156,2017년 11월 6일 09시,월요일,부산광역시 남구 대연동,중상사고,0,1,0,0,차대사람 - 횡단중,보행자보호의무위반,건조,맑음,단일로 - 기타,화물,남,49세,상해없음,보행자,여,75세,중상
2017110600100157,2017년 11월 6일 09시,월요일,부산광역시 사상구 감전동,부상신고사고,0,0,0,1,차대차 - 측면충돌,안전운전불이행,건조,맑음,단일로 - 기타,자전거,여,70세,부상신고,화물,남,74세,상해없음
2017110600100158,2017년 11월 6일 09시,월요일,부산광역시 사상구 주례동,중상사고,0,1,0,0,차량단독 - 기타,기타,건조,맑음,단일로 - 기타,승합,남,57세,상해없음,,,,
2017110600100193,2017년 11월 6일 10시,월요일,부산광역시 금정구 장전동,경상사고,0,0,1,0,차대사람 - 길가장자리구역통행중,안전운전불이행,건조,맑음,단일로 - 기타,승용,여,64세,상해없음,보행자,여,27세,경상
2017110600100219,2017년 11월 6일 11시,월요일,부산광역시 수영구 남천동,부상신고사고,0,0,0,6,차대차 - 측면충돌,안전운전불이행,건조,맑음,단일로 - 기타,승용,남,26세,부상신고,승용,남,19세,부상신고
2017110600100220,2017년 11월 6일 11시,월요일,부산광역시 사상구 괘법동,경상사고,0,0,1,1,차대차 - 추돌,안전거리미확보,건조,맑음,단일로 - 기타,화물,남,63세,부상신고,승용,여,47세,경상
2017110600100317,2017년 11월 6일 14시,월요일,부산광역시 중구 남포동1가,중상사고,0,1,0,0,차대사람 - 횡단중,보행자보호의무위반,건조,맑음,단일로 - 기타,이륜,남,62세,상해없음,보행자,남,75세,중상
2017110600100318,2017년 11월 6일 14시,월요일,부산광역시 서구 동대신동3가,중상사고,0,1,0,0,차대사람 - 보도통행중,기타,건조,맑음,단일로 - 기타,승용,남,54세,상해없음,보행자,여,74세,중상
2017110600100349,2017년 11월 6일 15시,월요일,부산광역시 영도구 동삼동,경상사고,0,0,1,0,차량단독 - 도로외이탈 - 추락,안전운전불이행,건조,맑음,단일로 - 기타,승용,여,46세,상해없음,,,,
2017110600100350,2017년 11월 6일 15시,월요일,부산광역시 해운대구 송정동,경상사고,0,0,1,0,차대차 - 측면충돌,교차로운행방법위반,건조,맑음,교차로 - 교차로안,승용,남,56세,상해없음,승용,남,72세,경상
2017110600100351,2017년 11월 6일 15시,월요일,부산광역시 해운대구 재송동,중상사고,0,1,0,0,차대사람 - 기타,보행자보호의무위반,건조,맑음,교차로 - 교차로부근,승합,남,39세,상해없음,보행자,여,9세,중상
2017110600100352,2017년 11월 6일 15시,월요일,부산광역시 금정구 서동,경상사고,0,0,1,0,차대차 - 후진중충돌,안전운전불이행,건조,맑음,단일로 - 기타,승용,남,64세,상해없음,원동기,남,70세,경상
2017110600100353,2017년 11월 6일 15시,월요일,부산광역시 연제구 연산동,경상사고,0,0,1,0,차대차 - 측면충돌,안전거리미확보,건조,맑음,교차로 - 교차로부근,화물,남,56세,상해없음,승용,남,31세,경상
2017110600100386,2017년 11월 6일 16시,월요일,부산광역시 남구 대연동,중상사고,0,1,0,0,차대사람 - 길가장자리구역통행중,안전운전불이행,건조,맑음,단일로 - 기타,화물,남,65세,상해없음,보행자,여,63세,중상
2017110600100387,2017년 11월 6일 16시,월요일,부산광역시 부산진구 부전동,경상사고,0,0,1,2,차대차 - 측면충돌,신호위반,건조,맑음,교차로 - 교차로안,승용,여,45세,상해없음,승용,남,64세,경상
2017110600100388,2017년 11월 6일 16시,월요일,부산광역시 연제구 연산동,중상사고,0,1,0,0,차대사람 - 차도통행중,안전운전불이행,건조,맑음,단일로 - 기타,승용,남,83세,상해없음,보행자,여,66세,중상
2017110600100389,2017년 11월 6일 16시,월요일,부산광역시 연제구 거제동,경상사고,0,0,1,0,차대차 - 측면충돌,안전운전불이행,건조,맑음,교차로 - 교차로안,화물,남,38세,상해없음,승용,여,53세,경상
2017110600100390,2017년 11월 6일 16시,월요일,부산광역시 기장군 기장읍,경상사고,0,0,2,0,차대차 - 후진중충돌,불법유턴,건조,맑음,단일로 - 기타,화물,남,54세,상해없음,승용,남,29세,경상
2017110600100425,2017년 11월 6일 17시,월요일,부산광역시 동구 수정동,중상사고,0,1,3,0,차대차 - 기타,안전운전불이행,건조,맑음,단일로 - 기타,승용,남,65세,상해없음,승합,남,53세,상해없음
2017110600100426,2017년 11월 6일 17시,월요일,부산광역시 서구 남부민동,부상신고사고,0,0,0,1,차대차 - 측면충돌,안전운전불이행,건조,맑음,단일로 - 기타,이륜,남,36세,부상신고,승용,남,52세,상해없음
2017110600100427,2017년 11월 6일 17시,월요일,부산광역시 남구 대연동,중상사고,0,3,1,0,차대차 - 추돌,안전거리미확보,건조,맑음,단일로 - 기타,승용,여,39세,경상,승합,남,59세,상해없음
2017110600100428,2017년 11월 6일 17시,월요일,부산광역시 연제구 연산동,경상사고,0,0,1,0,차대차 - 추돌,안전거리미확보,건조,맑음,단일로 - 기타,승용,남,61세,상해없음,이륜,남,59세,경상
2017110600100429,2017년 11월 6일 17시,월요일,부산광역시 사상구 학장동,경상사고,0,0,1,0,차대차 - 기타,교차로운행방법위반,건조,맑음,교차로 - 교차로안,기타불명,기타불명,미분류,기타불명,화물,남,28세,기타불명
2017110600100544,2017년 11월 6일 19시,월요일,부산광역시 남구 대연동,경상사고,0,0,1,0,차대사람 - 기타,안전운전불이행,건조,맑음,단일로 - 기타,승용,남,29세,상해없음,보행자,여,22세,경상
2017110600100545,2017년 11월 6일 19시,월요일,부산광역시 동래구 사직동,경상사고,0,0,4,0,차대차 - 측면충돌,교차로운행방법위반,건조,맑음,교차로 - 교차로안,승용,남,48세,경상,승용,남,50세,경상
2017110600100546,2017년 11월 6일 19시,월요일,부산광역시 해운대구 재송동,경상사고,0,0,3,0,차대차 - 측면충돌,안전거리미확보,건조,맑음,교차로 - 교차로안,이륜,남,37세,상해없음,승용,남,33세,경상
2017110600100547,2017년 11월 6일 19시,월요일,부산광역시 사상구 엄궁동,경상사고,0,0,1,0,차대차 - 측면충돌,차로위반,건조,맑음,단일로 - 기타,화물,남,56세,상해없음,승용,남,40세,경상
2017110600100579,2017년 11월 6일 20시,월요일,부산광역시 영도구 영선동2가,경상사고,0,0,1,0,차대차 - 측면충돌,중앙선침범,건조,맑음,단일로 - 기타,승용,남,71세,상해없음,이륜,남,50세,경상
2017110600100580,2017년 11월 6일 20시,월요일,부산광역시 부산진구 당감동,중상사고,0,1,0,0,차대사람 - 횡단중,안전운전불이행,건조,맑음,교차로 - 교차로부근,승용,남,73세,상해없음,보행자,남,79세,중상
2017110600100581,2017년 11월 6일 20시,월요일,부산광역시 금정구 장전동,중상사고,0,1,1,0,차대차 - 추돌,안전운전불이행,건조,맑음,교차로 - 교차로부근,원동기,남,17세,경상,승용,남,46세,상해없음
2017110600100626,2017년 11월 6일 22시,월요일,부산광역시 영도구 남항동1가,경상사고,0,0,2,0,차대사람 - 기타,안전운전불이행,건조,맑음,단일로 - 기타,승용,여,44세,상해없음,보행자,남,47세,경상
2017110700100023,2017년 11월 7일 00시,화요일,부산광역시 부산진구 전포동,경상사고,0,0,1,0,차대차 - 측면충돌,중앙선침범,건조,맑음,단일로 - 기타,원동기,남,50세,상해없음,원동기,남,27세,경상
2017110700100057,2017년 11월 7일 03시,화요일,부산광역시 서구 충무동1가,경상사고,0,0,2,0,차대차 - 기타,신호위반,건조,맑음,교차로 - 교차로안,이륜,남,17세,상해없음,승용,남,51세,경상
2017110700100060,2017년 11월 7일 04시,화요일,부산광역시 북구 화명동,중상사고,0,1,0,0,차량단독 - 기타,안전운전불이행,건조,맑음,단일로 - 기타,이륜,남,19세,중상,,,,
2017110700100081,2017년 11월 7일 06시,화요일,부산광역시 영도구 봉래동5가,사망사고,1,0,0,0,차대사람 - 횡단중,과속,건조,맑음,단일로 - 기타,승용,남,40세,상해없음,보행자,남,65세,사망
2017110700100082,2017년 11월 7일 06시,화요일,부산광역시 부산진구 당감동,사망사고,1,0,0,0,차대사람 - 횡단중,안전운전불이행,건조,맑음,단일로 - 기타,승용,남,61세,상해없음,보행자,여,77세,사망
2017110700100131,2017년 11월 7일 08시,화요일,부산광역시 사상구 주례동,중상사고,0,1,0,0,차대사람 - 횡단중,안전운전불이행,건조,맑음,단일로 - 기타,승용,남,76세,상해없음,보행자,여,50세,중상
2017110700100204,2017년 11월 7일 10시,화요일,부산광역시 북구 구포동,경상사고,0,0,1,0,차대차 - 기타,신호위반,건조,맑음,단일로 - 기타,승용,남,65세,상해없음,승용,남,63세,경상
2017110700100205,2017년 11월 7일 10시,화요일,부산광역시 북구 덕천동,중상사고,0,1,0,0,차대차 - 측면충돌,신호위반,건조,맑음,교차로 - 교차로안,승용,남,66세,상해없음,원동기,남,70세,중상
2017110700100206,2017년 11월 7일 10시,화요일,부산광역시 강서구 송정동,부상신고사고,0,0,0,2,차대차 - 측면충돌,안전운전불이행,건조,맑음,교차로 - 교차로안,승용,남,35세,상해없음,화물,남,29세,부상신고
2017110700100232,2017년 11월 7일 11시,화요일,부산광역시 부산진구 범천동,경상사고,0,0,1,0,차대차 - 기타,차로위반,건조,맑음,단일로 - 기타,이륜,남,76세,경상,승용,여,53세,상해없음
2017110700100258,2017년 11월 7일 12시,화요일,부산광역시 부산진구 부전동,중상사고,0,1,0,0,차대사람 - 기타,안전운전불이행,건조,맑음,교차로 - 교차로안,승합,남,35세,상해없음,보행자,여,36세,중상
2017110700100259,2017년 11월 7일 12시,화요일,부산광역시 부산진구 당감동,중상사고,0,2,1,0,차대차 - 기타,안전운전불이행,건조,맑음,교차로 - 교차로안,승용,남,71세,경상,승용,남,46세,중상
2017110700100282,2017년 11월 7일 13시,화요일,부산광역시 동구 초량동,중상사고,0,1,0,0,차대차 - 기타,차로위반,건조,맑음,단일로 - 기타,승용,남,62세,상해없음,승합,남,46세,상해없음
2017110700100283,2017년 11월 7일 13시,화요일,부산광역시 부산진구 가야동,중상사고,0,1,0,0,차대사람 - 횡단중,신호위반,건조,맑음,교차로 - 교차로횡단보도내,화물,남,55세,상해없음,보행자,여,56세,중상
2017110700100284,2017년 11월 7일 13시,화요일,부산광역시 기장군 정관읍,경상사고,0,0,1,0,차대사람 - 차도통행중,안전운전불이행,건조,맑음,기타 - 기타,승용,여,40세,상해없음,보행자,여,77세,경상
2017110700100311,2017년 11월 7일 14시,화요일,부산광역시 금정구 구서동,부상신고사고,0,0,0,1,차대사람 - 기타,보행자보호의무위반,건조,맑음,교차로 - 교차로안,화물,남,56세,상해없음,보행자,남,75세,부상신고
2017110700100370,2017년 11월 7일 16시,화요일,부산광역시 부산진구 당감동,경상사고,0,0,1,0,차대차 - 측면충돌,신호위반,건조,맑음,교차로 - 교차로안,승용,여,46세,상해없음,승용,남,62세,경상
2017110700100404,2017년 11월 7일 17시,화요일,부산광역시 남구 대연동,경상사고,0,0,2,0,차대차 - 측면충돌,안전거리미확보,건조,맑음,단일로 - 기타,승용,남,46세,상해없음,승용,여,67세,경상
2017110700100405,2017년 11월 7일 17시,화요일,부산광역시 연제구 연산동,중상사고,0,1,0,0,차대사람 - 기타,기타,건조,맑음,단일로 - 기타,승용,여,62세,기타불명,보행자,여,65세,중상
2017110700100406,2017년 11월 7일 17시,화요일,부산광역시 사상구 학장동,경상사고,0,0,1,2,차대차 - 측면충돌,교차로운행방법위반,건조,맑음,교차로 - 교차로안,승용,남,64세,상해없음,승용,남,31세,경상
2017110700100407,2017년 11월 7일 17시,화요일,부산광역시 기장군 기장읍,중상사고,0,1,0,0,차대사람 - 횡단중,안전운전불이행,건조,맑음,교차로 - 교차로안,승용,남,26세,상해없음,보행자,여,73세,중상
2017110700100449,2017년 11월 7일 18시,화요일,부산광역시 남구 용호동,중상사고,0,1,2,0,차대차 - 측면충돌,교차로운행방법위반,건조,맑음,교차로 - 교차로안,승합,남,44세,경상,원동기,남,40세,경상
2017110700100450,2017년 11월 7일 18시,화요일,부산광역시 금정구 구서동,경상사고,0,0,1,0,차대차 - 측면충돌,차로위반,건조,맑음,단일로 - 기타,승용,여,38세,상해없음,승용,남,39세,경상
2017110700100451,2017년 11월 7일 18시,화요일,부산광역시 연제구 거제동,경상사고,0,0,2,0,차대차 - 측면충돌,안전운전불이행,건조,맑음,단일로 - 기타,승용,남,69세,상해없음,승용,남,37세,경상
2017110700100511,2017년 11월 7일 19시,화요일,부산광역시 북구 화명동,중상사고,0,1,0,0,차대차 - 측면충돌,신호위반,건조,맑음,교차로 - 교차로부근,승용,여,57세,상해없음,승용,여,54세,중상
2017110700100512,2017년 11월 7일 19시,화요일,부산광역시 사하구 감천동,중상사고,0,1,0,0,차대사람 - 기타,안전운전불이행,건조,맑음,단일로 - 기타,승용,남,56세,상해없음,보행자,여,66세,중상
2017110700100563,2017년 11월 7일 20시,화요일,부산광역시 서구 동대신동2가,경상사고,0,0,5,0,차대차 - 추돌,안전운전불이행,건조,맑음,단일로 - 기타,승용,여,31세,상해없음,승용,남,59세,상해없음
2017110700100591,2017년 11월 7일 21시,화요일,부산광역시 중구 동광동5가,경상사고,0,0,1,0,차대사람 - 기타,안전운전불이행,건조,맑음,단일로 - 기타,승용,남,55세,기타불명,보행자,남,25세,경상
2017110700100621,2017년 11월 7일 22시,화요일,부산광역시 부산진구 초읍동,중상사고,0,1,0,0,차대사람 - 횡단중,보행자보호의무위반,건조,맑음,단일로 - 기타,승용,남,63세,상해없음,보행자,여,53세,중상
2017110700100647,2017년 11월 7일 23시,화요일,부산광역시 금정구 오륜동,중상사고,0,1,0,0,차대사람 - 차도통행중,안전운전불이행,건조,맑음,단일로 - 기타,승용,남,53세,상해없음,보행자,남,41세,중상
2017110700100648,2017년 11월 7일 23시,화요일,부산광역시 연제구 연산동,경상사고,0,0,1,0,차대사람 - 횡단중,안전운전불이행,건조,맑음,교차로 - 교차로안,승용,남,64세,상해없음,보행자,남,50세,경상
2017110800100036,2017년 11월 8일 01시,수요일,부산광역시 기장군 일광면,부상신고사고,0,0,0,1,차대차 - 측면충돌,안전운전불이행,건조,맑음,기타 - 기타,승용,남,24세,상해없음,승용,여,34세,부상신고
2017110800100063,2017년 11월 8일 04시,수요일,부산광역시 연제구 연산동,경상사고,0,0,2,0,차대차 - 측면충돌,신호위반,건조,맑음,교차로 - 교차로안,승용,남,54세,상해없음,승용,남,56세,경상
2017110800100069,2017년 11월 8일 05시,수요일,부산광역시 서구 암남동,경상사고,0,0,1,0,차대사람 - 횡단중,안전운전불이행,건조,맑음,단일로 - 기타,승용,남,55세,상해없음,보행자,남,79세,경상
2017110800100070,2017년 11월 8일 05시,수요일,부산광역시 동래구 사직동,경상사고,0,0,1,1,차대차 - 측면충돌,신호위반,건조,맑음,교차로 - 교차로안,원동기,남,68세,부상신고,승용,남,22세,경상
2017110800100079,2017년 11월 8일 06시,수요일,부산광역시 남구 대연동,중상사고,0,2,1,1,차대차 - 기타,기타,건조,기타,기타 - 기타,승용,남,60세,상해없음,화물,남,28세,경상
2017110800100080,2017년 11월 8일 06시,수요일,부산광역시 부산진구 부암동,경상사고,0,0,1,0,차대차 - 기타,신호위반,건조,맑음,교차로 - 교차로안,화물,남,69세,상해없음,승용,남,73세,경상
2017110800100081,2017년 11월 8일 06시,수요일,부산광역시 사하구 다대동,경상사고,0,0,1,0,차대차 - 추돌,안전운전불이행,건조,맑음,단일로 - 기타,승용,남,18세,상해없음,화물,남,54세,경상
2017110800100107,2017년 11월 8일 07시,수요일,부산광역시 부산진구 가야동,경상사고,0,0,1,0,차대사람 - 기타,안전운전불이행,건조,맑음,단일로 - 기타,승용,남,73세,상해없음,보행자,여,74세,경상
2017110800100108,2017년 11월 8일 07시,수요일,부산광역시 사하구 하단동,경상사고,0,0,1,0,차대차 - 측면충돌,안전운전불이행,건조,맑음,단일로 - 기타,승용,남,60세,상해없음,승합,남,59세,경상
2017110800100142,2017년 11월 8일 08시,수요일,부산광역시 남구 용당동,중상사고,0,1,0,0,차대차 - 기타,안전운전불이행,건조,맑음,교차로 - 교차로안,승용,남,61세,상해없음,이륜,남,64세,중상
2017110800100143,2017년 11월 8일 08시,수요일,부산광역시 수영구 광안동,경상사고,0,0,1,0,차대차 - 기타,교차로운행방법위반,건조,맑음,교차로 - 교차로안,승용,여,27세,상해없음,승용,남,34세,경상
2017110800100182,2017년 11월 8일 09시,수요일,부산광역시 동래구 명륜동,경상사고,0,0,1,0,차대사람 - 횡단중,안전운전불이행,건조,맑음,단일로 - 기타,승용,남,61세,상해없음,보행자,여,76세,경상
2017110800100183,2017년 11월 8일 09시,수요일,부산광역시 사상구 모라동,경상사고,0,0,2,0,차대차 - 추돌,안전거리미확보,건조,맑음,단일로 - 기타,이륜,남,19세,상해없음,승용,남,28세,경상