사고번호,사고일시,요일,시군구,사고내용,사망자수,중상자수,경상자수,부상신고자수,사고유형,법규위반,노면상태,기상상태,도로형태,가해운전자 차종,가해운전자 성별,가해운전자 연령,가해운전자 상해정도,피해운전자 차종,피해운전자 성별,피해운전자 연령,피해운전자 상해정도
2017111100100534,2017년 11월 11일 18시,토요일,부산광역시 금정구 구서동,중상사고,0,1,0,0,차대사람 - 횡단중,보행자보호의무위반,건조,맑음,교차로 - 교차로횡단보도내,승용,여,59세,상해없음,보행자,남,55세,중상
2017111100100535,2017년 11월 11일 18시,토요일,부산광역시 연제구 연산동,중상사고,0,2,0,0,차대차 - 측면충돌,중앙선침범,건조,맑음,단일로 - 기타,이륜,남,60세,중상,이륜,남,21세,중상
2017111100100536,2017년 11월 11일 18시,토요일,부산광역시 사상구 덕포동,경상사고,0,0,1,0,차대차 - 기타,안전운전불이행,건조,맑음,교차로 - 교차로안,특수,남,45세,상해없음,승용,남,54세,상해없음
2017111100100537,2017년 11월 11일 18시,토요일,부산광역시 강서구 대저1동,경상사고,0,0,1,0,차대차 - 추돌,안전운전불이행,건조,맑음,단일로 - 기타,승용,남,21세,상해없음,승용,여,31세,경상
2017111100100626,2017년 11월 11일 20시,토요일,부산광역시 남구 감만동,중상사고,0,1,0,0,차대차 - 측면충돌,안전거리미확보,건조,맑음,단일로 - 기타,이륜,남,24세,중상,승용,남,53세,상해없음
2017111100100627,2017년 11월 11일 20시,토요일,부산광역시 동래구 온천동,경상사고,0,0,1,0,차대차 - 측면충돌,안전운전불이행,건조,맑음,단일로 - 기타,승용,남,19세,상해없음,승용,남,69세,경상
2017111100100628,2017년 11월 11일 20시,토요일,부산광역시 기장군 기장읍,중상사고,0,1,0,0,차대차 - 측면충돌,신호위반,건조,맑음,교차로 - 교차로부근,이륜,남,18세,중상,승용,여,54세,상해없음
2017111100100643,2017년 11월 11일 21시,토요일,부산광역시 북구 덕천동,경상사고,0,0,1,0,차대사람 - 기타,안전운전불이행,건조,맑음,단일로 - 기타,승용,남,70세,상해없음,보행자,남,33세,경상
2017111100100673,2017년 11월 11일 22시,토요일,부산광역시 금정구 부곡동,경상사고,0,0,1,0,차대사람 - 횡단중,안전운전불이행,건조,맑음,교차로 - 교차로안,승용,남,55세,상해없음,보행자,남,51세,경상
2017111100100674,2017년 11월 11일 22시,토요일,부산광역시 강서구 명지동,중상사고,0,1,0,0,차대차 - 기타,안전운전불이행,건조,맑음,교차로 - 교차로부근,기타불명,기타불명,미분류,기타불명,이륜,남,33세,중상
2017111100100675,2017년 11월 11일 22시,토요일,부산광역시 사상구 괘법동,부상신고사고,0,0,0,1,차대사람 - 기타,안전운전불이행,건조,맑음,단일로 - 기타,승용,남,33세,상해없음,보행자,남,66세,부상신고
2017111100100694,2017년 11월 11일 23시,토요일,부산광역시 금정구 장전동,중상사고,0,1,0,1,차대차 - 측면충돌,직진우회전진행방해,건조,맑음,교차로 - 교차로안,원동기,남,48세,부상신고,원동기,남,19세,중상
2017111100100695,2017년 11월 11일 23시,토요일,부산광역시 금정구 서동,경상사고,0,0,2,0,차대차 - 측면충돌,중앙선침범,건조,맑음,단일로 - 기타,화물,남,61세,상해없음,승용,남,64세,상해없음
2017111100100696,2017년 11월 11일 23시,토요일,부산광역시 금정구 부곡동,경상사고,0,0,2,0,차대차 - 측면충돌,직진우회전진행방해,건조,맑음,교차로 - 교차로안,승용,남,69세,상해없음,승용,남,48세,경상
2017111100100697,2017년 11월 11일 23시,토요일,부산광역시 기장군 정관읍,경상사고,0,0,1,1,차대차 - 기타,기타,건조,맑음,단일로 - 기타,승용,남,57세,부상신고,승용,남,26세,경상
2017111200100054,2017년 11월 12일 03시,일요일,부산광역시 기장군 철마면,중상사고,0,1,2,0,차대차 - 추돌,안전운전불이행,건조,맑음,단일로 - 기타,승용,남,50세,경상,승용,남,38세,경상
2017111200100065,2017년 11월 12일 04시,일요일,부산광역시 동래구 사직동,중상사고,0,1,0,0,차대사람 - 횡단중,신호위반,건조,맑음,단일로 - 기타,이륜,남,28세,상해없음,보행자,남,40세,중상
2017111200100095,2017년 11월 12일 07시,일요일,부산광역시 금정구 선동,경상사고,0,0,4,1,차대차 - 추돌,안전운전불이행,건조,맑음,단일로 - 기타,승용,여,55세,경상,승용,여,48세,경상
2017111200100096,2017년 11월 12일 07시,일요일,부산광역시 사상구 괘법동,중상사고,0,1,0,0,차대사람 - 보도통행중,보행자보호의무위반,건조,맑음,단일로 - 기타,승용,남,52세,상해없음,보행자,남,75세,중상
2017111200100111,2017년 11월 12일 08시,일요일,부산광역시 부산진구 부전동,부상신고사고,0,0,0,1,차대차 - 측면충돌,신호위반,건조,맑음,단일로 - 기타,원동기,남,32세,부상신고,화물,남,59세,상해없음
2017111200100112,2017년 11월 12일 08시,일요일,부산광역시 부산진구 초읍동,경상사고,0,0,1,0,차대차 - 측면충돌,교차로운행방법위반,건조,맑음,교차로 - 교차로안,승용,여,36세,상해없음,승용,남,60세,경상
2017111200100125,2017년 11월 12일 09시,일요일,부산광역시 동구 좌천동,중상사고,0,1,0,0,차대차 - 측면충돌,차로위반,건조,맑음,교차로 - 교차로부근,승용,여,60세,상해없음,원동기,남,27세,중상
2017111200100163,2017년 11월 12일 11시,일요일,부산광역시 부산진구 범천동,중상사고,0,1,0,0,차대차 - 측면충돌,안전운전불이행,건조,맑음,단일로 - 기타,승용,남,53세,상해없음,승용,여,29세,중상
2017111200100164,2017년 11월 12일 11시,일요일,부산광역시 기장군 장안읍,경상사고,0,0,2,0,차대차 - 측면충돌,직진우회전진행방해,건조,맑음,교차로 - 교차로안,승용,남,65세,상해없음,승용,여,60세,경상
2017111200100192,2017년 11월 12일 12시,일요일,부산광역시 수영구 민락동,경상사고,0,0,1,0,차대차 - 정면충돌,교차로운행방법위반,건조,맑음,교차로 - 교차로안,승용,여,23세,상해없음,원동기,남,28세,경상
2017111200100298,2017년 11월 12일 15시,일요일,부산광역시 중구 동광동5가,경상사고,0,0,1,0,차대차 - 측면충돌,차로위반,건조,맑음,단일로 - 기타,화물,남,64세,상해없음,승용,남,30세,경상
2017111200100299,2017년 11월 12일 15시,일요일,부산광역시 강서구 대저1동,경상사고,0,0,2,0,차대차 - 측면충돌,안전거리미확보,건조,맑음,단일로 - 기타,승용,여,52세,상해없음,승용,남,31세,경상
2017111200100333,2017년 11월 12일 16시,일요일,부산광역시 사하구 하단동,중상사고,0,1,3,0,차대차 - 기타,안전운전불이행,건조,맑음,단일로 - 기타,승합,남,57세,중상,승용,남,59세,경상
2017111200100368,2017년 11월 12일 17시,일요일,부산광역시 금정구 장전동,경상사고,0,0,1,0,차대사람 - 기타,안전운전불이행,건조,맑음,단일로 - 기타,승용,남,24세,상해없음,보행자,남,45세,경상
2017111200100405,2017년 11월 12일 18시,일요일,부산광역시 남구 대연동,부상신고사고,0,0,0,1,차대차 - 기타,신호위반,건조,맑음,교차로 - 교차로부근,원동기,남,26세,부상신고,승용,남,54세,상해없음
2017111200100406,2017년 11월 12일 18시,일요일,부산광역시 남구 용호동,경상사고,0,0,1,0,차대사람 - 기타,안전운전불이행,건조,맑음,교차로 - 교차로안,자전거,남,61세,상해없음,보행자,남,70세,경상
2017111200100407,2017년 11월 12일 18시,일요일,부산광역시 부산진구 양정동,중상사고,0,1,1,0,차대차 - 측면충돌,안전운전불이행,건조,맑음,기타 - 기타,이륜,남,34세,중상,승용,남,40세,경상
2017111200100408,2017년 11월 12일 18시,일요일,부산광역시 사하구 다대동,경상사고,0,0,1,0,차대사람 - 기타,불법유턴,건조,맑음,교차로 - 교차로안,승용,남,55세,상해없음,보행자,남,62세,경상
2017111200100448,2017년 11월 12일 19시,일요일,부산광역시 북구 덕천동,중상사고,0,1,0,0,차대차 - 기타,안전운전불이행,건조,맑음,교차로 - 교차로안,승용,남,52세,상해없음,이륜,남,24세,중상
2017111200100480,2017년 11월 12일 20시,일요일,부산광역시 서구 서대신동3가,경상사고,0,0,1,0,차대차 - 측면충돌,안전운전불이행,건조,맑음,단일로 - 기타,승용,남,77세,상해없음,이륜,남,33세,경상
2017111200100481,2017년 11월 12일 20시,일요일,부산광역시 해운대구 송정동,중상사고,0,1,1,0,차량단독 - 전도전복,차로위반,건조,맑음,단일로 - 터널,이륜,남,21세,중상,미분류,미분류,미분류,미분류
2017111200100482,2017년 11월 12일 20시,일요일,부산광역시 해운대구 좌동,경상사고,0,0,1,0,차대차 - 측면충돌,안전거리미확보,건조,맑음,교차로 - 교차로부근,원동기,남,22세,상해없음,원동기,남,24세,경상
2017111200100483,2017년 11월 12일 20시,일요일,부산광역시 연제구 연산동,중상사고,0,1,0,0,차대사람 - 횡단중,과속,건조,맑음,단일로 - 기타,승용,남,59세,상해없음,보행자,남,57세,중상
2017111200100507,2017년 11월 12일 21시,일요일,부산광역시 서구 서대신동3가,경상사고,0,0,1,0,차대차 - 측면충돌,안전운전불이행,건조,맑음,교차로 - 교차로부근,승용,남,55세,상해없음,이륜,남,38세,경상
2017111200100508,2017년 11월 12일 21시,일요일,부산광역시 남구 문현동,중상사고,0,1,0,0,차대차 - 기타,중앙선침범,건조,맑음,기타 - 기타,이륜,남,24세,상해없음,이륜,남,59세,중상
2017111200100509,2017년 11월 12일 21시,일요일,부산광역시 북구 구포동,중상사고,0,1,0,0,차대차 - 측면충돌,중앙선침범,건조,맑음,단일로 - 기타,승용,남,59세,상해없음,이륜,남,26세,중상
2017111200100510,2017년 11월 12일 21시,일요일,부산광역시 사하구 다대동,경상사고,0,0,1,0,차대사람 - 기타,안전운전불이행,건조,맑음,교차로 - 교차로안,승용,남,37세,상해없음,보행자,남,52세,경상
2017111200100511,2017년 11월 12일 21시,일요일,부산광역시 사하구 감천동,중상사고,0,1,0,0,차대차 - 기타,교차로운행방법위반,건조,맑음,교차로 - 교차로안,승용,남,45세,상해없음,이륜,남,19세,중상
2017111200100539,2017년 11월 12일 22시,일요일,부산광역시 금정구 장전동,경상사고,0,0,1,0,차대사람 - 기타,안전운전불이행,건조,맑음,교차로 - 교차로부근,승용,남,64세,상해없음,보행자,남,33세,경상
2017111300100026,2017년 11월 13일 00시,월요일,부산광역시 해운대구 우동,경상사고,0,0,3,0,차대차 - 측면충돌,신호위반,건조,맑음,교차로 - 교차로안,승용,남,53세,상해없음,승용,남,59세,경상
2017111300100027,2017년 11월 13일 00시,월요일,부산광역시 해운대구 우동,경상사고,0,0,1,0,차대차 - 추돌,안전운전불이행,건조,맑음,교차로 - 교차로부근,승용,여,38세,상해없음,승용,여,35세,경상
2017111300100048,2017년 11월 13일 03시,월요일,부산광역시 연제구 거제동,경상사고,0,0,1,0,차대차 - 측면충돌,신호위반,건조,맑음,교차로 - 교차로안,승용,남,55세,상해없음,이륜,남,22세,상해없음
2017111300100049,2017년 11월 13일 03시,월요일,부산광역시 사상구 주례동,중상사고,0,1,1,0,차대차 - 측면충돌,교차로운행방법위반,건조,맑음,교차로 - 교차로안,원동기,남,41세,상해없음,원동기,남,23세,중상
2017111300100085,2017년 11월 13일 07시,월요일,부산광역시 사하구 괴정동,중상사고,0,1,0,0,차대차 - 기타,안전거리미확보,건조,맑음,단일로 - 기타,승용,여,44세,상해없음,승합,남,57세,상해없음
2017111300100117,2017년 11월 13일 08시,월요일,부산광역시 해운대구 우동,경상사고,0,0,1,0,차대차 - 기타,안전운전불이행,건조,맑음,교차로 - 교차로부근,승용,남,47세,상해없음,승용,여,34세,경상
2017111300100118,2017년 11월 13일 08시,월요일,부산광역시 기장군 정관읍,경상사고,0,0,1,0,차대사람 - 횡단중,안전운전불이행,건조,맑음,단일로 - 기타,건설기계,남,65세,상해없음,보행자,남,83세,경상
2017111300100119,2017년 11월 13일 08시,월요일,부산광역시 기장군 기장읍,경상사고,0,0,1,0,차대사람 - 길가장자리구역통행중,안전운전불이행,건조,맑음,교차로 - 교차로부근,승용,여,38세,상해없음,보행자,남,66세,경상
2017111300100161,2017년 11월 13일 09시,월요일,부산광역시 중구 중앙동5가,경상사고,0,0,1,0,차대차 - 기타,신호위반,건조,맑음,교차로 - 교차로안,승용,남,73세,상해없음,이륜,남,32세,경상
2017111300100195,2017년 11월 13일 10시,월요일,부산광역시 동래구 사직동,부상신고사고,0,0,0,1,차대차 - 측면충돌,안전운전불이행,건조,맑음,단일로 - 기타,화물,남,59세,상해없음,승용,여,43세,부상신고
2017111300100226,2017년 11월 13일 11시,월요일,부산광역시 중구 신창동4가,중상사고,0,1,0,0,차대사람 - 기타,안전운전불이행,건조,맑음,기타 - 기타,승용,남,67세,상해없음,보행자,여,72세,중상
2017111300100227,2017년 11월 13일 11시,월요일,부산광역시 동구 수정동,경상사고,0,0,1,0,차대차 - 측면충돌,신호위반,건조,맑음,교차로 - 교차로안,승용,남,74세,상해없음,승용,남,68세,경상
2017111300100228,2017년 11월 13일 11시,월요일,부산광역시 남구 대연동,경상사고,0,0,1,0,차대사람 - 기타,안전운전불이행,건조,맑음,기타 - 기타,승용,남,47세,상해없음,보행자,여,54세,경상
2017111300100229,2017년 11월 13일 11시,월요일,부산광역시 북구 구포동,부상신고사고,0,0,0,1,차대차 - 추돌,안전거리미확보,건조,맑음,교차로 - 교차로안,이륜,남,61세,부상신고,승용,남,31세,상해없음
2017111300100263,2017년 11월 13일 12시,월요일,부산광역시 북구 덕천동,경상사고,0,0,1,0,차대사람 - 횡단중,안전운전불이행,건조,맑음,단일로 - 기타,승용,남,53세,상해없음,보행자,여,76세,경상
2017111300100295,2017년 11월 13일 13시,월요일,부산광역시 부산진구 부전동,경상사고,0,0,3,0,차대차 - 측면충돌,안전운전불이행,건조,맑음,단일로 - 기타,승용,남,67세,상해없음,화물,남,51세,경상
2017111300100323,2017년 11월 13일 14시,월요일,부산광역시 동래구 수안동,중상사고,0,1,0,0,차대차 - 측면충돌,차로위반,건조,맑음,단일로 - 기타,원동기,남,42세,중상,승용,남,47세,상해없음
2017111300100348,2017년 11월 13일 15시,월요일,부산광역시 남구 우암동,중상사고,0,1,1,0,차대차 - 추돌,안전거리미확보,건조,맑음,단일로 - 기타,특수,남,64세,상해없음,승용,남,30세,중상
2017111300100349,2017년 11월 13일 15시,월요일,부산광역시 북구 덕천동,경상사고,0,0,1,0,차대차 - 기타,교차로운행방법위반,건조,맑음,교차로 - 교차로안,승합,여,55세,상해없음,이륜,남,36세,경상
2017111300100350,2017년 11월 13일 15시,월요일,부산광역시 동래구 온천동,중상사고,0,1,0,0,차대차 - 추돌,기타,건조,맑음,단일로 - 기타,건설기계,남,58세,상해없음,승용,여,38세,중상
2017111300100351,2017년 11월 13일 15시,월요일,부산광역시 사하구 장림동,중상사고,0,1,0,0,차대사람 - 횡단중,안전운전불이행,건조,맑음,단일로 - 기타,승용,남,41세,상해없음,보행자,여,60세,중상
2017111300100425,2017년 11월 13일 17시,월요일,부산광역시 사하구 괴정동,경상사고,0,0,1,0,차대사람 - 횡단중,보행자보호의무위반,건조,맑음,단일로 - 기타,이륜,남,58세,상해없음,보행자,여,76세,경상
2017111300100479,2017년 11월 13일 18시,월요일,부산광역시 중구 중앙동5가,중상사고,0,1,0,0,차대차 - 기타,교차로운행방법위반,건조,맑음,교차로 - 교차로안,승용,남,29세,기타불명,이륜,남,27세,중상
2017111300100480,2017년 11월 13일 18시,월요일,부산광역시 동래구 사직동,경상사고,0,0,1,0,차대차 - 측면충돌,신호위반,건조,맑음,교차로 - 교차로안,이륜,기타불명,미분류,기타불명,자전거,여,54세,경상
2017111300100556,2017년 11월 13일 20시,월요일,부산광역시 사상구 주례동,경상사고,0,0,1,0,차대사람 - 기타,안전운전불이행,건조,맑음,단일로 - 기타,승용,남,36세,상해없음,보행자,여,26세,경상
2017111300100622,2017년 11월 13일 22시,월요일,부산광역시 부산진구 부전동,중상사고,0,1,0,0,차대사람 - 차도통행중,안전운전불이행,건조,맑음,단일로 - 지하차도(도로)내,승용,남,60세,상해없음,보행자,남,41세,중상
2017111300100623,2017년 11월 13일 22시,월요일,부산광역시 연제구 거제동,경상사고,0,0,1,0,차대사람 - 길가장자리구역통행중,안전운전불이행,건조,맑음,단일로 - 기타,승용,남,62세,상해없음,보행자,여,54세,경상
2017111300100646,2017년 11월 13일 23시,월요일,부산광역시 동구 좌천동,경상사고,0,0,1,0,차대차 - 기타,교차로운행방법위반,건조,맑음,교차로 - 교차로안,승용,남,23세,경상,특수,남,44세,상해없음
2017111300100647,2017년 11월 13일 23시,월요일,부산광역시 북구 덕천동,경상사고,0,0,1,0,차대차 - 측면충돌,차로위반,건조,맑음,단일로 - 기타,승용,남,23세,상해없음,승용,남,30세,경상
2017111400100034,2017년 11월 14일 01시,화요일,부산광역시 부산진구 범천동,중상사고,0,1,1,0,차대차 - 기타,과속,기타,맑음,단일로 - 기타,승용,남,23세,중상,승용,남,65세,경상
2017111400100035,2017년 11월 14일 01시,화요일,부산광역시 수영구 광안동,사망사고,1,0,0,0,차대사람 - 횡단중,안전운전불이행,건조,맑음,교차로 - 교차로안,승용,남,65세,상해없음,보행자,남,75세,사망
2017111400100087,2017년 11월 14일 07시,화요일,부산광역시 서구 아미동1가,경상사고,0,0,1,0,차대차 - 기타,안전운전불이행,건조,맑음,단일로 - 기타,승용,남,69세,경상,승합,남,38세,상해없음
2017111400100088,2017년 11월 14일 07시,화요일,부산광역시 서구 동대신동1가,경상사고,0,0,1,0,차대차 - 기타,교차로운행방법위반,건조,맑음,교차로 - 교차로안,승용,여,50세,경상,화물,남,48세,상해없음
2017111400100119,2017년 11월 14일 08시,화요일,부산광역시 사하구 하단동,중상사고,0,1,0,0,차대차 - 기타,안전운전불이행,건조,맑음,단일로 - 기타,화물,남,54세,상해없음,자전거,남,70세,중상
2017111400100120,2017년 11월 14일 08시,화요일,부산광역시 강서구 명지동,경상사고,0,0,1,0,차대차 - 측면충돌,안전거리미확보,건조,맑음,단일로 - 기타,화물,남,50세,상해없음,승용,남,47세,경상
2017111400100193,2017년 11월 14일 10시,화요일,부산광역시 연제구 연산동,경상사고,0,0,1,0,차대차 - 기타,기타,건조,맑음,단일로 - 기타,화물,남,64세,상해없음,자전거,여,66세,경상
2017111400100194,2017년 11월 14일 10시,화요일,부산광역시 사상구 감전동,중상사고,0,1,0,0,차대사람 - 기타,안전운전불이행,건조,맑음,기타 - 기타,화물,남,63세,상해없음,보행자,남,47세,중상
2017111400100225,2017년 11월 14일 11시,화요일,부산광역시 해운대구 반송동,경상사고,0,0,1,0,차대차 - 후진중충돌,안전운전불이행,건조,맑음,단일로 - 기타,승용,남,62세,상해없음,승용,여,30세,경상
2017111400100249,2017년 11월 14일 12시,화요일,부산광역시 영도구 청학동,중상사고,0,1,0,0,차대차 - 측면충돌,안전운전불이행,건조,맑음,단일로 - 기타,건설기계,남,71세,상해없음,이륜,남,41세,중상
2017111400100250,2017년 11월 14일 12시,화요일,부산광역시 해운대구 재송동,중상사고,0,1,0,0,차대차 - 기타,안전운전불이행,기타,맑음,단일로 - 기타,이륜,남,60세,중상,건설기계,남,48세,상해없음
2017111400100277,2017년 11월 14일 13시,화요일,부산광역시 중구 보수동1가,중상사고,0,1,0,0,차대차 - 기타,안전운전불이행,건조,맑음,단일로 - 기타,승용,여,42세,상해없음,이륜,남,49세,중상
2017111400100278,2017년 11월 14일 13시,화요일,부산광역시 해운대구 우동,경상사고,0,0,1,0,차대차 - 추돌,안전거리미확보,건조,맑음,단일로 - 기타,화물,남,55세,상해없음,승합,남,43세,경상
2017111400100279,2017년 11월 14일 13시,화요일,부산광역시 기장군 기장읍,중상사고,0,1,0,1,차대차 - 추돌,안전운전불이행,건조,맑음,교차로 - 교차로안,승용,여,60세,중상,승용,남,37세,부상신고
2017111400100319,2017년 11월 14일 14시,화요일,부산광역시 서구 동대신동1가,사망사고,1,0,0,0,차대차 - 측면충돌,신호위반,건조,맑음,교차로 - 교차로부근,특수,남,45세,상해없음,이륜,남,70세,사망
2017111400100320,2017년 11월 14일 14시,화요일,부산광역시 해운대구 재송동,경상사고,0,0,1,0,차대차 - 측면충돌,직진우회전진행방해,건조,맑음,교차로 - 교차로횡단보도내,승용,남,50세,경상,승용,여,67세,상해없음
2017111400100321,2017년 11월 14일 14시,화요일,부산광역시 강서구 대저1동,중상사고,0,1,0,0,차대사람 - 보도통행중,중앙선침범,건조,맑음,교차로 - 교차로부근,승용,여,43세,상해없음,보행자,남,73세,중상
2017111400100361,2017년 11월 14일 15시,화요일,부산광역시 해운대구 반여동,경상사고,0,0,1,0,차대차 - 측면충돌,안전운전불이행,건조,맑음,교차로 - 교차로안,승용,남,60세,상해없음,승용,남,21세,경상
2017111400100362,2017년 11월 14일 15시,화요일,부산광역시 사하구 감천동,경상사고,0,0,1,0,차대사람 - 횡단중,안전운전불이행,건조,맑음,교차로 - 교차로안,승용,남,69세,상해없음,보행자,여,64세,경상
2017111400100399,2017년 11월 14일 16시,화요일,부산광역시 서구 동대신동3가,경상사고,0,0,2,0,차대차 - 측면충돌,신호위반,건조,맑음,교차로 - 교차로안,승용,여,55세,경상,승용,남,43세,경상
2017111400100400,2017년 11월 14일 16시,화요일,부산광역시 수영구 수영동,중상사고,0,1,0,0,차대사람 - 횡단중,안전운전불이행,건조,맑음,교차로 - 교차로부근,승용,여,52세,상해없음,보행자,여,83세,중상
2017111400100433,2017년 11월 14일 17시,화요일,부산광역시 남구 감만동,중상사고,0,1,0,0,차대차 - 측면충돌,안전운전불이행,건조,맑음,단일로 - 기타,특수,남,54세,상해없음,승용,남,44세,중상
2017111400100434,2017년 11월 14일 17시,화요일,부산광역시 북구 덕천동,부상신고사고,0,0,0,1,차량단독 - 기타,기타,건조,맑음,단일로 - 기타,승합,남,55세,상해없음,,,,
2017111400100435,2017년 11월 14일 17시,화요일,부산광역시 금정구 남산동,부상신고사고,0,0,0,1,차대사람 - 길가장자리구역통행중,안전운전불이행,건조,맑음,단일로 - 기타,화물,여,56세,상해없음,보행자,남,17세,부상신고
2017111400100436,2017년 11월 14일 17시,화요일,부산광역시 사하구 괴정동,경상사고,0,0,2,1,차대차 - 측면충돌,안전운전불이행,건조,맑음,교차로 - 교차로안,승합,남,25세,부상신고,승용,남,24세,상해없음
2017111400100437,2017년 11월 14일 17시,화요일,부산광역시 연제구 연산동,중상사고,0,1,2,0,차대차 - 정면충돌,안전운전불이행,건조,맑음,단일로 - 기타,이륜,남,16세,기타불명,승용,남,64세,상해없음
2017111400100478,2017년 11월 14일 18시,화요일,부산광역시 영도구 동삼동,경상사고,0,0,1,0,차대사람 - 기타,안전운전불이행,건조,맑음,단일로 - 기타,승용,여,37세,상해없음,보행자,남,53세,경상
2017111400100536,2017년 11월 14일 19시,화요일,부산광역시 해운대구 반여동,중상사고,0,2,0,0,차대차 - 기타,교차로운행방법위반,기타,맑음,교차로 - 교차로안,승용,남,67세,상해없음,이륜,남,19세,중상
2017111400100581,2017년 11월 14일 20시,화요일,부산광역시 동래구 사직동,중상사고,0,1,0,0,차대사람 - 기타,안전운전불이행,건조,맑음,단일로 - 기타,이륜,남,62세,상해없음,보행자,여,46세,중상
2017111400100638,2017년 11월 14일 22시,화요일,부산광역시 연제구 연산동,중상사고,0,1,0,0,차대차 - 측면충돌,안전거리미확보,건조,맑음,단일로 - 기타,화물,남,67세,상해없음,이륜,남,25세,중상
2017111400100665,2017년 11월 14일 23시,화요일,부산광역시 부산진구 당감동,경상사고,0,0,1,0,차대사람 - 기타,신호위반,건조,맑음,교차로 - 교차로횡단보도내,승용,남,60세,상해없음,보행자,남,30세,경상
2017111500100046,2017년 11월 15일 01시,수요일,부산광역시 금정구 서동,중상사고,0,1,0,0,차대사람 - 기타,안전운전불이행,건조,맑음,단일로 - 기타,이륜,남,18세,상해없음,보행자,여,52세,중상
2017111500100047,2017년 11월 15일 01시,수요일,부산광역시 사하구 괴정동,중상사고,0,1,1,0,차대차 - 기타,신호위반,건조,맑음,교차로 - 교차로안,승합,남,54세,상해없음,승용,남,59세,중상
2017111500100063,2017년 11월 15일 04시,수요일,부산광역시 동래구 명륜동,중상사고,0,1,0,0,차대사람 - 기타,안전운전불이행,건조,맑음,단일로 - 기타,승용,남,59세,중상,보행자,남,73세,상해없음
2017111500100064,2017년 11월 15일 04시,수요일,부산광역시 사하구 괴정동,경상사고,0,0,2,1,차대차 - 기타,안전운전불이행,건조,맑음,단일로 - 기타,승용,남,49세,부상신고,승용,남,51세,경상
2017111500100072,2017년 11월 15일 05시,수요일,부산광역시 해운대구 우동,경상사고,0,0,1,0,차대차 - 기타,안전운전불이행,건조,맑음,교차로 - 교차로안,승용,여,31세,상해없음,화물,남,45세,경상
2017111500100085,2017년 11월 15일 06시,수요일,부산광역시 해운대구 우동,중상사고,0,1,1,0,차대사람 - 횡단중,보행자보호의무위반,건조,맑음,단일로 - 기타,승용,남,64세,경상,보행자,여,67세,중상
2017111500100105,2017년 11월 15일 07시,수요일,부산광역시 영도구 동삼동,경상사고,0,0,1,0,차대차 - 기타,안전운전불이행,건조,맑음,기타 - 기타,승용,여,42세,상해없음,승용,여,47세,경상
2017111500100106,2017년 11월 15일 07시,수요일,부산광역시 사하구 다대동,경상사고,0,0,1,0,차대사람 - 기타,안전운전불이행,건조,맑음,단일로 - 기타,승용,여,34세,상해없음,보행자,남,53세,경상
2017111500100107,2017년 11월 15일 07시,수요일,부산광역시 강서구 명지동,중상사고,0,1,0,0,차대차 - 추돌,안전운전불이행,건조,맑음,단일로 - 기타,특수,남,62세,상해없음,승용,여,34세,중상
2017111500100177,2017년 11월 15일 09시,수요일,부산광역시 금정구 구서동,경상사고,0,0,1,0,차대차 - 추돌,안전운전불이행,건조,맑음,교차로 - 교차로부근,승용,여,44세,상해없음,화물,남,28세,경상
2017111500100198,2017년 11월 15일 10시,수요일,부산광역시 사상구 학장동,경상사고,0,0,2,0,차대차 - 측면충돌,교차로운행방법위반,건조,맑음,교차로 - 교차로안,화물,남,50세,경상,화물,남,32세,경상
2017111500100228,2017년 11월 15일 11시,수요일,부산광역시 중구 보수동1가,경상사고,0,0,1,0,차량단독 - 기타,안전운전불이행,건조,맑음,단일로 - 기타,승합,남,51세,상해없음,,,,
2017111500100229,2017년 11월 15일 11시,수요일,부산광역시 남구 대연동,경상사고,0,0,1,0,차대차 - 기타,직진우회전진행방해,건조,맑음,단일로 - 기타,화물,남,56세,상해없음,승용,남,30세,경상
2017111500100258,2017년 11월 15일 12시,수요일,부산광역시 중구 중앙동4가,중상사고,0,1,0,0,차대차 - 측면충돌,교차로운행방법위반,건조,맑음,교차로 - 교차로안,승용,여,53세,상해없음,승용,여,41세,중상
2017111500100298,2017년 11월 15일 13시,수요일,부산광역시 사하구 신평동,중상사고,0,1,0,0,차대차 - 측면충돌,안전거리미확보,건조,맑음,기타 - 기타,건설기계,남,44세,상해없음,승용,여,37세,중상
2017111500100299,2017년 11월 15일 13시,수요일,부산광역시 기장군 정관읍,중상사고,0,1,0,0,차대차 - 측면충돌,신호위반,건조,맑음,교차로 - 교차로부근,이륜,남,39세,중상,승합,남,63세,상해없음
2017111500100335,2017년 11월 15일 14시,수요일,부산광역시 금정구 금사동,중상사고,0,1,0,0,차대차 - 측면충돌,교차로운행방법위반,건조,맑음,교차로 - 교차로안,화물,남,57세,상해없음,이륜,남,55세,중상
2017111500100336,2017년 11월 15일 14시,수요일,부산광역시 사하구 하단동,경상사고,0,0,1,0,차대사람 - 횡단중,신호위반,건조,맑음,단일로 - 기타,승용,여,63세,상해없음,보행자,여,22세,경상