사고번호,사고일시,요일,시군구,사고내용,사망자수,중상자수,경상자수,부상신고자수,사고유형,법규위반,노면상태,기상상태,도로형태,가해운전자 차종,가해운전자 성별,가해운전자 연령,가해운전자 상해정도,피해운전자 차종,피해운전자 성별,피해운전자 연령,피해운전자 상해정도
2017112300100121,2017년 11월 23일 07시,목요일,부산광역시 부산진구 범천동,경상사고,0,0,1,0,차대차 - 기타,안전거리미확보,건조,맑음,단일로 - 기타,승용,여,34세,상해없음,승용,남,57세,경상
2017112300100146,2017년 11월 23일 08시,목요일,부산광역시 서구 서대신동1가,중상사고,0,1,0,0,차대차 - 추돌,안전거리미확보,건조,맑음,단일로 - 기타,화물,남,41세,상해없음,승용,남,56세,중상
2017112300100147,2017년 11월 23일 08시,목요일,부산광역시 서구 동대신동2가,경상사고,0,0,1,0,차대차 - 추돌,안전거리미확보,건조,맑음,단일로 - 고가도로위,승용,남,42세,상해없음,승용,남,45세,경상
2017112300100148,2017년 11월 23일 08시,목요일,부산광역시 동래구 수안동,중상사고,0,1,1,0,차대차 - 측면충돌,안전운전불이행,건조,맑음,단일로 - 기타,승용,여,30세,상해없음,승용,남,58세,경상
2017112300100149,2017년 11월 23일 08시,목요일,부산광역시 해운대구 반여동,경상사고,0,0,1,0,차량단독 - 기타,안전운전불이행,건조,맑음,단일로 - 기타,승합,남,34세,상해없음,,,,
2017112300100150,2017년 11월 23일 08시,목요일,부산광역시 연제구 거제동,중상사고,0,1,0,0,차대차 - 측면충돌,안전거리미확보,건조,맑음,단일로 - 기타,개인형이동수단(PM),여,24세,중상,승용,남,48세,상해없음
2017112300100186,2017년 11월 23일 09시,목요일,부산광역시 남구 용당동,경상사고,0,0,2,0,차대차 - 측면충돌,안전운전불이행,건조,맑음,교차로 - 교차로안,승용,여,51세,상해없음,승용,남,29세,경상
2017112300100187,2017년 11월 23일 09시,목요일,부산광역시 부산진구 초읍동,경상사고,0,0,2,0,차대차 - 추돌,안전거리미확보,건조,맑음,단일로 - 기타,승용,여,38세,경상,승용,남,63세,경상
2017112300100219,2017년 11월 23일 10시,목요일,부산광역시 연제구 연산동,중상사고,0,1,0,0,차대사람 - 보도통행중,기타,건조,맑음,단일로 - 기타,화물,남,64세,상해없음,보행자,여,24세,중상
2017112300100261,2017년 11월 23일 11시,목요일,부산광역시 부산진구 부전동,경상사고,0,0,1,0,차대차 - 측면충돌,안전거리미확보,건조,맑음,단일로 - 기타,승용,남,63세,상해없음,승용,여,47세,경상
2017112300100262,2017년 11월 23일 11시,목요일,부산광역시 강서구 미음동,부상신고사고,0,0,0,1,차대차 - 추돌,차로위반,건조,맑음,단일로 - 기타,화물,남,56세,상해없음,특수,남,30세,부상신고
2017112300100289,2017년 11월 23일 12시,목요일,부산광역시 해운대구 송정동,경상사고,0,0,1,0,차대차 - 기타,교차로운행방법위반,건조,맑음,교차로 - 교차로안,승용,남,30세,상해없음,화물,남,33세,경상
2017112300100317,2017년 11월 23일 13시,목요일,부산광역시 서구 부용동1가,중상사고,0,1,0,0,차대차 - 기타,안전거리미확보,건조,맑음,단일로 - 기타,원동기,남,33세,중상,승용,남,57세,상해없음
2017112300100318,2017년 11월 23일 13시,목요일,부산광역시 북구 구포동,경상사고,0,0,1,0,차대사람 - 횡단중,안전운전불이행,건조,맑음,단일로 - 기타,원동기,남,16세,상해없음,보행자,남,61세,경상
2017112300100319,2017년 11월 23일 13시,목요일,부산광역시 동래구 수안동,중상사고,0,1,0,0,차대차 - 추돌,안전거리미확보,건조,맑음,단일로 - 기타,승용,여,50세,상해없음,이륜,남,25세,중상
2017112300100320,2017년 11월 23일 13시,목요일,부산광역시 강서구 화전동,중상사고,0,1,1,0,차대차 - 추돌,안전운전불이행,건조,맑음,교차로 - 교차로부근,화물,남,57세,상해없음,승용,남,38세,중상
2017112300100349,2017년 11월 23일 14시,목요일,부산광역시 수영구 남천동,중상사고,0,1,0,0,차대차 - 기타,신호위반,건조,맑음,교차로 - 교차로안,승합,남,39세,상해없음,승용,남,41세,상해없음
2017112300100350,2017년 11월 23일 14시,목요일,부산광역시 기장군 일광면,경상사고,0,0,2,0,차대차 - 정면충돌,안전운전불이행,건조,맑음,단일로 - 기타,승용,남,25세,상해없음,승용,남,49세,경상
2017112300100379,2017년 11월 23일 15시,목요일,부산광역시 영도구 남항동1가,경상사고,0,0,1,0,차대사람 - 횡단중,안전운전불이행,건조,맑음,단일로 - 기타,승용,남,65세,상해없음,보행자,남,13세,경상
2017112300100380,2017년 11월 23일 15시,목요일,부산광역시 사상구 감전동,경상사고,0,0,1,0,차대사람 - 기타,안전운전불이행,건조,맑음,단일로 - 기타,승용,여,44세,상해없음,보행자,남,64세,경상
2017112300100410,2017년 11월 23일 16시,목요일,부산광역시 동구 초량동,중상사고,0,1,1,0,차대차 - 측면충돌,교차로운행방법위반,건조,흐림,교차로 - 교차로부근,승용,남,51세,상해없음,원동기,남,17세,중상
2017112300100411,2017년 11월 23일 16시,목요일,부산광역시 동래구 명륜동,중상사고,0,1,0,0,차대사람 - 차도통행중,안전운전불이행,건조,맑음,단일로 - 기타,승용,남,22세,상해없음,보행자,여,77세,중상
2017112300100412,2017년 11월 23일 16시,목요일,부산광역시 사상구 감전동,경상사고,0,0,1,0,차대차 - 측면충돌,교차로운행방법위반,건조,맑음,교차로 - 교차로안,화물,남,57세,상해없음,승용,여,47세,경상
2017112300100454,2017년 11월 23일 17시,목요일,부산광역시 부산진구 범천동,경상사고,0,0,2,0,차대차 - 측면충돌,안전거리미확보,건조,맑음,단일로 - 기타,승용,남,56세,상해없음,승용,여,45세,경상
2017112300100495,2017년 11월 23일 18시,목요일,부산광역시 부산진구 가야동,중상사고,0,1,0,0,차대차 - 기타,안전운전불이행,건조,맑음,교차로 - 교차로안,승용,남,32세,상해없음,이륜,남,28세,중상
2017112300100496,2017년 11월 23일 18시,목요일,부산광역시 사하구 감천동,경상사고,0,0,1,0,차대차 - 기타,안전거리미확보,건조,맑음,단일로 - 기타,승용,남,55세,상해없음,승용,남,31세,경상
2017112300100497,2017년 11월 23일 18시,목요일,부산광역시 사상구 감전동,경상사고,0,0,2,0,차대차 - 추돌,안전운전불이행,건조,맑음,단일로 - 기타,승용,남,58세,상해없음,승용,여,23세,경상
2017112300100550,2017년 11월 23일 19시,목요일,부산광역시 수영구 광안동,경상사고,0,0,4,0,차대차 - 측면충돌,안전운전불이행,건조,맑음,단일로 - 기타,승용,여,35세,상해없음,승합,남,39세,상해없음
2017112300100551,2017년 11월 23일 19시,목요일,부산광역시 부산진구 가야동,경상사고,0,0,1,0,차대차 - 측면충돌,안전운전불이행,건조,맑음,교차로 - 교차로부근,원동기,남,47세,경상,화물,남,67세,상해없음
2017112300100587,2017년 11월 23일 20시,목요일,부산광역시 부산진구 부전동,경상사고,0,0,1,0,차대사람 - 기타,안전운전불이행,건조,맑음,단일로 - 기타,승용,남,24세,상해없음,보행자,여,33세,경상
2017112300100588,2017년 11월 23일 20시,목요일,부산광역시 기장군 정관읍,중상사고,0,1,0,0,차대차 - 측면충돌,신호위반,건조,맑음,교차로 - 교차로안,승용,여,48세,상해없음,이륜,남,19세,중상
2017112300100606,2017년 11월 23일 21시,목요일,부산광역시 사상구 덕포동,경상사고,0,0,1,0,차대사람 - 기타,안전운전불이행,건조,맑음,교차로 - 교차로부근,승합,남,54세,상해없음,보행자,여,51세,경상
2017112300100632,2017년 11월 23일 22시,목요일,부산광역시 남구 감만동,중상사고,0,1,0,0,차대사람 - 기타,안전운전불이행,건조,맑음,교차로 - 교차로안,승용,여,47세,상해없음,보행자,남,55세,중상
2017112300100649,2017년 11월 23일 23시,목요일,부산광역시 중구 남포동6가,경상사고,0,0,1,0,차대사람 - 기타,안전운전불이행,건조,맑음,단일로 - 기타,승용,남,31세,상해없음,보행자,여,27세,경상
2017112300100650,2017년 11월 23일 23시,목요일,부산광역시 동래구 온천동,중상사고,0,1,0,0,차대사람 - 횡단중,안전운전불이행,건조,맑음,단일로 - 기타,승용,남,48세,상해없음,보행자,남,45세,중상
2017112300100651,2017년 11월 23일 23시,목요일,부산광역시 부산진구 부암동,경상사고,0,0,2,0,차대차 - 기타,신호위반,건조,맑음,교차로 - 교차로안,승용,남,65세,상해없음,승용,남,62세,경상
2017112400100033,2017년 11월 24일 00시,금요일,부산광역시 부산진구 양정동,중상사고,0,1,0,0,차대사람 - 횡단중,안전운전불이행,건조,맑음,단일로 - 기타,승용,남,61세,상해없음,보행자,남,54세,중상
2017112400100060,2017년 11월 24일 01시,금요일,부산광역시 수영구 광안동,경상사고,0,0,2,0,차대차 - 기타,안전거리미확보,건조,맑음,단일로 - 기타,승용,남,57세,상해없음,승용,남,54세,경상
2017112400100061,2017년 11월 24일 01시,금요일,부산광역시 동래구 온천동,경상사고,0,0,1,0,차대차 - 정면충돌,신호위반,건조,맑음,교차로 - 교차로안,승용,여,63세,상해없음,승용,남,71세,경상
2017112400100062,2017년 11월 24일 01시,금요일,부산광역시 사상구 엄궁동,중상사고,0,1,0,0,차대사람 - 기타,안전운전불이행,건조,맑음,교차로 - 교차로안,승용,남,32세,상해없음,보행자,여,60세,중상
2017112400100080,2017년 11월 24일 02시,금요일,부산광역시 금정구 청룡동,중상사고,0,1,0,0,차대사람 - 기타,안전운전불이행,건조,맑음,단일로 - 기타,승용,여,56세,상해없음,보행자,남,52세,중상
2017112400100097,2017년 11월 24일 03시,금요일,부산광역시 연제구 거제동,중상사고,0,1,1,0,차대사람 - 기타,안전운전불이행,건조,맑음,단일로 - 기타,이륜,남,18세,상해없음,보행자,여,76세,중상
2017112400100140,2017년 11월 24일 06시,금요일,부산광역시 남구 문현동,경상사고,0,0,1,0,차대차 - 측면충돌,안전운전불이행,건조,맑음,단일로 - 기타,승용,남,30세,상해없음,기타불명,남,73세,경상
2017112400100205,2017년 11월 24일 08시,금요일,부산광역시 동래구 온천동,중상사고,0,1,0,0,차대차 - 측면충돌,안전운전불이행,건조,맑음,단일로 - 기타,승용,남,36세,상해없음,승용,남,30세,중상
2017112400100206,2017년 11월 24일 08시,금요일,부산광역시 해운대구 반여동,경상사고,0,0,1,0,차대차 - 추돌,안전운전불이행,건조,맑음,단일로 - 기타,승용,남,26세,상해없음,승용,남,38세,경상
2017112400100258,2017년 11월 24일 09시,금요일,부산광역시 연제구 연산동,중상사고,0,1,1,0,차대차 - 측면충돌,안전거리미확보,건조,맑음,단일로 - 기타,승용,남,71세,상해없음,승용,남,57세,경상
2017112400100313,2017년 11월 24일 11시,금요일,부산광역시 수영구 남천동,경상사고,0,0,1,0,차대차 - 기타,안전운전불이행,건조,맑음,단일로 - 기타,화물,남,34세,상해없음,승용,여,53세,경상
2017112400100314,2017년 11월 24일 11시,금요일,부산광역시 연제구 거제동,중상사고,0,1,0,0,차대사람 - 길가장자리구역통행중,안전운전불이행,건조,맑음,단일로 - 기타,화물,남,41세,상해없음,보행자,여,80세,중상
2017112400100342,2017년 11월 24일 12시,금요일,부산광역시 부산진구 당감동,경상사고,0,0,1,0,차대차 - 측면충돌,안전거리미확보,건조,맑음,단일로 - 기타,이륜,남,68세,경상,화물,남,26세,상해없음
2017112400100343,2017년 11월 24일 12시,금요일,부산광역시 사상구 학장동,경상사고,0,0,1,0,차대차 - 측면충돌,교차로운행방법위반,건조,맑음,교차로 - 교차로안,승용,남,27세,상해없음,승용,남,68세,경상
2017112400100344,2017년 11월 24일 12시,금요일,부산광역시 금정구 구서동,중상사고,0,1,1,0,차대차 - 기타,안전거리미확보,건조,맑음,단일로 - 기타,기타불명,기타불명,미분류,기타불명,승용,남,47세,중상
2017112400100375,2017년 11월 24일 13시,금요일,부산광역시 수영구 수영동,중상사고,0,1,0,0,차대차 - 기타,안전운전불이행,건조,맑음,단일로 - 기타,승합,남,31세,상해없음,승용,남,35세,중상
2017112400100419,2017년 11월 24일 14시,금요일,부산광역시 금정구 구서동,경상사고,0,0,1,0,차대사람 - 기타,안전운전불이행,건조,맑음,단일로 - 기타,승용,여,60세,기타불명,보행자,여,65세,경상
2017112400100459,2017년 11월 24일 15시,금요일,부산광역시 해운대구 반여동,경상사고,0,0,1,0,차대차 - 측면충돌,교차로운행방법위반,건조,맑음,교차로 - 교차로안,승용,남,51세,상해없음,승합,남,61세,경상
2017112400100492,2017년 11월 24일 16시,금요일,부산광역시 수영구 남천동,중상사고,0,1,0,0,차대차 - 측면충돌,안전운전불이행,건조,맑음,단일로 - 고가도로위,승용,남,62세,상해없음,승용,여,58세,중상
2017112400100493,2017년 11월 24일 16시,금요일,부산광역시 영도구 영선동2가,경상사고,0,0,1,0,차대사람 - 횡단중,안전운전불이행,건조,맑음,단일로 - 기타,승용,여,41세,상해없음,보행자,남,65세,경상
2017112400100494,2017년 11월 24일 16시,금요일,부산광역시 해운대구 재송동,중상사고,0,1,0,0,차대사람 - 기타,안전운전불이행,건조,맑음,단일로 - 기타,기타불명,기타불명,미분류,기타불명,보행자,여,83세,중상
2017112400100541,2017년 11월 24일 17시,금요일,부산광역시 동구 초량동,경상사고,0,0,1,0,차대차 - 측면충돌,안전거리미확보,건조,맑음,단일로 - 기타,승용,여,32세,상해없음,승용,여,44세,경상
2017112400100542,2017년 11월 24일 17시,금요일,부산광역시 동래구 수안동,경상사고,0,0,1,0,차대차 - 측면충돌,안전운전불이행,건조,맑음,단일로 - 기타,승용,여,59세,상해없음,승용,남,42세,경상
2017112400100543,2017년 11월 24일 17시,금요일,부산광역시 부산진구 부전동,경상사고,0,0,1,0,차대차 - 기타,안전운전불이행,건조,맑음,단일로 - 기타,이륜,기타불명,미분류,기타불명,자전거,남,74세,경상
2017112400100544,2017년 11월 24일 17시,금요일,부산광역시 부산진구 범천동,경상사고,0,0,1,0,차대사람 - 횡단중,안전운전불이행,건조,맑음,단일로 - 기타,승용,남,34세,상해없음,보행자,남,60세,경상
2017112400100545,2017년 11월 24일 17시,금요일,부산광역시 부산진구 개금동,경상사고,0,0,1,0,차대차 - 기타,안전운전불이행,건조,맑음,단일로 - 기타,승용,남,33세,상해없음,승용,여,32세,경상
2017112400100589,2017년 11월 24일 18시,금요일,부산광역시 금정구 구서동,경상사고,0,0,1,0,차대차 - 측면충돌,안전운전불이행,건조,맑음,교차로 - 교차로안,승용,남,34세,상해없음,승용,남,59세,경상
2017112400100660,2017년 11월 24일 19시,금요일,부산광역시 수영구 남천동,경상사고,0,0,1,0,차대차 - 측면충돌,안전운전불이행,건조,맑음,단일로 - 기타,승용,남,58세,상해없음,승용,남,70세,경상
2017112400100661,2017년 11월 24일 19시,금요일,부산광역시 북구 화명동,중상사고,0,1,0,0,차대사람 - 횡단중,보행자보호의무위반,건조,맑음,단일로 - 기타,승용,여,55세,상해없음,보행자,남,71세,중상
2017112400100662,2017년 11월 24일 19시,금요일,부산광역시 영도구 봉래동1가,경상사고,0,0,1,0,차대차 - 측면충돌,중앙선침범,건조,맑음,단일로 - 교량,이륜,남,44세,경상,승용,남,48세,상해없음
2017112400100736,2017년 11월 24일 21시,금요일,부산광역시 부산진구 전포동,중상사고,0,1,0,0,차대차 - 정면충돌,신호위반,건조,맑음,교차로 - 교차로안,승용,여,51세,상해없음,승용,여,28세,중상
2017112400100764,2017년 11월 24일 22시,금요일,부산광역시 영도구 봉래동4가,경상사고,0,0,1,0,차대사람 - 횡단중,안전운전불이행,건조,맑음,교차로 - 교차로부근,승용,남,65세,상해없음,보행자,여,75세,경상
2017112400100794,2017년 11월 24일 23시,금요일,부산광역시 사상구 감전동,경상사고,0,0,2,0,차대차 - 측면충돌,안전운전불이행,건조,맑음,단일로 - 기타,승용,남,47세,상해없음,승용,남,62세,경상
2017112400100795,2017년 11월 24일 23시,금요일,부산광역시 사상구 삼락동,경상사고,0,0,1,0,차대차 - 측면충돌,안전운전불이행,건조,맑음,단일로 - 기타,승용,남,35세,상해없음,승용,남,28세,경상
2017112500100036,2017년 11월 25일 00시,토요일,부산광역시 북구 화명동,경상사고,0,0,1,0,차대차 - 기타,교차로운행방법위반,건조,맑음,교차로 - 교차로부근,승용,남,53세,상해없음,이륜,남,39세,경상
2017112500100037,2017년 11월 25일 00시,토요일,부산광역시 부산진구 부전동,사망사고,1,0,0,0,차대사람 - 횡단중,안전운전불이행,건조,맑음,단일로 - 기타,승용,남,68세,상해없음,보행자,남,57세,사망
2017112500100038,2017년 11월 25일 00시,토요일,부산광역시 부산진구 가야동,경상사고,0,0,2,0,차대차 - 추돌,안전운전불이행,건조,맑음,교차로 - 교차로부근,원동기,남,19세,상해없음,승용,남,27세,경상
2017112500100039,2017년 11월 25일 00시,토요일,부산광역시 부산진구 개금동,경상사고,0,0,1,0,차대차 - 측면충돌,안전운전불이행,건조,맑음,단일로 - 기타,승합,남,57세,상해없음,승용,남,42세,경상
2017112500100102,2017년 11월 25일 03시,토요일,부산광역시 부산진구 부전동,부상신고사고,0,0,0,2,차대차 - 측면충돌,안전운전불이행,건조,맑음,교차로 - 교차로부근,승용,남,64세,상해없음,원동기,남,22세,부상신고
2017112500100124,2017년 11월 25일 05시,토요일,부산광역시 남구 용호동,중상사고,0,2,0,0,차대차 - 측면충돌,신호위반,건조,맑음,교차로 - 교차로안,승합,남,48세,상해없음,승용,남,68세,중상
2017112500100125,2017년 11월 25일 05시,토요일,부산광역시 연제구 거제동,부상신고사고,0,0,0,1,차대사람 - 기타,안전운전불이행,건조,맑음,단일로 - 기타,자전거,남,22세,상해없음,보행자,남,79세,부상신고
2017112500100137,2017년 11월 25일 06시,토요일,부산광역시 수영구 민락동,경상사고,0,0,1,0,차대차 - 기타,차로위반,건조,맑음,단일로 - 기타,원동기,남,27세,상해없음,승용,남,29세,경상
2017112500100172,2017년 11월 25일 08시,토요일,부산광역시 사상구 모라동,경상사고,0,0,1,0,차대차 - 측면충돌,교차로운행방법위반,건조,맑음,교차로 - 교차로안,승용,남,37세,상해없음,이륜,여,66세,경상
2017112500100220,2017년 11월 25일 10시,토요일,부산광역시 강서구 명지동,경상사고,0,0,2,0,차대차 - 측면충돌,교차로운행방법위반,건조,맑음,교차로 - 교차로안,건설기계,남,46세,상해없음,승용,여,23세,경상
2017112500100254,2017년 11월 25일 11시,토요일,부산광역시 부산진구 범천동,경상사고,0,0,1,0,차대사람 - 길가장자리구역통행중,안전운전불이행,건조,맑음,단일로 - 기타,승용,남,24세,상해없음,보행자,남,64세,경상
2017112500100285,2017년 11월 25일 12시,토요일,부산광역시 수영구 광안동,경상사고,0,0,4,0,차대차 - 추돌,안전운전불이행,건조,맑음,단일로 - 기타,화물,남,46세,상해없음,승용,남,32세,경상
2017112500100286,2017년 11월 25일 12시,토요일,부산광역시 기장군 일광면,경상사고,0,0,1,0,차대사람 - 횡단중,보행자보호의무위반,건조,맑음,교차로 - 교차로횡단보도내,승용,남,64세,상해없음,보행자,남,70세,경상
2017112500100319,2017년 11월 25일 13시,토요일,부산광역시 부산진구 당감동,중상사고,0,1,0,0,차대차 - 기타,안전운전불이행,건조,맑음,교차로 - 교차로횡단보도내,이륜,남,22세,상해없음,승용,여,38세,상해없음
2017112500100414,2017년 11월 25일 16시,토요일,부산광역시 동구 초량동,경상사고,0,0,3,0,차대차 - 기타,안전거리미확보,건조,맑음,교차로 - 교차로안,승용,남,36세,상해없음,화물,남,38세,경상
2017112500100446,2017년 11월 25일 17시,토요일,부산광역시 동래구 명륜동,경상사고,0,0,1,0,차대차 - 추돌,안전운전불이행,건조,맑음,단일로 - 기타,이륜,남,57세,상해없음,승용,남,62세,경상
2017112500100447,2017년 11월 25일 17시,토요일,부산광역시 부산진구 개금동,경상사고,0,0,1,0,차대사람 - 기타,안전운전불이행,건조,맑음,교차로 - 교차로부근,기타불명,기타불명,미분류,기타불명,보행자,여,9세,경상
2017112500100502,2017년 11월 25일 18시,토요일,부산광역시 해운대구 우동,경상사고,0,0,1,0,차대차 - 측면충돌,안전거리미확보,건조,맑음,단일로 - 기타,승용,여,29세,상해없음,승용,여,63세,경상
2017112500100600,2017년 11월 25일 20시,토요일,부산광역시 수영구 수영동,중상사고,0,1,0,0,차대사람 - 길가장자리구역통행중,안전운전불이행,건조,맑음,교차로 - 교차로안,승용,남,28세,상해없음,보행자,남,60세,중상
2017112500100601,2017년 11월 25일 20시,토요일,부산광역시 사상구 모라동,경상사고,0,0,2,0,차대차 - 추돌,안전운전불이행,건조,맑음,단일로 - 기타,승용,남,51세,상해없음,승용,남,27세,경상
2017112500100663,2017년 11월 25일 22시,토요일,부산광역시 남구 용호동,중상사고,0,1,0,0,차대차 - 측면충돌,중앙선침범,건조,맑음,단일로 - 기타,승용,남,46세,상해없음,승용,남,54세,중상
2017112500100664,2017년 11월 25일 22시,토요일,부산광역시 영도구 동삼동,경상사고,0,0,1,0,차대차 - 측면충돌,안전운전불이행,건조,맑음,교차로 - 교차로부근,승용,남,43세,상해없음,승용,남,31세,상해없음
2017112600100054,2017년 11월 26일 02시,일요일,부산광역시 부산진구 부전동,중상사고,0,1,0,0,차대사람 - 기타,안전운전불이행,건조,맑음,단일로 - 기타,승용,남,30세,상해없음,보행자,여,40세,중상
2017112600100065,2017년 11월 26일 03시,일요일,부산광역시 중구 보수동1가,중상사고,0,1,0,0,차대사람 - 기타,안전운전불이행,건조,맑음,단일로 - 기타,승용,남,49세,상해없음,보행자,남,23세,중상
2017112600100066,2017년 11월 26일 03시,일요일,부산광역시 부산진구 부전동,경상사고,0,0,1,0,차대사람 - 기타,안전운전불이행,건조,맑음,교차로 - 교차로부근,승용,남,46세,상해없음,보행자,여,27세,경상
2017112600100089,2017년 11월 26일 06시,일요일,부산광역시 강서구 송정동,중상사고,0,1,0,0,차대차 - 정면충돌,신호위반,건조,맑음,교차로 - 교차로안,승용,남,60세,상해없음,승용,남,43세,중상
2017112600100109,2017년 11월 26일 08시,일요일,부산광역시 동래구 수안동,경상사고,0,0,1,0,차대사람 - 기타,신호위반,건조,맑음,단일로 - 기타,승용,남,43세,상해없음,보행자,여,60세,경상
2017112600100140,2017년 11월 26일 10시,일요일,부산광역시 해운대구 우동,경상사고,0,0,1,0,차대차 - 측면충돌,안전거리미확보,건조,맑음,교차로 - 교차로부근,승용,남,28세,상해없음,화물,남,33세,상해없음
2017112600100159,2017년 11월 26일 11시,일요일,부산광역시 중구 중앙동4가,중상사고,0,1,1,0,차대차 - 측면충돌,중앙선침범,건조,맑음,단일로 - 기타,승용,남,61세,상해없음,승용,남,66세,경상
2017112600100160,2017년 11월 26일 11시,일요일,부산광역시 수영구 망미동,중상사고,0,1,0,0,차대사람 - 횡단중,보행자보호의무위반,건조,맑음,교차로 - 교차로횡단보도내,승용,여,33세,상해없음,보행자,여,70세,중상
2017112600100162,2017년 11월 26일 11시,일요일,부산광역시 기장군 일광면,중상사고,0,1,0,0,차대차 - 추돌,안전운전불이행,건조,맑음,단일로 - 기타,승용,남,41세,상해없음,승용,남,57세,중상
2017112600100192,2017년 11월 26일 13시,일요일,부산광역시 연제구 거제동,중상사고,0,2,0,0,차대차 - 기타,안전거리미확보,건조,맑음,교차로 - 교차로안,승용,남,55세,상해없음,승합,남,54세,상해없음
2017112600100193,2017년 11월 26일 13시,일요일,부산광역시 기장군 정관읍,사망사고,1,1,0,0,차대차 - 정면충돌,중앙선침범,건조,맑음,기타 - 기타,승용,남,40세,사망,화물,남,44세,중상
2017112600100214,2017년 11월 26일 14시,일요일,부산광역시 금정구 부곡동,경상사고,0,0,3,0,차대차 - 측면충돌,신호위반,건조,맑음,교차로 - 교차로안,원동기,남,19세,상해없음,승용,여,24세,경상
2017112600100244,2017년 11월 26일 15시,일요일,부산광역시 남구 대연동,중상사고,0,1,0,0,차대차 - 측면충돌,신호위반,건조,맑음,단일로 - 기타,승용,남,28세,상해없음,이륜,남,26세,중상
2017112600100245,2017년 11월 26일 15시,일요일,부산광역시 부산진구 초읍동,경상사고,0,0,2,0,차대차 - 측면충돌,안전운전불이행,건조,맑음,단일로 - 기타,승용,남,43세,상해없음,승용,남,36세,경상
2017112600100307,2017년 11월 26일 17시,일요일,부산광역시 북구 만덕동,경상사고,0,0,1,0,차대차 - 추돌,안전운전불이행,건조,맑음,단일로 - 기타,승용,남,58세,상해없음,승용,여,29세,경상
2017112600100308,2017년 11월 26일 17시,일요일,부산광역시 금정구 장전동,경상사고,0,0,1,0,차대사람 - 기타,안전운전불이행,건조,맑음,단일로 - 기타,승용,남,28세,상해없음,보행자,여,15세,경상
2017112600100421,2017년 11월 26일 20시,일요일,부산광역시 서구 남부민동,경상사고,0,0,2,0,차대차 - 추돌,안전운전불이행,건조,맑음,단일로 - 기타,승용,남,26세,상해없음,승용,남,31세,경상
2017112600100422,2017년 11월 26일 20시,일요일,부산광역시 영도구 청학동,경상사고,0,0,4,0,차대차 - 측면충돌,안전운전불이행,건조,맑음,단일로 - 기타,승용,남,43세,상해없음,화물,남,49세,기타불명
2017112600100423,2017년 11월 26일 20시,일요일,부산광역시 부산진구 전포동,경상사고,0,0,1,0,차대차 - 기타,안전운전불이행,건조,맑음,단일로 - 기타,이륜,남,28세,경상,승용,여,40세,상해없음
2017112600100443,2017년 11월 26일 21시,일요일,부산광역시 중구 남포동4가,중상사고,0,1,0,0,차대사람 - 기타,기타,건조,맑음,기타 - 기타,화물,남,52세,상해없음,보행자,남,47세,중상
2017112600100444,2017년 11월 26일 21시,일요일,부산광역시 사상구 괘법동,중상사고,0,1,0,0,차대사람 - 횡단중,보행자보호의무위반,건조,맑음,단일로 - 기타,이륜,남,17세,상해없음,보행자,남,57세,중상
2017112600100456,2017년 11월 26일 22시,일요일,부산광역시 서구 남부민동,부상신고사고,0,0,0,1,차대차 - 기타,안전운전불이행,건조,맑음,교차로 - 교차로안,원동기,남,62세,부상신고,승용,남,40세,상해없음
2017112600100457,2017년 11월 26일 22시,일요일,부산광역시 연제구 거제동,중상사고,0,1,0,0,차대차 - 측면충돌,신호위반,건조,맑음,교차로 - 교차로안,이륜,남,21세,상해없음,화물,남,60세,상해없음
2017112600100476,2017년 11월 26일 23시,일요일,부산광역시 동래구 온천동,경상사고,0,0,1,0,차대차 - 추돌,안전거리미확보,건조,맑음,단일로 - 기타,승용,남,30세,상해없음,승합,남,61세,경상
2017112600100477,2017년 11월 26일 23시,일요일,부산광역시 금정구 서동,중상사고,0,1,0,0,차대사람 - 횡단중,보행자보호의무위반,건조,맑음,단일로 - 기타,이륜,남,19세,상해없음,보행자,여,70세,중상
2017112700100025,2017년 11월 27일 00시,월요일,부산광역시 동구 수정동,경상사고,0,0,1,0,차대사람 - 기타,안전운전불이행,건조,맑음,교차로 - 교차로부근,기타불명,기타불명,미분류,기타불명,보행자,남,48세,경상
2017112700100026,2017년 11월 27일 00시,월요일,부산광역시 부산진구 가야동,경상사고,0,0,1,0,차대사람 - 횡단중,신호위반,건조,맑음,교차로 - 교차로횡단보도내,이륜,남,20세,상해없음,보행자,남,27세,경상
2017112700100066,2017년 11월 27일 05시,월요일,부산광역시 동래구 온천동,중상사고,0,1,0,0,차대차 - 추돌,안전운전불이행,건조,맑음,단일로 - 기타,승용,남,34세,상해없음,승용,남,48세,중상
2017112700100067,2017년 11월 27일 05시,월요일,부산광역시 해운대구 반여동,중상사고,0,1,0,0,차량단독 - 기타,안전운전불이행,건조,맑음,단일로 - 기타,원동기,남,23세,중상,,,,