사고번호,사고일시,요일,시군구,사고내용,사망자수,중상자수,경상자수,부상신고자수,사고유형,법규위반,노면상태,기상상태,도로형태,가해운전자 차종,가해운전자 성별,가해운전자 연령,가해운전자 상해정도,피해운전자 차종,피해운전자 성별,피해운전자 연령,피해운전자 상해정도
2017120400100617,2017년 12월 4일 23시,월요일,부산광역시 수영구 광안동,경상사고,0,0,1,0,차대차 - 기타,중앙선침범,건조,맑음,단일로 - 기타,화물,남,42세,상해없음,승용,남,23세,경상
2017120400100618,2017년 12월 4일 23시,월요일,부산광역시 사하구 다대동,부상신고사고,0,0,0,1,차량단독 - 기타,안전운전불이행,건조,맑음,단일로 - 기타,이륜,남,63세,부상신고,,,,
2017120400100619,2017년 12월 4일 23시,월요일,부산광역시 기장군 기장읍,중상사고,0,2,0,0,차량단독 - 공작물충돌,과속,건조,맑음,단일로 - 기타,승용,남,20세,상해없음,,,,
2017120500100037,2017년 12월 5일 00시,화요일,부산광역시 수영구 남천동,경상사고,0,0,1,0,차대차 - 추돌,안전운전불이행,건조,맑음,단일로 - 기타,승용,남,23세,상해없음,승용,남,61세,경상
2017120500100054,2017년 12월 5일 01시,화요일,부산광역시 금정구 장전동,경상사고,0,0,1,0,차대차 - 측면충돌,직진우회전진행방해,건조,맑음,교차로 - 교차로안,승용,남,19세,상해없음,원동기,남,16세,경상
2017120500100078,2017년 12월 5일 05시,화요일,부산광역시 강서구 범방동,경상사고,0,0,1,0,차대차 - 측면충돌,교차로운행방법위반,건조,맑음,교차로 - 교차로안,화물,남,51세,상해없음,승합,남,53세,경상
2017120500100101,2017년 12월 5일 07시,화요일,부산광역시 서구 남부민동,중상사고,0,1,0,0,차대사람 - 기타,안전운전불이행,건조,맑음,단일로 - 기타,화물,남,49세,상해없음,보행자,여,77세,중상
2017120500100102,2017년 12월 5일 07시,화요일,부산광역시 해운대구 재송동,중상사고,0,1,0,0,차대사람 - 차도통행중,안전운전불이행,건조,맑음,교차로 - 교차로부근,승용,남,43세,상해없음,보행자,남,16세,중상
2017120500100103,2017년 12월 5일 07시,화요일,부산광역시 부산진구 부전동,중상사고,0,1,0,0,차대차 - 측면충돌,신호위반,건조,맑음,교차로 - 교차로안,화물,남,28세,상해없음,이륜,남,56세,중상
2017120500100139,2017년 12월 5일 08시,화요일,부산광역시 서구 부용동2가,중상사고,0,1,0,0,차대차 - 추돌,안전운전불이행,건조,맑음,교차로 - 교차로안,승용,남,57세,상해없음,이륜,남,50세,중상
2017120500100140,2017년 12월 5일 08시,화요일,부산광역시 해운대구 중동,경상사고,0,0,2,0,차대차 - 측면충돌,안전운전불이행,건조,맑음,교차로 - 교차로안,승용,여,45세,상해없음,승용,남,61세,경상
2017120500100141,2017년 12월 5일 08시,화요일,부산광역시 부산진구 부전동,경상사고,0,0,1,0,차대사람 - 기타,안전운전불이행,건조,맑음,단일로 - 기타,이륜,남,29세,상해없음,보행자,남,52세,경상
2017120500100180,2017년 12월 5일 09시,화요일,부산광역시 사상구 엄궁동,중상사고,0,1,0,0,차대차 - 기타,직진우회전진행방해,건조,맑음,교차로 - 교차로안,화물,남,62세,상해없음,이륜,남,57세,중상
2017120500100208,2017년 12월 5일 10시,화요일,부산광역시 동래구 낙민동,중상사고,0,1,0,0,차대사람 - 횡단중,보행자보호의무위반,건조,맑음,단일로 - 기타,승용,남,57세,상해없음,보행자,남,69세,중상
2017120500100231,2017년 12월 5일 11시,화요일,부산광역시 해운대구 좌동,중상사고,0,1,0,0,차대차 - 기타,안전운전불이행,건조,맑음,단일로 - 기타,승합,남,65세,상해없음,원동기,남,42세,중상
2017120500100232,2017년 12월 5일 11시,화요일,부산광역시 사하구 구평동,경상사고,0,0,1,0,차대차 - 기타,차로위반,건조,맑음,교차로 - 교차로부근,이륜,남,58세,경상,특수,남,55세,상해없음
2017120500100268,2017년 12월 5일 12시,화요일,부산광역시 수영구 광안동,부상신고사고,0,0,0,1,차대차 - 측면충돌,안전운전불이행,건조,맑음,단일로 - 기타,승용,남,64세,상해없음,이륜,남,52세,부상신고
2017120500100269,2017년 12월 5일 12시,화요일,부산광역시 부산진구 부전동,중상사고,0,1,0,0,차대차 - 측면충돌,신호위반,건조,맑음,교차로 - 교차로안,승용,남,61세,상해없음,이륜,남,27세,중상
2017120500100325,2017년 12월 5일 14시,화요일,부산광역시 동래구 온천동,경상사고,0,0,1,0,차대차 - 기타,교차로운행방법위반,건조,맑음,교차로 - 교차로안,승용,남,24세,상해없음,승용,남,65세,경상
2017120500100348,2017년 12월 5일 15시,화요일,부산광역시 해운대구 좌동,부상신고사고,0,0,0,1,차대사람 - 기타,안전운전불이행,건조,맑음,단일로 - 기타,기타불명,기타불명,미분류,기타불명,보행자,남,7세,부상신고
2017120500100369,2017년 12월 5일 16시,화요일,부산광역시 동구 수정동,중상사고,0,1,0,0,차대사람 - 횡단중,안전운전불이행,건조,맑음,단일로 - 기타,화물,남,72세,상해없음,보행자,남,80세,중상
2017120500100370,2017년 12월 5일 16시,화요일,부산광역시 동래구 온천동,경상사고,0,0,1,0,차대차 - 추돌,안전운전불이행,건조,맑음,단일로 - 기타,승용,여,50세,상해없음,승용,여,26세,경상
2017120500100371,2017년 12월 5일 16시,화요일,부산광역시 부산진구 양정동,중상사고,0,1,0,0,차대사람 - 횡단중,안전운전불이행,건조,맑음,단일로 - 기타,승용,여,38세,상해없음,보행자,여,23세,중상
2017120500100403,2017년 12월 5일 17시,화요일,부산광역시 서구 암남동,중상사고,0,2,1,0,차대차 - 측면충돌,교차로운행방법위반,건조,맑음,교차로 - 교차로안,승용,남,49세,중상,승용,여,47세,중상
2017120500100456,2017년 12월 5일 18시,화요일,부산광역시 해운대구 재송동,중상사고,0,1,0,0,차대차 - 기타,신호위반,건조,맑음,교차로 - 교차로안,승합,남,65세,상해없음,이륜,남,20세,중상
2017120500100509,2017년 12월 5일 19시,화요일,부산광역시 강서구 강동동,중상사고,0,1,3,0,차대차 - 추돌,안전거리미확보,건조,맑음,단일로 - 기타,승용,남,53세,상해없음,승용,여,42세,중상
2017120500100542,2017년 12월 5일 20시,화요일,부산광역시 사하구 하단동,중상사고,0,1,0,0,차대차 - 기타,기타,건조,맑음,단일로 - 기타,승용,남,43세,상해없음,자전거,남,20세,중상
2017120500100543,2017년 12월 5일 20시,화요일,부산광역시 사상구 모라동,부상신고사고,0,0,0,1,차량단독 - 기타,안전운전불이행,건조,맑음,단일로 - 기타,원동기,남,38세,부상신고,,,,
2017120500100567,2017년 12월 5일 21시,화요일,부산광역시 해운대구 우동,경상사고,0,0,2,0,차대차 - 측면충돌,기타,건조,맑음,교차로 - 교차로안,승용,남,18세,상해없음,승용,남,29세,경상
2017120600100052,2017년 12월 6일 01시,수요일,부산광역시 연제구 연산동,경상사고,0,0,1,0,차대차 - 측면충돌,안전운전불이행,건조,맑음,교차로 - 교차로안,승용,남,50세,상해없음,승용,남,59세,경상
2017120600100066,2017년 12월 6일 02시,수요일,부산광역시 동래구 명륜동,부상신고사고,0,0,0,1,차대차 - 기타,교차로운행방법위반,건조,맑음,교차로 - 교차로안,원동기,남,25세,부상신고,승용,남,27세,상해없음
2017120600100090,2017년 12월 6일 05시,수요일,부산광역시 연제구 거제동,중상사고,0,1,0,0,차대사람 - 횡단중,보행자보호의무위반,건조,맑음,교차로 - 교차로횡단보도내,승용,남,50세,상해없음,보행자,여,59세,중상
2017120600100106,2017년 12월 6일 06시,수요일,부산광역시 사상구 감전동,중상사고,0,1,0,0,차대차 - 정면충돌,안전운전불이행,건조,맑음,교차로 - 교차로안,건설기계,남,44세,상해없음,자전거,남,62세,중상
2017120600100157,2017년 12월 6일 08시,수요일,부산광역시 남구 문현동,중상사고,0,1,0,0,차대사람 - 길가장자리구역통행중,안전운전불이행,건조,맑음,단일로 - 기타,승용,남,26세,상해없음,보행자,여,79세,중상
2017120600100158,2017년 12월 6일 08시,수요일,부산광역시 금정구 구서동,경상사고,0,0,1,0,차대차 - 기타,안전운전불이행,건조,맑음,교차로 - 교차로안,승용,남,70세,상해없음,자전거,남,55세,경상
2017120600100159,2017년 12월 6일 08시,수요일,부산광역시 강서구 명지동,경상사고,0,0,3,0,차대차 - 기타,안전운전불이행,건조,맑음,교차로 - 교차로부근,승용,여,40세,상해없음,승합,남,58세,경상
2017120600100209,2017년 12월 6일 09시,수요일,부산광역시 남구 용호동,부상신고사고,0,0,0,1,차대사람 - 기타,기타,건조,맑음,단일로 - 기타,화물,남,58세,상해없음,보행자,남,54세,부상신고
2017120600100210,2017년 12월 6일 09시,수요일,부산광역시 해운대구 송정동,경상사고,0,0,1,0,차대차 - 측면충돌,안전운전불이행,건조,맑음,교차로 - 교차로안,승용,남,36세,상해없음,승용,남,55세,상해없음
2017120600100211,2017년 12월 6일 09시,수요일,부산광역시 부산진구 당감동,경상사고,0,0,1,0,차대차 - 기타,안전운전불이행,건조,맑음,단일로 - 기타,승용,남,47세,상해없음,승용,남,69세,경상
2017120600100268,2017년 12월 6일 11시,수요일,부산광역시 서구 서대신동2가,경상사고,0,0,1,0,차대차 - 측면충돌,교차로운행방법위반,건조,맑음,교차로 - 교차로안,건설기계,남,55세,상해없음,승용,여,30세,경상
2017120600100297,2017년 12월 6일 12시,수요일,부산광역시 사상구 괘법동,중상사고,0,1,0,0,차대사람 - 기타,안전운전불이행,건조,맑음,단일로 - 기타,승용,여,45세,상해없음,보행자,남,48세,중상
2017120600100333,2017년 12월 6일 13시,수요일,부산광역시 북구 화명동,경상사고,0,0,1,0,차대사람 - 횡단중,신호위반,건조,맑음,교차로 - 교차로횡단보도내,승용,남,32세,상해없음,보행자,남,18세,경상
2017120600100334,2017년 12월 6일 13시,수요일,부산광역시 해운대구 반송동,경상사고,0,0,1,0,차대차 - 기타,안전거리미확보,건조,맑음,단일로 - 기타,건설기계,남,51세,상해없음,승용,남,54세,경상
2017120600100335,2017년 12월 6일 13시,수요일,부산광역시 금정구 장전동,경상사고,0,0,1,0,차대사람 - 기타,안전운전불이행,건조,맑음,단일로 - 기타,승용,남,61세,상해없음,보행자,남,24세,경상
2017120600100410,2017년 12월 6일 15시,수요일,부산광역시 수영구 광안동,중상사고,0,1,0,0,차대사람 - 기타,교차로운행방법위반,건조,맑음,교차로 - 교차로안,특수,남,39세,상해없음,보행자,여,80세,중상
2017120600100411,2017년 12월 6일 15시,수요일,부산광역시 부산진구 양정동,경상사고,0,0,1,0,차대차 - 측면충돌,교차로운행방법위반,건조,맑음,교차로 - 교차로안,승용,여,61세,상해없음,승합,남,51세,경상
2017120600100412,2017년 12월 6일 15시,수요일,부산광역시 부산진구 전포동,경상사고,0,0,1,0,차대차 - 추돌,안전거리미확보,건조,맑음,단일로 - 기타,승용,남,62세,상해없음,승용,여,44세,경상
2017120600100413,2017년 12월 6일 15시,수요일,부산광역시 사하구 구평동,중상사고,0,1,0,0,차대차 - 기타,안전운전불이행,건조,맑음,단일로 - 기타,승용,여,38세,상해없음,승용,남,49세,중상
2017120600100452,2017년 12월 6일 16시,수요일,부산광역시 수영구 남천동,경상사고,0,0,1,0,차대차 - 측면충돌,교차로운행방법위반,건조,맑음,교차로 - 교차로부근,이륜,남,28세,경상,화물,남,32세,상해없음
2017120600100453,2017년 12월 6일 16시,수요일,부산광역시 해운대구 반여동,경상사고,0,0,1,0,차대차 - 측면충돌,안전운전불이행,건조,맑음,단일로 - 기타,승용,남,39세,상해없음,이륜,남,26세,경상
2017120600100502,2017년 12월 6일 17시,수요일,부산광역시 서구 서대신동1가,중상사고,0,1,0,0,차대차 - 측면충돌,신호위반,건조,맑음,교차로 - 교차로안,승합,남,44세,상해없음,이륜,남,83세,중상
2017120600100503,2017년 12월 6일 17시,수요일,부산광역시 영도구 청학동,경상사고,0,0,1,0,차대차 - 추돌,교차로운행방법위반,건조,맑음,교차로 - 교차로안,승용,남,66세,상해없음,승용,여,33세,경상
2017120600100504,2017년 12월 6일 17시,수요일,부산광역시 해운대구 우동,경상사고,0,0,1,0,차대사람 - 기타,안전운전불이행,건조,맑음,단일로 - 기타,기타불명,기타불명,미분류,기타불명,보행자,여,27세,경상
2017120600100505,2017년 12월 6일 17시,수요일,부산광역시 금정구 구서동,부상신고사고,0,0,0,1,차대차 - 기타,교차로운행방법위반,건조,맑음,교차로 - 교차로안,승합,남,73세,상해없음,승용,남,24세,부상신고
2017120600100506,2017년 12월 6일 17시,수요일,부산광역시 사상구 모라동,중상사고,0,1,0,0,차대사람 - 횡단중,신호위반,건조,맑음,교차로 - 교차로횡단보도내,승용,남,59세,상해없음,보행자,남,12세,중상
2017120600100557,2017년 12월 6일 18시,수요일,부산광역시 중구 동광동1가,경상사고,0,0,1,0,차대차 - 측면충돌,신호위반,건조,맑음,교차로 - 교차로안,승용,남,65세,상해없음,이륜,남,31세,경상
2017120600100558,2017년 12월 6일 18시,수요일,부산광역시 북구 만덕동,중상사고,0,1,0,0,차대사람 - 횡단중,안전운전불이행,건조,맑음,단일로 - 기타,승용,남,65세,상해없음,보행자,여,75세,중상
2017120600100559,2017년 12월 6일 18시,수요일,부산광역시 해운대구 반여동,중상사고,0,1,0,0,차대사람 - 횡단중,안전운전불이행,건조,맑음,단일로 - 기타,승용,남,61세,상해없음,보행자,여,13세,중상
2017120600100560,2017년 12월 6일 18시,수요일,부산광역시 사하구 구평동,부상신고사고,0,0,0,1,차대차 - 기타,안전운전불이행,건조,맑음,단일로 - 기타,승용,남,27세,상해없음,승용,남,30세,부상신고
2017120600100561,2017년 12월 6일 18시,수요일,부산광역시 연제구 거제동,중상사고,0,2,0,0,차대차 - 추돌,신호위반,건조,맑음,교차로 - 교차로안,승용,남,30세,상해없음,이륜,남,47세,중상
2017120600100612,2017년 12월 6일 19시,수요일,부산광역시 영도구 동삼동,경상사고,0,0,1,0,차대사람 - 횡단중,안전운전불이행,건조,맑음,단일로 - 기타,원동기,남,55세,상해없음,보행자,여,81세,경상
2017120600100649,2017년 12월 6일 20시,수요일,부산광역시 사하구 당리동,중상사고,0,1,0,0,차대사람 - 기타,안전운전불이행,건조,맑음,단일로 - 기타,승용,남,56세,상해없음,보행자,여,61세,중상
2017120600100736,2017년 12월 6일 23시,수요일,부산광역시 부산진구 가야동,경상사고,0,0,2,0,차대차 - 기타,안전거리미확보,건조,맑음,단일로 - 기타,승용,남,60세,상해없음,승용,남,32세,경상
2017120600100737,2017년 12월 6일 23시,수요일,부산광역시 금정구 장전동,중상사고,0,1,0,0,차대차 - 측면충돌,신호위반,건조,맑음,교차로 - 교차로안,승용,남,56세,상해없음,원동기,남,18세,중상
2017120700100057,2017년 12월 7일 03시,목요일,부산광역시 부산진구 부전동,중상사고,0,1,0,0,차대사람 - 기타,안전운전불이행,건조,맑음,단일로 - 기타,승용,남,47세,상해없음,보행자,여,34세,중상
2017120700100070,2017년 12월 7일 05시,목요일,부산광역시 부산진구 부전동,중상사고,0,1,0,0,차대차 - 기타,중앙선침범,건조,맑음,단일로 - 기타,승합,남,46세,상해없음,이륜,남,34세,중상
2017120700100071,2017년 12월 7일 05시,목요일,부산광역시 기장군 기장읍,중상사고,0,1,1,0,차대사람 - 차도통행중,안전운전불이행,건조,맑음,단일로 - 기타,승용,남,70세,상해없음,보행자,여,38세,경상
2017120700100088,2017년 12월 7일 06시,목요일,부산광역시 동구 초량동,경상사고,0,0,1,0,차대차 - 측면충돌,중앙선침범,건조,맑음,단일로 - 기타,기타불명,기타불명,미분류,기타불명,승용,남,41세,상해없음
2017120700100089,2017년 12월 7일 06시,목요일,부산광역시 수영구 남천동,경상사고,0,0,1,0,차대차 - 추돌,안전운전불이행,건조,맑음,단일로 - 기타,승용,남,61세,상해없음,승합,남,61세,경상
2017120700100090,2017년 12월 7일 06시,목요일,부산광역시 부산진구 부전동,경상사고,0,0,2,0,차대차 - 추돌,안전운전불이행,건조,맑음,단일로 - 기타,승용,남,27세,상해없음,화물,남,37세,경상
2017120700100091,2017년 12월 7일 06시,목요일,부산광역시 사상구 모라동,경상사고,0,0,1,0,차대차 - 추돌,안전운전불이행,건조,맑음,교차로 - 교차로부근,승용,남,65세,상해없음,승용,남,59세,경상
2017120700100115,2017년 12월 7일 07시,목요일,부산광역시 북구 덕천동,중상사고,0,1,0,0,차대차 - 추돌,중앙선침범,건조,맑음,단일로 - 기타,승용,남,55세,상해없음,승용,남,81세,중상
2017120700100116,2017년 12월 7일 07시,목요일,부산광역시 부산진구 개금동,중상사고,0,1,0,0,차대차 - 측면충돌,교차로운행방법위반,건조,맑음,교차로 - 교차로부근,승용,여,59세,상해없음,이륜,여,49세,중상
2017120700100117,2017년 12월 7일 07시,목요일,부산광역시 사하구 하단동,중상사고,0,1,0,0,차대사람 - 기타,안전운전불이행,건조,맑음,기타 - 기타,승용,남,64세,상해없음,보행자,남,74세,중상
2017120700100118,2017년 12월 7일 07시,목요일,부산광역시 연제구 연산동,경상사고,0,0,2,0,차대차 - 추돌,안전운전불이행,건조,맑음,단일로 - 기타,승용,남,32세,상해없음,승용,남,57세,경상
2017120700100152,2017년 12월 7일 08시,목요일,부산광역시 부산진구 가야동,중상사고,0,1,0,0,차대사람 - 차도통행중,안전운전불이행,건조,맑음,단일로 - 기타,승합,남,51세,상해없음,보행자,여,49세,중상
2017120700100153,2017년 12월 7일 08시,목요일,부산광역시 금정구 회동동,중상사고,0,1,1,2,차대차 - 추돌,안전거리미확보,건조,맑음,단일로 - 기타,승합,남,66세,상해없음,승용,남,59세,중상
2017120700100189,2017년 12월 7일 09시,목요일,부산광역시 부산진구 부전동,경상사고,0,0,1,0,차량단독 - 기타,기타,건조,맑음,단일로 - 기타,승합,남,56세,상해없음,,,,
2017120700100231,2017년 12월 7일 11시,목요일,부산광역시 북구 덕천동,중상사고,0,1,0,0,차대차 - 추돌,안전거리미확보,건조,맑음,단일로 - 기타,승용,여,47세,상해없음,이륜,남,23세,중상
2017120700100248,2017년 12월 7일 12시,목요일,부산광역시 북구 구포동,경상사고,0,0,1,0,차대사람 - 기타,신호위반,건조,맑음,교차로 - 교차로안,승용,여,54세,상해없음,보행자,여,16세,경상
2017120700100249,2017년 12월 7일 12시,목요일,부산광역시 부산진구 부전동,부상신고사고,0,0,0,1,차대차 - 측면충돌,중앙선침범,건조,맑음,단일로 - 기타,원동기,여,50세,부상신고,승용,남,42세,상해없음
2017120700100275,2017년 12월 7일 13시,목요일,부산광역시 남구 대연동,중상사고,0,1,0,0,차대사람 - 기타,안전운전불이행,건조,맑음,단일로 - 기타,승용,남,26세,상해없음,보행자,남,13세,중상
2017120700100276,2017년 12월 7일 13시,목요일,부산광역시 금정구 장전동,경상사고,0,0,1,0,차대사람 - 길가장자리구역통행중,안전운전불이행,건조,맑음,단일로 - 기타,화물,남,49세,상해없음,보행자,남,83세,경상
2017120700100300,2017년 12월 7일 14시,목요일,부산광역시 중구 남포동5가,부상신고사고,0,0,0,1,차대사람 - 차도통행중,안전운전불이행,건조,맑음,단일로 - 기타,화물,남,43세,상해없음,보행자,여,76세,부상신고
2017120700100301,2017년 12월 7일 14시,목요일,부산광역시 동래구 수안동,중상사고,0,1,0,0,차대차 - 기타,안전거리미확보,건조,맑음,단일로 - 기타,이륜,남,52세,중상,승용,여,47세,상해없음
2017120700100302,2017년 12월 7일 14시,목요일,부산광역시 부산진구 전포동,경상사고,0,0,1,0,차대차 - 측면충돌,신호위반,건조,맑음,교차로 - 교차로안,승용,남,71세,상해없음,이륜,남,18세,경상
2017120700100319,2017년 12월 7일 15시,목요일,부산광역시 해운대구 반여동,중상사고,0,1,2,0,차대차 - 측면충돌,안전운전불이행,건조,맑음,교차로 - 교차로안,원동기,남,18세,상해없음,승용,남,47세,경상
2017120700100355,2017년 12월 7일 16시,목요일,부산광역시 수영구 남천동,중상사고,0,1,0,0,차대사람 - 기타,안전운전불이행,건조,맑음,단일로 - 기타,승용,남,48세,상해없음,보행자,남,12세,중상
2017120700100383,2017년 12월 7일 17시,목요일,부산광역시 해운대구 석대동,중상사고,0,1,0,0,차대사람 - 횡단중,안전운전불이행,건조,맑음,단일로 - 기타,승용,남,35세,상해없음,보행자,여,17세,중상
2017120700100384,2017년 12월 7일 17시,목요일,부산광역시 부산진구 당감동,경상사고,0,0,1,0,차대차 - 기타,안전거리미확보,건조,맑음,단일로 - 기타,승합,남,58세,상해없음,승용,남,47세,경상
2017120700100385,2017년 12월 7일 17시,목요일,부산광역시 부산진구 범천동,중상사고,0,1,0,0,차대차 - 추돌,안전운전불이행,건조,맑음,단일로 - 기타,화물,남,67세,상해없음,승용,남,35세,상해없음
2017120700100386,2017년 12월 7일 17시,목요일,부산광역시 금정구 부곡동,중상사고,0,1,0,0,차대사람 - 횡단중,안전운전불이행,건조,맑음,교차로 - 교차로부근,승용,여,44세,상해없음,보행자,남,9세,중상
2017120700100387,2017년 12월 7일 17시,목요일,부산광역시 사하구 장림동,중상사고,0,1,0,0,차대차 - 측면충돌,교차로운행방법위반,건조,맑음,교차로 - 교차로안,이륜,여,61세,상해없음,이륜,남,18세,중상
2017120700100388,2017년 12월 7일 17시,목요일,부산광역시 사상구 감전동,중상사고,0,1,0,0,차대차 - 기타,기타,건조,맑음,단일로 - 기타,화물,남,58세,상해없음,이륜,남,64세,중상
2017120700100433,2017년 12월 7일 18시,목요일,부산광역시 남구 대연동,경상사고,0,0,2,0,차대차 - 추돌,안전운전불이행,건조,맑음,교차로 - 교차로부근,승용,남,47세,상해없음,승용,여,47세,경상
2017120700100434,2017년 12월 7일 18시,목요일,부산광역시 북구 덕천동,경상사고,0,0,1,0,차대차 - 측면충돌,신호위반,건조,맑음,교차로 - 교차로부근,승용,여,56세,상해없음,이륜,남,22세,경상
2017120700100486,2017년 12월 7일 19시,목요일,부산광역시 동래구 안락동,중상사고,0,1,0,0,차대사람 - 기타,안전운전불이행,건조,맑음,단일로 - 기타,승합,남,56세,상해없음,보행자,여,16세,중상
2017120700100487,2017년 12월 7일 19시,목요일,부산광역시 동래구 수안동,중상사고,0,1,0,0,차대사람 - 횡단중,보행자보호의무위반,건조,맑음,교차로 - 교차로안,승용,여,50세,상해없음,보행자,남,69세,중상
2017120700100488,2017년 12월 7일 19시,목요일,부산광역시 부산진구 개금동,중상사고,0,1,0,0,차대사람 - 보도통행중,보행자보호의무위반,건조,맑음,단일로 - 기타,승합,남,44세,상해없음,보행자,남,22세,중상
2017120700100513,2017년 12월 7일 20시,목요일,부산광역시 동구 초량동,경상사고,0,0,1,0,차대사람 - 기타,기타,건조,맑음,단일로 - 기타,승합,남,57세,상해없음,보행자,여,23세,경상
2017120700100514,2017년 12월 7일 20시,목요일,부산광역시 사하구 괴정동,경상사고,0,0,2,0,차대차 - 기타,안전운전불이행,건조,맑음,교차로 - 교차로안,승용,남,24세,상해없음,승용,남,33세,경상
2017120800100051,2017년 12월 8일 01시,금요일,부산광역시 남구 대연동,부상신고사고,0,0,0,1,차량단독 - 기타,기타,건조,맑음,교차로 - 교차로부근,승용,남,81세,상해없음,,,,
2017120800100052,2017년 12월 8일 01시,금요일,부산광역시 북구 구포동,중상사고,0,2,0,0,차대사람 - 기타,안전운전불이행,건조,맑음,단일로 - 기타,승용,남,62세,상해없음,보행자,남,45세,중상
2017120800100053,2017년 12월 8일 01시,금요일,부산광역시 해운대구 우동,경상사고,0,0,1,0,차대차 - 측면충돌,신호위반,건조,맑음,교차로 - 교차로안,승용,남,61세,상해없음,승용,남,21세,경상
2017120800100054,2017년 12월 8일 01시,금요일,부산광역시 부산진구 전포동,중상사고,0,2,0,0,차대차 - 기타,신호위반,건조,맑음,교차로 - 교차로안,승용,남,43세,상해없음,이륜,남,24세,중상
2017120800100105,2017년 12월 8일 06시,금요일,부산광역시 부산진구 부전동,중상사고,0,1,0,0,차대사람 - 횡단중,안전운전불이행,건조,맑음,단일로 - 기타,승용,남,61세,상해없음,보행자,여,75세,중상
2017120800100106,2017년 12월 8일 06시,금요일,부산광역시 부산진구 당감동,경상사고,0,0,1,0,차대사람 - 횡단중,보행자보호의무위반,건조,맑음,교차로 - 교차로횡단보도내,화물,남,66세,상해없음,보행자,남,46세,경상
2017120800100107,2017년 12월 8일 06시,금요일,부산광역시 사하구 신평동,사망사고,1,0,0,0,차대사람 - 기타,과속,건조,맑음,단일로 - 기타,승용,남,37세,상해없음,보행자,남,81세,사망
2017120800100132,2017년 12월 8일 07시,금요일,부산광역시 해운대구 중동,중상사고,0,1,0,0,차대사람 - 기타,안전운전불이행,기타,맑음,단일로 - 기타,승용,남,37세,상해없음,보행자,여,62세,중상
2017120800100133,2017년 12월 8일 07시,금요일,부산광역시 사하구 감천동,중상사고,0,1,0,0,차대사람 - 기타,보행자보호의무위반,건조,맑음,단일로 - 기타,승용,남,42세,상해없음,보행자,여,9세,중상
2017120800100134,2017년 12월 8일 07시,금요일,부산광역시 기장군 기장읍,경상사고,0,0,3,0,차대차 - 측면충돌,직진우회전진행방해,건조,맑음,교차로 - 교차로안,승용,남,61세,경상,승용,남,67세,경상
2017120800100135,2017년 12월 8일 07시,금요일,부산광역시 기장군 정관읍,경상사고,0,0,1,0,차대차 - 추돌,안전운전불이행,건조,맑음,교차로 - 교차로부근,승용,여,20세,상해없음,승용,남,38세,경상
2017120800100164,2017년 12월 8일 08시,금요일,부산광역시 영도구 봉래동1가,사망사고,1,3,0,0,차대차 - 정면충돌,중앙선침범,건조,맑음,단일로 - 교량,승용,남,51세,사망,승용,남,43세,중상
2017120800100165,2017년 12월 8일 08시,금요일,부산광역시 사상구 엄궁동,경상사고,0,0,1,0,차대사람 - 횡단중,기타,건조,맑음,교차로 - 교차로부근,화물,남,41세,상해없음,보행자,여,10세,경상
2017120800100205,2017년 12월 8일 09시,금요일,부산광역시 강서구 대저1동,중상사고,0,1,0,0,차대사람 - 기타,안전운전불이행,건조,맑음,단일로 - 기타,화물,남,34세,상해없음,보행자,여,44세,중상
2017120800100244,2017년 12월 8일 10시,금요일,부산광역시 동래구 수안동,중상사고,0,1,0,0,차대사람 - 횡단중,안전운전불이행,건조,맑음,교차로 - 교차로횡단보도내,화물,남,67세,상해없음,보행자,남,85세,중상
2017120800100245,2017년 12월 8일 10시,금요일,부산광역시 금정구 부곡동,중상사고,0,1,0,0,차대차 - 기타,안전거리미확보,건조,맑음,단일로 - 기타,승합,남,60세,상해없음,자전거,남,84세,중상
2017120800100246,2017년 12월 8일 10시,금요일,부산광역시 사하구 감천동,경상사고,0,0,1,0,차대사람 - 기타,안전운전불이행,건조,맑음,기타 - 기타,화물,남,38세,상해없음,보행자,남,41세,경상
2017120800100247,2017년 12월 8일 10시,금요일,부산광역시 기장군 정관읍,중상사고,0,1,0,0,차대차 - 측면충돌,신호위반,건조,맑음,교차로 - 교차로안,화물,남,27세,상해없음,이륜,남,38세,중상
2017120800100276,2017년 12월 8일 11시,금요일,부산광역시 부산진구 가야동,경상사고,0,0,1,0,차대사람 - 횡단중,보행자보호의무위반,건조,맑음,교차로 - 교차로부근,화물,남,67세,상해없음,보행자,남,30세,경상
2017120800100277,2017년 12월 8일 11시,금요일,부산광역시 부산진구 부암동,경상사고,0,0,1,0,차대차 - 측면충돌,안전운전불이행,건조,맑음,교차로 - 교차로안,화물,남,34세,상해없음,승용,남,58세,경상
2017120800100304,2017년 12월 8일 12시,금요일,부산광역시 수영구 광안동,경상사고,0,0,1,0,차대사람 - 기타,안전운전불이행,건조,맑음,교차로 - 교차로안,승용,남,41세,상해없음,보행자,남,29세,경상