사고번호,사고일시,요일,시군구,사고내용,사망자수,중상자수,경상자수,부상신고자수,사고유형,법규위반,노면상태,기상상태,도로형태,가해운전자 차종,가해운전자 성별,가해운전자 연령,가해운전자 상해정도,피해운전자 차종,피해운전자 성별,피해운전자 연령,피해운전자 상해정도
2017121100100474,2017년 12월 11일 21시,월요일,부산광역시 동래구 안락동,경상사고,0,0,1,0,차대차 - 측면충돌,차로위반,건조,맑음,단일로 - 기타,승용,남,44세,상해없음,원동기,남,20세,경상
2017121100100526,2017년 12월 11일 23시,월요일,부산광역시 동래구 안락동,경상사고,0,0,2,0,차량단독 - 공작물충돌,안전운전불이행,건조,맑음,단일로 - 기타,승용,남,18세,상해없음,,,,
2017121200100037,2017년 12월 12일 00시,화요일,부산광역시 연제구 연산동,중상사고,0,1,1,0,차대차 - 측면충돌,안전운전불이행,건조,맑음,교차로 - 교차로안,승용,남,23세,상해없음,승용,남,58세,중상
2017121200100038,2017년 12월 12일 00시,화요일,부산광역시 사상구 감전동,중상사고,0,1,0,0,차대차 - 기타,신호위반,건조,맑음,교차로 - 교차로안,승용,남,34세,상해없음,이륜,남,19세,중상
2017121200100048,2017년 12월 12일 01시,화요일,부산광역시 부산진구 전포동,중상사고,0,1,1,0,차대차 - 기타,중앙선침범,건조,맑음,단일로 - 기타,화물,남,59세,경상,승용,남,43세,중상
2017121200100060,2017년 12월 12일 04시,화요일,부산광역시 영도구 동삼동,중상사고,0,1,0,0,차대차 - 측면충돌,안전운전불이행,건조,맑음,단일로 - 기타,승용,남,49세,상해없음,원동기,남,56세,중상
2017121200100064,2017년 12월 12일 05시,화요일,부산광역시 해운대구 반여동,중상사고,0,1,0,0,차대사람 - 횡단중,보행자보호의무위반,건조,맑음,교차로 - 교차로횡단보도내,화물,남,43세,상해없음,보행자,여,62세,중상
2017121200100085,2017년 12월 12일 07시,화요일,부산광역시 동래구 명장동,중상사고,0,1,0,0,차대사람 - 횡단중,보행자보호의무위반,건조,맑음,교차로 - 교차로횡단보도내,승용,여,26세,상해없음,보행자,남,75세,중상
2017121200100110,2017년 12월 12일 08시,화요일,부산광역시 북구 구포동,중상사고,0,1,0,0,차대사람 - 기타,안전운전불이행,건조,맑음,단일로 - 기타,승용,여,38세,상해없음,보행자,여,57세,중상
2017121200100111,2017년 12월 12일 08시,화요일,부산광역시 해운대구 반여동,중상사고,0,1,0,0,차대사람 - 기타,안전운전불이행,기타,맑음,단일로 - 기타,승용,남,44세,상해없음,보행자,여,54세,중상
2017121200100112,2017년 12월 12일 08시,화요일,부산광역시 부산진구 양정동,경상사고,0,0,1,0,차대사람 - 기타,안전운전불이행,건조,맑음,단일로 - 기타,승용,여,42세,상해없음,보행자,여,12세,경상
2017121200100113,2017년 12월 12일 08시,화요일,부산광역시 금정구 장전동,부상신고사고,0,0,0,1,차량단독 - 기타,안전운전불이행,건조,맑음,단일로 - 기타,승합,남,61세,상해없음,,,,
2017121200100146,2017년 12월 12일 09시,화요일,부산광역시 사하구 감천동,중상사고,0,1,0,0,차대사람 - 기타,기타,건조,맑음,교차로 - 교차로안,특수,남,59세,상해없음,보행자,남,80세,중상
2017121200100170,2017년 12월 12일 10시,화요일,부산광역시 남구 용호동,경상사고,0,0,2,0,차대차 - 기타,안전운전불이행,건조,맑음,교차로 - 교차로안,이륜,남,43세,경상,승용,여,50세,경상
2017121200100199,2017년 12월 12일 11시,화요일,부산광역시 동구 좌천동,중상사고,0,1,0,0,차대차 - 기타,신호위반,건조,맑음,기타 - 기타,승용,여,44세,상해없음,이륜,남,42세,중상
2017121200100238,2017년 12월 12일 12시,화요일,부산광역시 해운대구 중동,중상사고,0,1,0,0,차대사람 - 횡단중,안전운전불이행,건조,맑음,단일로 - 기타,이륜,남,34세,상해없음,보행자,남,83세,중상
2017121200100239,2017년 12월 12일 12시,화요일,부산광역시 금정구 청룡동,경상사고,0,0,1,0,차대사람 - 길가장자리구역통행중,보행자보호의무위반,건조,맑음,단일로 - 기타,이륜,남,49세,상해없음,보행자,남,19세,경상
2017121200100266,2017년 12월 12일 13시,화요일,부산광역시 동래구 사직동,중상사고,0,1,0,0,차대차 - 측면충돌,신호위반,건조,맑음,교차로 - 교차로횡단보도내,이륜,여,24세,상해없음,자전거,남,56세,중상
2017121200100267,2017년 12월 12일 13시,화요일,부산광역시 부산진구 초읍동,중상사고,0,1,0,0,차대사람 - 기타,안전운전불이행,건조,맑음,교차로 - 교차로부근,승용,여,52세,상해없음,보행자,여,82세,중상
2017121200100298,2017년 12월 12일 14시,화요일,부산광역시 부산진구 양정동,경상사고,0,0,2,0,차대차 - 기타,안전운전불이행,건조,맑음,단일로 - 기타,기타불명,남,43세,기타불명,승용,남,50세,경상
2017121200100299,2017년 12월 12일 14시,화요일,부산광역시 강서구 생곡동,경상사고,0,0,2,0,차대차 - 추돌,안전운전불이행,건조,맑음,교차로 - 교차로부근,특수,남,45세,상해없음,승용,여,69세,경상
2017121200100324,2017년 12월 12일 15시,화요일,부산광역시 동래구 온천동,경상사고,0,0,1,0,차대차 - 추돌,안전운전불이행,건조,맑음,교차로 - 교차로횡단보도내,원동기,남,22세,상해없음,승용,여,52세,경상
2017121200100384,2017년 12월 12일 17시,화요일,부산광역시 동래구 사직동,중상사고,0,1,0,0,차대사람 - 차도통행중,안전운전불이행,건조,맑음,단일로 - 기타,원동기,남,72세,상해없음,보행자,남,79세,중상
2017121200100385,2017년 12월 12일 17시,화요일,부산광역시 해운대구 우동,중상사고,0,1,1,0,차대차 - 측면충돌,안전운전불이행,건조,맑음,교차로 - 교차로안,원동기,여,55세,중상,승용,여,44세,경상
2017121200100386,2017년 12월 12일 17시,화요일,부산광역시 금정구 서동,경상사고,0,0,1,0,차대차 - 측면충돌,안전운전불이행,건조,맑음,교차로 - 교차로안,승용,남,64세,상해없음,화물,남,62세,경상
2017121200100387,2017년 12월 12일 17시,화요일,부산광역시 연제구 연산동,중상사고,0,1,0,0,차대차 - 측면충돌,안전운전불이행,건조,맑음,단일로 - 기타,승용,남,56세,상해없음,이륜,남,22세,중상
2017121200100388,2017년 12월 12일 17시,화요일,부산광역시 기장군 정관읍,중상사고,0,1,0,0,차대차 - 측면충돌,직진우회전진행방해,건조,맑음,교차로 - 교차로안,승합,남,53세,상해없음,이륜,남,23세,중상
2017121200100425,2017년 12월 12일 18시,화요일,부산광역시 부산진구 전포동,중상사고,0,1,0,0,차대사람 - 기타,안전운전불이행,건조,맑음,교차로 - 교차로안,승용,남,69세,상해없음,보행자,여,75세,중상
2017121200100476,2017년 12월 12일 19시,화요일,부산광역시 연제구 거제동,경상사고,0,0,1,1,차대차 - 측면충돌,중앙선침범,건조,맑음,기타 - 기타,기타불명,기타불명,미분류,기타불명,승용,남,35세,부상신고
2017121200100477,2017년 12월 12일 19시,화요일,부산광역시 사상구 주례동,경상사고,0,0,1,0,차대사람 - 횡단중,신호위반,건조,맑음,교차로 - 교차로안,이륜,남,32세,상해없음,보행자,여,29세,경상
2017121200100498,2017년 12월 12일 20시,화요일,부산광역시 남구 문현동,경상사고,0,0,1,0,차대차 - 측면충돌,교차로운행방법위반,건조,맑음,교차로 - 교차로안,이륜,남,21세,경상,승용,남,38세,상해없음
2017121200100499,2017년 12월 12일 20시,화요일,부산광역시 강서구 명지동,중상사고,0,1,0,0,차대차 - 측면충돌,신호위반,건조,맑음,교차로 - 교차로부근,이륜,남,18세,중상,승용,남,35세,상해없음
2017121200100529,2017년 12월 12일 21시,화요일,부산광역시 동구 좌천동,중상사고,0,1,0,0,차대차 - 측면충돌,안전거리미확보,건조,맑음,단일로 - 기타,승용,남,47세,상해없음,이륜,남,32세,중상
2017121200100530,2017년 12월 12일 21시,화요일,부산광역시 동래구 명장동,경상사고,0,0,1,0,차대차 - 측면충돌,안전운전불이행,건조,맑음,단일로 - 기타,기타불명,남,미분류,기타불명,승용,여,42세,경상
2017121200100531,2017년 12월 12일 21시,화요일,부산광역시 해운대구 우동,경상사고,0,0,2,0,차대사람 - 횡단중,보행자보호의무위반,건조,맑음,단일로 - 기타,승용,남,32세,상해없음,보행자,남,34세,경상
2017121200100532,2017년 12월 12일 21시,화요일,부산광역시 사상구 모라동,중상사고,0,1,0,1,차대차 - 측면충돌,안전운전불이행,건조,맑음,교차로 - 교차로부근,이륜,남,46세,부상신고,승용,남,36세,중상
2017121200100581,2017년 12월 12일 23시,화요일,부산광역시 사하구 다대동,경상사고,0,0,1,0,차대차 - 추돌,신호위반,건조,맑음,교차로 - 교차로안,승용,남,19세,상해없음,승용,남,55세,경상
2017121300100048,2017년 12월 13일 02시,수요일,부산광역시 북구 구포동,경상사고,0,0,1,0,차대차 - 추돌,안전운전불이행,건조,맑음,단일로 - 기타,승용,남,51세,상해없음,승용,남,62세,경상
2017121300100049,2017년 12월 13일 02시,수요일,부산광역시 부산진구 전포동,사망사고,1,1,0,2,차대차 - 기타,안전운전불이행,건조,맑음,교차로 - 교차로부근,승용,남,25세,상해없음,화물,남,55세,상해없음
2017121300100067,2017년 12월 13일 06시,수요일,부산광역시 동구 범일동,중상사고,0,1,0,0,차대사람 - 횡단중,안전운전불이행,건조,맑음,단일로 - 기타,승합,남,38세,상해없음,보행자,남,18세,중상
2017121300100085,2017년 12월 13일 07시,수요일,부산광역시 영도구 청학동,경상사고,0,0,1,0,차대차 - 추돌,안전거리미확보,건조,맑음,단일로 - 기타,승용,여,47세,상해없음,이륜,남,29세,경상
2017121300100086,2017년 12월 13일 07시,수요일,부산광역시 사하구 감천동,경상사고,0,0,1,0,차대사람 - 횡단중,안전운전불이행,건조,맑음,단일로 - 기타,승용,여,54세,상해없음,보행자,여,76세,경상
2017121300100087,2017년 12월 13일 07시,수요일,부산광역시 사하구 하단동,중상사고,0,1,0,0,차대사람 - 기타,안전운전불이행,건조,맑음,단일로 - 기타,승합,남,65세,상해없음,보행자,여,67세,중상
2017121300100088,2017년 12월 13일 07시,수요일,부산광역시 사상구 감전동,중상사고,0,1,1,1,차대차 - 추돌,안전운전불이행,건조,맑음,단일로 - 기타,화물,남,61세,부상신고,승용,남,50세,중상
2017121300100111,2017년 12월 13일 08시,수요일,부산광역시 중구 부평동1가,경상사고,0,0,1,0,차대차 - 측면충돌,교차로운행방법위반,건조,맑음,교차로 - 교차로안,승용,남,64세,상해없음,자전거,남,62세,경상
2017121300100112,2017년 12월 13일 08시,수요일,부산광역시 강서구 명지동,경상사고,0,0,1,0,차대차 - 추돌,안전운전불이행,건조,맑음,교차로 - 교차로부근,승용,남,30세,기타불명,승용,여,36세,경상
2017121300100113,2017년 12월 13일 08시,수요일,부산광역시 사상구 학장동,중상사고,0,1,2,0,차대차 - 추돌,안전운전불이행,건조,맑음,단일로 - 기타,승용,남,38세,상해없음,승용,여,41세,경상
2017121300100158,2017년 12월 13일 09시,수요일,부산광역시 북구 만덕동,경상사고,0,0,1,0,차대차 - 기타,안전운전불이행,건조,맑음,교차로 - 교차로부근,승용,남,60세,상해없음,승용,여,36세,경상
2017121300100159,2017년 12월 13일 09시,수요일,부산광역시 금정구 남산동,중상사고,0,1,0,0,차대차 - 측면충돌,교차로운행방법위반,건조,맑음,교차로 - 교차로안,승용,남,67세,상해없음,이륜,남,56세,중상
2017121300100191,2017년 12월 13일 10시,수요일,부산광역시 수영구 광안동,경상사고,0,0,1,0,차대사람 - 길가장자리구역통행중,안전운전불이행,건조,맑음,단일로 - 기타,기타불명,기타불명,미분류,기타불명,보행자,여,25세,경상
2017121300100192,2017년 12월 13일 10시,수요일,부산광역시 동래구 안락동,경상사고,0,0,1,0,차대차 - 측면충돌,안전운전불이행,건조,맑음,교차로 - 교차로부근,화물,남,36세,상해없음,자전거,여,20세,경상
2017121300100193,2017년 12월 13일 10시,수요일,부산광역시 금정구 구서동,중상사고,0,1,0,0,차대차 - 측면충돌,안전운전불이행,건조,맑음,교차로 - 교차로안,승용,남,48세,상해없음,원동기,남,33세,중상
2017121300100194,2017년 12월 13일 10시,수요일,부산광역시 사하구 하단동,경상사고,0,0,1,0,차대차 - 측면충돌,안전운전불이행,건조,맑음,단일로 - 기타,화물,남,31세,상해없음,화물,남,49세,경상
2017121300100211,2017년 12월 13일 11시,수요일,부산광역시 부산진구 전포동,경상사고,0,0,1,0,차대사람 - 횡단중,보행자보호의무위반,건조,맑음,단일로 - 기타,화물,남,47세,상해없음,보행자,남,39세,경상
2017121300100236,2017년 12월 13일 12시,수요일,부산광역시 부산진구 부전동,경상사고,0,0,1,0,차대차 - 기타,신호위반,건조,맑음,교차로 - 교차로안,승용,남,63세,상해없음,이륜,남,23세,경상
2017121300100237,2017년 12월 13일 12시,수요일,부산광역시 기장군 정관읍,경상사고,0,0,2,0,차대차 - 측면충돌,안전운전불이행,건조,맑음,교차로 - 교차로부근,승용,남,53세,상해없음,승용,여,46세,경상
2017121300100260,2017년 12월 13일 13시,수요일,부산광역시 남구 대연동,부상신고사고,0,0,0,1,차대차 - 측면충돌,안전운전불이행,건조,맑음,단일로 - 기타,이륜,남,41세,부상신고,승용,남,41세,상해없음
2017121300100273,2017년 12월 13일 14시,수요일,부산광역시 서구 암남동,중상사고,0,1,0,0,차대차 - 측면충돌,신호위반,건조,맑음,교차로 - 교차로안,건설기계,남,52세,상해없음,승용,여,52세,중상
2017121300100274,2017년 12월 13일 14시,수요일,부산광역시 남구 감만동,경상사고,0,0,1,0,차대사람 - 길가장자리구역통행중,안전운전불이행,건조,맑음,교차로 - 교차로안,화물,남,38세,상해없음,보행자,여,80세,경상
2017121300100275,2017년 12월 13일 14시,수요일,부산광역시 사상구 감전동,경상사고,0,0,1,0,차대차 - 추돌,안전운전불이행,건조,맑음,단일로 - 교량,승용,남,56세,상해없음,화물,남,42세,경상
2017121300100310,2017년 12월 13일 15시,수요일,부산광역시 남구 대연동,중상사고,0,1,0,0,차대사람 - 길가장자리구역통행중,안전운전불이행,건조,맑음,교차로 - 교차로안,승용,남,74세,상해없음,보행자,남,19세,중상
2017121300100311,2017년 12월 13일 15시,수요일,부산광역시 금정구 장전동,경상사고,0,0,1,0,차대차 - 추돌,안전운전불이행,건조,맑음,단일로 - 기타,승용,남,19세,상해없음,화물,남,35세,경상
2017121300100348,2017년 12월 13일 16시,수요일,부산광역시 중구 중앙동5가,중상사고,0,1,0,0,차대차 - 측면충돌,안전거리미확보,건조,맑음,단일로 - 기타,승용,남,56세,상해없음,이륜,남,46세,중상
2017121300100349,2017년 12월 13일 16시,수요일,부산광역시 동구 범일동,중상사고,0,1,1,0,차대차 - 기타,신호위반,건조,흐림,교차로 - 교차로안,승용,남,70세,상해없음,승합,남,52세,상해없음
2017121300100350,2017년 12월 13일 16시,수요일,부산광역시 북구 덕천동,경상사고,0,0,1,0,차대차 - 기타,안전거리미확보,건조,맑음,단일로 - 기타,이륜,남,23세,상해없음,승용,여,36세,경상
2017121300100351,2017년 12월 13일 16시,수요일,부산광역시 부산진구 가야동,경상사고,0,0,1,0,차대차 - 측면충돌,안전운전불이행,건조,맑음,단일로 - 기타,승용,남,62세,상해없음,이륜,남,44세,경상
2017121300100352,2017년 12월 13일 16시,수요일,부산광역시 부산진구 부전동,경상사고,0,0,1,0,차대사람 - 기타,신호위반,건조,맑음,단일로 - 기타,이륜,기타불명,미분류,기타불명,보행자,여,48세,경상
2017121300100353,2017년 12월 13일 16시,수요일,부산광역시 강서구 미음동,경상사고,0,0,1,0,차대차 - 추돌,안전운전불이행,건조,맑음,교차로 - 교차로부근,승용,여,37세,상해없음,승용,남,39세,경상
2017121300100354,2017년 12월 13일 16시,수요일,부산광역시 기장군 기장읍,중상사고,0,1,0,0,차대차 - 측면충돌,안전운전불이행,건조,맑음,교차로 - 교차로부근,승용,남,47세,상해없음,이륜,남,70세,중상
2017121300100387,2017년 12월 13일 17시,수요일,부산광역시 서구 동대신동3가,경상사고,0,0,1,0,차대차 - 정면충돌,안전운전불이행,건조,맑음,교차로 - 교차로안,승용,남,46세,상해없음,이륜,남,21세,경상
2017121300100388,2017년 12월 13일 17시,수요일,부산광역시 남구 대연동,중상사고,0,1,0,0,차량단독 - 기타,안전운전불이행,건조,맑음,단일로 - 기타,승합,남,38세,상해없음,,,,
2017121300100389,2017년 12월 13일 17시,수요일,부산광역시 남구 용호동,경상사고,0,0,1,0,차대차 - 기타,안전운전불이행,건조,맑음,교차로 - 교차로안,기타불명,기타불명,미분류,기타불명,자전거,여,39세,경상
2017121300100390,2017년 12월 13일 17시,수요일,부산광역시 해운대구 우동,경상사고,0,0,1,0,차대차 - 측면충돌,교차로운행방법위반,건조,맑음,교차로 - 교차로안,승용,여,50세,상해없음,승합,남,35세,경상
2017121300100434,2017년 12월 13일 18시,수요일,부산광역시 영도구 남항동1가,중상사고,0,1,0,0,차대차 - 기타,교차로운행방법위반,건조,맑음,교차로 - 교차로안,승용,남,59세,상해없음,이륜,남,45세,중상
2017121300100475,2017년 12월 13일 19시,수요일,부산광역시 부산진구 전포동,경상사고,0,0,1,0,차대차 - 기타,안전거리미확보,건조,맑음,단일로 - 기타,승용,여,69세,경상,승용,남,56세,상해없음
2017121300100568,2017년 12월 13일 22시,수요일,부산광역시 사하구 괴정동,중상사고,0,1,0,0,차대사람 - 횡단중,안전운전불이행,건조,맑음,교차로 - 교차로안,승용,남,66세,상해없음,보행자,남,56세,중상
2017121400100026,2017년 12월 14일 00시,목요일,부산광역시 부산진구 전포동,중상사고,0,1,0,0,차대차 - 측면충돌,신호위반,건조,맑음,교차로 - 교차로안,승용,남,54세,상해없음,승용,여,56세,중상
2017121400100027,2017년 12월 14일 00시,목요일,부산광역시 부산진구 범천동,경상사고,0,0,1,0,차대차 - 추돌,안전운전불이행,건조,맑음,단일로 - 기타,이륜,남,49세,상해없음,승용,남,46세,경상
2017121400100082,2017년 12월 14일 05시,목요일,부산광역시 기장군 정관읍,경상사고,0,0,2,0,차대차 - 측면충돌,신호위반,건조,맑음,교차로 - 교차로안,화물,남,37세,경상,건설기계,남,44세,경상
2017121400100096,2017년 12월 14일 06시,목요일,부산광역시 동래구 안락동,중상사고,0,3,0,1,차대차 - 정면충돌,안전운전불이행,건조,맑음,단일로 - 기타,승용,여,23세,부상신고,승용,남,59세,중상
2017121400100121,2017년 12월 14일 07시,목요일,부산광역시 서구 암남동,경상사고,0,0,1,0,차대차 - 기타,교차로운행방법위반,건조,맑음,교차로 - 교차로안,승용,남,70세,상해없음,승용,남,37세,경상
2017121400100122,2017년 12월 14일 07시,목요일,부산광역시 수영구 수영동,경상사고,0,0,1,0,차대차 - 측면충돌,신호위반,건조,맑음,교차로 - 교차로안,화물,남,52세,상해없음,승용,남,32세,경상
2017121400100123,2017년 12월 14일 07시,목요일,부산광역시 동래구 온천동,중상사고,0,1,0,0,차대사람 - 횡단중,보행자보호의무위반,건조,맑음,교차로 - 교차로안,승용,남,26세,상해없음,보행자,남,40세,중상
2017121400100124,2017년 12월 14일 07시,목요일,부산광역시 해운대구 우동,중상사고,0,1,1,1,차대차 - 측면충돌,차로위반,건조,맑음,교차로 - 교차로부근,승용,여,37세,부상신고,승용,여,52세,중상
2017121400100157,2017년 12월 14일 08시,목요일,부산광역시 동래구 사직동,중상사고,0,1,0,0,차대차 - 측면충돌,신호위반,건조,맑음,단일로 - 기타,승용,여,36세,상해없음,자전거,남,25세,중상
2017121400100158,2017년 12월 14일 08시,목요일,부산광역시 금정구 장전동,경상사고,0,0,1,0,차대사람 - 횡단중,안전운전불이행,건조,맑음,단일로 - 기타,승용,여,53세,상해없음,보행자,여,21세,경상
2017121400100159,2017년 12월 14일 08시,목요일,부산광역시 강서구 대저1동,경상사고,0,0,1,0,차대차 - 측면충돌,안전운전불이행,건조,맑음,교차로 - 교차로안,화물,남,53세,상해없음,승용,여,44세,경상
2017121400100201,2017년 12월 14일 09시,목요일,부산광역시 서구 서대신동3가,경상사고,0,0,2,0,차대차 - 추돌,차로위반,건조,맑음,단일로 - 기타,승용,남,58세,상해없음,승용,여,42세,경상
2017121400100223,2017년 12월 14일 10시,목요일,부산광역시 수영구 민락동,경상사고,0,0,3,0,차대차 - 기타,교차로운행방법위반,건조,맑음,교차로 - 교차로안,화물,남,55세,상해없음,승용,여,39세,경상
2017121400100252,2017년 12월 14일 11시,목요일,부산광역시 수영구 민락동,경상사고,0,0,1,0,차대차 - 추돌,직진우회전진행방해,건조,맑음,교차로 - 교차로안,승용,여,37세,상해없음,화물,남,41세,경상
2017121400100253,2017년 12월 14일 11시,목요일,부산광역시 남구 문현동,경상사고,0,0,1,0,차대차 - 기타,교차로운행방법위반,건조,맑음,교차로 - 교차로안,승용,남,50세,상해없음,화물,남,54세,경상
2017121400100268,2017년 12월 14일 12시,목요일,부산광역시 동구 범일동,경상사고,0,0,1,0,차대사람 - 횡단중,신호위반,건조,맑음,교차로 - 교차로부근,원동기,남,27세,상해없음,보행자,여,66세,경상
2017121400100269,2017년 12월 14일 12시,목요일,부산광역시 동래구 사직동,중상사고,0,1,1,0,차대차 - 정면충돌,중앙선침범,건조,맑음,단일로 - 기타,화물,남,57세,상해없음,승용,남,29세,경상
2017121400100304,2017년 12월 14일 13시,목요일,부산광역시 영도구 동삼동,경상사고,0,0,2,0,차대차 - 기타,안전운전불이행,건조,맑음,교차로 - 교차로부근,승용,여,51세,상해없음,승용,남,60세,경상
2017121400100305,2017년 12월 14일 13시,목요일,부산광역시 사상구 주례동,경상사고,0,0,1,0,차대차 - 측면충돌,안전운전불이행,건조,맑음,단일로 - 기타,이륜,남,25세,경상,이륜,남,62세,상해없음
2017121400100358,2017년 12월 14일 15시,목요일,부산광역시 해운대구 반여동,경상사고,0,0,1,0,차대사람 - 횡단중,기타,건조,맑음,단일로 - 기타,화물,남,40세,상해없음,보행자,남,8세,경상
2017121400100382,2017년 12월 14일 16시,목요일,부산광역시 금정구 장전동,경상사고,0,0,1,0,차대차 - 기타,차로위반,건조,맑음,단일로 - 기타,승합,남,68세,상해없음,승용,남,24세,경상
2017121400100402,2017년 12월 14일 17시,목요일,부산광역시 금정구 금사동,중상사고,0,1,0,0,차대차 - 측면충돌,기타,건조,맑음,단일로 - 기타,승용,남,58세,상해없음,원동기,남,23세,중상
2017121400100403,2017년 12월 14일 17시,목요일,부산광역시 사하구 구평동,중상사고,0,1,2,0,차대차 - 측면충돌,중앙선침범,건조,맑음,단일로 - 기타,승용,남,48세,상해없음,화물,남,34세,경상
2017121400100447,2017년 12월 14일 18시,목요일,부산광역시 중구 남포동1가,중상사고,0,1,0,0,차대사람 - 기타,안전운전불이행,건조,맑음,단일로 - 기타,승용,남,58세,상해없음,보행자,여,51세,중상
2017121400100448,2017년 12월 14일 18시,목요일,부산광역시 동구 수정동,경상사고,0,0,1,0,차대차 - 기타,기타,건조,맑음,단일로 - 기타,승용,남,39세,상해없음,원동기,남,30세,경상
2017121400100449,2017년 12월 14일 18시,목요일,부산광역시 연제구 연산동,중상사고,0,1,0,0,차대사람 - 횡단중,안전운전불이행,건조,맑음,단일로 - 기타,승용,남,58세,상해없음,보행자,여,85세,중상
2017121400100450,2017년 12월 14일 18시,목요일,부산광역시 기장군 장안읍,중상사고,0,1,0,0,차대차 - 측면충돌,안전운전불이행,건조,맑음,단일로 - 기타,승용,남,36세,상해없음,승용,남,56세,중상
2017121400100517,2017년 12월 14일 20시,목요일,부산광역시 부산진구 전포동,경상사고,0,0,1,0,차대차 - 기타,안전운전불이행,건조,맑음,단일로 - 기타,이륜,남,16세,상해없음,이륜,남,18세,경상
2017121400100518,2017년 12월 14일 20시,목요일,부산광역시 기장군 정관읍,경상사고,0,0,1,0,차대사람 - 기타,안전운전불이행,건조,맑음,기타 - 기타,승용,남,44세,상해없음,보행자,여,56세,경상
2017121400100541,2017년 12월 14일 21시,목요일,부산광역시 동래구 온천동,중상사고,0,1,0,0,차대사람 - 차도통행중,안전운전불이행,건조,맑음,단일로 - 기타,승용,남,46세,상해없음,보행자,남,35세,중상
2017121400100542,2017년 12월 14일 21시,목요일,부산광역시 부산진구 부전동,중상사고,0,1,0,0,차대차 - 기타,중앙선침범,건조,맑음,단일로 - 기타,승용,남,63세,상해없음,이륜,남,32세,중상
2017121400100572,2017년 12월 14일 22시,목요일,부산광역시 금정구 서동,부상신고사고,0,0,0,1,차대차 - 측면충돌,교차로운행방법위반,건조,맑음,교차로 - 교차로안,이륜,남,22세,부상신고,승용,남,63세,상해없음
2017121400100591,2017년 12월 14일 23시,목요일,부산광역시 동래구 명륜동,경상사고,0,0,1,0,차대차 - 측면충돌,안전운전불이행,건조,맑음,단일로 - 기타,승용,남,55세,상해없음,이륜,남,34세,경상
2017121500100029,2017년 12월 15일 00시,금요일,부산광역시 부산진구 부전동,경상사고,0,0,1,0,차대차 - 측면충돌,기타,건조,맑음,단일로 - 기타,원동기,남,28세,경상,승용,남,64세,상해없음
2017121500100054,2017년 12월 15일 01시,금요일,부산광역시 남구 용호동,경상사고,0,0,1,0,차대차 - 추돌,안전운전불이행,건조,맑음,단일로 - 기타,승용,여,48세,상해없음,승용,남,28세,경상
2017121500100055,2017년 12월 15일 01시,금요일,부산광역시 동래구 안락동,경상사고,0,0,1,0,차대사람 - 횡단중,안전운전불이행,건조,맑음,교차로 - 교차로부근,승용,남,55세,상해없음,보행자,남,60세,경상
2017121500100067,2017년 12월 15일 02시,금요일,부산광역시 사상구 모라동,중상사고,0,2,0,0,차대차 - 측면충돌,신호위반,건조,맑음,교차로 - 교차로안,승합,남,50세,상해없음,승용,남,65세,중상
2017121500100073,2017년 12월 15일 03시,금요일,부산광역시 수영구 망미동,중상사고,0,2,2,0,차대차 - 추돌,안전운전불이행,건조,맑음,교차로 - 교차로부근,승용,남,59세,상해없음,승용,남,47세,중상
2017121500100106,2017년 12월 15일 06시,금요일,부산광역시 서구 암남동,경상사고,0,0,1,0,차대사람 - 횡단중,신호위반,건조,맑음,교차로 - 교차로안,승용,남,47세,상해없음,보행자,여,59세,경상
2017121500100144,2017년 12월 15일 08시,금요일,부산광역시 동래구 온천동,중상사고,0,1,0,0,차대차 - 측면충돌,교차로운행방법위반,건조,맑음,교차로 - 교차로안,화물,남,44세,상해없음,개인형이동수단(PM),남,43세,중상
2017121500100145,2017년 12월 15일 08시,금요일,부산광역시 금정구 금사동,중상사고,0,1,0,0,차대사람 - 횡단중,안전운전불이행,건조,맑음,기타 - 기타,승용,여,39세,상해없음,보행자,여,26세,중상
2017121500100177,2017년 12월 15일 09시,금요일,부산광역시 영도구 봉래동5가,중상사고,0,1,0,0,차대사람 - 기타,불법유턴,건조,맑음,단일로 - 기타,승용,남,74세,상해없음,보행자,여,76세,중상
2017121500100221,2017년 12월 15일 11시,금요일,부산광역시 영도구 동삼동,경상사고,0,0,1,0,차대차 - 측면충돌,안전운전불이행,건조,맑음,단일로 - 기타,화물,남,43세,상해없음,이륜,남,53세,경상
2017121500100222,2017년 12월 15일 11시,금요일,부산광역시 영도구 청학동,중상사고,0,1,0,0,차대사람 - 기타,안전운전불이행,건조,맑음,단일로 - 기타,화물,남,67세,상해없음,보행자,여,73세,중상
2017121500100223,2017년 12월 15일 11시,금요일,부산광역시 금정구 노포동,중상사고,0,1,1,0,차대차 - 추돌,안전운전불이행,건조,맑음,단일로 - 기타,승용,남,31세,상해없음,승용,여,61세,중상