사고번호,사고일시,요일,시군구,사고내용,사망자수,중상자수,경상자수,부상신고자수,사고유형,법규위반,노면상태,기상상태,도로형태,가해운전자 차종,가해운전자 성별,가해운전자 연령,가해운전자 상해정도,피해운전자 차종,피해운전자 성별,피해운전자 연령,피해운전자 상해정도
2017122200100396,2017년 12월 22일 15시,금요일,부산광역시 수영구 민락동,부상신고사고,0,0,0,1,차대차 - 기타,안전운전불이행,건조,맑음,단일로 - 기타,이륜,남,40세,부상신고,승용,여,40세,상해없음
2017122200100397,2017년 12월 22일 15시,금요일,부산광역시 금정구 금사동,부상신고사고,0,0,0,2,차대차 - 추돌,안전운전불이행,건조,맑음,단일로 - 기타,승용,남,41세,상해없음,승용,여,55세,부상신고
2017122200100398,2017년 12월 22일 15시,금요일,부산광역시 기장군 기장읍,경상사고,0,0,1,0,차대차 - 측면충돌,안전운전불이행,건조,맑음,교차로 - 교차로안,승용,여,58세,상해없음,승용,여,49세,경상
2017122200100431,2017년 12월 22일 16시,금요일,부산광역시 연제구 연산동,경상사고,0,0,1,0,차대차 - 추돌,안전거리미확보,건조,맑음,교차로 - 교차로부근,승용,여,47세,상해없음,화물,남,43세,경상
2017122200100464,2017년 12월 22일 17시,금요일,부산광역시 영도구 남항동1가,경상사고,0,0,1,0,차대사람 - 기타,안전운전불이행,건조,맑음,단일로 - 기타,화물,남,28세,상해없음,보행자,남,78세,경상
2017122200100521,2017년 12월 22일 18시,금요일,부산광역시 영도구 동삼동,중상사고,0,1,0,0,차대사람 - 횡단중,보행자보호의무위반,건조,맑음,미분류 - 미분류,승합,남,42세,상해없음,보행자,여,10세,중상
2017122200100596,2017년 12월 22일 19시,금요일,부산광역시 동구 수정동,경상사고,0,0,1,0,차대사람 - 기타,안전운전불이행,건조,맑음,교차로 - 교차로횡단보도내,승용,남,57세,상해없음,보행자,남,52세,경상
2017122200100597,2017년 12월 22일 19시,금요일,부산광역시 북구 화명동,경상사고,0,0,1,0,차대차 - 측면충돌,안전운전불이행,건조,맑음,단일로 - 기타,승용,남,37세,상해없음,이륜,남,17세,경상
2017122200100598,2017년 12월 22일 19시,금요일,부산광역시 동래구 온천동,중상사고,0,1,0,0,차대차 - 측면충돌,기타,건조,맑음,단일로 - 기타,승용,남,51세,상해없음,자전거,남,53세,중상
2017122200100599,2017년 12월 22일 19시,금요일,부산광역시 기장군 기장읍,중상사고,0,1,0,0,차대사람 - 기타,안전운전불이행,건조,맑음,단일로 - 기타,승용,남,21세,상해없음,보행자,여,53세,중상
2017122200100649,2017년 12월 22일 20시,금요일,부산광역시 사하구 장림동,중상사고,0,1,1,0,차대차 - 기타,교차로운행방법위반,건조,맑음,기타 - 기타,승용,남,61세,상해없음,원동기,남,63세,경상
2017122200100650,2017년 12월 22일 20시,금요일,부산광역시 사하구 다대동,경상사고,0,0,1,0,차대차 - 기타,교차로운행방법위반,건조,맑음,기타 - 기타,승용,남,44세,상해없음,원동기,남,38세,경상
2017122200100692,2017년 12월 22일 21시,금요일,부산광역시 동래구 안락동,경상사고,0,0,1,0,차대차 - 측면충돌,신호위반,건조,맑음,교차로 - 교차로안,이륜,남,38세,경상,승합,남,55세,상해없음
2017122300100039,2017년 12월 23일 00시,토요일,부산광역시 수영구 광안동,경상사고,0,0,3,0,차대차 - 기타,교차로운행방법위반,건조,맑음,교차로 - 교차로안,승용,여,50세,상해없음,승용,남,19세,경상
2017122300100082,2017년 12월 23일 01시,토요일,부산광역시 사상구 괘법동,중상사고,0,1,0,0,차대차 - 측면충돌,안전운전불이행,건조,맑음,단일로 - 기타,승용,남,62세,상해없음,원동기,남,23세,중상
2017122300100140,2017년 12월 23일 04시,토요일,부산광역시 남구 대연동,중상사고,0,1,0,0,차량단독 - 기타,안전운전불이행,건조,맑음,단일로 - 터널,이륜,남,22세,중상,,,,
2017122300100141,2017년 12월 23일 04시,토요일,부산광역시 강서구 명지동,중상사고,0,1,0,0,차량단독 - 공작물충돌,안전운전불이행,건조,맑음,단일로 - 기타,승용,여,26세,중상,,,,
2017122300100171,2017년 12월 23일 06시,토요일,부산광역시 동구 좌천동,중상사고,0,1,1,0,차대차 - 추돌,안전거리미확보,건조,맑음,단일로 - 기타,화물,남,45세,상해없음,승용,남,61세,상해없음
2017122300100182,2017년 12월 23일 07시,토요일,부산광역시 수영구 남천동,중상사고,0,1,0,0,차대차 - 측면충돌,안전운전불이행,건조,흐림,단일로 - 기타,승용,여,36세,상해없음,승용,남,35세,중상
2017122300100195,2017년 12월 23일 08시,토요일,부산광역시 사하구 장림동,경상사고,0,0,1,0,차대차 - 측면충돌,직진우회전진행방해,건조,맑음,교차로 - 교차로안,화물,남,48세,상해없음,승용,남,45세,경상
2017122300100217,2017년 12월 23일 09시,토요일,부산광역시 동래구 낙민동,중상사고,0,1,0,0,차대사람 - 차도통행중,신호위반,건조,맑음,단일로 - 기타,승용,여,34세,상해없음,보행자,여,21세,중상
2017122300100218,2017년 12월 23일 09시,토요일,부산광역시 강서구 명지동,경상사고,0,0,1,1,차대차 - 측면충돌,교차로운행방법위반,건조,맑음,교차로 - 교차로안,화물,여,59세,상해없음,승용,남,31세,부상신고
2017122300100275,2017년 12월 23일 11시,토요일,부산광역시 금정구 서동,부상신고사고,0,0,0,1,차대차 - 기타,안전운전불이행,건조,맑음,단일로 - 기타,원동기,남,69세,부상신고,승용,여,61세,상해없음
2017122300100276,2017년 12월 23일 11시,토요일,부산광역시 사하구 감천동,중상사고,0,1,1,0,차대차 - 추돌,안전거리미확보,건조,맑음,단일로 - 기타,승용,남,60세,상해없음,승용,남,38세,중상
2017122300100277,2017년 12월 23일 11시,토요일,부산광역시 강서구 대저1동,경상사고,0,0,1,0,차대차 - 기타,안전운전불이행,건조,맑음,교차로 - 교차로안,건설기계,남,53세,상해없음,자전거,여,74세,경상
2017122300100368,2017년 12월 23일 14시,토요일,부산광역시 중구 중앙동6가,중상사고,0,1,0,0,차대차 - 추돌,안전거리미확보,건조,맑음,단일로 - 기타,승용,남,60세,상해없음,이륜,남,76세,중상
2017122300100369,2017년 12월 23일 14시,토요일,부산광역시 부산진구 가야동,중상사고,0,1,0,0,차대사람 - 횡단중,보행자보호의무위반,건조,맑음,단일로 - 기타,화물,남,27세,상해없음,보행자,남,81세,중상
2017122300100370,2017년 12월 23일 14시,토요일,부산광역시 사상구 모라동,경상사고,0,0,1,0,차대차 - 기타,교차로운행방법위반,건조,맑음,교차로 - 교차로안,승용,남,77세,상해없음,승합,남,56세,상해없음
2017122300100401,2017년 12월 23일 15시,토요일,부산광역시 수영구 광안동,경상사고,0,0,2,0,차대차 - 기타,교차로운행방법위반,건조,맑음,교차로 - 교차로안,승용,남,25세,상해없음,승용,남,26세,경상
2017122300100402,2017년 12월 23일 15시,토요일,부산광역시 금정구 구서동,경상사고,0,0,1,0,차대차 - 기타,안전운전불이행,건조,맑음,단일로 - 기타,승용,남,60세,상해없음,이륜,남,47세,경상
2017122300100432,2017년 12월 23일 16시,토요일,부산광역시 북구 화명동,경상사고,0,0,1,0,차대사람 - 횡단중,신호위반,건조,맑음,교차로 - 교차로부근,승용,남,64세,상해없음,보행자,여,6세,경상
2017122300100433,2017년 12월 23일 16시,토요일,부산광역시 연제구 연산동,중상사고,0,1,0,0,차대차 - 측면충돌,안전운전불이행,건조,맑음,단일로 - 기타,승용,남,37세,상해없음,이륜,남,46세,중상
2017122300100469,2017년 12월 23일 17시,토요일,부산광역시 영도구 청학동,경상사고,0,0,1,0,차대차 - 기타,안전운전불이행,건조,맑음,교차로 - 교차로안,승용,남,38세,상해없음,승용,남,53세,경상
2017122300100470,2017년 12월 23일 17시,토요일,부산광역시 부산진구 당감동,중상사고,0,1,0,0,차대사람 - 횡단중,안전운전불이행,건조,맑음,단일로 - 기타,승용,남,31세,상해없음,보행자,남,70세,중상
2017122300100471,2017년 12월 23일 17시,토요일,부산광역시 사하구 하단동,중상사고,0,1,1,0,차대차 - 측면충돌,신호위반,건조,맑음,교차로 - 교차로부근,승용,남,60세,중상,이륜,남,18세,경상
2017122300100520,2017년 12월 23일 18시,토요일,부산광역시 서구 동대신동1가,중상사고,0,1,0,0,차대차 - 추돌,안전운전불이행,건조,맑음,단일로 - 기타,이륜,남,17세,상해없음,승용,남,26세,중상
2017122300100521,2017년 12월 23일 18시,토요일,부산광역시 서구 초장동,중상사고,0,1,0,0,차대차 - 측면충돌,신호위반,건조,맑음,단일로 - 기타,승용,남,57세,상해없음,이륜,여,54세,중상
2017122300100522,2017년 12월 23일 18시,토요일,부산광역시 남구 대연동,경상사고,0,0,1,3,차대차 - 기타,안전운전불이행,건조,맑음,단일로 - 기타,승용,남,61세,상해없음,승합,남,47세,경상
2017122300100523,2017년 12월 23일 18시,토요일,부산광역시 부산진구 개금동,경상사고,0,0,3,0,차대차 - 추돌,안전거리미확보,건조,맑음,단일로 - 기타,화물,남,33세,경상,승용,남,36세,경상
2017122300100524,2017년 12월 23일 18시,토요일,부산광역시 부산진구 부전동,경상사고,0,0,1,0,차대차 - 측면충돌,안전운전불이행,건조,맑음,교차로 - 교차로안,원동기,남,51세,경상,승용,남,55세,상해없음
2017122300100579,2017년 12월 23일 19시,토요일,부산광역시 남구 대연동,중상사고,0,1,0,0,차대차 - 기타,기타,건조,기타,기타 - 기타,승용,여,34세,상해없음,승용,여,39세,중상
2017122300100651,2017년 12월 23일 21시,토요일,부산광역시 동구 수정동,중상사고,0,1,0,0,차대사람 - 기타,안전운전불이행,건조,맑음,교차로 - 교차로부근,승용,남,55세,상해없음,보행자,남,56세,중상
2017122300100652,2017년 12월 23일 21시,토요일,부산광역시 북구 구포동,경상사고,0,0,1,0,차대차 - 기타,안전거리미확보,건조,맑음,교차로 - 교차로안,승용,남,33세,상해없음,승용,남,30세,경상
2017122300100702,2017년 12월 23일 23시,토요일,부산광역시 해운대구 재송동,경상사고,0,0,1,0,차대차 - 측면충돌,차로위반,건조,맑음,단일로 - 기타,승용,남,24세,상해없음,이륜,남,18세,경상
2017122400100033,2017년 12월 24일 00시,일요일,부산광역시 중구 부평동2가,중상사고,0,1,0,0,차대사람 - 기타,안전운전불이행,건조,맑음,단일로 - 기타,승용,남,33세,상해없음,보행자,남,55세,중상
2017122400100034,2017년 12월 24일 00시,일요일,부산광역시 해운대구 반송동,경상사고,0,0,2,0,차대차 - 추돌,안전운전불이행,건조,맑음,단일로 - 기타,기타불명,기타불명,미분류,기타불명,승용,여,56세,경상
2017122400100068,2017년 12월 24일 02시,일요일,부산광역시 남구 대연동,부상신고사고,0,0,0,1,차량단독 - 기타,안전운전불이행,건조,맑음,단일로 - 기타,이륜,남,24세,부상신고,,,,
2017122400100069,2017년 12월 24일 02시,일요일,부산광역시 수영구 남천동,중상사고,0,1,4,0,차대차 - 추돌,안전운전불이행,건조,맑음,교차로 - 교차로안,승용,남,57세,상해없음,승용,남,62세,중상
2017122400100136,2017년 12월 24일 07시,일요일,부산광역시 사하구 다대동,경상사고,0,0,1,0,차대차 - 기타,안전운전불이행,건조,맑음,단일로 - 기타,승용,남,65세,상해없음,원동기,남,46세,경상
2017122400100150,2017년 12월 24일 09시,일요일,부산광역시 남구 용호동,경상사고,0,0,1,0,차대차 - 측면충돌,중앙선침범,젖음/습기,비,단일로 - 기타,승용,여,43세,상해없음,화물,남,57세,경상
2017122400100151,2017년 12월 24일 09시,일요일,부산광역시 동래구 명륜동,부상신고사고,0,0,0,1,차대차 - 측면충돌,신호위반,건조,맑음,교차로 - 교차로안,자전거,남,82세,부상신고,승용,남,46세,상해없음
2017122400100205,2017년 12월 24일 12시,일요일,부산광역시 수영구 광안동,경상사고,0,0,1,0,차대차 - 측면충돌,안전운전불이행,건조,맑음,단일로 - 기타,이륜,남,18세,경상,승용,남,26세,상해없음
2017122400100206,2017년 12월 24일 12시,일요일,부산광역시 기장군 기장읍,경상사고,0,0,5,0,차대차 - 추돌,안전운전불이행,건조,맑음,단일로 - 기타,화물,남,61세,상해없음,승용,남,62세,상해없음
2017122400100228,2017년 12월 24일 13시,일요일,부산광역시 사하구 하단동,중상사고,0,1,1,0,차대차 - 기타,신호위반,건조,맑음,단일로 - 기타,원동기,남,22세,경상,원동기,남,43세,중상
2017122400100270,2017년 12월 24일 15시,일요일,부산광역시 북구 금곡동,경상사고,0,0,1,0,차대차 - 기타,안전운전불이행,건조,맑음,교차로 - 교차로부근,승용,남,67세,상해없음,승용,남,47세,경상
2017122400100271,2017년 12월 24일 15시,일요일,부산광역시 해운대구 재송동,경상사고,0,0,2,0,차대차 - 측면충돌,직진우회전진행방해,건조,맑음,교차로 - 교차로안,승용,남,60세,상해없음,승용,여,57세,경상
2017122400100272,2017년 12월 24일 15시,일요일,부산광역시 기장군 기장읍,경상사고,0,0,2,0,차대차 - 측면충돌,안전운전불이행,젖음/습기,흐림,교차로 - 교차로부근,승용,남,74세,기타불명,승용,남,60세,경상
2017122400100306,2017년 12월 24일 17시,일요일,부산광역시 사상구 감전동,경상사고,0,0,1,0,차대차 - 추돌,안전거리미확보,건조,맑음,단일로 - 기타,승용,여,47세,상해없음,화물,남,39세,경상
2017122400100341,2017년 12월 24일 18시,일요일,부산광역시 사상구 모라동,중상사고,0,1,0,0,차대사람 - 횡단중,보행자보호의무위반,건조,맑음,단일로 - 기타,승합,남,63세,상해없음,보행자,남,59세,중상
2017122400100383,2017년 12월 24일 19시,일요일,부산광역시 수영구 민락동,중상사고,0,1,0,0,차대사람 - 기타,교차로운행방법위반,건조,맑음,교차로 - 교차로안,승용,여,49세,상해없음,보행자,여,67세,중상
2017122400100384,2017년 12월 24일 19시,일요일,부산광역시 북구 덕천동,중상사고,0,1,0,0,차대사람 - 횡단중,신호위반,건조,맑음,단일로 - 기타,승용,여,48세,상해없음,보행자,남,48세,중상
2017122400100439,2017년 12월 24일 21시,일요일,부산광역시 서구 암남동,경상사고,0,0,1,0,차대차 - 기타,안전거리미확보,건조,맑음,단일로 - 기타,승용,남,24세,상해없음,승합,남,49세,상해없음
2017122400100440,2017년 12월 24일 21시,일요일,부산광역시 해운대구 좌동,경상사고,0,0,5,0,차대차 - 기타,중앙선침범,건조,맑음,단일로 - 기타,승용,남,33세,상해없음,승용,남,39세,경상
2017122400100456,2017년 12월 24일 22시,일요일,부산광역시 동래구 안락동,경상사고,0,0,1,0,차대차 - 측면충돌,안전운전불이행,건조,맑음,교차로 - 교차로안,승용,여,50세,상해없음,승용,남,72세,경상
2017122500100040,2017년 12월 25일 01시,월요일,부산광역시 강서구 성북동,경상사고,0,0,1,0,차대차 - 측면충돌,안전운전불이행,건조,맑음,단일로 - 기타,승용,남,53세,상해없음,승용,여,36세,경상
2017122500100065,2017년 12월 25일 04시,월요일,부산광역시 수영구 민락동,경상사고,0,0,3,0,차대차 - 추돌,안전운전불이행,건조,맑음,교차로 - 교차로부근,승용,남,61세,상해없음,승용,남,55세,경상
2017122500100066,2017년 12월 25일 04시,월요일,부산광역시 부산진구 개금동,중상사고,0,1,1,0,차대차 - 기타,신호위반,건조,맑음,교차로 - 교차로안,이륜,남,21세,중상,승용,여,40세,경상
2017122500100088,2017년 12월 25일 08시,월요일,부산광역시 중구 부평동4가,경상사고,0,0,1,0,차대차 - 기타,교차로운행방법위반,건조,맑음,교차로 - 교차로안,화물,남,44세,상해없음,승용,여,63세,경상
2017122500100100,2017년 12월 25일 09시,월요일,부산광역시 동구 초량동,중상사고,0,1,0,0,차대차 - 측면충돌,안전거리미확보,건조,기타,단일로 - 기타,승용,남,68세,상해없음,승용,남,64세,중상
2017122500100108,2017년 12월 25일 10시,월요일,부산광역시 부산진구 부전동,중상사고,0,1,0,0,차대사람 - 횡단중,안전운전불이행,건조,맑음,단일로 - 기타,화물,남,68세,상해없음,보행자,여,21세,중상
2017122500100160,2017년 12월 25일 13시,월요일,부산광역시 동래구 안락동,경상사고,0,0,1,0,차대차 - 추돌,안전운전불이행,건조,맑음,단일로 - 기타,화물,남,55세,상해없음,자전거,남,34세,경상
2017122500100161,2017년 12월 25일 13시,월요일,부산광역시 해운대구 좌동,중상사고,0,1,0,0,차대사람 - 횡단중,안전운전불이행,건조,맑음,교차로 - 교차로안,승용,여,43세,상해없음,보행자,여,90세 이상,중상
2017122500100180,2017년 12월 25일 14시,월요일,부산광역시 중구 중앙동6가,경상사고,0,0,1,0,차대차 - 측면충돌,안전운전불이행,건조,맑음,단일로 - 기타,승용,여,37세,상해없음,승용,남,32세,경상
2017122500100181,2017년 12월 25일 14시,월요일,부산광역시 영도구 동삼동,중상사고,0,1,0,0,차대차 - 측면충돌,안전운전불이행,건조,맑음,단일로 - 기타,화물,남,47세,상해없음,이륜,남,45세,중상
2017122500100215,2017년 12월 25일 15시,월요일,부산광역시 중구 부평동4가,중상사고,0,1,0,0,차대차 - 측면충돌,안전운전불이행,건조,맑음,교차로 - 교차로안,승용,여,55세,상해없음,이륜,남,34세,중상
2017122500100232,2017년 12월 25일 16시,월요일,부산광역시 수영구 광안동,중상사고,0,1,0,0,차대사람 - 길가장자리구역통행중,안전운전불이행,건조,맑음,교차로 - 교차로안,승용,여,33세,상해없음,보행자,여,64세,중상
2017122500100233,2017년 12월 25일 16시,월요일,부산광역시 북구 구포동,중상사고,0,1,0,0,차대차 - 추돌,안전거리미확보,건조,맑음,단일로 - 기타,승용,남,64세,상해없음,이륜,남,63세,중상
2017122500100259,2017년 12월 25일 17시,월요일,부산광역시 남구 문현동,부상신고사고,0,0,0,1,차대사람 - 기타,안전운전불이행,건조,맑음,단일로 - 기타,승용,여,50세,상해없음,보행자,남,54세,부상신고
2017122500100290,2017년 12월 25일 18시,월요일,부산광역시 사하구 하단동,중상사고,0,1,0,0,차대차 - 기타,안전운전불이행,건조,맑음,단일로 - 기타,승용,남,62세,상해없음,기타불명,여,71세,중상
2017122500100291,2017년 12월 25일 18시,월요일,부산광역시 사하구 신평동,경상사고,0,0,2,0,차대차 - 측면충돌,신호위반,건조,맑음,교차로 - 교차로안,승용,여,23세,상해없음,승용,여,68세,경상
2017122500100313,2017년 12월 25일 19시,월요일,부산광역시 동구 초량동,중상사고,0,1,0,0,차대사람 - 기타,안전운전불이행,건조,맑음,기타 - 기타,승합,남,40세,상해없음,보행자,남,49세,중상
2017122500100314,2017년 12월 25일 19시,월요일,부산광역시 동래구 온천동,중상사고,0,1,0,0,차대사람 - 횡단중,보행자보호의무위반,건조,맑음,단일로 - 기타,화물,남,53세,상해없음,보행자,여,23세,중상
2017122500100359,2017년 12월 25일 21시,월요일,부산광역시 서구 암남동,경상사고,0,0,2,0,차대차 - 후진중충돌,안전운전불이행,건조,맑음,교차로 - 교차로부근,승용,남,56세,상해없음,승용,남,28세,경상
2017122500100360,2017년 12월 25일 21시,월요일,부산광역시 남구 용호동,경상사고,0,0,1,0,차대차 - 기타,안전운전불이행,건조,맑음,단일로 - 기타,승용,남,58세,상해없음,이륜,남,25세,경상
2017122500100397,2017년 12월 25일 23시,월요일,부산광역시 수영구 망미동,중상사고,0,1,0,0,차대사람 - 길가장자리구역통행중,안전운전불이행,건조,맑음,단일로 - 기타,승용,여,46세,상해없음,보행자,여,64세,중상
2017122600100041,2017년 12월 26일 01시,화요일,부산광역시 남구 대연동,중상사고,0,1,1,0,차대차 - 추돌,안전운전불이행,건조,맑음,교차로 - 교차로안,화물,남,58세,상해없음,승용,남,62세,경상
2017122600100068,2017년 12월 26일 05시,화요일,부산광역시 동래구 안락동,부상신고사고,0,0,0,1,차대차 - 기타,교차로운행방법위반,건조,맑음,교차로 - 교차로안,원동기,남,21세,부상신고,화물,남,56세,상해없음
2017122600100079,2017년 12월 26일 06시,화요일,부산광역시 강서구 대저1동,사망사고,1,0,0,0,차대차 - 기타,안전운전불이행,건조,맑음,단일로 - 기타,화물,남,52세,상해없음,자전거,여,74세,사망
2017122600100132,2017년 12월 26일 08시,화요일,부산광역시 부산진구 전포동,중상사고,0,1,0,0,차대차 - 기타,안전운전불이행,건조,맑음,단일로 - 기타,승용,남,41세,상해없음,이륜,남,66세,중상
2017122600100164,2017년 12월 26일 09시,화요일,부산광역시 동래구 명륜동,경상사고,0,0,2,0,차대차 - 기타,안전운전불이행,건조,맑음,단일로 - 교량,승용,남,65세,상해없음,승용,남,61세,경상
2017122600100191,2017년 12월 26일 10시,화요일,부산광역시 수영구 민락동,경상사고,0,0,1,0,차대차 - 기타,안전운전불이행,건조,맑음,기타 - 기타,승용,남,58세,상해없음,승용,남,57세,경상
2017122600100222,2017년 12월 26일 11시,화요일,부산광역시 사하구 괴정동,경상사고,0,0,1,0,차대차 - 기타,안전거리미확보,건조,맑음,단일로 - 기타,승용,여,52세,상해없음,화물,남,58세,경상
2017122600100251,2017년 12월 26일 12시,화요일,부산광역시 금정구 부곡동,경상사고,0,0,1,0,차대사람 - 보도통행중,보행자보호의무위반,건조,맑음,교차로 - 교차로안,승용,남,56세,상해없음,보행자,여,30세,경상
2017122600100278,2017년 12월 26일 13시,화요일,부산광역시 해운대구 반여동,중상사고,0,1,0,0,차대사람 - 기타,안전운전불이행,기타,기타,기타 - 기타,화물,남,66세,상해없음,보행자,여,88세,중상
2017122600100308,2017년 12월 26일 14시,화요일,부산광역시 동구 좌천동,경상사고,0,0,1,0,차대차 - 기타,안전운전불이행,건조,맑음,주차장 - 주차장,승용,남,65세,상해없음,승용,여,27세,경상
2017122600100309,2017년 12월 26일 14시,화요일,부산광역시 남구 대연동,경상사고,0,0,1,0,차대차 - 기타,차로위반,건조,맑음,기타 - 기타,화물,남,49세,상해없음,승용,여,61세,경상
2017122600100339,2017년 12월 26일 15시,화요일,부산광역시 해운대구 반여동,중상사고,0,1,0,0,차대사람 - 기타,교차로운행방법위반,기타,맑음,교차로 - 교차로부근,화물,남,54세,상해없음,보행자,여,69세,중상
2017122600100368,2017년 12월 26일 16시,화요일,부산광역시 해운대구 중동,경상사고,0,0,1,0,차량단독 - 기타,안전운전불이행,건조,맑음,교차로 - 교차로안,승합,남,43세,상해없음,,,,
2017122600100407,2017년 12월 26일 17시,화요일,부산광역시 부산진구 양정동,부상신고사고,0,0,0,1,차량단독 - 기타,안전운전불이행,건조,맑음,단일로 - 기타,승합,남,50세,상해없음,,,,
2017122600100449,2017년 12월 26일 18시,화요일,부산광역시 북구 화명동,경상사고,0,0,1,0,차대차 - 측면충돌,안전운전불이행,건조,맑음,단일로 - 기타,화물,남,42세,상해없음,승용,남,25세,경상
2017122600100450,2017년 12월 26일 18시,화요일,부산광역시 사하구 신평동,부상신고사고,0,0,0,1,차대차 - 측면충돌,교차로운행방법위반,건조,기타,교차로 - 교차로안,이륜,남,28세,부상신고,승용,남,56세,상해없음
2017122600100479,2017년 12월 26일 19시,화요일,부산광역시 해운대구 우동,경상사고,0,0,1,1,차대차 - 측면충돌,안전운전불이행,건조,맑음,기타 - 기타,승용,여,36세,부상신고,승용,남,54세,경상
2017122600100541,2017년 12월 26일 21시,화요일,부산광역시 동래구 복천동,중상사고,0,1,0,0,차대사람 - 횡단중,안전운전불이행,건조,맑음,단일로 - 기타,이륜,남,45세,상해없음,보행자,남,46세,중상
2017122600100542,2017년 12월 26일 21시,화요일,부산광역시 사상구 모라동,중상사고,0,1,0,0,차대사람 - 기타,보행자보호의무위반,건조,맑음,교차로 - 교차로안,승용,남,34세,상해없음,보행자,남,47세,중상
2017122600100543,2017년 12월 26일 21시,화요일,부산광역시 기장군 정관읍,경상사고,0,0,1,0,차대차 - 기타,안전운전불이행,건조,맑음,단일로 - 기타,승용,남,60세,상해없음,승용,여,41세,경상
2017122600100572,2017년 12월 26일 22시,화요일,부산광역시 수영구 광안동,경상사고,0,0,1,0,차대차 - 기타,안전거리미확보,건조,맑음,단일로 - 기타,승용,남,77세,상해없음,승용,남,53세,상해없음
2017122700100032,2017년 12월 27일 00시,수요일,부산광역시 해운대구 좌동,경상사고,0,0,1,0,차대사람 - 기타,안전운전불이행,건조,맑음,단일로 - 기타,승용,여,50세,상해없음,보행자,남,50세,경상
2017122700100042,2017년 12월 27일 01시,수요일,부산광역시 금정구 남산동,경상사고,0,0,1,0,차량단독 - 전도전복,안전운전불이행,건조,맑음,단일로 - 기타,원동기,남,22세,경상,미분류,미분류,미분류,미분류
2017122700100112,2017년 12월 27일 08시,수요일,부산광역시 동구 초량동,경상사고,0,0,1,0,차대차 - 측면충돌,교차로운행방법위반,건조,맑음,교차로 - 교차로안,승용,남,64세,상해없음,화물,남,27세,경상
2017122700100140,2017년 12월 27일 09시,수요일,부산광역시 북구 만덕동,중상사고,0,1,1,0,차대차 - 기타,안전운전불이행,건조,맑음,교차로 - 교차로안,승용,여,54세,상해없음,이륜,남,16세,중상
2017122700100141,2017년 12월 27일 09시,수요일,부산광역시 해운대구 우동,중상사고,0,1,0,0,차대차 - 측면충돌,신호위반,건조,맑음,교차로 - 교차로안,승용,남,36세,상해없음,원동기,남,26세,중상
2017122700100160,2017년 12월 27일 10시,수요일,부산광역시 동래구 명륜동,중상사고,0,1,0,0,차대사람 - 횡단중,보행자보호의무위반,건조,맑음,단일로 - 기타,승용,남,68세,상해없음,보행자,남,65세,중상
2017122700100190,2017년 12월 27일 11시,수요일,부산광역시 북구 덕천동,경상사고,0,0,1,0,차대차 - 기타,안전운전불이행,건조,맑음,단일로 - 기타,이륜,남,17세,상해없음,이륜,남,51세,경상
2017122700100191,2017년 12월 27일 11시,수요일,부산광역시 금정구 장전동,중상사고,0,1,0,0,차대차 - 기타,안전운전불이행,건조,맑음,교차로 - 교차로안,이륜,남,16세,상해없음,화물,남,59세,상해없음
2017122700100242,2017년 12월 27일 13시,수요일,부산광역시 금정구 금사동,경상사고,0,0,1,0,차대차 - 측면충돌,직진우회전진행방해,건조,맑음,교차로 - 교차로안,이륜,남,90세 이상,경상,승용,남,45세,상해없음
2017122700100243,2017년 12월 27일 13시,수요일,부산광역시 연제구 연산동,중상사고,0,1,0,0,차대차 - 측면충돌,중앙선침범,건조,맑음,단일로 - 기타,승용,남,47세,상해없음,이륜,남,49세,중상
2017122700100268,2017년 12월 27일 14시,수요일,부산광역시 영도구 봉래동2가,중상사고,0,1,0,0,차대차 - 기타,직진우회전진행방해,건조,맑음,교차로 - 교차로안,승용,여,45세,상해없음,승합,남,59세,상해없음
2017122700100291,2017년 12월 27일 15시,수요일,부산광역시 해운대구 우동,경상사고,0,0,1,0,차대사람 - 횡단중,안전운전불이행,건조,맑음,단일로 - 기타,기타불명,기타불명,미분류,기타불명,보행자,여,49세,경상
2017122700100321,2017년 12월 27일 16시,수요일,부산광역시 금정구 회동동,경상사고,0,0,1,0,차대사람 - 기타,안전운전불이행,건조,맑음,단일로 - 기타,화물,남,64세,상해없음,보행자,여,78세,경상
2017122700100350,2017년 12월 27일 17시,수요일,부산광역시 남구 문현동,중상사고,0,1,0,0,차대사람 - 기타,신호위반,건조,맑음,단일로 - 기타,승용,남,75세,상해없음,보행자,남,51세,중상
2017122700100351,2017년 12월 27일 17시,수요일,부산광역시 수영구 남천동,중상사고,0,1,0,0,차대사람 - 기타,안전운전불이행,건조,맑음,단일로 - 기타,승용,남,46세,상해없음,보행자,여,78세,중상