사고번호,사고일시,요일,시군구,사고내용,사망자수,중상자수,경상자수,부상신고자수,사고유형,법규위반,노면상태,기상상태,도로형태,가해운전자 차종,가해운전자 성별,가해운전자 연령,가해운전자 상해정도,피해운전자 차종,피해운전자 성별,피해운전자 연령,피해운전자 상해정도
2017122700100352,2017년 12월 27일 17시,수요일,부산광역시 금정구 장전동,부상신고사고,0,0,0,2,차대차 - 추돌,안전운전불이행,건조,맑음,단일로 - 기타,승용,남,42세,상해없음,승용,남,50세,부상신고
2017122700100353,2017년 12월 27일 17시,수요일,부산광역시 사하구 다대동,중상사고,0,1,0,0,차대사람 - 기타,안전운전불이행,건조,맑음,단일로 - 기타,승합,남,27세,상해없음,보행자,남,49세,중상
2017122700100354,2017년 12월 27일 17시,수요일,부산광역시 사하구 신평동,부상신고사고,0,0,0,1,차대사람 - 기타,안전운전불이행,건조,맑음,단일로 - 기타,승용,남,62세,상해없음,보행자,남,22세,부상신고
2017122700100388,2017년 12월 27일 18시,수요일,부산광역시 동래구 명장동,중상사고,0,1,0,0,차대사람 - 길가장자리구역통행중,안전운전불이행,건조,맑음,단일로 - 기타,승합,여,54세,상해없음,보행자,여,68세,중상
2017122700100389,2017년 12월 27일 18시,수요일,부산광역시 동래구 온천동,경상사고,0,0,4,0,차대차 - 측면충돌,신호위반,건조,맑음,교차로 - 교차로안,승합,남,37세,상해없음,특수,남,24세,경상
2017122700100390,2017년 12월 27일 18시,수요일,부산광역시 부산진구 당감동,중상사고,0,1,0,0,차대사람 - 기타,안전운전불이행,건조,맑음,교차로 - 교차로부근,화물,남,58세,상해없음,보행자,남,54세,중상
2017122700100391,2017년 12월 27일 18시,수요일,부산광역시 사상구 덕포동,경상사고,0,0,1,1,차대사람 - 횡단중,보행자보호의무위반,건조,맑음,교차로 - 교차로안,승용,남,41세,상해없음,보행자,여,11세,경상
2017122700100392,2017년 12월 27일 18시,수요일,부산광역시 기장군 기장읍,경상사고,0,0,6,0,차대차 - 기타,안전운전불이행,건조,맑음,단일로 - 기타,승용,남,72세,경상,화물,남,37세,경상
2017122700100436,2017년 12월 27일 19시,수요일,부산광역시 북구 금곡동,경상사고,0,0,2,1,차대차 - 추돌,안전운전불이행,건조,맑음,단일로 - 교량,승용,남,53세,상해없음,승용,남,69세,경상
2017122700100466,2017년 12월 27일 20시,수요일,부산광역시 부산진구 당감동,중상사고,0,1,0,0,차대사람 - 기타,안전운전불이행,건조,맑음,기타 - 기타,이륜,남,25세,상해없음,보행자,남,57세,중상
2017122700100496,2017년 12월 27일 21시,수요일,부산광역시 해운대구 우동,경상사고,0,0,1,0,차대차 - 추돌,안전거리미확보,건조,맑음,교차로 - 교차로부근,승용,남,35세,상해없음,승용,여,42세,경상
2017122700100497,2017년 12월 27일 21시,수요일,부산광역시 수영구 망미동,경상사고,0,0,1,0,차대차 - 측면충돌,안전거리미확보,건조,맑음,단일로 - 기타,승용,여,21세,상해없음,승용,남,61세,상해없음
2017122700100555,2017년 12월 27일 23시,수요일,부산광역시 동래구 안락동,부상신고사고,0,0,0,1,차대사람 - 길가장자리구역통행중,안전운전불이행,건조,맑음,단일로 - 기타,승용,남,38세,상해없음,보행자,남,47세,부상신고
2017122700100556,2017년 12월 27일 23시,수요일,부산광역시 동래구 명장동,경상사고,0,0,4,0,차대차 - 정면충돌,중앙선침범,건조,맑음,단일로 - 기타,승합,남,38세,상해없음,승용,남,49세,상해없음
2017122800100033,2017년 12월 28일 00시,목요일,부산광역시 부산진구 가야동,중상사고,0,1,0,0,차대사람 - 횡단중,안전운전불이행,건조,맑음,교차로 - 교차로부근,승용,남,61세,상해없음,보행자,남,36세,중상
2017122800100090,2017년 12월 28일 06시,목요일,부산광역시 해운대구 우동,경상사고,0,0,1,0,차대사람 - 기타,안전운전불이행,건조,맑음,교차로 - 교차로안,승용,여,32세,상해없음,보행자,여,63세,경상
2017122800100091,2017년 12월 28일 06시,목요일,부산광역시 사상구 학장동,부상신고사고,0,0,0,1,차대차 - 추돌,안전운전불이행,건조,맑음,단일로 - 기타,이륜,남,26세,부상신고,승용,남,58세,상해없음
2017122800100119,2017년 12월 28일 08시,목요일,부산광역시 사하구 신평동,경상사고,0,0,1,0,차량단독 - 전도전복,안전운전불이행,건조,맑음,교차로 - 교차로안,원동기,남,38세,경상,미분류,미분류,미분류,미분류
2017122800100152,2017년 12월 28일 10시,목요일,부산광역시 남구 용호동,경상사고,0,0,1,0,차대차 - 추돌,안전운전불이행,건조,맑음,교차로 - 교차로부근,화물,남,58세,상해없음,승용,남,64세,경상
2017122800100153,2017년 12월 28일 10시,목요일,부산광역시 수영구 광안동,중상사고,0,1,0,0,차대사람 - 차도통행중,교차로운행방법위반,건조,맑음,단일로 - 기타,승용,남,74세,상해없음,보행자,남,73세,중상
2017122800100154,2017년 12월 28일 10시,목요일,부산광역시 수영구 광안동,경상사고,0,0,1,0,차대차 - 측면충돌,안전운전불이행,건조,맑음,교차로 - 교차로부근,이륜,남,69세,상해없음,승용,여,36세,경상
2017122800100155,2017년 12월 28일 10시,목요일,부산광역시 강서구 녹산동,중상사고,0,2,1,0,차대차 - 추돌,안전운전불이행,건조,맑음,단일로 - 기타,승용,남,57세,상해없음,승용,남,36세,중상
2017122800100156,2017년 12월 28일 10시,목요일,부산광역시 기장군 정관읍,경상사고,0,0,1,0,차대차 - 측면충돌,안전운전불이행,건조,맑음,교차로 - 교차로횡단보도내,이륜,남,83세,경상,승용,여,45세,상해없음
2017122800100179,2017년 12월 28일 11시,목요일,부산광역시 강서구 죽동동,경상사고,0,0,1,0,차대차 - 측면충돌,안전운전불이행,건조,맑음,단일로 - 기타,특수,남,58세,상해없음,화물,남,62세,경상
2017122800100203,2017년 12월 28일 12시,목요일,부산광역시 부산진구 부전동,경상사고,0,0,1,0,차대차 - 후진중충돌,안전운전불이행,건조,맑음,교차로 - 교차로부근,승용,여,54세,상해없음,승용,남,53세,경상
2017122800100204,2017년 12월 28일 12시,목요일,부산광역시 부산진구 부전동,부상신고사고,0,0,0,1,차대사람 - 기타,안전운전불이행,건조,맑음,단일로 - 기타,승용,남,23세,상해없음,보행자,남,65세,부상신고
2017122800100252,2017년 12월 28일 14시,목요일,부산광역시 동구 초량동,중상사고,0,1,2,0,차대차 - 추돌,교차로운행방법위반,건조,맑음,교차로 - 교차로안,승용,남,62세,중상,승용,남,36세,경상
2017122800100253,2017년 12월 28일 14시,목요일,부산광역시 영도구 봉래동3가,중상사고,0,1,0,0,차대사람 - 차도통행중,안전운전불이행,건조,맑음,단일로 - 기타,승용,여,51세,상해없음,보행자,여,64세,중상
2017122800100271,2017년 12월 28일 15시,목요일,부산광역시 해운대구 반송동,경상사고,0,0,1,0,차대사람 - 횡단중,신호위반,건조,맑음,단일로 - 기타,자전거,남,58세,상해없음,보행자,여,14세,경상
2017122800100293,2017년 12월 28일 16시,목요일,부산광역시 서구 서대신동3가,부상신고사고,0,0,0,1,차대차 - 측면충돌,안전거리미확보,건조,맑음,단일로 - 기타,이륜,남,17세,부상신고,화물,남,44세,상해없음
2017122800100294,2017년 12월 28일 16시,목요일,부산광역시 북구 덕천동,경상사고,0,0,1,1,차대차 - 기타,안전운전불이행,건조,맑음,단일로 - 기타,승용,여,59세,부상신고,화물,남,31세,경상
2017122800100295,2017년 12월 28일 16시,목요일,부산광역시 사상구 주례동,중상사고,0,1,0,1,차대차 - 추돌,안전운전불이행,건조,맑음,단일로 - 기타,승용,남,28세,중상,승용,남,24세,부상신고
2017122800100328,2017년 12월 28일 17시,목요일,부산광역시 동래구 온천동,경상사고,0,0,1,0,차대차 - 추돌,안전운전불이행,건조,맑음,단일로 - 기타,화물,남,62세,상해없음,이륜,남,27세,경상
2017122800100329,2017년 12월 28일 17시,목요일,부산광역시 동래구 온천동,경상사고,0,0,1,0,차대차 - 측면충돌,교차로운행방법위반,건조,맑음,교차로 - 교차로안,승용,남,43세,상해없음,승용,남,57세,경상
2017122800100364,2017년 12월 28일 18시,목요일,부산광역시 북구 구포동,경상사고,0,0,1,0,차대차 - 측면충돌,차로위반,건조,맑음,단일로 - 기타,승용,남,67세,상해없음,승용,여,53세,경상
2017122800100414,2017년 12월 28일 19시,목요일,부산광역시 영도구 청학동,경상사고,0,0,3,0,차대차 - 측면충돌,과속,건조,맑음,교차로 - 교차로안,승용,남,45세,경상,승용,남,50세,경상
2017122800100415,2017년 12월 28일 19시,목요일,부산광역시 강서구 신호동,경상사고,0,0,1,0,차대차 - 측면충돌,안전거리미확보,건조,맑음,교차로 - 교차로부근,승용,여,41세,상해없음,이륜,남,32세,경상
2017122800100416,2017년 12월 28일 19시,목요일,부산광역시 사상구 삼락동,부상신고사고,0,0,0,5,차대차 - 기타,안전거리미확보,건조,맑음,교차로 - 교차로부근,승용,남,34세,상해없음,화물,남,48세,부상신고
2017122800100443,2017년 12월 28일 20시,목요일,부산광역시 금정구 구서동,경상사고,0,0,1,0,차대차 - 기타,안전운전불이행,건조,맑음,교차로 - 교차로부근,이륜,남,16세,경상,승용,남,67세,상해없음
2017122800100444,2017년 12월 28일 20시,목요일,부산광역시 사하구 신평동,경상사고,0,0,4,0,차대차 - 추돌,안전운전불이행,건조,맑음,단일로 - 기타,승용,여,55세,경상,승용,남,45세,경상
2017122800100456,2017년 12월 28일 21시,목요일,부산광역시 동구 좌천동,경상사고,0,0,1,0,차대차 - 측면충돌,신호위반,건조,맑음,교차로 - 교차로부근,원동기,남,62세,상해없음,승용,남,68세,경상
2017122800100457,2017년 12월 28일 21시,목요일,부산광역시 수영구 남천동,중상사고,0,4,0,0,차대차 - 기타,과속,건조,맑음,단일로 - 기타,승용,남,42세,상해없음,승용,남,56세,중상
2017122800100458,2017년 12월 28일 21시,목요일,부산광역시 사상구 덕포동,중상사고,0,1,0,0,차대차 - 측면충돌,차로위반,건조,맑음,단일로 - 지하차도(도로)내,화물,남,59세,상해없음,이륜,남,48세,중상
2017122800100492,2017년 12월 28일 22시,목요일,부산광역시 남구 대연동,중상사고,0,2,0,0,차대차 - 측면충돌,안전운전불이행,건조,맑음,교차로 - 교차로안,승용,남,24세,상해없음,이륜,남,29세,중상
2017122800100493,2017년 12월 28일 22시,목요일,부산광역시 동래구 온천동,사망사고,1,2,0,0,차대사람 - 횡단중,보행자보호의무위반,건조,맑음,교차로 - 교차로횡단보도내,승용,남,47세,상해없음,보행자,남,61세,사망
2017122800100522,2017년 12월 28일 23시,목요일,부산광역시 남구 용호동,경상사고,0,0,3,0,차대차 - 측면충돌,안전운전불이행,건조,맑음,교차로 - 교차로안,승용,남,48세,상해없음,승용,남,60세,경상
2017122800100523,2017년 12월 28일 23시,목요일,부산광역시 사하구 장림동,중상사고,0,1,0,0,차대차 - 측면충돌,안전운전불이행,건조,맑음,교차로 - 교차로안,화물,남,59세,상해없음,이륜,남,15세,중상
2017122900100032,2017년 12월 29일 00시,금요일,부산광역시 중구 부평동1가,경상사고,0,0,1,0,차대사람 - 기타,안전운전불이행,건조,맑음,단일로 - 기타,승용,남,43세,상해없음,보행자,남,41세,경상
2017122900100073,2017년 12월 29일 02시,금요일,부산광역시 강서구 대저1동,경상사고,0,0,1,0,차량단독 - 기타,차로위반,건조,맑음,단일로 - 기타,승용,남,68세,상해없음,,,,
2017122900100085,2017년 12월 29일 03시,금요일,부산광역시 부산진구 양정동,경상사고,0,0,1,0,차대차 - 기타,중앙선침범,건조,맑음,교차로 - 교차로부근,승용,남,35세,상해없음,승용,남,61세,경상
2017122900100151,2017년 12월 29일 08시,금요일,부산광역시 해운대구 우동,경상사고,0,0,1,0,차대차 - 측면충돌,교차로운행방법위반,건조,맑음,교차로 - 교차로안,승용,남,38세,상해없음,승용,남,36세,경상
2017122900100201,2017년 12월 29일 10시,금요일,부산광역시 북구 덕천동,중상사고,0,1,0,0,차량단독 - 기타,안전운전불이행,건조,맑음,교차로 - 교차로부근,이륜,남,16세,중상,,,,
2017122900100226,2017년 12월 29일 11시,금요일,부산광역시 동구 수정동,중상사고,0,1,0,0,차대사람 - 차도통행중,안전운전불이행,건조,맑음,교차로 - 교차로안,특수,남,37세,상해없음,보행자,남,67세,중상
2017122900100227,2017년 12월 29일 11시,금요일,부산광역시 동래구 안락동,경상사고,0,0,1,0,차대차 - 측면충돌,안전운전불이행,건조,맑음,교차로 - 교차로부근,승용,남,63세,상해없음,원동기,남,21세,경상
2017122900100261,2017년 12월 29일 12시,금요일,부산광역시 동래구 수안동,경상사고,0,0,1,0,차대차 - 측면충돌,안전운전불이행,건조,맑음,단일로 - 기타,승용,여,63세,상해없음,승용,남,61세,경상
2017122900100262,2017년 12월 29일 12시,금요일,부산광역시 부산진구 개금동,경상사고,0,0,2,0,차대차 - 기타,안전운전불이행,건조,맑음,교차로 - 교차로부근,승용,남,56세,상해없음,승용,여,43세,경상
2017122900100284,2017년 12월 29일 13시,금요일,부산광역시 동구 범일동,경상사고,0,0,1,0,차대차 - 추돌,차로위반,건조,맑음,단일로 - 고가도로위,화물,남,32세,상해없음,승용,남,46세,경상
2017122900100285,2017년 12월 29일 13시,금요일,부산광역시 수영구 민락동,경상사고,0,0,1,0,차대차 - 측면충돌,교차로운행방법위반,건조,맑음,교차로 - 교차로안,승용,여,49세,상해없음,승용,여,27세,경상
2017122900100286,2017년 12월 29일 13시,금요일,부산광역시 연제구 연산동,중상사고,0,1,0,0,차대차 - 측면충돌,안전운전불이행,건조,맑음,단일로 - 기타,승용,남,74세,중상,승용,남,35세,기타불명
2017122900100287,2017년 12월 29일 13시,금요일,부산광역시 연제구 연산동,경상사고,0,0,3,0,차대차 - 추돌,안전운전불이행,건조,맑음,단일로 - 기타,승용,남,62세,상해없음,승용,남,60세,경상
2017122900100308,2017년 12월 29일 14시,금요일,부산광역시 동구 초량동,중상사고,0,1,0,0,차대사람 - 횡단중,안전운전불이행,건조,맑음,단일로 - 기타,이륜,여,20세,상해없음,보행자,여,75세,중상
2017122900100309,2017년 12월 29일 14시,금요일,부산광역시 남구 대연동,경상사고,0,0,1,0,차대차 - 추돌,안전운전불이행,건조,맑음,단일로 - 터널,승용,남,55세,상해없음,승용,남,23세,상해없음
2017122900100375,2017년 12월 29일 16시,금요일,부산광역시 북구 구포동,경상사고,0,0,1,0,차대차 - 기타,신호위반,건조,맑음,교차로 - 교차로안,승용,여,58세,상해없음,승합,남,59세,상해없음
2017122900100399,2017년 12월 29일 17시,금요일,부산광역시 해운대구 좌동,경상사고,0,0,1,0,차대사람 - 횡단중,보행자보호의무위반,건조,맑음,교차로 - 교차로횡단보도내,승용,여,29세,상해없음,보행자,남,27세,경상
2017122900100400,2017년 12월 29일 17시,금요일,부산광역시 부산진구 개금동,경상사고,0,0,1,0,차대사람 - 기타,안전운전불이행,건조,맑음,단일로 - 기타,이륜,남,42세,상해없음,보행자,여,45세,경상
2017122900100401,2017년 12월 29일 17시,금요일,부산광역시 기장군 정관읍,경상사고,0,0,2,0,차대차 - 정면충돌,신호위반,건조,맑음,교차로 - 교차로안,화물,남,29세,경상,화물,남,63세,경상
2017122900100449,2017년 12월 29일 18시,금요일,부산광역시 동구 좌천동,경상사고,0,0,1,0,차대사람 - 기타,기타,건조,맑음,단일로 - 기타,이륜,남,18세,상해없음,보행자,여,41세,경상
2017122900100450,2017년 12월 29일 18시,금요일,부산광역시 동래구 온천동,중상사고,0,1,0,0,차대차 - 측면충돌,안전운전불이행,건조,맑음,교차로 - 교차로안,화물,남,68세,상해없음,이륜,남,54세,중상
2017122900100451,2017년 12월 29일 18시,금요일,부산광역시 강서구 명지동,중상사고,0,1,2,0,차대차 - 추돌,안전거리미확보,건조,맑음,단일로 - 고가도로위,승용,여,60세,경상,승용,여,38세,상해없음
2017122900100555,2017년 12월 29일 20시,금요일,부산광역시 서구 토성동1가,중상사고,0,1,0,0,차대차 - 측면충돌,차로위반,건조,맑음,단일로 - 기타,승용,남,67세,상해없음,승용,남,55세,중상
2017122900100556,2017년 12월 29일 20시,금요일,부산광역시 부산진구 범천동,경상사고,0,0,1,0,차대차 - 기타,안전운전불이행,건조,맑음,단일로 - 기타,승용,남,44세,상해없음,승용,남,24세,경상
2017122900100557,2017년 12월 29일 20시,금요일,부산광역시 부산진구 가야동,경상사고,0,0,2,0,차대차 - 추돌,안전거리미확보,건조,맑음,교차로 - 교차로부근,승용,남,37세,상해없음,승용,남,43세,경상
2017122900100589,2017년 12월 29일 21시,금요일,부산광역시 해운대구 우동,경상사고,0,0,1,0,차대차 - 측면충돌,안전거리미확보,건조,맑음,단일로 - 교량,승용,남,36세,상해없음,승용,남,34세,경상
2017122900100641,2017년 12월 29일 22시,금요일,부산광역시 연제구 연산동,경상사고,0,0,1,0,차대차 - 기타,교차로운행방법위반,건조,맑음,교차로 - 교차로안,승용,남,37세,상해없음,승합,남,30세,상해없음
2017122900100680,2017년 12월 29일 23시,금요일,부산광역시 남구 용호동,중상사고,0,2,0,0,차대차 - 추돌,안전운전불이행,건조,맑음,교차로 - 교차로안,승용,남,38세,상해없음,승용,남,47세,상해없음
2017122900100681,2017년 12월 29일 23시,금요일,부산광역시 금정구 구서동,경상사고,0,0,1,0,차대차 - 추돌,안전운전불이행,건조,맑음,단일로 - 기타,승용,남,61세,상해없음,승용,남,52세,상해없음
2017123000100029,2017년 12월 30일 00시,토요일,부산광역시 남구 대연동,경상사고,0,0,1,0,차대차 - 측면충돌,신호위반,건조,맑음,단일로 - 기타,이륜,남,22세,상해없음,이륜,남,50세,경상
2017123000100103,2017년 12월 30일 03시,토요일,부산광역시 동래구 온천동,경상사고,0,0,1,0,차대사람 - 기타,안전운전불이행,건조,맑음,단일로 - 기타,승합,여,49세,상해없음,보행자,여,45세,경상
2017123000100122,2017년 12월 30일 04시,토요일,부산광역시 부산진구 전포동,중상사고,0,1,0,0,차대차 - 기타,안전운전불이행,건조,맑음,단일로 - 기타,승용,남,77세,상해없음,승용,남,71세,상해없음
2017123000100131,2017년 12월 30일 05시,토요일,부산광역시 부산진구 당감동,경상사고,0,0,1,0,차대사람 - 기타,기타,건조,맑음,기타 - 기타,승용,남,62세,상해없음,보행자,여,79세,경상
2017123000100142,2017년 12월 30일 06시,토요일,부산광역시 사상구 학장동,중상사고,0,2,0,0,차대차 - 측면충돌,안전운전불이행,건조,맑음,교차로 - 교차로안,승용,남,44세,상해없음,이륜,남,19세,중상
2017123000100171,2017년 12월 30일 08시,토요일,부산광역시 부산진구 가야동,경상사고,0,0,1,0,차대사람 - 횡단중,중앙선침범,건조,맑음,단일로 - 기타,승용,남,56세,상해없음,보행자,남,32세,경상
2017123000100198,2017년 12월 30일 10시,토요일,부산광역시 동래구 명장동,중상사고,0,1,0,0,차대사람 - 횡단중,보행자보호의무위반,건조,맑음,교차로 - 교차로안,승용,남,28세,상해없음,보행자,여,57세,중상
2017123000100215,2017년 12월 30일 11시,토요일,부산광역시 남구 대연동,부상신고사고,0,0,0,1,차대차 - 기타,안전거리미확보,건조,맑음,단일로 - 기타,이륜,남,82세,부상신고,승용,여,44세,상해없음
2017123000100235,2017년 12월 30일 12시,토요일,부산광역시 동래구 온천동,경상사고,0,0,2,0,차대차 - 기타,차로위반,건조,맑음,단일로 - 기타,화물,남,63세,상해없음,승용,남,39세,경상
2017123000100256,2017년 12월 30일 13시,토요일,부산광역시 부산진구 범천동,경상사고,0,0,1,0,차대차 - 기타,안전거리미확보,건조,맑음,기타 - 기타,승용,여,42세,상해없음,화물,남,42세,경상
2017123000100267,2017년 12월 30일 14시,토요일,부산광역시 동구 범일동,경상사고,0,0,1,0,차대차 - 기타,안전거리미확보,건조,맑음,단일로 - 기타,승용,남,55세,상해없음,원동기,남,19세,경상
2017123000100268,2017년 12월 30일 14시,토요일,부산광역시 연제구 연산동,중상사고,0,1,0,0,차대사람 - 길가장자리구역통행중,안전운전불이행,건조,맑음,단일로 - 기타,승용,남,80세,상해없음,보행자,여,65세,중상
2017123000100281,2017년 12월 30일 15시,토요일,부산광역시 기장군 기장읍,경상사고,0,0,4,0,차대차 - 측면충돌,안전운전불이행,건조,맑음,단일로 - 기타,승용,남,71세,경상,승용,남,39세,경상
2017123000100302,2017년 12월 30일 16시,토요일,부산광역시 수영구 수영동,부상신고사고,0,0,0,1,차대차 - 측면충돌,차로위반,건조,맑음,단일로 - 기타,기타불명,기타불명,미분류,기타불명,원동기,남,38세,부상신고
2017123000100325,2017년 12월 30일 17시,토요일,부산광역시 동구 범일동,경상사고,0,0,3,0,차대차 - 추돌,안전운전불이행,건조,맑음,교차로 - 교차로부근,승용,남,54세,상해없음,승용,남,23세,경상
2017123000100326,2017년 12월 30일 17시,토요일,부산광역시 사상구 감전동,중상사고,0,2,5,0,차대차 - 추돌,안전운전불이행,건조,맑음,교차로 - 교차로부근,승용,남,39세,중상,승용,남,60세,경상
2017123000100356,2017년 12월 30일 18시,토요일,부산광역시 사하구 괴정동,부상신고사고,0,0,0,1,차량단독 - 공작물충돌,안전운전불이행,건조,맑음,기타 - 기타,이륜,남,69세,부상신고,,,,
2017123000100419,2017년 12월 30일 20시,토요일,부산광역시 해운대구 반여동,경상사고,0,0,3,0,차대차 - 기타,안전운전불이행,건조,맑음,교차로 - 교차로안,승용,남,55세,상해없음,승용,남,42세,경상
2017123000100420,2017년 12월 30일 20시,토요일,부산광역시 사하구 하단동,부상신고사고,0,0,0,1,차대사람 - 횡단중,보행자보호의무위반,건조,기타,단일로 - 기타,기타불명,기타불명,미분류,기타불명,보행자,여,33세,부상신고
2017123000100421,2017년 12월 30일 20시,토요일,부산광역시 사상구 주례동,경상사고,0,0,1,0,차대차 - 추돌,안전운전불이행,건조,맑음,단일로 - 기타,이륜,남,33세,경상,승용,남,28세,상해없음
2017123000100438,2017년 12월 30일 21시,토요일,부산광역시 북구 금곡동,경상사고,0,0,2,0,차대차 - 기타,안전거리미확보,건조,맑음,단일로 - 기타,승용,남,70세,상해없음,승용,남,28세,경상
2017123000100460,2017년 12월 30일 22시,토요일,부산광역시 남구 용호동,경상사고,0,0,2,0,차대차 - 기타,안전운전불이행,건조,맑음,교차로 - 교차로안,승용,남,51세,상해없음,이륜,남,23세,경상
2017123000100461,2017년 12월 30일 22시,토요일,부산광역시 사상구 덕포동,경상사고,0,0,1,0,차대사람 - 기타,안전운전불이행,건조,맑음,단일로 - 기타,승합,남,51세,상해없음,보행자,남,76세,경상
2017123000100484,2017년 12월 30일 23시,토요일,부산광역시 사하구 당리동,부상신고사고,0,0,0,1,차대차 - 기타,안전운전불이행,건조,맑음,교차로 - 교차로안,승용,남,65세,상해없음,이륜,남,18세,부상신고
2017123000100485,2017년 12월 30일 23시,토요일,부산광역시 사하구 괴정동,경상사고,0,0,1,0,차대차 - 기타,안전운전불이행,건조,맑음,단일로 - 기타,승용,남,60세,상해없음,승용,남,59세,상해없음
2017123100100024,2017년 12월 31일 00시,일요일,부산광역시 동구 초량동,경상사고,0,0,1,0,차대차 - 후진중충돌,안전운전불이행,건조,기타,단일로 - 기타,승용,남,63세,상해없음,이륜,남,19세,경상
2017123100100025,2017년 12월 31일 00시,일요일,부산광역시 해운대구 반여동,부상신고사고,0,0,0,1,차대차 - 기타,안전운전불이행,건조,맑음,주차장 - 주차장,승용,남,49세,상해없음,승용,남,34세,부상신고
2017123100100084,2017년 12월 31일 04시,일요일,부산광역시 금정구 서동,경상사고,0,0,1,0,차대사람 - 기타,기타,건조,맑음,교차로 - 교차로안,승용,남,45세,상해없음,보행자,남,38세,경상
2017123100100094,2017년 12월 31일 05시,일요일,부산광역시 동구 초량동,경상사고,0,0,1,0,차대차 - 추돌,신호위반,건조,맑음,교차로 - 교차로안,화물,남,56세,상해없음,승용,남,77세,경상
2017123100100095,2017년 12월 31일 05시,일요일,부산광역시 남구 용당동,중상사고,0,1,0,0,차대사람 - 차도통행중,안전운전불이행,건조,맑음,단일로 - 기타,승용,여,62세,상해없음,보행자,남,75세,중상
2017123100100107,2017년 12월 31일 06시,일요일,부산광역시 남구 용호동,경상사고,0,0,1,0,차대차 - 측면충돌,신호위반,건조,맑음,교차로 - 교차로안,승용,남,32세,상해없음,승용,남,57세,경상
2017123100100143,2017년 12월 31일 09시,일요일,부산광역시 해운대구 반여동,중상사고,0,1,0,1,차대차 - 측면충돌,신호위반,건조,맑음,교차로 - 교차로안,이륜,남,27세,부상신고,승용,여,28세,중상
2017123100100155,2017년 12월 31일 10시,일요일,부산광역시 동구 초량동,경상사고,0,0,3,0,차대차 - 측면충돌,안전운전불이행,건조,맑음,교차로 - 교차로안,승용,남,55세,상해없음,승용,남,25세,경상
2017123100100184,2017년 12월 31일 12시,일요일,부산광역시 동구 범일동,경상사고,0,0,1,0,차대차 - 측면충돌,중앙선침범,건조,맑음,교차로 - 교차로부근,승용,남,65세,상해없음,이륜,남,67세,경상
2017123100100185,2017년 12월 31일 12시,일요일,부산광역시 남구 대연동,경상사고,0,0,1,0,차대차 - 측면충돌,안전운전불이행,건조,맑음,기타 - 기타,승용,남,50세,상해없음,승용,남,54세,상해없음
2017123100100208,2017년 12월 31일 13시,일요일,부산광역시 남구 대연동,경상사고,0,0,1,0,차대차 - 기타,안전운전불이행,건조,맑음,교차로 - 교차로안,승용,남,37세,상해없음,이륜,남,32세,경상
2017123100100209,2017년 12월 31일 13시,일요일,부산광역시 사하구 당리동,중상사고,0,1,0,0,차대차 - 측면충돌,신호위반,건조,맑음,교차로 - 교차로안,이륜,남,44세,중상,승합,남,57세,상해없음
2017123100100226,2017년 12월 31일 14시,일요일,부산광역시 해운대구 좌동,중상사고,0,1,1,0,차대차 - 기타,안전거리미확보,건조,맑음,교차로 - 교차로부근,승용,남,54세,상해없음,승합,남,58세,상해없음
2017123100100227,2017년 12월 31일 14시,일요일,부산광역시 해운대구 반여동,부상신고사고,0,0,0,2,차대사람 - 횡단중,보행자보호의무위반,건조,맑음,교차로 - 교차로부근,승용,여,46세,상해없음,보행자,여,15세,부상신고
2017123100100275,2017년 12월 31일 16시,일요일,부산광역시 강서구 송정동,경상사고,0,0,2,0,차대차 - 측면충돌,신호위반,건조,맑음,교차로 - 교차로안,승용,남,28세,상해없음,승용,남,34세,경상
2017123100100276,2017년 12월 31일 16시,일요일,부산광역시 기장군 정관읍,경상사고,0,0,1,0,차대차 - 기타,안전운전불이행,건조,맑음,단일로 - 기타,승용,남,19세,상해없음,승용,남,36세,경상
2017123100100319,2017년 12월 31일 18시,일요일,부산광역시 서구 아미동1가,중상사고,0,1,0,0,차대차 - 측면충돌,교차로운행방법위반,건조,맑음,교차로 - 교차로부근,승용,남,28세,상해없음,승용,남,65세,중상
2017123100100320,2017년 12월 31일 18시,일요일,부산광역시 금정구 금사동,중상사고,0,1,0,0,차대사람 - 기타,안전운전불이행,건조,맑음,교차로 - 교차로안,승용,남,31세,상해없음,보행자,남,76세,중상
2017123100100321,2017년 12월 31일 18시,일요일,부산광역시 기장군 장안읍,사망사고,1,0,0,0,차량단독 - 공작물충돌,안전운전불이행,건조,맑음,단일로 - 기타,원동기,남,44세,사망,,,,
2017123100100382,2017년 12월 31일 20시,일요일,부산광역시 사하구 신평동,경상사고,0,0,2,0,차대차 - 추돌,안전거리미확보,건조,맑음,단일로 - 기타,승용,남,60세,상해없음,승용,여,51세,경상
2017123100100443,2017년 12월 31일 23시,일요일,부산광역시 북구 금곡동,경상사고,0,0,1,0,차대차 - 측면충돌,안전운전불이행,건조,맑음,단일로 - 기타,승용,남,53세,상해없음,승용,남,38세,상해없음